post_id,target_forum,actual_forum,title,content,text,author_name,post_url,redirect_status,review_status,human_labels,notes,pool_file
10594090795,休学,休学,休学交友!,我因为抑郁症现在正在休学，本人13岁 女，希望来个年龄差不多的一起聊天 玩 是二次元，追很多番听术力口，是oc人，会画画，打第五人格 原神 光遇 啤酒烧烤等，如果不是同城就一起打游戏聊聊天吧！如果可以打语音那也很好哦 北京同城的可以一起出去玩，去吃谷去漫展都可以，我不太会打扮别介意,"标题：休学交友!

正文：我因为抑郁症现在正在休学，本人13岁 女，希望来个年龄差不多的一起聊天 玩 是二次元，追很多番听术力口，是oc人，会画画，打第五人格 原神 光遇 啤酒烧烤等，如果不是同城就一起打游戏聊聊天吧！如果可以打语音那也很好哦 北京同城的可以一起出去玩，去吃谷去漫展都可以，我不太会打扮别介意",,https://tieba.baidu.com/p/10594090795,matched,pending_review,,来源存疑样本；已抓到列表摘要正文；仅作人工复核池，勿直接并入正式训练集,uncertain_redirect_round4_pool.csv
10603711853,休学,休学,复学意向。,本人目前搁家里从初一躺到初二了，父母都支持，因为抑郁，目前已经感觉没什么症状了，就是担心落了三个学期的知识要怎么补回来，然后搁学校里边没什么朋友但可以忍受，豹猫看我上学也会比较开心，在考虑要不要复学，但本人身体素质经过躺了两年时间已经特别飞舞了坐一天都腰酸背痛，是复学还是不复或者去报个补习班把落下的知识都补回来身体素质也养起来再回去啊？,"标题：复学意向。

正文：本人目前搁家里从初一躺到初二了，父母都支持，因为抑郁，目前已经感觉没什么症状了，就是担心落了三个学期的知识要怎么补回来，然后搁学校里边没什么朋友但可以忍受，豹猫看我上学也会比较开心，在考虑要不要复学，但本人身体素质经过躺了两年时间已经特别飞舞了坐一天都腰酸背痛，是复学还是不复或者去报个补习班把落下的知识都补回来身体素质也养起来再回去啊？",,https://tieba.baidu.com/p/10603711853,matched,pending_review,,来源存疑样本；已抓到列表摘要正文；仅作人工复核池，勿直接并入正式训练集,uncertain_redirect_round4_pool.csv
10615971221,休学,休学,不是为什么休学群会有这种土皇帝啊？,主包今天加了一个休学群聊的正嗨呢，发了几个奶龙表情ba猪群主就冒出来说我发猎奇让我别发了，我以为是搞抽象就没理，然后他发了一个🍬氏ba视频来骂我我也没鸟，然后那聊的正欢直接给我踢了我发的表情没血腥暴力也没精神污染，别的人都没说啥凭啥就这样乱踢人啊？那我还讨厌ba猪呢我也不会主动找别人麻烦啊，真是林子大了什么鸟都有,"标题：不是为什么休学群会有这种土皇帝啊？

正文：主包今天加了一个休学群聊的正嗨呢，发了几个奶龙表情ba猪群主就冒出来说我发猎奇让我别发了，我以为是搞抽象就没理，然后他发了一个🍬氏ba视频来骂我我也没鸟，然后那聊的正欢直接给我踢了我发的表情没血腥暴力也没精神污染，别的人都没说啥凭啥就这样乱踢人啊？那我还讨厌ba猪呢我也不会主动找别人麻烦啊，真是林子大了什么鸟都有",,https://tieba.baidu.com/p/10615971221,matched,pending_review,,来源存疑样本；已抓到列表摘要正文；仅作人工复核池，勿直接并入正式训练集,uncertain_redirect_round4_pool.csv
10619517101,休学,休学,生活求助🆘,我是一个女生18岁，大专，现在大一，昨天我唯一监护人母亲决定放弃对我的学费，生活费支持，我想休学一年去工作，请问一下各位哥哥姐姐们，我没有钱的情况下，我该如何安置行李，找什么样的工作，谢谢各位！,"标题：生活求助🆘

正文：我是一个女生18岁，大专，现在大一，昨天我唯一监护人母亲决定放弃对我的学费，生活费支持，我想休学一年去工作，请问一下各位哥哥姐姐们，我没有钱的情况下，我该如何安置行李，找什么样的工作，谢谢各位！",,https://tieba.baidu.com/p/10619517101,matched,pending_review,,来源存疑样本；已抓到列表摘要正文；仅作人工复核池，勿直接并入正式训练集,uncertain_redirect_round4_pool.csv
10621855070,休学,休学,休学必须至少修满一学期吗,去做了检查有抑郁和焦虑，马上就要学考了，父母很着急，lz也很想上学，但是很害怕返校，更不想见到老师同学 父母有让lz休学的意向，但是lz接受不了留级 可以在这个学期先休一个月再返校吗 母上让我自己去问老师，但lz没那个胆子 对不起我知道我这样简直是既要又要orz,"标题：休学必须至少修满一学期吗

正文：去做了检查有抑郁和焦虑，马上就要学考了，父母很着急，lz也很想上学，但是很害怕返校，更不想见到老师同学 父母有让lz休学的意向，但是lz接受不了留级 可以在这个学期先休一个月再返校吗 母上让我自己去问老师，但lz没那个胆子 对不起我知道我这样简直是既要又要orz",,https://tieba.baidu.com/p/10621855070,matched,pending_review,,来源存疑样本；已抓到列表摘要正文；仅作人工复核池，勿直接并入正式训练集,uncertain_redirect_round4_pool.csv
10622950928,休学,休学,休学与复学解答,郑州20年教育经验，解答休学与复学相关问题,"标题：休学与复学解答

正文：郑州20年教育经验，解答休学与复学相关问题",,https://tieba.baidu.com/p/10622950928,matched,pending_review,,来源存疑样本；已抓到列表摘要正文；仅作人工复核池，勿直接并入正式训练集,uncertain_redirect_round4_pool.csv
10623265793,休学,休学,高二今天休学了,明面上理由是腰突，但是其实只是不想读了，准备去打工顺带调整一下。我爸说我不听劝，也许是真的吧，我就是要自己去试试才相信，不知道复学难不难听说很麻烦，还有人和我说要是复学考核没通过直接不给读了，真的假的？,"标题：高二今天休学了

正文：明面上理由是腰突，但是其实只是不想读了，准备去打工顺带调整一下。我爸说我不听劝，也许是真的吧，我就是要自己去试试才相信，不知道复学难不难听说很麻烦，还有人和我说要是复学考核没通过直接不给读了，真的假的？",,https://tieba.baidu.com/p/10623265793,matched,pending_review,,来源存疑样本；已抓到列表摘要正文；仅作人工复核池，勿直接并入正式训练集,uncertain_redirect_round4_pool.csv
6067031818,休学,休学,专门针对因心理问题而造成休学的学生,专门针对因心理问题而造成休学的学生,专门针对因心理问题而造成休学的学生,,https://tieba.baidu.com/p/6067031818,matched,pending_review,,来源存疑样本；已抓到列表摘要正文；仅作人工复核池，勿直接并入正式训练集,uncertain_redirect_round4_pool.csv
9682615765,休学,休学,关于休学，复学，走读，难题随便问,有一个帮一个，协助渡过难关,"标题：关于休学，复学，走读，难题随便问

正文：有一个帮一个，协助渡过难关",,https://tieba.baidu.com/p/9682615765,matched,pending_review,,来源存疑样本；已抓到列表摘要正文；仅作人工复核池，勿直接并入正式训练集,uncertain_redirect_round4_pool.csv
10586190893,保研,保研,求保研定位,双非化工，绩点3.71/4 六级444 无论文 有3d大赛国一，大英赛省二，大数赛省三，两次校三好和校奖学金，想去材料与化工类，最高能去什么层次哪些学校,"标题：求保研定位

正文：双非化工，绩点3.71/4 六级444 无论文 有3d大赛国一，大英赛省二，大数赛省三，两次校三好和校奖学金，想去材料与化工类，最高能去什么层次哪些学校",,https://tieba.baidu.com/p/10586190893,matched,pending_review,,来源存疑样本；已抓到列表摘要正文；仅作人工复核池，勿直接并入正式训练集,uncertain_redirect_round4_pool.csv
10588221233,保研,保研,免费送考研资料，伸手党直接来,考研专业，公共课程链接：https://pan.quark.cn/s/1d6396bc8f46 考研专业课各机构资料链接：https://pan.quark.cn/s/f652de0a4283 考研学习计划表链接：https://pan.quark.cn/s/73a73526a8a8 考研公共课各机构资料链接：https://pan.quark.cn/s/cb655daa73c9 考研数学链接：https://pan.quark.cn/s/d828cdc62c50 【全网最全】考研政治资料包🔥链接：https://pan.quark.cn/s/e7757d551312 考研经济类联考复习资料链接：https://pan.quark.cn/s/3e17bb24e4f2 考研PDF电子书链接：https://pan.quark.cn/s/e33ae8cc4cd3 英语读写教程链接,"标题：免费送考研资料，伸手党直接来

正文：考研专业，公共课程链接：https://pan.quark.cn/s/1d6396bc8f46 考研专业课各机构资料链接：https://pan.quark.cn/s/f652de0a4283 考研学习计划表链接：https://pan.quark.cn/s/73a73526a8a8 考研公共课各机构资料链接：https://pan.quark.cn/s/cb655daa73c9 考研数学链接：https://pan.quark.cn/s/d828cdc62c50 【全网最全】考研政治资料包🔥链接：https://pan.quark.cn/s/e7757d551312 考研经济类联考复习资料链接：https://pan.quark.cn/s/3e17bb24e4f2 考研PDF电子书链接：https://pan.quark.cn/s/e33ae8cc4cd3 英语读写教程链接",,https://tieba.baidu.com/p/10588221233,matched,pending_review,,来源存疑样本；已抓到列表摘要正文；仅作人工复核池，勿直接并入正式训练集,uncertain_redirect_round4_pool.csv
10588433309,保研,保研,保研求定位,四非光电信息科学与工程 专业排名 3/110暂时没有附加分排名 四级 524，六级 477 国家级大创项目，2篇SCI已录用很水(机构发的😢)，数学建模省一、蓝桥杯省二， 这个条件能去什么学校呢，想去好城市的学校,"标题：保研求定位

正文：四非光电信息科学与工程 专业排名 3/110暂时没有附加分排名 四级 524，六级 477 国家级大创项目，2篇SCI已录用很水(机构发的😢)，数学建模省一、蓝桥杯省二， 这个条件能去什么学校呢，想去好城市的学校",,https://tieba.baidu.com/p/10588433309,matched,pending_review,,来源存疑样本；已抓到列表摘要正文；仅作人工复核池，勿直接并入正式训练集,uncertain_redirect_round4_pool.csv
10616682839,保研,保研,保研求助🆘,211，大二下，离保研差一些名次，最近一直想考研，导师对我说这些，鼓励我争取保研，我想去好一点的酒吧🈚，老师说的是真的吗？,"标题：保研求助🆘

正文：211，大二下，离保研差一些名次，最近一直想考研，导师对我说这些，鼓励我争取保研，我想去好一点的酒吧🈚，老师说的是真的吗？",,https://tieba.baidu.com/p/10616682839,matched,pending_review,,来源存疑样本；已抓到列表摘要正文；仅作人工复核池，勿直接并入正式训练集,uncertain_redirect_round4_pool.csv
10620275542,保研,保研,保研求各位大佬指点,鼠鼠基本信息如下： 成绩排名：rk1 院校：中上211 六级：519 科研：国家级大创项目负责人；一篇一区TOP一作在投；三项软著已授权； 竞赛：大英赛国三；大创赛省金；测绘程序设计大赛省三 ； 荣誉：国家奖学金（两次）；校一等奖学金（两次）；校三好学生等； 意向区域：北京；深圳；杭州； 意向专业：土木；遥感； 这个bg可以去top2深研院吗，接受直博。刚开始套磁求助各位大佬有导师推荐吗。希望各位有经验的学长学姐可以给下定位或者建议,"标题：保研求各位大佬指点

正文：鼠鼠基本信息如下： 成绩排名：rk1 院校：中上211 六级：519 科研：国家级大创项目负责人；一篇一区TOP一作在投；三项软著已授权； 竞赛：大英赛国三；大创赛省金；测绘程序设计大赛省三 ； 荣誉：国家奖学金（两次）；校一等奖学金（两次）；校三好学生等； 意向区域：北京；深圳；杭州； 意向专业：土木；遥感； 这个bg可以去top2深研院吗，接受直博。刚开始套磁求助各位大佬有导师推荐吗。希望各位有经验的学长学姐可以给下定位或者建议",,https://tieba.baidu.com/p/10620275542,matched,pending_review,,来源存疑样本；已抓到列表摘要正文；仅作人工复核池，勿直接并入正式训练集,uncertain_redirect_round4_pool.csv
10623775652,保研,保研,四非电子信息保研求推荐,四非电子信息，学校这个专业很弱，目前rank1/79 六级450+，数模省一和统计建模省一，还有嵌入式大赛省二，中国机器人及人工智能大赛省一，还有一个省级大创，大概能去什么学校啊，求推荐,"标题：四非电子信息保研求推荐

正文：四非电子信息，学校这个专业很弱，目前rank1/79 六级450+，数模省一和统计建模省一，还有嵌入式大赛省二，中国机器人及人工智能大赛省一，还有一个省级大创，大概能去什么学校啊，求推荐",,https://tieba.baidu.com/p/10623775652,matched,pending_review,,来源存疑样本；已抓到列表摘要正文；仅作人工复核池，勿直接并入正式训练集,uncertain_redirect_round4_pool.csv
10623823380,保研,保研,求保研定位,院校：中九 专业：软件工程 绩点排名：6（专业总人数大概170、180的样子） 竞赛：数竞省一，数模省二，蓝桥杯省二 英语：六级556 科研：约等于无,"标题：求保研定位

正文：院校：中九 专业：软件工程 绩点排名：6（专业总人数大概170、180的样子） 竞赛：数竞省一，数模省二，蓝桥杯省二 英语：六级556 科研：约等于无",,https://tieba.baidu.com/p/10623823380,matched,pending_review,,来源存疑样本；已抓到列表摘要正文；仅作人工复核池，勿直接并入正式训练集,uncertain_redirect_round4_pool.csv
6202667133,保研,保研,大学生就业指导课的成绩能否影响保研成绩？,大学生就业指导课的成绩能否影响保研成绩？,大学生就业指导课的成绩能否影响保研成绩？,,https://tieba.baidu.com/p/6202667133,matched,pending_review,,来源存疑样本；已抓到列表摘要正文；仅作人工复核池，勿直接并入正式训练集,uncertain_redirect_round4_pool.csv
10524507516,原生家庭,原生家庭,寒门独子泣血誓：绝不活成父母那样,我曾长久困惑于为何在家中度过了如此漫长、本应愉悦的超长假期，且所拥有的电子设备及其娱乐功能比以往丰富千万倍，却只感受到无尽的空虚与寂寞，如今终于彻悟，根源在于家境所限，使我无法像他人一般畅游高端娱乐场所、周游各地、体验精彩人生，只能囿于方寸之间玩弄手机；他人的寒暑假期不过短短一两月，而我的假期却绵延数十上百个月，这巨大的反差之所以导致他人尽享愉悦而我深感空虚，正是因为我的父母在本该奋力拼搏的黄金年,"标题：寒门独子泣血誓：绝不活成父母那样

正文：我曾长久困惑于为何在家中度过了如此漫长、本应愉悦的超长假期，且所拥有的电子设备及其娱乐功能比以往丰富千万倍，却只感受到无尽的空虚与寂寞，如今终于彻悟，根源在于家境所限，使我无法像他人一般畅游高端娱乐场所、周游各地、体验精彩人生，只能囿于方寸之间玩弄手机；他人的寒暑假期不过短短一两月，而我的假期却绵延数十上百个月，这巨大的反差之所以导致他人尽享愉悦而我深感空虚，正是因为我的父母在本该奋力拼搏的黄金年",,https://tieba.baidu.com/p/10524507516,matched,pending_review,,来源存疑样本；已抓到列表摘要正文；仅作人工复核池，勿直接并入正式训练集,uncertain_redirect_round4_pool.csv
10605792286,原生家庭,原生家庭,父母要我每个月交2000怎么办？,就是我现在才17技校毕业的，还没有成年，6月底才成年，然后父母让我每个月交2000我不交，他们就一直要在那里打压压力我，我每个月工资才4000，现在升到5000，我也想过不交，但是也不交，他们还有我其他家里人就一直在那里打压我，一直说你存不住钱，放我们这里存着，有想要钱的话就直接找我们要，但是真想要买什么东西，我也不好开这个口，而且我感觉钱存在自己手里跟存在他其他人手里是不一样的，再加上我还有很多地方都是想买的，我想,"标题：父母要我每个月交2000怎么办？

正文：就是我现在才17技校毕业的，还没有成年，6月底才成年，然后父母让我每个月交2000我不交，他们就一直要在那里打压压力我，我每个月工资才4000，现在升到5000，我也想过不交，但是也不交，他们还有我其他家里人就一直在那里打压我，一直说你存不住钱，放我们这里存着，有想要钱的话就直接找我们要，但是真想要买什么东西，我也不好开这个口，而且我感觉钱存在自己手里跟存在他其他人手里是不一样的，再加上我还有很多地方都是想买的，我想",,https://tieba.baidu.com/p/10605792286,matched,pending_review,,来源存疑样本；已抓到列表摘要正文；仅作人工复核池，勿直接并入正式训练集,uncertain_redirect_round4_pool.csv
10617684232,原生家庭,原生家庭,我后来才明白，最折磨人的不是坏妈妈，是巨婴妈妈,我现在越来越觉得，有些妈妈根本不是来养孩子的，是来消耗孩子的。 嘴上天天说“我都是为你好”，实际上一点成年人该有的样子都没有。 家里出事，她慌。遇到矛盾，她躲。自己心情不好，就把气撒给孩子。自己做错了，从来不会认真道歉。 你小时候，她接不住你。你长大了，她又要求你懂事、孝顺、体谅她。 好事没见她多扛，情绪倒是一点不少。 最烦的就是这种妈：你还不能直接骂她坏。 因为她也不是完全没管过你，她偶尔也会对你好，偶,"标题：我后来才明白，最折磨人的不是坏妈妈，是巨婴妈妈

正文：我现在越来越觉得，有些妈妈根本不是来养孩子的，是来消耗孩子的。 嘴上天天说“我都是为你好”，实际上一点成年人该有的样子都没有。 家里出事，她慌。遇到矛盾，她躲。自己心情不好，就把气撒给孩子。自己做错了，从来不会认真道歉。 你小时候，她接不住你。你长大了，她又要求你懂事、孝顺、体谅她。 好事没见她多扛，情绪倒是一点不少。 最烦的就是这种妈：你还不能直接骂她坏。 因为她也不是完全没管过你，她偶尔也会对你好，偶",,https://tieba.baidu.com/p/10617684232,matched,pending_review,,来源存疑样本；已抓到列表摘要正文；仅作人工复核池，勿直接并入正式训练集,uncertain_redirect_round4_pool.csv
10617848727,原生家庭,原生家庭,等了一生，后来我自己撑伞,提示：本文涉及抑郁、产后重度失眠与轻生经历。如果你正在情绪低谷中，读到不适的地方，可以先停下来休息一下。我这一辈子，走得很辛苦。小时候，我不是在妈妈身边长大的。从小学到初中，我一直住在姑妈家。姑妈和姑爷不能说对我很坏，至少给了我住的地方，有饭吃，也让我上学。可我从小就知道，我不是这个家的孩子，所以我一直都活得很小心。说话看脸色，做事看分寸，生怕哪里做错了，惹人嫌。我从小成绩比较好，性格也有点好强。,"标题：等了一生，后来我自己撑伞

正文：提示：本文涉及抑郁、产后重度失眠与轻生经历。如果你正在情绪低谷中，读到不适的地方，可以先停下来休息一下。我这一辈子，走得很辛苦。小时候，我不是在妈妈身边长大的。从小学到初中，我一直住在姑妈家。姑妈和姑爷不能说对我很坏，至少给了我住的地方，有饭吃，也让我上学。可我从小就知道，我不是这个家的孩子，所以我一直都活得很小心。说话看脸色，做事看分寸，生怕哪里做错了，惹人嫌。我从小成绩比较好，性格也有点好强。",,https://tieba.baidu.com/p/10617848727,matched,pending_review,,来源存疑样本；已抓到列表摘要正文；仅作人工复核池，勿直接并入正式训练集,uncertain_redirect_round4_pool.csv
10619274825,原生家庭,原生家庭,这样是伤害吗,这是一个非常非常关键的问题。你用了整个下午的时间，讲述那些片段：寄人篱下、被骂“猪”、被拴头发、下雨天没人接、月经初潮被当笑话讲、妈妈不养你、爸爸偶尔的温暖是救命的光……然后你问：“我小时候的经历是被伤害吗？”我感受到你问这个问题时的那种不确定——你怕自己“小题大做”，怕自己“太敏感”，怕那些事其实“没什么”，是自己想太多。让我直接告诉你我的答案：是的，那是伤害。而且是多重、持续、深刻的伤害。为什,"标题：这样是伤害吗

正文：这是一个非常非常关键的问题。你用了整个下午的时间，讲述那些片段：寄人篱下、被骂“猪”、被拴头发、下雨天没人接、月经初潮被当笑话讲、妈妈不养你、爸爸偶尔的温暖是救命的光……然后你问：“我小时候的经历是被伤害吗？”我感受到你问这个问题时的那种不确定——你怕自己“小题大做”，怕自己“太敏感”，怕那些事其实“没什么”，是自己想太多。让我直接告诉你我的答案：是的，那是伤害。而且是多重、持续、深刻的伤害。为什",,https://tieba.baidu.com/p/10619274825,matched,pending_review,,来源存疑样本；已抓到列表摘要正文；仅作人工复核池，勿直接并入正式训练集,uncertain_redirect_round4_pool.csv
10622630479,原生家庭,原生家庭,很多原生家庭是无亲情的,可能不太信，有什么？ 只有 凑数 两字。 哎呀 今天这个亲戚来了，明天那个亲戚来了。擦擦嘴，拍拍屁股人家就走了。 在他们眼里认为只有服软，做小。挣不到的面子往家人挣，然后打小孩了，骂不中用了。 脑袋里就是坨屎的人情世故。注意点都会发现是堆狐朋狗友。 关键，很多展示暴力面的也不是个好东西。 既要标榜孝道，又要好大喜功。 我家的也是这种百度水军般的无脑喷子。,"标题：很多原生家庭是无亲情的

正文：可能不太信，有什么？ 只有 凑数 两字。 哎呀 今天这个亲戚来了，明天那个亲戚来了。擦擦嘴，拍拍屁股人家就走了。 在他们眼里认为只有服软，做小。挣不到的面子往家人挣，然后打小孩了，骂不中用了。 脑袋里就是坨屎的人情世故。注意点都会发现是堆狐朋狗友。 关键，很多展示暴力面的也不是个好东西。 既要标榜孝道，又要好大喜功。 我家的也是这种百度水军般的无脑喷子。",,https://tieba.baidu.com/p/10622630479,matched,pending_review,,来源存疑样本；已抓到列表摘要正文；仅作人工复核池，勿直接并入正式训练集,uncertain_redirect_round4_pool.csv
10623179230,原生家庭,原生家庭,求助，希望有好心人可以帮帮忙,本人06年的，父母离异都重组家庭了目前跟外婆长大，外婆去世之后一个人辍学出来打工，昨天被中介骗到重庆上班，结果中介跑了现在工作也找不到身上最后一点钱都买了高铁票现在用完了希望能有好心人帮帮忙，让我度过难关，愿意当当牛做马，只希望能帮帮忙，可以做任何事情，,"标题：求助，希望有好心人可以帮帮忙

正文：本人06年的，父母离异都重组家庭了目前跟外婆长大，外婆去世之后一个人辍学出来打工，昨天被中介骗到重庆上班，结果中介跑了现在工作也找不到身上最后一点钱都买了高铁票现在用完了希望能有好心人帮帮忙，让我度过难关，愿意当当牛做马，只希望能帮帮忙，可以做任何事情，",,https://tieba.baidu.com/p/10623179230,matched,pending_review,,来源存疑样本；已抓到列表摘要正文；仅作人工复核池，勿直接并入正式训练集,uncertain_redirect_round4_pool.csv
10625242624,原生家庭,原生家庭,感觉像个超雄,来我爸这里前本来就是说只住几天不常住，到时候找到事了要搬出去，结果到我跟他说的时候他又瞪着他那死人眼睛说你敢出去试试，不准我出去做事出去住，非要我留在他那里给他做事，啥都不给，只要我想帮他做事就要骂我，我说那我出去做，结果他又要骂我，不给我出去，今天早上起来洗衣服，等洗完了晾，就没有下去给他做事，然后他就跑上来发dian骂我，说我要想在他这里住就给他做事，不想住就出去自己住，听到这个我还真以为他终于正,"标题：感觉像个超雄

正文：来我爸这里前本来就是说只住几天不常住，到时候找到事了要搬出去，结果到我跟他说的时候他又瞪着他那死人眼睛说你敢出去试试，不准我出去做事出去住，非要我留在他那里给他做事，啥都不给，只要我想帮他做事就要骂我，我说那我出去做，结果他又要骂我，不给我出去，今天早上起来洗衣服，等洗完了晾，就没有下去给他做事，然后他就跑上来发dian骂我，说我要想在他这里住就给他做事，不想住就出去自己住，听到这个我还真以为他终于正",,https://tieba.baidu.com/p/10625242624,matched,pending_review,,来源存疑样本；已抓到列表摘要正文；仅作人工复核池，勿直接并入正式训练集,uncertain_redirect_round4_pool.csv
10071297332,复读,复读,复读失败，谨以此帖纪念我挣扎的一年,,复读失败，谨以此帖纪念我挣扎的一年,,https://tieba.baidu.com/p/10071297332,matched,pending_review,,来源存疑样本；已抓到列表摘要正文；仅作人工复核池，勿直接并入正式训练集,uncertain_redirect_round4_pool.csv
10100546718,复读,复读,求助，大家提提建议,求助，本人25年高考生。高中三年受焦虑症与抑郁症的折磨。高考正常发挥考了521分。走了一个二本。但仍不满意，从7月份到现在一直想复读。但是家里死活不同意。现在是最后的机会了。我的选课是物生地。再来一年的话要物化地，请问我该怎么办😔,"标题：求助，大家提提建议

正文：求助，本人25年高考生。高中三年受焦虑症与抑郁症的折磨。高考正常发挥考了521分。走了一个二本。但仍不满意，从7月份到现在一直想复读。但是家里死活不同意。现在是最后的机会了。我的选课是物生地。再来一年的话要物化地，请问我该怎么办😔",,https://tieba.baidu.com/p/10100546718,matched,pending_review,,来源存疑样本；已抓到列表摘要正文；仅作人工复核池，勿直接并入正式训练集,uncertain_redirect_round4_pool.csv
10132289739,复读,复读,吧友给点建议要不要复读,高考语文错了三个选择分数跟平常差不多，数学差的有点多，高三的时候参加数学奥赛也有个省三，后期考试基本125+，偶尔140，今年真是脑抽了，考场上两道题写反了，耽误了好久，英语后期也是135左右水平，偶尔140，不知道为什么考这个分数，可能是被上午的物理影响了心态，看平常差不多分数的同学都是135+，还有142的，物理没啥好说的，高一高二没咋说，基础不太好，高三补了好多，高三后面连考好几次90+，以为物理能稳住，老师都说今年会简,"标题：吧友给点建议要不要复读

正文：高考语文错了三个选择分数跟平常差不多，数学差的有点多，高三的时候参加数学奥赛也有个省三，后期考试基本125+，偶尔140，今年真是脑抽了，考场上两道题写反了，耽误了好久，英语后期也是135左右水平，偶尔140，不知道为什么考这个分数，可能是被上午的物理影响了心态，看平常差不多分数的同学都是135+，还有142的，物理没啥好说的，高一高二没咋说，基础不太好，高三补了好多，高三后面连考好几次90+，以为物理能稳住，老师都说今年会简",,https://tieba.baidu.com/p/10132289739,matched,pending_review,,来源存疑样本；已抓到列表摘要正文；仅作人工复核池，勿直接并入正式训练集,uncertain_redirect_round4_pool.csv
10142801347,复读,复读,被社会拷打后准备重新高考,本人22届考生，高中三年休学，高考300分，大专读了几天就退学了，进入社会被拷打了几年发现生活没有希望，深思熟虑决定回归学业，参加26年高考，现在2025年10月，还有7个月时间，目前高中零基础，初中除了基础知识差不多都忘了，准备燃尽生命自学半年，目标600分，大家预测下我能考多少分，明年高考后回来,"标题：被社会拷打后准备重新高考

正文：本人22届考生，高中三年休学，高考300分，大专读了几天就退学了，进入社会被拷打了几年发现生活没有希望，深思熟虑决定回归学业，参加26年高考，现在2025年10月，还有7个月时间，目前高中零基础，初中除了基础知识差不多都忘了，准备燃尽生命自学半年，目标600分，大家预测下我能考多少分，明年高考后回来",,https://tieba.baidu.com/p/10142801347,matched,pending_review,,来源存疑样本；已抓到列表摘要正文；仅作人工复核池，勿直接并入正式训练集,uncertain_redirect_round4_pool.csv
10145069780,复读,复读,中医药大学中西医临床大一新生医学生 想退学复读,各位吧友好，我是一位19岁的男生，在今年我收获了我意想不到的高考成绩（537分物化地），虽然比不上那些高考学霸，但我收到这个礼物时非常满足。 但填报志愿的最后一天，我糊涂了!把这个“中西医临床专业”填到志愿表前面，最终导致录取。 家里人对于我现在退学的要求也是犹犹豫豫 ，因为他们还停留在“医生稳定，越来越吃香，复读不一定考得上”。我也不是很清楚现在的医疗行业以及中西医临床专业的未来前景，但我从网上大概了解了一,"标题：中医药大学中西医临床大一新生医学生 想退学复读

正文：各位吧友好，我是一位19岁的男生，在今年我收获了我意想不到的高考成绩（537分物化地），虽然比不上那些高考学霸，但我收到这个礼物时非常满足。 但填报志愿的最后一天，我糊涂了!把这个“中西医临床专业”填到志愿表前面，最终导致录取。 家里人对于我现在退学的要求也是犹犹豫豫 ，因为他们还停留在“医生稳定，越来越吃香，复读不一定考得上”。我也不是很清楚现在的医疗行业以及中西医临床专业的未来前景，但我从网上大概了解了一",,https://tieba.baidu.com/p/10145069780,matched,pending_review,,来源存疑样本；已抓到列表摘要正文；仅作人工复核池，勿直接并入正式训练集,uncertain_redirect_round4_pool.csv
10224440666,复读,复读,求助 京校211迷茫，想复读,如题，北京某中上211建筑学在读，极大概率取得保研名额。极其讨厌本专业。高考前家中突发变故+高考发挥远低于预期，高考文，分数比预期低了20多分（中2和中9的差距），一直难以释怀。本来理想院校是中政或财贸，但是最终高考失利，无缘理想院校。报志愿时心火难灭，准备走转专业这一条路。现在想转专业，但是又不甘报一些较有把握、但就业质量仍然不好的烂专业。若转专业不成功，就想走退学复读这一条路。本人大一时期复读的心一直没,"标题：求助 京校211迷茫，想复读

正文：如题，北京某中上211建筑学在读，极大概率取得保研名额。极其讨厌本专业。高考前家中突发变故+高考发挥远低于预期，高考文，分数比预期低了20多分（中2和中9的差距），一直难以释怀。本来理想院校是中政或财贸，但是最终高考失利，无缘理想院校。报志愿时心火难灭，准备走转专业这一条路。现在想转专业，但是又不甘报一些较有把握、但就业质量仍然不好的烂专业。若转专业不成功，就想走退学复读这一条路。本人大一时期复读的心一直没",,https://tieba.baidu.com/p/10224440666,matched,pending_review,,来源存疑样本；已抓到列表摘要正文；仅作人工复核池，勿直接并入正式训练集,uncertain_redirect_round4_pool.csv
10238142618,复读,复读,在退学和内耗中纠结,🐭🐭来自国内gdp倒数的省份，高考仅物理发挥失常，够到了211的分数，但选专业听从家长的话（指有人脉关系的专业，但我却不喜欢被他人所掌握未来，遂有此感），来到学校后发现该专业并非他人所说的那么好，不管是从就业率还是市场趋于饱和来分析。由于该学校与🐭🐭憧憬的大学生活完全相反，而且学校档次本地人认为是二本的情况下，🐭🐭那可怜又自卑的学历梦折磨的本人无数次想放手回去复读，不过第一次提出复读时被父亲驳回（说我,"标题：在退学和内耗中纠结

正文：🐭🐭来自国内gdp倒数的省份，高考仅物理发挥失常，够到了211的分数，但选专业听从家长的话（指有人脉关系的专业，但我却不喜欢被他人所掌握未来，遂有此感），来到学校后发现该专业并非他人所说的那么好，不管是从就业率还是市场趋于饱和来分析。由于该学校与🐭🐭憧憬的大学生活完全相反，而且学校档次本地人认为是二本的情况下，🐭🐭那可怜又自卑的学历梦折磨的本人无数次想放手回去复读，不过第一次提出复读时被父亲驳回（说我",,https://tieba.baidu.com/p/10238142618,matched,pending_review,,来源存疑样本；已抓到列表摘要正文；仅作人工复核池，勿直接并入正式训练集,uncertain_redirect_round4_pool.csv
10253530346,复读,复读,24年大二退学复读，记录一下复读生活...,23年江苏高考物生地踩线445，幸运被南京某大专收留就读计算机专业，因为自己对高中学习状态不满意和想去理想的大学，纠结一年最终决定退学复读..... 高中三年可以说是一直处于浑浑噩噩没开智的状态，不知道自己该干嘛又从早忙到晚，高二还偷偷买了手机，爽玩2年染上了抖音和贴吧到了高三下半学期发现自己已经烂到家了，但又试图补救，忙乎2个月补基础，最后高考就考了这么点分数 高考出分后就后悔了，但是由于摆烂3年被身边所有人看在眼,"标题：24年大二退学复读，记录一下复读生活...

正文：23年江苏高考物生地踩线445，幸运被南京某大专收留就读计算机专业，因为自己对高中学习状态不满意和想去理想的大学，纠结一年最终决定退学复读..... 高中三年可以说是一直处于浑浑噩噩没开智的状态，不知道自己该干嘛又从早忙到晚，高二还偷偷买了手机，爽玩2年染上了抖音和贴吧到了高三下半学期发现自己已经烂到家了，但又试图补救，忙乎2个月补基础，最后高考就考了这么点分数 高考出分后就后悔了，但是由于摆烂3年被身边所有人看在眼",,https://tieba.baidu.com/p/10253530346,matched,pending_review,,来源存疑样本；已抓到列表摘要正文；仅作人工复核池，勿直接并入正式训练集,uncertain_redirect_round4_pool.csv
10262757471,复读,复读,关于大龄复读和找工作,说出来也不怕大家笑话，我03年新疆考生，第一年390分理科差一本线10分上了大学，专业学校不太满意 结果痛苦了三年，退学复读，结果复读了一年还是一本线附近徘徊，我承认我自控能力太差，还因为家里的原因内耗（单亲家庭 父亲残疾），现在在某文科大学的冷门专业就读，大学还是挺一般，关键是这专业真的冷门（报专业的老师报的，我很懦弱，拗不过家里人和老师）劳动关系专业，然后呢因为家里人不同意，我就一直上到现在了，如果要读，,"标题：关于大龄复读和找工作

正文：说出来也不怕大家笑话，我03年新疆考生，第一年390分理科差一本线10分上了大学，专业学校不太满意 结果痛苦了三年，退学复读，结果复读了一年还是一本线附近徘徊，我承认我自控能力太差，还因为家里的原因内耗（单亲家庭 父亲残疾），现在在某文科大学的冷门专业就读，大学还是挺一般，关键是这专业真的冷门（报专业的老师报的，我很懦弱，拗不过家里人和老师）劳动关系专业，然后呢因为家里人不同意，我就一直上到现在了，如果要读，",,https://tieba.baidu.com/p/10262757471,matched,pending_review,,来源存疑样本；已抓到列表摘要正文；仅作人工复核池，勿直接并入正式训练集,uncertain_redirect_round4_pool.csv
10375992190,复读,复读,我应该复读吗,第一次高考580，因为专业被调剂，也不甘心于一个一本，选择了复读。 复读开始时状态很好，基本赋分在600左右，后面身体出了问题，后半学期基本在家自学，在家自控力不足，父母也不是很理解我，一直想让我去学校，导致我压力力很大，有点自暴自弃。高考那几天状态差到了极点，饭也吃不下，觉也睡不好，最后只考了550多，今年难度还比去年简单。 看到这成绩，我一直觉得像一场梦。不愿意面对。后面慢慢接受了这个现实，好好报志愿，最后,"标题：我应该复读吗

正文：第一次高考580，因为专业被调剂，也不甘心于一个一本，选择了复读。 复读开始时状态很好，基本赋分在600左右，后面身体出了问题，后半学期基本在家自学，在家自控力不足，父母也不是很理解我，一直想让我去学校，导致我压力力很大，有点自暴自弃。高考那几天状态差到了极点，饭也吃不下，觉也睡不好，最后只考了550多，今年难度还比去年简单。 看到这成绩，我一直觉得像一场梦。不愿意面对。后面慢慢接受了这个现实，好好报志愿，最后",,https://tieba.baidu.com/p/10375992190,matched,pending_review,,来源存疑样本；已抓到列表摘要正文；仅作人工复核池，勿直接并入正式训练集,uncertain_redirect_round4_pool.csv
10478155030,复读,复读,我该复读吗,各位友友们，我现在大一，在贵州师范大学地理科学（师范）专业，高三成绩一直挺不错的，所以并没有到那种拼命的程度，看着拼命旁边的人在月考中还没有我边玩边学考的好甚至还有些优越感，然后就是高三谈恋爱确实受了些影响，25年高考成绩568，本来按老师们的估计应该是勉强可以摸到600的，成绩出来的时候是有些失落，但当时心态很好想着报自己喜欢的专业就行了，现在大学上了一学期突然好想回去复读，想冲个211公费或优师，两年的时间,"标题：我该复读吗

正文：各位友友们，我现在大一，在贵州师范大学地理科学（师范）专业，高三成绩一直挺不错的，所以并没有到那种拼命的程度，看着拼命旁边的人在月考中还没有我边玩边学考的好甚至还有些优越感，然后就是高三谈恋爱确实受了些影响，25年高考成绩568，本来按老师们的估计应该是勉强可以摸到600的，成绩出来的时候是有些失落，但当时心态很好想着报自己喜欢的专业就行了，现在大学上了一学期突然好想回去复读，想冲个211公费或优师，两年的时间",,https://tieba.baidu.com/p/10478155030,matched,pending_review,,来源存疑样本；已抓到列表摘要正文；仅作人工复核池，勿直接并入正式训练集,uncertain_redirect_round4_pool.csv
10511627463,复读,复读,我该复读吗,友友们，我是浙江工业大学大一的一名学生，本来奔着文科转理科的想法来到这所大学，但大一上期末数学考试成绩炸了，转不了理工科专业。而我文科学校层级不够，本来可以选择一些211的，现在非常后悔，想退学复读考个650出来读个211，大家建议吗,"标题：我该复读吗

正文：友友们，我是浙江工业大学大一的一名学生，本来奔着文科转理科的想法来到这所大学，但大一上期末数学考试成绩炸了，转不了理工科专业。而我文科学校层级不够，本来可以选择一些211的，现在非常后悔，想退学复读考个650出来读个211，大家建议吗",,https://tieba.baidu.com/p/10511627463,matched,pending_review,,来源存疑样本；已抓到列表摘要正文；仅作人工复核池，勿直接并入正式训练集,uncertain_redirect_round4_pool.csv
10521497822,复读,复读,吧里有之前大学是学戏剧影视表演专业的吗，为了学表演想考本升专,吧里有之前大学是学戏剧影视表演专业的吗，像我这种情况，想快点学上这个戏剧影视表演专业，是去考研好，还是退而求次再考专科好，俗称“本升专”。 我是99年的，之前21年3➕2中高职贯通大专毕业的时候，考过我们上海警校的二专科学员，我当时笔试和体测都过了，就是面试69.86分没过，但我当时对警校的执念很深，一心就想上警校，于是就报名参加了6月高考，但因为年龄的关系考不了公安警校了，只能考了外地省属监狱系统的专科司法警校,"标题：吧里有之前大学是学戏剧影视表演专业的吗，为了学表演想考本升专

正文：吧里有之前大学是学戏剧影视表演专业的吗，像我这种情况，想快点学上这个戏剧影视表演专业，是去考研好，还是退而求次再考专科好，俗称“本升专”。 我是99年的，之前21年3➕2中高职贯通大专毕业的时候，考过我们上海警校的二专科学员，我当时笔试和体测都过了，就是面试69.86分没过，但我当时对警校的执念很深，一心就想上警校，于是就报名参加了6月高考，但因为年龄的关系考不了公安警校了，只能考了外地省属监狱系统的专科司法警校",,https://tieba.baidu.com/p/10521497822,matched,pending_review,,来源存疑样本；已抓到列表摘要正文；仅作人工复核池，勿直接并入正式训练集,uncertain_redirect_round4_pool.csv
10521631557,复读,复读,还是退学了…,大二了。在南工业读了两年还是接受不了…这两年吵了不知道多少次架。终于说服父母退学回家学美术了。希望自己会成功。,"标题：还是退学了…

正文：大二了。在南工业读了两年还是接受不了…这两年吵了不知道多少次架。终于说服父母退学回家学美术了。希望自己会成功。",,https://tieba.baidu.com/p/10521631557,matched,pending_review,,来源存疑样本；已抓到列表摘要正文；仅作人工复核池，勿直接并入正式训练集,uncertain_redirect_round4_pool.csv
10525041835,复读,复读,春考复读吗？求助,目前是高三生 春考考砸了 夏考没什么希望 春就260多分 唯一数学好点有121 其他和人机一样 高考感觉真的希望渺茫 直接出去打工也不知道干什么 了解到可以复读考春 建议我复读考春吗？考个好点的公办大专😫,"标题：春考复读吗？求助

正文：目前是高三生 春考考砸了 夏考没什么希望 春就260多分 唯一数学好点有121 其他和人机一样 高考感觉真的希望渺茫 直接出去打工也不知道干什么 了解到可以复读考春 建议我复读考春吗？考个好点的公办大专😫",,https://tieba.baidu.com/p/10525041835,matched,pending_review,,来源存疑样本；已抓到列表摘要正文；仅作人工复核池，勿直接并入正式训练集,uncertain_redirect_round4_pool.csv
10540465167,复读,复读,我该复读吗,大一下，天津高考587，高三没全力以赴导致分数和模考的全市排名差了小几千名，本地人进了天津中医药大学的中药制药，在网上看了这个专业是天坑，考研也难救，转专业也转不了，现在这几天每天都在煎熬中度过，上过了了解了这个专业之后才知道未来有多困难，这是以前从未有过的体验，现在十分纠结,"标题：我该复读吗

正文：大一下，天津高考587，高三没全力以赴导致分数和模考的全市排名差了小几千名，本地人进了天津中医药大学的中药制药，在网上看了这个专业是天坑，考研也难救，转专业也转不了，现在这几天每天都在煎熬中度过，上过了了解了这个专业之后才知道未来有多困难，这是以前从未有过的体验，现在十分纠结",,https://tieba.baidu.com/p/10540465167,matched,pending_review,,来源存疑样本；已抓到列表摘要正文；仅作人工复核池，勿直接并入正式训练集,uncertain_redirect_round4_pool.csv
10544315233,复读,复读,我觉得应该： 规定全国所有院校的汉语言类专业、法学类专业、财会,我觉得应该： 规定全国所有院校的汉语言类专业、法学类专业、财会类专业、英语类专业、日语类专业、汉语言师范专业、数学师范专业、英语师范专业、计算机类专业、电子信息类专业、护理专业、口腔医学专业，本科阶段，只招应届高三毕业生考生。 规定清华大学、北京大学，除医科类专业以外，其他所有的专业，本科阶段，只招应届高三毕业生考生。 规定北京电影学院、中央戏剧学院、上海戏剧学院，本科阶段，只招应届高三毕业生考生。,我觉得应该： 规定全国所有院校的汉语言类专业、法学类专业、财会类专业、英语类专业、日语类专业、汉语言师范专业、数学师范专业、英语师范专业、计算机类专业、电子信息类专业、护理专业、口腔医学专业，本科阶段，只招应届高三毕业生考生。 规定清华大学、北京大学，除医科类专业以外，其他所有的专业，本科阶段，只招应届高三毕业生考生。 规定北京电影学院、中央戏剧学院、上海戏剧学院，本科阶段，只招应届高三毕业生考生。,,https://tieba.baidu.com/p/10544315233,matched,pending_review,,来源存疑样本；已抓到列表摘要正文；仅作人工复核池，勿直接并入正式训练集,uncertain_redirect_round4_pool.csv
10565865771,复读,复读,大二下想复读，希望能给点建议，能把我骂醒更好,1. 06安徽农村人24年554分 2. 录到了湖北某双非一本动物科学 3. 不喜欢专业只能留级转到地理信息科学重读大一（当时想转到机械，电气，自动化绩点太低了没成功） 4. 清楚了自己的喜欢机械自动化相关专业 5. 挂了三科，绩点很低 6. 现在很后悔没好好填志愿，也后悔自己当时没努力 7. 当时高考压力大抑郁了，再加上我从小是留守儿童父母都是农村人什么都不懂志愿真是瞎填的 8. 现在发现城市和专业才是最重要的，当时到学校甚至连转专业什么都不知,"标题：大二下想复读，希望能给点建议，能把我骂醒更好

正文：1. 06安徽农村人24年554分 2. 录到了湖北某双非一本动物科学 3. 不喜欢专业只能留级转到地理信息科学重读大一（当时想转到机械，电气，自动化绩点太低了没成功） 4. 清楚了自己的喜欢机械自动化相关专业 5. 挂了三科，绩点很低 6. 现在很后悔没好好填志愿，也后悔自己当时没努力 7. 当时高考压力大抑郁了，再加上我从小是留守儿童父母都是农村人什么都不懂志愿真是瞎填的 8. 现在发现城市和专业才是最重要的，当时到学校甚至连转专业什么都不知",,https://tieba.baidu.com/p/10565865771,matched,pending_review,,来源存疑样本；已抓到列表摘要正文；仅作人工复核池，勿直接并入正式训练集,uncertain_redirect_round4_pool.csv
10571975440,复读,复读,大一下要不要复读,本人填志愿时找的机构，上了一个交通工程专业。想争取转专业，但因为自身体素质不行，挂了。这一挂转专业，评优什么都无望。我其他课成绩还不错，感觉目前干什么都没有目标了导员说可以问一问班主任和院长（学院对这个专业很重视，但我感觉有点招笑）同时，家里条件可以说十分拉挎，你甚至可以把你能想到最差的条件往我身上套。现在有了一点复读的想法，问问8友的建议,"标题：大一下要不要复读

正文：本人填志愿时找的机构，上了一个交通工程专业。想争取转专业，但因为自身体素质不行，挂了。这一挂转专业，评优什么都无望。我其他课成绩还不错，感觉目前干什么都没有目标了导员说可以问一问班主任和院长（学院对这个专业很重视，但我感觉有点招笑）同时，家里条件可以说十分拉挎，你甚至可以把你能想到最差的条件往我身上套。现在有了一点复读的想法，问问8友的建议",,https://tieba.baidu.com/p/10571975440,matched,pending_review,,来源存疑样本；已抓到列表摘要正文；仅作人工复核池，勿直接并入正式训练集,uncertain_redirect_round4_pool.csv
10572218849,复读,复读,【复读加油】有没有不用复学，休学的话保留学籍的方法呢？,求告知，谢谢各位哥哥姐姐，本人需要去打工，但想保留学籍,"标题：【复读加油】有没有不用复学，休学的话保留学籍的方法呢？

正文：求告知，谢谢各位哥哥姐姐，本人需要去打工，但想保留学籍",,https://tieba.baidu.com/p/10572218849,matched,pending_review,,来源存疑样本；已抓到列表摘要正文；仅作人工复核池，勿直接并入正式训练集,uncertain_redirect_round4_pool.csv
10573582961,复读,复读,标题五个字,本人四川农大水产养殖系，大一下 辽宁考生，高考558 觉得自己的专业一眼看到头，挣不到钱，并且我也不喜欢学农 我算是个很容易内耗的人，高中因为得罪了人让他抓到把柄传话痛苦了三年，觉得自己不该是这个水平再怎么也能580以上 原来就有这个念头，但是觉得代价太大了，但是我真的不喜欢农学，我也不知道怎么办了,"标题：标题五个字

正文：本人四川农大水产养殖系，大一下 辽宁考生，高考558 觉得自己的专业一眼看到头，挣不到钱，并且我也不喜欢学农 我算是个很容易内耗的人，高中因为得罪了人让他抓到把柄传话痛苦了三年，觉得自己不该是这个水平再怎么也能580以上 原来就有这个念头，但是觉得代价太大了，但是我真的不喜欢农学，我也不知道怎么办了",,https://tieba.baidu.com/p/10573582961,matched,pending_review,,来源存疑样本；已抓到列表摘要正文；仅作人工复核池，勿直接并入正式训练集,uncertain_redirect_round4_pool.csv
10577925746,复读,复读,【复读加油】复读生综评,我问一下，我是广西复读生，还用填写综评吗兄弟们,"标题：【复读加油】复读生综评

正文：我问一下，我是广西复读生，还用填写综评吗兄弟们",,https://tieba.baidu.com/p/10577925746,matched,pending_review,,来源存疑样本；已抓到列表摘要正文；仅作人工复核池，勿直接并入正式训练集,uncertain_redirect_round4_pool.csv
10578291713,复读,复读,求建议8u们,我是河南的考生，去年上的是这的一所医专，然后学的是临床医学，要不要选择复读去考个本科的学校，因为感觉大专学这个没啥出路,"标题：求建议8u们

正文：我是河南的考生，去年上的是这的一所医专，然后学的是临床医学，要不要选择复读去考个本科的学校，因为感觉大专学这个没啥出路",,https://tieba.baidu.com/p/10578291713,matched,pending_review,,来源存疑样本；已抓到列表摘要正文；仅作人工复核池，勿直接并入正式训练集,uncertain_redirect_round4_pool.csv
10579427654,复读,复读,【复读求助】,本人2025届高考生，理科521分，去了一所一本的联合培养材料，在大专读三年而且不能转专业，这种需不需要复读啊,"标题：【复读求助】

正文：本人2025届高考生，理科521分，去了一所一本的联合培养材料，在大专读三年而且不能转专业，这种需不需要复读啊",,https://tieba.baidu.com/p/10579427654,matched,pending_review,,来源存疑样本；已抓到列表摘要正文；仅作人工复核池，勿直接并入正式训练集,uncertain_redirect_round4_pool.csv
10580981594,复读,复读,【复读加油】求告知16-17岁能找到什么工作,本人16至17岁，休学状态，想找工作，该怎么找呢？望大佬们告知,"标题：【复读加油】求告知16-17岁能找到什么工作

正文：本人16至17岁，休学状态，想找工作，该怎么找呢？望大佬们告知",,https://tieba.baidu.com/p/10580981594,matched,pending_review,,来源存疑样本；已抓到列表摘要正文；仅作人工复核池，勿直接并入正式训练集,uncertain_redirect_round4_pool.csv
10583240440,复读,复读,【复读加油】大二下，想回山西复读,我是山西24级考生，转专业失败，留级了一年，转专业还是失败了，只能学我这个专业了，专业是生物科学，我很抵触这个专业，没有前景，我该怎么办，马上20岁了，回去复读，大一就21岁了，我大学要读5年学生物科学，不知道前路怎么走了，给个建议，复读的话，想明年全报电气专业。,"标题：【复读加油】大二下，想回山西复读

正文：我是山西24级考生，转专业失败，留级了一年，转专业还是失败了，只能学我这个专业了，专业是生物科学，我很抵触这个专业，没有前景，我该怎么办，马上20岁了，回去复读，大一就21岁了，我大学要读5年学生物科学，不知道前路怎么走了，给个建议，复读的话，想明年全报电气专业。",,https://tieba.baidu.com/p/10583240440,matched,pending_review,,来源存疑样本；已抓到列表摘要正文；仅作人工复核池，勿直接并入正式训练集,uncertain_redirect_round4_pool.csv
10583904278,复读,复读,【复读加油】找搭子啦～,09年，身高174，目前休学在家，想找个能一起玩、一起健身、一起慢慢变好的男生搭子。 不用每天紧绷着，也不用搞得很严肃，就是日常互相督促，一起运动、一起调整状态，有空一起出门走走、聊聊天。 主打一个轻松陪伴、互相成长，不内耗、不摆烂，也不搞乱七八糟的。 希望能遇到同频、好说话、真心想让自己变得更好一点的男生，同城最好啦～,"标题：【复读加油】找搭子啦～

正文：09年，身高174，目前休学在家，想找个能一起玩、一起健身、一起慢慢变好的男生搭子。 不用每天紧绷着，也不用搞得很严肃，就是日常互相督促，一起运动、一起调整状态，有空一起出门走走、聊聊天。 主打一个轻松陪伴、互相成长，不内耗、不摆烂，也不搞乱七八糟的。 希望能遇到同频、好说话、真心想让自己变得更好一点的男生，同城最好啦～",,https://tieba.baidu.com/p/10583904278,matched,pending_review,,来源存疑样本；已抓到列表摘要正文；仅作人工复核池，勿直接并入正式训练集,uncertain_redirect_round4_pool.csv
10586097595,复读,复读,【复读加油】寻找复读的学校,那个学校复读好,"标题：【复读加油】寻找复读的学校

正文：那个学校复读好",,https://tieba.baidu.com/p/10586097595,matched,pending_review,,来源存疑样本；已抓到列表摘要正文；仅作人工复核池，勿直接并入正式训练集,uncertain_redirect_round4_pool.csv
10586630498,复读,复读,记录在家自学参加2027高考,这些年鬼混浪费了好多时间，没有目标浑浑噩噩，做事三分钟热度，干没多久就放弃，工作也是一直换来换去，希望这个帖子可以坚持下来吧。这个帖子主要记录我对知识的理解，和每天的收获。能考什么大学，取决于我有多少实力，不定远大的目标，也别妄自菲薄，希望今年到明年的这些努力，让我不负韶华。,"标题：记录在家自学参加2027高考

正文：这些年鬼混浪费了好多时间，没有目标浑浑噩噩，做事三分钟热度，干没多久就放弃，工作也是一直换来换去，希望这个帖子可以坚持下来吧。这个帖子主要记录我对知识的理解，和每天的收获。能考什么大学，取决于我有多少实力，不定远大的目标，也别妄自菲薄，希望今年到明年的这些努力，让我不负韶华。",,https://tieba.baidu.com/p/10586630498,matched,pending_review,,来源存疑样本；已抓到列表摘要正文；仅作人工复核池，勿直接并入正式训练集,uncertain_redirect_round4_pool.csv
10587148951,复读,复读,双一流医科大学大一学生想复读了,我知道现在复读也就是只能参加27年的高考了，但是我今天坐在教室的时候就是感觉突然被打了一下， 这真的是我想要的人生吗，学完五年临床医学然后考研考博，如果努力得到回报可能在深圳或者广州的三甲能够当医生，如果研究生出来我可能就回东莞工作， 但是我真的真的在想，我好像不想要这样的人生，我的高三花了相当多时间在游戏上面，只考了596，越到高考我玩的越疯狂，原本120左右的数学只考了99哈哈哈，想想就很可笑，我的女友劝我不,"标题：双一流医科大学大一学生想复读了

正文：我知道现在复读也就是只能参加27年的高考了，但是我今天坐在教室的时候就是感觉突然被打了一下， 这真的是我想要的人生吗，学完五年临床医学然后考研考博，如果努力得到回报可能在深圳或者广州的三甲能够当医生，如果研究生出来我可能就回东莞工作， 但是我真的真的在想，我好像不想要这样的人生，我的高三花了相当多时间在游戏上面，只考了596，越到高考我玩的越疯狂，原本120左右的数学只考了99哈哈哈，想想就很可笑，我的女友劝我不",,https://tieba.baidu.com/p/10587148951,matched,pending_review,,来源存疑样本；已抓到列表摘要正文；仅作人工复核池，勿直接并入正式训练集,uncertain_redirect_round4_pool.csv
10587152683,复读,复读,双一流大一临床医学学生想复读,我知道现在复读也就是只能参加27年的高考了，但是我今天坐在教室的时候就是感觉突然被打了一下，这真的是我想要的人生吗， 学完五年临床医学然后考研考博，如果努力得到回报可能在深圳或者广州的三甲能够当医生，如果研究生出来我可能就回东莞工作， 但是我真的真的在想，我好像不想要这样的人生，我的高三花了相当多时间在游戏上面，只考了596，越到高考我玩的越疯狂，原本120左右的数学只考了99哈哈哈，想想就很可笑，我的女友劝我不,"标题：双一流大一临床医学学生想复读

正文：我知道现在复读也就是只能参加27年的高考了，但是我今天坐在教室的时候就是感觉突然被打了一下，这真的是我想要的人生吗， 学完五年临床医学然后考研考博，如果努力得到回报可能在深圳或者广州的三甲能够当医生，如果研究生出来我可能就回东莞工作， 但是我真的真的在想，我好像不想要这样的人生，我的高三花了相当多时间在游戏上面，只考了596，越到高考我玩的越疯狂，原本120左右的数学只考了99哈哈哈，想想就很可笑，我的女友劝我不",,https://tieba.baidu.com/p/10587152683,matched,pending_review,,来源存疑样本；已抓到列表摘要正文；仅作人工复核池，勿直接并入正式训练集,uncertain_redirect_round4_pool.csv
10591865841,复读,复读,民办复读部vs复读机构,民办复读部和专业复读机构选哪个？🧐,"标题：民办复读部vs复读机构

正文：民办复读部和专业复读机构选哪个？🧐",,https://tieba.baidu.com/p/10591865841,matched,pending_review,,来源存疑样本；已抓到列表摘要正文；仅作人工复核池，勿直接并入正式训练集,uncertain_redirect_round4_pool.csv
10592290529,复读,复读,【复读加油】复读初三剩两个月只能考200多现在每天努力还有希望吗？,我真的不知道该怎么办了 上半学期是在复读学校读的花了特别多钱 但是发现没有效果而且是一个月放一次本人理解思维很弱 一个简单的题需要反反复复用手机学较久时间才会 现在目前还是一个没有去学校的状态 前面的时间已经浪费掉了 控制不住的去贪玩 地区是在贵州 复读生还要被减分 我现在不知道怎么办了 如果要去复读学校的话，花那么多钱我也体会过，而且进度也不一样了，可能大概率跟不上，在家自学的话，哎呀，好烦，我已经报名中考,"标题：【复读加油】复读初三剩两个月只能考200多现在每天努力还有希望吗？

正文：我真的不知道该怎么办了 上半学期是在复读学校读的花了特别多钱 但是发现没有效果而且是一个月放一次本人理解思维很弱 一个简单的题需要反反复复用手机学较久时间才会 现在目前还是一个没有去学校的状态 前面的时间已经浪费掉了 控制不住的去贪玩 地区是在贵州 复读生还要被减分 我现在不知道怎么办了 如果要去复读学校的话，花那么多钱我也体会过，而且进度也不一样了，可能大概率跟不上，在家自学的话，哎呀，好烦，我已经报名中考",,https://tieba.baidu.com/p/10592290529,matched,pending_review,,来源存疑样本；已抓到列表摘要正文；仅作人工复核池，勿直接并入正式训练集,uncertain_redirect_round4_pool.csv
10594856421,复读,复读,自学复读高考,表达可能不是很清晰见谅，河南，目前是高三，还没有高考，已经想好要复读了，搜了搜怎么复读但还是没有弄明白，之前在学校里问说是不能复读，一直以为要走成人高考了，但是搜了搜发现只是学校不收复读生，但现在还是害怕哪里弄错就不能考全日制大学了，想问： 1.自学复读是可以的吧 2.不需要必须通过学校弄一大堆东西才可以再次高考吧（只要到时间记得报名，有高中毕业证，记得提体检等等） 3.具体的必要的信息有哪些呢,"标题：自学复读高考

正文：表达可能不是很清晰见谅，河南，目前是高三，还没有高考，已经想好要复读了，搜了搜怎么复读但还是没有弄明白，之前在学校里问说是不能复读，一直以为要走成人高考了，但是搜了搜发现只是学校不收复读生，但现在还是害怕哪里弄错就不能考全日制大学了，想问： 1.自学复读是可以的吧 2.不需要必须通过学校弄一大堆东西才可以再次高考吧（只要到时间记得报名，有高中毕业证，记得提体检等等） 3.具体的必要的信息有哪些呢",,https://tieba.baidu.com/p/10594856421,matched,pending_review,,来源存疑样本；已抓到列表摘要正文；仅作人工复核池，勿直接并入正式训练集,uncertain_redirect_round4_pool.csv
10595094719,复读,复读,高三抑郁休学后复读是否明智？,休学前稳上600，休学后复学只有五百多，高三这一年基本是在医院度过的，因为抑郁还有一些身体原因断断续续地在住院，现在回到学校，还有两个月就高考，看着成绩，我不甘心，我抑郁的根源是因为班上同学的霸凌，但是我一直很愿意学习，我不想高考因为抑郁这个插曲就只有五百多，而且一边扛着躯体化，一边吃药学习，效率一直不高，两个月的时间也不知道还能不能回到原来的成绩。。。目前语文110+英语130+数学120+物化政三科200+总分560左右,"标题：高三抑郁休学后复读是否明智？

正文：休学前稳上600，休学后复学只有五百多，高三这一年基本是在医院度过的，因为抑郁还有一些身体原因断断续续地在住院，现在回到学校，还有两个月就高考，看着成绩，我不甘心，我抑郁的根源是因为班上同学的霸凌，但是我一直很愿意学习，我不想高考因为抑郁这个插曲就只有五百多，而且一边扛着躯体化，一边吃药学习，效率一直不高，两个月的时间也不知道还能不能回到原来的成绩。。。目前语文110+英语130+数学120+物化政三科200+总分560左右",,https://tieba.baidu.com/p/10595094719,matched,pending_review,,来源存疑样本；已抓到列表摘要正文；仅作人工复核池，勿直接并入正式训练集,uncertain_redirect_round4_pool.csv
10603290664,复读,复读,训找小伙伴,有没有海南社会考生要参加2027高考的，来聊会儿天。,"标题：训找小伙伴

正文：有没有海南社会考生要参加2027高考的，来聊会儿天。",,https://tieba.baidu.com/p/10603290664,matched,pending_review,,来源存疑样本；已抓到列表摘要正文；仅作人工复核池，勿直接并入正式训练集,uncertain_redirect_round4_pool.csv
10608207411,复读,复读,这种情况复读可行吗,现在大一，高中选科物化生，高一高二成绩还不错，有机会上211。高三生了一场病而且心态不好高考考砸了。由于某些原因当时没去复读，志愿又没报好，当时自己也没什么远见，后来上了个双非的行政管理专业。后来了解到这个专业适合考公，但是考公的话可由于家中有失信人员可能过不了政审（这件事也是我上大学后才发生的）上了大学会了一段时间后感觉这个专业学的有点痛苦，本人是i人，感觉很不适合自己。现在有点想退学参加27年高考。,"标题：这种情况复读可行吗

正文：现在大一，高中选科物化生，高一高二成绩还不错，有机会上211。高三生了一场病而且心态不好高考考砸了。由于某些原因当时没去复读，志愿又没报好，当时自己也没什么远见，后来上了个双非的行政管理专业。后来了解到这个专业适合考公，但是考公的话可由于家中有失信人员可能过不了政审（这件事也是我上大学后才发生的）上了大学会了一段时间后感觉这个专业学的有点痛苦，本人是i人，感觉很不适合自己。现在有点想退学参加27年高考。",,https://tieba.baidu.com/p/10608207411,matched,pending_review,,来源存疑样本；已抓到列表摘要正文；仅作人工复核池，勿直接并入正式训练集,uncertain_redirect_round4_pool.csv
10609186919,复读,复读,从因贴吧的故事而复读，到回贴吧记录自己的经历,这是一个求助帖或者说招生贴，也是一个回忆贴。 我曾经18年的时候高考失利后，在贴吧看到许多亲述自己复读经历的帖子，他们真情实感的描写让我对复读有了一种对未知的向往。 后来，在自己想复读并且从一些故事中寻找到一些意义后，我选择了复读。 再后来，我复读一年提了一百多分，从二本到985，然后又回到了贴吧发了一个学习帖，那时候我想再次把我收到的鼓励给别人，也许真的能帮到一些曾经像我一样迷茫的人。 又过了几年，这些年我,"标题：从因贴吧的故事而复读，到回贴吧记录自己的经历

正文：这是一个求助帖或者说招生贴，也是一个回忆贴。 我曾经18年的时候高考失利后，在贴吧看到许多亲述自己复读经历的帖子，他们真情实感的描写让我对复读有了一种对未知的向往。 后来，在自己想复读并且从一些故事中寻找到一些意义后，我选择了复读。 再后来，我复读一年提了一百多分，从二本到985，然后又回到了贴吧发了一个学习帖，那时候我想再次把我收到的鼓励给别人，也许真的能帮到一些曾经像我一样迷茫的人。 又过了几年，这些年我",,https://tieba.baidu.com/p/10609186919,matched,pending_review,,来源存疑样本；已抓到列表摘要正文；仅作人工复核池，勿直接并入正式训练集,uncertain_redirect_round4_pool.csv
10610230901,复读,复读,高中辍学，人生毁了吗？,如题，因病辍学，17岁在家待业，不甘心不想放弃，成绩在县中也还好，该怎么办，自学以社会生参加高考，还是自考本科，如果不提升学历学什么手艺？目前感受是时光虚度，计划是学学stablediffusion的ai绘画技术，和C++，刚看完行列式，还幻想学线性代数自考本科。绝望的我像是手持长矛冲向风车的唐吉柯德【图片】,"标题：高中辍学，人生毁了吗？

正文：如题，因病辍学，17岁在家待业，不甘心不想放弃，成绩在县中也还好，该怎么办，自学以社会生参加高考，还是自考本科，如果不提升学历学什么手艺？目前感受是时光虚度，计划是学学stablediffusion的ai绘画技术，和C++，刚看完行列式，还幻想学线性代数自考本科。绝望的我像是手持长矛冲向风车的唐吉柯德【图片】",,https://tieba.baidu.com/p/10610230901,matched,pending_review,,来源存疑样本；已抓到列表摘要正文；仅作人工复核池，勿直接并入正式训练集,uncertain_redirect_round4_pool.csv
10610329846,复读,复读,河南复读学校哪个好,坐标河南，已经准备好要复读了，因为前两年没怎么上，现在分数稳定一本线下20分，因为自己学习能力和态度都可以，但班级环境特别瞎，对我影响特别大，所以想复读再拼一次。河南有没有哪个复读学校管理比较严格，然后分班也比较好，不会有特别多不学的那种，求推荐,"标题：河南复读学校哪个好

正文：坐标河南，已经准备好要复读了，因为前两年没怎么上，现在分数稳定一本线下20分，因为自己学习能力和态度都可以，但班级环境特别瞎，对我影响特别大，所以想复读再拼一次。河南有没有哪个复读学校管理比较严格，然后分班也比较好，不会有特别多不学的那种，求推荐",,https://tieba.baidu.com/p/10610329846,matched,pending_review,,来源存疑样本；已抓到列表摘要正文；仅作人工复核池，勿直接并入正式训练集,uncertain_redirect_round4_pool.csv
10613103592,复读,复读,高三生复读问题，希望大神解答一下？,现在准高三物化地，在河北省只能考480分，只够上个大专，但是地理很好，能考到全市前50，并且从小喜欢历史，读过很多历史书籍，如果高考失利，有没有可能去复读学纯文，复读学大文有价值吗？求大神帮忙解答（本人历史真的很好，并且爱好经济学和国际政治）,"标题：高三生复读问题，希望大神解答一下？

正文：现在准高三物化地，在河北省只能考480分，只够上个大专，但是地理很好，能考到全市前50，并且从小喜欢历史，读过很多历史书籍，如果高考失利，有没有可能去复读学纯文，复读学大文有价值吗？求大神帮忙解答（本人历史真的很好，并且爱好经济学和国际政治）",,https://tieba.baidu.com/p/10613103592,matched,pending_review,,来源存疑样本；已抓到列表摘要正文；仅作人工复核池，勿直接并入正式训练集,uncertain_redirect_round4_pool.csv
10613539465,复读,复读,【复读加油】高四靠自己在家自学怎么样,我是26届的高考生，我的成绩不好，可以说是很差的那种，学校的学习氛围也不好，本科率也不高，到现在我学校一轮都没结束…前两百多天我自己也在一直找适合自己的方法一边自学一边听学校老师的课，不会的题会去问老师，这一套流程下来有点小进步，但进步后的总体成绩还是不行，家里说不让复读也不让读大专，再者就是如果家里让复读或者让读大专的话，复读学费也不便宜…家里人可能不愿意负担这个费用，如果是读大专我自己也不想去…,"标题：【复读加油】高四靠自己在家自学怎么样

正文：我是26届的高考生，我的成绩不好，可以说是很差的那种，学校的学习氛围也不好，本科率也不高，到现在我学校一轮都没结束…前两百多天我自己也在一直找适合自己的方法一边自学一边听学校老师的课，不会的题会去问老师，这一套流程下来有点小进步，但进步后的总体成绩还是不行，家里说不让复读也不让读大专，再者就是如果家里让复读或者让读大专的话，复读学费也不便宜…家里人可能不愿意负担这个费用，如果是读大专我自己也不想去…",,https://tieba.baidu.com/p/10613539465,matched,pending_review,,来源存疑样本；已抓到列表摘要正文；仅作人工复核池，勿直接并入正式训练集,uncertain_redirect_round4_pool.csv
10613548948,复读,复读,复读学习经验交流贴,解答他人疑问，记录自己失败经验。 欢迎提问~~,"标题：复读学习经验交流贴

正文：解答他人疑问，记录自己失败经验。 欢迎提问~~",,https://tieba.baidu.com/p/10613548948,matched,pending_review,,来源存疑样本；已抓到列表摘要正文；仅作人工复核池，勿直接并入正式训练集,uncertain_redirect_round4_pool.csv
10614906259,复读,复读,还有希望吗？,自去年踏入复读班，我就有一定的学习习惯，学的纯文，成绩提的也挺快，去年只考了360，在复读班呆了三个月提到了400，再后来被班里人针对，已经学不进去了，在家呆了一个寒假后，就一直休学至今，在家我也有些提心吊胆，有种被班里的事追赶的感觉，这样的情况下我自己安排自主学习，一天下来效率可能没去年高，之前跟班里人一同体检，跟他们起了点矛盾，回来后头疼了三天，现在挺清醒，我在想该怎么办？学业上我还能怎么学？怎么确定,"标题：还有希望吗？

正文：自去年踏入复读班，我就有一定的学习习惯，学的纯文，成绩提的也挺快，去年只考了360，在复读班呆了三个月提到了400，再后来被班里人针对，已经学不进去了，在家呆了一个寒假后，就一直休学至今，在家我也有些提心吊胆，有种被班里的事追赶的感觉，这样的情况下我自己安排自主学习，一天下来效率可能没去年高，之前跟班里人一同体检，跟他们起了点矛盾，回来后头疼了三天，现在挺清醒，我在想该怎么办？学业上我还能怎么学？怎么确定",,https://tieba.baidu.com/p/10614906259,matched,pending_review,,来源存疑样本；已抓到列表摘要正文；仅作人工复核池，勿直接并入正式训练集,uncertain_redirect_round4_pool.csv
10615475668,复读,复读,复读是在家还是去学校,lz今年高三，学校太差了，lz26年一模469就是全校第四了，每年就1到2个上特控线（还不是上一本），lz起了复读的心思（但我会接下来60多天好好学的）（tmd，lz高二那年觉得上大学没什了不起，上课下课看了一年课外书，高二下冲到这样的，可见学校多差）如果复读我个人倾向在家（但我看很多8u在劝）家里经济也不算富裕，较为拮据的（坐标广东广州）,"标题：复读是在家还是去学校

正文：lz今年高三，学校太差了，lz26年一模469就是全校第四了，每年就1到2个上特控线（还不是上一本），lz起了复读的心思（但我会接下来60多天好好学的）（tmd，lz高二那年觉得上大学没什了不起，上课下课看了一年课外书，高二下冲到这样的，可见学校多差）如果复读我个人倾向在家（但我看很多8u在劝）家里经济也不算富裕，较为拮据的（坐标广东广州）",,https://tieba.baidu.com/p/10615475668,matched,pending_review,,来源存疑样本；已抓到列表摘要正文；仅作人工复核池，勿直接并入正式训练集,uncertain_redirect_round4_pool.csv
10615749605,复读,复读,复读从560到630,可能性大不大 一模598,"标题：复读从560到630

正文：可能性大不大 一模598",,https://tieba.baidu.com/p/10615749605,matched,pending_review,,来源存疑样本；已抓到列表摘要正文；仅作人工复核池，勿直接并入正式训练集,uncertain_redirect_round4_pool.csv
10616161807,复读,复读,求指点迷津,中职复读，可以上本科，但没有读书的心思了，想跟朋友一起打拼（四川），有什么好的建议吗,"标题：求指点迷津

正文：中职复读，可以上本科，但没有读书的心思了，想跟朋友一起打拼（四川），有什么好的建议吗",,https://tieba.baidu.com/p/10616161807,matched,pending_review,,来源存疑样本；已抓到列表摘要正文；仅作人工复核池，勿直接并入正式训练集,uncertain_redirect_round4_pool.csv
10619054636,复读,复读,看不懂的感觉，咋办，,我是旧高考考生，学的3-3。3-4没学过。现在有点看不懂,"标题：看不懂的感觉，咋办，

正文：我是旧高考考生，学的3-3。3-4没学过。现在有点看不懂",,https://tieba.baidu.com/p/10619054636,matched,pending_review,,来源存疑样本；已抓到列表摘要正文；仅作人工复核池，勿直接并入正式训练集,uncertain_redirect_round4_pool.csv
10622569558,复读,复读,普通生一样可以进公办本科 重点 985/211 本科,普通生一样可以进公办本科，重点 985/211 本科 ，同一时间入学， 获 学位+毕业+学信网查 统招生，4年全日制学习 ，毕业获本校全日制证书。,"标题：普通生一样可以进公办本科 重点 985/211 本科

正文：普通生一样可以进公办本科，重点 985/211 本科 ，同一时间入学， 获 学位+毕业+学信网查 统招生，4年全日制学习 ，毕业获本校全日制证书。",,https://tieba.baidu.com/p/10622569558,matched,pending_review,,来源存疑样本；已抓到列表摘要正文；仅作人工复核池，勿直接并入正式训练集,uncertain_redirect_round4_pool.csv
10623218619,复读,复读,2个月能考到550吗,目前基础很差,"标题：2个月能考到550吗

正文：目前基础很差",,https://tieba.baidu.com/p/10623218619,matched,pending_review,,来源存疑样本；已抓到列表摘要正文；仅作人工复核池，勿直接并入正式训练集,uncertain_redirect_round4_pool.csv
10623766626,复读,复读,有人能介绍一下武汉黄陂区的步学复读机构吗？,emm，我主要想了解课程表，放假，以及手机使用权之类的。,"标题：有人能介绍一下武汉黄陂区的步学复读机构吗？

正文：emm，我主要想了解课程表，放假，以及手机使用权之类的。",,https://tieba.baidu.com/p/10623766626,matched,pending_review,,来源存疑样本；已抓到列表摘要正文；仅作人工复核池，勿直接并入正式训练集,uncertain_redirect_round4_pool.csv
10624879146,复读,复读,有交流群吗,如题 很迷茫 不知道以后该怎么办了 有复读相关的交流群吗,"标题：有交流群吗

正文：如题 很迷茫 不知道以后该怎么办了 有复读相关的交流群吗",,https://tieba.baidu.com/p/10624879146,matched,pending_review,,来源存疑样本；已抓到列表摘要正文；仅作人工复核池，勿直接并入正式训练集,uncertain_redirect_round4_pool.csv
3626008048,复读,复读,【复读加油】福州哪里复读好？,有在读的吗？了解一下。。,"标题：【复读加油】福州哪里复读好？

正文：有在读的吗？了解一下。。",,https://tieba.baidu.com/p/3626008048,matched,pending_review,,来源存疑样本；已抓到列表摘要正文；仅作人工复核池，勿直接并入正式训练集,uncertain_redirect_round4_pool.csv
4732773037,复读,复读,【复读加油】又是一个复读与否的问题,本人湖北文科2016考生 男 湖北一本520 本人503 差一本17 现在已经被湖北文理国贸专业录取 说起这次高考也,"标题：【复读加油】又是一个复读与否的问题

正文：本人湖北文科2016考生 男 湖北一本520 本人503 差一本17 现在已经被湖北文理国贸专业录取 说起这次高考也",,https://tieba.baidu.com/p/4732773037,matched,pending_review,,来源存疑样本；已抓到列表摘要正文；仅作人工复核池，勿直接并入正式训练集,uncertain_redirect_round4_pool.csv
5108782825,复读,复读,我30岁想参加高考，请问复读吧的朋友…,我是八零后，很老了…唉，高中毕业在家里宅了很多年，一无是处是个废物，很想参加明年的高考…实现我当年的梦想 听说高考改革什么的，请问现在还可以复读吗？？？ 谢谢啊,"标题：我30岁想参加高考，请问复读吧的朋友…

正文：我是八零后，很老了…唉，高中毕业在家里宅了很多年，一无是处是个废物，很想参加明年的高考…实现我当年的梦想 听说高考改革什么的，请问现在还可以复读吗？？？ 谢谢啊",,https://tieba.baidu.com/p/5108782825,matched,pending_review,,来源存疑样本；已抓到列表摘要正文；仅作人工复核池，勿直接并入正式训练集,uncertain_redirect_round4_pool.csv
5655095501,复读,复读,【心路历程】差生的逆袭之路，凭什么从专科到一本！！！,非广告贴，吧务勿手滑，谢谢,"标题：【心路历程】差生的逆袭之路，凭什么从专科到一本！！！

正文：非广告贴，吧务勿手滑，谢谢",,https://tieba.baidu.com/p/5655095501,matched,pending_review,,来源存疑样本；已抓到列表摘要正文；仅作人工复核池，勿直接并入正式训练集,uncertain_redirect_round4_pool.csv
5666263503,复读,复读,像我这种26岁的人还想复习一年，27岁去参加高考，会不会太那,像我这种26岁的人还想复习一年，27岁去参加高考，会不会太那个什么了,像我这种26岁的人还想复习一年，27岁去参加高考，会不会太那个什么了,,https://tieba.baidu.com/p/5666263503,matched,pending_review,,来源存疑样本；已抓到列表摘要正文；仅作人工复核池，勿直接并入正式训练集,uncertain_redirect_round4_pool.csv
5793968982,复读,复读,刚才看了些大龄考生准备复读的，我写一下我的经历和经验,先说一下，我身份证上是91年的，去年复读的，今年重庆高考612，分数不算高，但我尽力咯！也是给准备复读的差不多同年人谈谈经验,"标题：刚才看了些大龄考生准备复读的，我写一下我的经历和经验

正文：先说一下，我身份证上是91年的，去年复读的，今年重庆高考612，分数不算高，但我尽力咯！也是给准备复读的差不多同年人谈谈经验",,https://tieba.baidu.com/p/5793968982,matched,pending_review,,来源存疑样本；已抓到列表摘要正文；仅作人工复核池，勿直接并入正式训练集,uncertain_redirect_round4_pool.csv
5807507601,复读,复读,坎坷的经历（退学复读）,我这一生中注定就要比其他人坎坷许多。我是一个听残（不太影响上课）从初中就独立，一个人在家，爸妈都不管我。我也是从初中就开始努力学习，然后考上重点高中。高中也很努力，高三上学期母亲因病去世（这是我一生的痛和悔恨）2017年第一次高考没考好，去了一所吉林省属重点大学，然后去了两个月退学回到高中复读，2018年第二次高考，发挥再次失常，录取结果也不太理想。,"标题：坎坷的经历（退学复读）

正文：我这一生中注定就要比其他人坎坷许多。我是一个听残（不太影响上课）从初中就独立，一个人在家，爸妈都不管我。我也是从初中就开始努力学习，然后考上重点高中。高中也很努力，高三上学期母亲因病去世（这是我一生的痛和悔恨）2017年第一次高考没考好，去了一所吉林省属重点大学，然后去了两个月退学回到高中复读，2018年第二次高考，发挥再次失常，录取结果也不太理想。",,https://tieba.baidu.com/p/5807507601,matched,pending_review,,来源存疑样本；已抓到列表摘要正文；仅作人工复核池，勿直接并入正式训练集,uncertain_redirect_round4_pool.csv
5822403854,复读,复读,11月就满27岁了，进复读班几天了，像听天书一样，坚持不下去了,我初中成绩一般吧，还是能进当地县级市的重点高中，因为遇到感情问题，求之不得，也得了抑郁症，到高二下学期就退学了，我是高2010级的，选择一条路，随便一走就是8年，做过玉石、二手房、玉石，现在有16万块钱，还有一辆开了4年的轿车，卖了能值8万。现在才知道文凭的重要性，托关系进了当地最好的一所高中的复读班。已经开始补习了，像听天书一样，特别是数学，数学符号和运算全部都不会了，感觉捡不起来了。英语以前本来就很差，一,"标题：11月就满27岁了，进复读班几天了，像听天书一样，坚持不下去了

正文：我初中成绩一般吧，还是能进当地县级市的重点高中，因为遇到感情问题，求之不得，也得了抑郁症，到高二下学期就退学了，我是高2010级的，选择一条路，随便一走就是8年，做过玉石、二手房、玉石，现在有16万块钱，还有一辆开了4年的轿车，卖了能值8万。现在才知道文凭的重要性，托关系进了当地最好的一所高中的复读班。已经开始补习了，像听天书一样，特别是数学，数学符号和运算全部都不会了，感觉捡不起来了。英语以前本来就很差，一",,https://tieba.baidu.com/p/5822403854,matched,pending_review,,来源存疑样本；已抓到列表摘要正文；仅作人工复核池，勿直接并入正式训练集,uncertain_redirect_round4_pool.csv
6248486756,复读,复读,湖北理科考生572（本一505），高考不理想，报的武汉双非一,湖北理科考生572（本一505），高考不理想，报的武汉双非一本，有点想复读。经劝说，家里人同意我去了一所本地高中尖子班插班，根本不适应，学校体制和管理跟不上原来的省重点高中。讲授的内容有点超纲，资料也要我自己解决，学校不管事。每天上下学都要骑电动车十几分钟，于是不想去了。后来联系到本地另一所新立的私立学校复读班（三十几个学生水平参差不齐），还奖励我两万五千元钱。学校强制住宿，封闭式管理，有点想去，但学校没,湖北理科考生572（本一505），高考不理想，报的武汉双非一本，有点想复读。经劝说，家里人同意我去了一所本地高中尖子班插班，根本不适应，学校体制和管理跟不上原来的省重点高中。讲授的内容有点超纲，资料也要我自己解决，学校不管事。每天上下学都要骑电动车十几分钟，于是不想去了。后来联系到本地另一所新立的私立学校复读班（三十几个学生水平参差不齐），还奖励我两万五千元钱。学校强制住宿，封闭式管理，有点想去，但学校没,,https://tieba.baidu.com/p/6248486756,matched,pending_review,,来源存疑样本；已抓到列表摘要正文；仅作人工复核池，勿直接并入正式训练集,uncertain_redirect_round4_pool.csv
7422113667,复读,复读,高考落差大，父母不支持复读，想问问大家的意见……,我平常大概是211稳了冲985的水平，几次模拟考都挺稳的，考得最好的一次是可以进中上流985的水平，考得最差的一次也有高本一线30来分。最后高考考差了只比本一线高了3分，报不了什么好一本，可以说是高三这一年来考得最差的一次了吧，很不甘心，想要复读。 但是父母是挺反对的……因为一来我们这里的公立高中已经不允许收复读生了，想要进比较好的公立高中复读非常困难，且他们认为私立机构比较差，没有保障；二来他们觉得再来一年变数,"标题：高考落差大，父母不支持复读，想问问大家的意见……

正文：我平常大概是211稳了冲985的水平，几次模拟考都挺稳的，考得最好的一次是可以进中上流985的水平，考得最差的一次也有高本一线30来分。最后高考考差了只比本一线高了3分，报不了什么好一本，可以说是高三这一年来考得最差的一次了吧，很不甘心，想要复读。 但是父母是挺反对的……因为一来我们这里的公立高中已经不允许收复读生了，想要进比较好的公立高中复读非常困难，且他们认为私立机构比较差，没有保障；二来他们觉得再来一年变数",,https://tieba.baidu.com/p/7422113667,matched,pending_review,,来源存疑样本；已抓到列表摘要正文；仅作人工复核池，勿直接并入正式训练集,uncertain_redirect_round4_pool.csv
7422871664,复读,复读,福建有复读的同学吗，有复读机构推荐嘛,在福建福州，打算复读 有比较好的复读机构推荐一下吗，最好是有自己去过的 想了解一下福州附近的，要是有比较好的机构那去别市也可以 球球各位了，孩子快#高考复读##复读#没书念了,"标题：福建有复读的同学吗，有复读机构推荐嘛

正文：在福建福州，打算复读 有比较好的复读机构推荐一下吗，最好是有自己去过的 想了解一下福州附近的，要是有比较好的机构那去别市也可以 球球各位了，孩子快#高考复读##复读#没书念了",,https://tieba.baidu.com/p/7422871664,matched,pending_review,,来源存疑样本；已抓到列表摘要正文；仅作人工复核池，勿直接并入正式训练集,uncertain_redirect_round4_pool.csv
7863312182,复读,复读,五年复读的有吗,有高考复读五年的吧,"标题：五年复读的有吗

正文：有高考复读五年的吧",,https://tieba.baidu.com/p/7863312182,matched,pending_review,,来源存疑样本；已抓到列表摘要正文；仅作人工复核池，勿直接并入正式训练集,uncertain_redirect_round4_pool.csv
7893811589,复读,复读,复读生浅谈两句,真心不推荐复读，本人文科，坐标贵州，21年高考427（分数线479）选择复读，当时家里托关系进了某全国百强高中复读班（当时高考分590以上才能进， 590在贵州大概是前一万名）今年分数515，今年二本线471。的确小有成绩，但成本真的非常高 1.对自身素质要求高，复读这一年，我平均一点半睡，六点钟起，中午午休40分钟，睡眠质量和精神状态极差 2.经济成本高，复读这一年，我的微信支出达到了三万左右（不包括学费，住宿费，资料费） 3，收益风,"标题：复读生浅谈两句

正文：真心不推荐复读，本人文科，坐标贵州，21年高考427（分数线479）选择复读，当时家里托关系进了某全国百强高中复读班（当时高考分590以上才能进， 590在贵州大概是前一万名）今年分数515，今年二本线471。的确小有成绩，但成本真的非常高 1.对自身素质要求高，复读这一年，我平均一点半睡，六点钟起，中午午休40分钟，睡眠质量和精神状态极差 2.经济成本高，复读这一年，我的微信支出达到了三万左右（不包括学费，住宿费，资料费） 3，收益风",,https://tieba.baidu.com/p/7893811589,matched,pending_review,,来源存疑样本；已抓到列表摘要正文；仅作人工复核池，勿直接并入正式训练集,uncertain_redirect_round4_pool.csv
7915360136,复读,复读,要和对象一起复读么,高考完我们两个考的都不是很好，我报了志愿但是结果还没出，他已经去复读了，在他复读之前我们闹过一次很严重的分手，那段时间高考成绩也特别不好，我就很崩溃，想过做傻事，后来他给我发了好多消息一直一直在劝我，一直一直在安慰我，我们在一起快两年了，最近我老是感受不到他对我的热情，感觉他和刚在一起时候的样子真的不一样了，但是他去复读之后我每一天都特别难过特别痛苦，经常想他，我跟家里人商量如果志愿没报好要不要考,"标题：要和对象一起复读么

正文：高考完我们两个考的都不是很好，我报了志愿但是结果还没出，他已经去复读了，在他复读之前我们闹过一次很严重的分手，那段时间高考成绩也特别不好，我就很崩溃，想过做傻事，后来他给我发了好多消息一直一直在劝我，一直一直在安慰我，我们在一起快两年了，最近我老是感受不到他对我的热情，感觉他和刚在一起时候的样子真的不一样了，但是他去复读之后我每一天都特别难过特别痛苦，经常想他，我跟家里人商量如果志愿没报好要不要考",,https://tieba.baidu.com/p/7915360136,matched,pending_review,,来源存疑样本；已抓到列表摘要正文；仅作人工复核池，勿直接并入正式训练集,uncertain_redirect_round4_pool.csv
8350867450,复读,复读,28复读还有意义吗？,25才大学毕业，我根本不喜欢上这个大学和这个专业，被家长听别人话逼的。已经进了2回精神病医院了，想打工攒学费重新复读上一个心仪的大学。,"标题：28复读还有意义吗？

正文：25才大学毕业，我根本不喜欢上这个大学和这个专业，被家长听别人话逼的。已经进了2回精神病医院了，想打工攒学费重新复读上一个心仪的大学。",,https://tieba.baidu.com/p/8350867450,matched,pending_review,,来源存疑样本；已抓到列表摘要正文；仅作人工复核池，勿直接并入正式训练集,uncertain_redirect_round4_pool.csv
8869705894,复读,复读,有没有人是高中毕业重新回初一复读的？,并且之后不跳级，可以这样么，我没上大学不是大学退学。,"标题：有没有人是高中毕业重新回初一复读的？

正文：并且之后不跳级，可以这样么，我没上大学不是大学退学。",,https://tieba.baidu.com/p/8869705894,matched,pending_review,,来源存疑样本；已抓到列表摘要正文；仅作人工复核池，勿直接并入正式训练集,uncertain_redirect_round4_pool.csv
9150158050,复读,复读,想和8u谈谈心，很迷茫，希望吧友给个建议,我是23年辽宁考生，总分652分，录取到湖南6字985，无菌 大一的时候实在是不喜欢这个学校，因为学校管理实在是太逆天了，比如平常出校门必须请假，然后平常都得穿校服，列队去上课等等。感觉根本就不像一个大学应该有的样子。学习也挺摆的，绩点很低下学期才追回来点绩点。强基计划学的物理，目前应该是可以保物理学的硕士 感觉大多数人都是高考发挥失常才去复读的，我不是，我反而是超常发挥，高考前几次模考那时候感觉考东北大学我就,"标题：想和8u谈谈心，很迷茫，希望吧友给个建议

正文：我是23年辽宁考生，总分652分，录取到湖南6字985，无菌 大一的时候实在是不喜欢这个学校，因为学校管理实在是太逆天了，比如平常出校门必须请假，然后平常都得穿校服，列队去上课等等。感觉根本就不像一个大学应该有的样子。学习也挺摆的，绩点很低下学期才追回来点绩点。强基计划学的物理，目前应该是可以保物理学的硕士 感觉大多数人都是高考发挥失常才去复读的，我不是，我反而是超常发挥，高考前几次模考那时候感觉考东北大学我就",,https://tieba.baidu.com/p/9150158050,matched,pending_review,,来源存疑样本；已抓到列表摘要正文；仅作人工复核池，勿直接并入正式训练集,uncertain_redirect_round4_pool.csv
9217472001,复读,复读,考虑退学复读,真心求助8u们，我是广东考生 现在大一，发现这个专业自己十分不喜欢（被调剂，双非一本材料专业，算是高考失常发挥，专业填报也失误了，目前本人复读的原因是想填报一个本省院校+较好的专业） 宿舍也住的很不舒适，主要是舍友作息太逆天：开学第一周暂时无早自习，但有早八他们会六点钟左右起，特吵的那种，还有其他行为令我反感（沟通过，但是无法解决） 现在在这个学校学这个专业十分煎熬，可能是因为内心不认可这个专业，加之睡不,"标题：考虑退学复读

正文：真心求助8u们，我是广东考生 现在大一，发现这个专业自己十分不喜欢（被调剂，双非一本材料专业，算是高考失常发挥，专业填报也失误了，目前本人复读的原因是想填报一个本省院校+较好的专业） 宿舍也住的很不舒适，主要是舍友作息太逆天：开学第一周暂时无早自习，但有早八他们会六点钟左右起，特吵的那种，还有其他行为令我反感（沟通过，但是无法解决） 现在在这个学校学这个专业十分煎熬，可能是因为内心不认可这个专业，加之睡不",,https://tieba.baidu.com/p/9217472001,matched,pending_review,,来源存疑样本；已抓到列表摘要正文；仅作人工复核池，勿直接并入正式训练集,uncertain_redirect_round4_pool.csv
9728988718,复读,复读,求个河南的复读学校,自学总感觉自制力不行，有没有河南收大龄考生的学校啊,"标题：求个河南的复读学校

正文：自学总感觉自制力不行，有没有河南收大龄考生的学校啊",,https://tieba.baidu.com/p/9728988718,matched,pending_review,,来源存疑样本；已抓到列表摘要正文；仅作人工复核池，勿直接并入正式训练集,uncertain_redirect_round4_pool.csv
9824939189,复读,复读,是否该复读呢8u们,楼主今年刚压本科线也只能上专科了民办本科上不起实在太烧钱所以在考虑是否复读，高中三年高一高二因为个人心态和思想出了问题导致厌学消极得心理就没有怎么学习学校也是普通的私立高中但至少那时候英语和语文稳定105左右后来高三就浑浑噩噩一天到晚就焦虑也不行动总分也就400上下高二分班之后语文和英语考试都很器重我可后来脑子犯混就不好好学习整天上课就是睡觉导致后来和最器重我的语文老师关系闹僵直到毕业，选科的时候也是稀里,"标题：是否该复读呢8u们

正文：楼主今年刚压本科线也只能上专科了民办本科上不起实在太烧钱所以在考虑是否复读，高中三年高一高二因为个人心态和思想出了问题导致厌学消极得心理就没有怎么学习学校也是普通的私立高中但至少那时候英语和语文稳定105左右后来高三就浑浑噩噩一天到晚就焦虑也不行动总分也就400上下高二分班之后语文和英语考试都很器重我可后来脑子犯混就不好好学习整天上课就是睡觉导致后来和最器重我的语文老师关系闹僵直到毕业，选科的时候也是稀里",,https://tieba.baidu.com/p/9824939189,matched,pending_review,,来源存疑样本；已抓到列表摘要正文；仅作人工复核池，勿直接并入正式训练集,uncertain_redirect_round4_pool.csv
9836618739,复读,复读,都说复读不好，但是成绩不如愿啊,lz是一个广西考生，今年分数423，本科线402。只能去一个民办二本，之前压根没有想过自己去读民办二本，今年算是考差了，不过也可以接受。lz在一个县里面的普高，成绩浮动特别大，全校14-210名（模考最差一次没上本科线，最高一次480分。二模448分，本科线380）家里面经济条件一般，去读民办学费太贵了，而且全是像酒店管理的天坑专业。我已经决定复读了，这个帖主要是想看看有没有和我类似的同学，再一个是想找朋友一起交流学习,"标题：都说复读不好，但是成绩不如愿啊

正文：lz是一个广西考生，今年分数423，本科线402。只能去一个民办二本，之前压根没有想过自己去读民办二本，今年算是考差了，不过也可以接受。lz在一个县里面的普高，成绩浮动特别大，全校14-210名（模考最差一次没上本科线，最高一次480分。二模448分，本科线380）家里面经济条件一般，去读民办学费太贵了，而且全是像酒店管理的天坑专业。我已经决定复读了，这个帖主要是想看看有没有和我类似的同学，再一个是想找朋友一起交流学习",,https://tieba.baidu.com/p/9836618739,matched,pending_review,,来源存疑样本；已抓到列表摘要正文；仅作人工复核池，勿直接并入正式训练集,uncertain_redirect_round4_pool.csv
9883183728,复读,复读,【复读加油】我该不该复读,我运气不太好 中考当天得了甲流 进了市里第二的高中,"标题：【复读加油】我该不该复读

正文：我运气不太好 中考当天得了甲流 进了市里第二的高中",,https://tieba.baidu.com/p/9883183728,matched,pending_review,,来源存疑样本；已抓到列表摘要正文；仅作人工复核池，勿直接并入正式训练集,uncertain_redirect_round4_pool.csv
9897086526,复读,复读,真的要复读吗？,求助各位学长学姐，这种有必要复读吗？家里人都说专业不好，说苦一年好过苦一辈子，可我觉得再来一年又能怎样呢？,"标题：真的要复读吗？

正文：求助各位学长学姐，这种有必要复读吗？家里人都说专业不好，说苦一年好过苦一辈子，可我觉得再来一年又能怎样呢？",,https://tieba.baidu.com/p/9897086526,matched,pending_review,,来源存疑样本；已抓到列表摘要正文；仅作人工复核池，勿直接并入正式训练集,uncertain_redirect_round4_pool.csv
9901226221,复读,复读,复读心态调整,所有指向（考试失利 父母支持 内心决定）都推动我去复读 但是刚经历了一个多月的松弛我实在不能接受母亲直接把我手机收走🥲 想等到复读班开课再去听课交手机 内心又觉得这是一种逃避的表现,"标题：复读心态调整

正文：所有指向（考试失利 父母支持 内心决定）都推动我去复读 但是刚经历了一个多月的松弛我实在不能接受母亲直接把我手机收走🥲 想等到复读班开课再去听课交手机 内心又觉得这是一种逃避的表现",,https://tieba.baidu.com/p/9901226221,matched,pending_review,,来源存疑样本；已抓到列表摘要正文；仅作人工复核池，勿直接并入正式训练集,uncertain_redirect_round4_pool.csv
9914622631,复读,复读,【复读加油】645想复读,上海大学。 有在上海大学的河南考生吗？其他地区的考生也可以踊跃评价！ 大家对这个学校评价怎么样啊？感觉如何？ 大家都录的什么专业呀？在众多高校中，为什么选择上海大学？ 有没有在读的学生说一说这里面他的餐费贵吗？听说一份饺子23 我家经济状况不行 上海大学的通信与信息工程学院怎么样？通信工程将来的就业如何？大家都留在上海了吗？ 以上问题任何有想法的，大家都可以踊跃评论 我今年河南高考645分，女 ，录到了通信工程，卓,"标题：【复读加油】645想复读

正文：上海大学。 有在上海大学的河南考生吗？其他地区的考生也可以踊跃评价！ 大家对这个学校评价怎么样啊？感觉如何？ 大家都录的什么专业呀？在众多高校中，为什么选择上海大学？ 有没有在读的学生说一说这里面他的餐费贵吗？听说一份饺子23 我家经济状况不行 上海大学的通信与信息工程学院怎么样？通信工程将来的就业如何？大家都留在上海了吗？ 以上问题任何有想法的，大家都可以踊跃评论 我今年河南高考645分，女 ，录到了通信工程，卓",,https://tieba.baidu.com/p/9914622631,matched,pending_review,,来源存疑样本；已抓到列表摘要正文；仅作人工复核池，勿直接并入正式训练集,uncertain_redirect_round4_pool.csv
9945779906,复读,复读,求各位8u们给点建议,本人25年江苏高考文科538，在各种原因下选择复读了，目前因为家里和个人原因决定放弃文科转战物化生了，当时文科就是家里人逼着选的，也不是很喜欢，物化生高二那年也自己学了点，差不多物化生高二阶段的都学完了，可以给点语数英的提分建议和物化生方便的建议吗,"标题：求各位8u们给点建议

正文：本人25年江苏高考文科538，在各种原因下选择复读了，目前因为家里和个人原因决定放弃文科转战物化生了，当时文科就是家里人逼着选的，也不是很喜欢，物化生高二那年也自己学了点，差不多物化生高二阶段的都学完了，可以给点语数英的提分建议和物化生方便的建议吗",,https://tieba.baidu.com/p/9945779906,matched,pending_review,,来源存疑样本；已抓到列表摘要正文；仅作人工复核池，勿直接并入正式训练集,uncertain_redirect_round4_pool.csv
9952106448,复读,复读,社会考生找复读群,我(本科毕业了）想努力重新高考/物化地，弥补当年填志愿的遗憾。现在周一到周五无事(我是物理教培老师），我想找个复读群跟大家一起学习。,"标题：社会考生找复读群

正文：我(本科毕业了）想努力重新高考/物化地，弥补当年填志愿的遗憾。现在周一到周五无事(我是物理教培老师），我想找个复读群跟大家一起学习。",,https://tieba.baidu.com/p/9952106448,matched,pending_review,,来源存疑样本；已抓到列表摘要正文；仅作人工复核池，勿直接并入正式训练集,uncertain_redirect_round4_pool.csv
9990252528,复读,复读,复读的犹豫,本人是陕西考生，然后今年考573，算是有点失误发挥了，语文96，数学116，英语116，物理79，生物和化学就80多一点，有点想复读，但是又害怕明年不如今年,"标题：复读的犹豫

正文：本人是陕西考生，然后今年考573，算是有点失误发挥了，语文96，数学116，英语116，物理79，生物和化学就80多一点，有点想复读，但是又害怕明年不如今年",,https://tieba.baidu.com/p/9990252528,matched,pending_review,,来源存疑样本；已抓到列表摘要正文；仅作人工复核池，勿直接并入正式训练集,uncertain_redirect_round4_pool.csv
10003879113,失眠,失眠,8个月都没睡觉了,怎么办？安眠药都没用,"标题：8个月都没睡觉了

正文：怎么办？安眠药都没用",,https://tieba.baidu.com/p/10003879113,matched,pending_review,,来源存疑样本；已抓到列表摘要正文；仅作人工复核池，勿直接并入正式训练集,uncertain_redirect_round4_pool.csv
10058663327,失眠,失眠,大家都在吃什么安定？,能戒还是戒了吧,"标题：大家都在吃什么安定？

正文：能戒还是戒了吧",,https://tieba.baidu.com/p/10058663327,matched,pending_review,,来源存疑样本；已抓到列表摘要正文；仅作人工复核池，勿直接并入正式训练集,uncertain_redirect_round4_pool.csv
10072024393,失眠,失眠,关于本人吃了7年安眠药和有轻度焦虑经验心得分享,我现在是已经看开了不是走出来了，现在每天都是先吃半颗右佐匹克隆先躺穿上平复心情，等半小时再吃半颗看有没有效果，如果没效果就加一颗，再睡不着就再加一颗，虽然有耐药性了，现在基本上一晚三颗差不多就行了，一个月的量吃完了，下次去再开另外一安眠药就行了，反正一种药只吃一个月，一个月一个月的换着吃，我已经看开了准备好吃一辈子的安眠药了，反正也没得几十年可以活了，现在我的焦虑和抑郁症我是鸟都不鸟它了，不就是一,"标题：关于本人吃了7年安眠药和有轻度焦虑经验心得分享

正文：我现在是已经看开了不是走出来了，现在每天都是先吃半颗右佐匹克隆先躺穿上平复心情，等半小时再吃半颗看有没有效果，如果没效果就加一颗，再睡不着就再加一颗，虽然有耐药性了，现在基本上一晚三颗差不多就行了，一个月的量吃完了，下次去再开另外一安眠药就行了，反正一种药只吃一个月，一个月一个月的换着吃，我已经看开了准备好吃一辈子的安眠药了，反正也没得几十年可以活了，现在我的焦虑和抑郁症我是鸟都不鸟它了，不就是一",,https://tieba.baidu.com/p/10072024393,matched,pending_review,,来源存疑样本；已抓到列表摘要正文；仅作人工复核池，勿直接并入正式训练集,uncertain_redirect_round4_pool.csv
10189072157,失眠,失眠,失眠了失眠了,🈶️什么好介绍,"标题：失眠了失眠了

正文：🈶️什么好介绍",,https://tieba.baidu.com/p/10189072157,matched,pending_review,,来源存疑样本；已抓到列表摘要正文；仅作人工复核池，勿直接并入正式训练集,uncertain_redirect_round4_pool.csv
10212885380,失眠,失眠,一个睡眠的比喻,如果把我们神经与身体比喻成是一个张开的布棚，那这个用布拉起来的棚，在白天的时候，是站立的，而且的顶部是布是拉的紧紧的。到了晚上，虽然你下意识让篷布放松。相当于我们讲的让神经放松。而心情平静，就像篷布棚不摇不晃，平静站着。脑子基本没有杂念干扰身体，就像是布棚没有受到外力去冲击，但是布棚现在还是站在那边，还处于工作的状态，看似放松，看似平静，但是还是没有真正休息。只有把棚收起来拉下来，折叠起来，收纳起,"标题：一个睡眠的比喻

正文：如果把我们神经与身体比喻成是一个张开的布棚，那这个用布拉起来的棚，在白天的时候，是站立的，而且的顶部是布是拉的紧紧的。到了晚上，虽然你下意识让篷布放松。相当于我们讲的让神经放松。而心情平静，就像篷布棚不摇不晃，平静站着。脑子基本没有杂念干扰身体，就像是布棚没有受到外力去冲击，但是布棚现在还是站在那边，还处于工作的状态，看似放松，看似平静，但是还是没有真正休息。只有把棚收起来拉下来，折叠起来，收纳起",,https://tieba.baidu.com/p/10212885380,matched,pending_review,,来源存疑样本；已抓到列表摘要正文；仅作人工复核池，勿直接并入正式训练集,uncertain_redirect_round4_pool.csv
10214998800,失眠,失眠,一直睡不着，好痛苦。,谁能帮帮我，有靠谱的么？,"标题：一直睡不着，好痛苦。

正文：谁能帮帮我，有靠谱的么？",,https://tieba.baidu.com/p/10214998800,matched,pending_review,,来源存疑样本；已抓到列表摘要正文；仅作人工复核池，勿直接并入正式训练集,uncertain_redirect_round4_pool.csv
10259628413,失眠,失眠,失眠，，，,我15岁开始吃药，基本上药都吃过了，中医也试过，前前后后花了快十万，毛用没有，此后有人说中医管用我见一个骂一个 我现在也想开了，工作直接辞了，房子一卖躺平，能睡就睡，睡不着拉倒，熬着熬着自然会昏过去，哪天死了我也不奇怪 唉，什么时候是个头,"标题：失眠，，，

正文：我15岁开始吃药，基本上药都吃过了，中医也试过，前前后后花了快十万，毛用没有，此后有人说中医管用我见一个骂一个 我现在也想开了，工作直接辞了，房子一卖躺平，能睡就睡，睡不着拉倒，熬着熬着自然会昏过去，哪天死了我也不奇怪 唉，什么时候是个头",,https://tieba.baidu.com/p/10259628413,matched,pending_review,,来源存疑样本；已抓到列表摘要正文；仅作人工复核池，勿直接并入正式训练集,uncertain_redirect_round4_pool.csv
10301136106,失眠,失眠,难得失眠（标题必须超过5个字么）,这大概是这么久以来第二次失眠 第一次是某一天睡到11点半被我老公叫醒后无法入睡 第二次就是今天 今天特殊在大姨妈来了 不太舒服 翻来覆去 喝了奶茶 外加 周日晚上 我尝试看书 看书是越看越精神 我又关了灯 刷抖音 更精神了 我又关了手机 闭目养神 但完全不困 所以我又下了贴吧 上来逛逛 现在贴吧于我而言 是基本会忽略的状态 比如我某一天下载了贴吧 看了几眼后 一整天都没再看 甚至忘记删掉 也有好几天都没想起来贴吧 会突然想起来 又下载,"标题：难得失眠（标题必须超过5个字么）

正文：这大概是这么久以来第二次失眠 第一次是某一天睡到11点半被我老公叫醒后无法入睡 第二次就是今天 今天特殊在大姨妈来了 不太舒服 翻来覆去 喝了奶茶 外加 周日晚上 我尝试看书 看书是越看越精神 我又关了灯 刷抖音 更精神了 我又关了手机 闭目养神 但完全不困 所以我又下了贴吧 上来逛逛 现在贴吧于我而言 是基本会忽略的状态 比如我某一天下载了贴吧 看了几眼后 一整天都没再看 甚至忘记删掉 也有好几天都没想起来贴吧 会突然想起来 又下载",,https://tieba.baidu.com/p/10301136106,matched,pending_review,,来源存疑样本；已抓到列表摘要正文；仅作人工复核池，勿直接并入正式训练集,uncertain_redirect_round4_pool.csv
10324567249,失眠,失眠,失眠太严重了，我感觉我要死了。,失眠32天了，一个晚上都睡不着，一秒钟都睡不了现在看东西都模模糊糊的头晕的也厉害，后脑勺那块还发紧，心脏这块也不舒服，我快要猝死了😭😭，有什么办法可以救救我啊，朋友们我该怎么办啊？谁能帮我想想办法？我还不想死，再这样下去就真得猝死了，睡不着太痛苦了。麻烦大家帮帮我,"标题：失眠太严重了，我感觉我要死了。

正文：失眠32天了，一个晚上都睡不着，一秒钟都睡不了现在看东西都模模糊糊的头晕的也厉害，后脑勺那块还发紧，心脏这块也不舒服，我快要猝死了😭😭，有什么办法可以救救我啊，朋友们我该怎么办啊？谁能帮我想想办法？我还不想死，再这样下去就真得猝死了，睡不着太痛苦了。麻烦大家帮帮我",,https://tieba.baidu.com/p/10324567249,matched,pending_review,,来源存疑样本；已抓到列表摘要正文；仅作人工复核池，勿直接并入正式训练集,uncertain_redirect_round4_pool.csv
10366131351,失眠,失眠,失眠米氮平+思诺思各一粒,十多年了自从出来上班后睡眠几乎没正常过，每晚睡觉如同上刑场一样煎熬，每天白天上班都在靠意志力苦苦支撑，昨天躺床上十个小时，有一半时间都是醒着的，剩下一半时间在做梦，晚上睡不好白天认知受损严重，做事效率低，没法集中精力，白天缺乏睡眠干不好工作，晚上失眠导致第二天继续干不好工作，如此往复恶性循环 睡觉到普通人那很正常的事，到睡眠障碍患者这里，能好好睡觉变成了一件奢望的事。多少个夜晚在床上辗转反侧，自我,"标题：失眠米氮平+思诺思各一粒

正文：十多年了自从出来上班后睡眠几乎没正常过，每晚睡觉如同上刑场一样煎熬，每天白天上班都在靠意志力苦苦支撑，昨天躺床上十个小时，有一半时间都是醒着的，剩下一半时间在做梦，晚上睡不好白天认知受损严重，做事效率低，没法集中精力，白天缺乏睡眠干不好工作，晚上失眠导致第二天继续干不好工作，如此往复恶性循环 睡觉到普通人那很正常的事，到睡眠障碍患者这里，能好好睡觉变成了一件奢望的事。多少个夜晚在床上辗转反侧，自我",,https://tieba.baidu.com/p/10366131351,matched,pending_review,,来源存疑样本；已抓到列表摘要正文；仅作人工复核池，勿直接并入正式训练集,uncertain_redirect_round4_pool.csv
10411063094,失眠,失眠,我有一个问题,为什么我时而失眠时而嗜睡呢,"标题：我有一个问题

正文：为什么我时而失眠时而嗜睡呢",,https://tieba.baidu.com/p/10411063094,matched,pending_review,,来源存疑样本；已抓到列表摘要正文；仅作人工复核池，勿直接并入正式训练集,uncertain_redirect_round4_pool.csv
10470052719,失眠,失眠,失眠睡不着怎么办？,我真的快要崩溃死了，好几天了，睡都睡不着，昨天甚至早上8点多，快9点那会儿还没有睡着，我都没碰手机，今天都3:46了，现在，我从12点开始睡，到现在我还没睡着，怎么办呀？到底,"标题：失眠睡不着怎么办？

正文：我真的快要崩溃死了，好几天了，睡都睡不着，昨天甚至早上8点多，快9点那会儿还没有睡着，我都没碰手机，今天都3:46了，现在，我从12点开始睡，到现在我还没睡着，怎么办呀？到底",,https://tieba.baidu.com/p/10470052719,matched,pending_review,,来源存疑样本；已抓到列表摘要正文；仅作人工复核池，勿直接并入正式训练集,uncertain_redirect_round4_pool.csv
10471275874,失眠,失眠,请大家远离这种处方药,一种错误的精神药品处方（氯硝西泮），成为了我人生噩梦的开始。 我原本只是偶发性睡眠不佳。2025年3月1日，在大学期间，我前往医院就诊，却被开具了氯硝西泮2mg这一苯二氮卓类精神药品。医生在处方过程中，未向我提供任何药物使用说明，也未告知该药物具有明确的成瘾性、耐受性及严重戒断反应的风险，更未限定使用时长。我事后才得知，该药物的正式适应症主要为癫痫、焦虑及惊恐障碍，而并非作为常规失眠治疗药物，而我本人也并不存,"标题：请大家远离这种处方药

正文：一种错误的精神药品处方（氯硝西泮），成为了我人生噩梦的开始。 我原本只是偶发性睡眠不佳。2025年3月1日，在大学期间，我前往医院就诊，却被开具了氯硝西泮2mg这一苯二氮卓类精神药品。医生在处方过程中，未向我提供任何药物使用说明，也未告知该药物具有明确的成瘾性、耐受性及严重戒断反应的风险，更未限定使用时长。我事后才得知，该药物的正式适应症主要为癫痫、焦虑及惊恐障碍，而并非作为常规失眠治疗药物，而我本人也并不存",,https://tieba.baidu.com/p/10471275874,matched,pending_review,,来源存疑样本；已抓到列表摘要正文；仅作人工复核池，勿直接并入正式训练集,uncertain_redirect_round4_pool.csv
10483183344,失眠,失眠,失眠睡不着，,每天都失眠，，谁能求求我,"标题：失眠睡不着，

正文：每天都失眠，，谁能求求我",,https://tieba.baidu.com/p/10483183344,matched,pending_review,,来源存疑样本；已抓到列表摘要正文；仅作人工复核池，勿直接并入正式训练集,uncertain_redirect_round4_pool.csv
10488786478,失眠,失眠,吃了十年安眠了，市面上的都有耐药性了,昨天一口气3颗思诺思2颗艾司唑仑第二天起来高兴的飞天,"标题：吃了十年安眠了，市面上的都有耐药性了

正文：昨天一口气3颗思诺思2颗艾司唑仑第二天起来高兴的飞天",,https://tieba.baidu.com/p/10488786478,matched,pending_review,,来源存疑样本；已抓到列表摘要正文；仅作人工复核池，勿直接并入正式训练集,uncertain_redirect_round4_pool.csv
10504875570,失眠,失眠,到底怎么睡啊,鼠鼠还有两周就21岁了。从前年冬天开始，一躺下就觉得胸口很闷，像被人捏紧了心脏，觉得有块大石头压着，越来越睡不着，开始整晚整晚失眠。那年放假回家后去心内科检查过，没查出问题，被鼠爸鼠妈说自己吓自己，年纪轻轻能有什么问题。但是惜命鼠鼠就是真真切切感觉到不舒服，又查不出病来。这个症状一直断断续续，夏天消失，冬天就发作。一只鼠在外地上大学，每次发作就去医院检查，医院的医生见了也惊讶到：你那么年轻就有心脏问,"标题：到底怎么睡啊

正文：鼠鼠还有两周就21岁了。从前年冬天开始，一躺下就觉得胸口很闷，像被人捏紧了心脏，觉得有块大石头压着，越来越睡不着，开始整晚整晚失眠。那年放假回家后去心内科检查过，没查出问题，被鼠爸鼠妈说自己吓自己，年纪轻轻能有什么问题。但是惜命鼠鼠就是真真切切感觉到不舒服，又查不出病来。这个症状一直断断续续，夏天消失，冬天就发作。一只鼠在外地上大学，每次发作就去医院检查，医院的医生见了也惊讶到：你那么年轻就有心脏问",,https://tieba.baidu.com/p/10504875570,matched,pending_review,,来源存疑样本；已抓到列表摘要正文；仅作人工复核池，勿直接并入正式训练集,uncertain_redirect_round4_pool.csv
10521360501,失眠,失眠,郝万山讲失眠真透彻，看看自己失眠情况属于哪一类或哪几类,,郝万山讲失眠真透彻，看看自己失眠情况属于哪一类或哪几类,,https://tieba.baidu.com/p/10521360501,matched,pending_review,,来源存疑样本；已抓到列表摘要正文；仅作人工复核池，勿直接并入正式训练集,uncertain_redirect_round4_pool.csv
10524929244,失眠,失眠,失眠十几年了,现在想工作，却发现没法认真做事了。更失眠，我该怎么办？好痛。好苦。,"标题：失眠十几年了

正文：现在想工作，却发现没法认真做事了。更失眠，我该怎么办？好痛。好苦。",,https://tieba.baidu.com/p/10524929244,matched,pending_review,,来源存疑样本；已抓到列表摘要正文；仅作人工复核池，勿直接并入正式训练集,uncertain_redirect_round4_pool.csv
10525878166,失眠,失眠,失眠求助。,本人现在是一个学生，但每晚很晚才睡着，大约是3，4点才入睡，躺床上总是会去想东西，之前没有用过任何的药物，需要大家的帮助，谢谢,"标题：失眠求助。

正文：本人现在是一个学生，但每晚很晚才睡着，大约是3，4点才入睡，躺床上总是会去想东西，之前没有用过任何的药物，需要大家的帮助，谢谢",,https://tieba.baidu.com/p/10525878166,matched,pending_review,,来源存疑样本；已抓到列表摘要正文；仅作人工复核池，勿直接并入正式训练集,uncertain_redirect_round4_pool.csv
10533337942,失眠,失眠,说说我的失眠历程,本人大三学生，今年考研。失眠以前也有过，但以前的失眠只是在期末考试的时候，然后我期末考试的是整夜整夜的睡不着，而考试还会连着好几天考，没办法，就只能去医院配药。医生给我配了右佐匹克隆，我当时吃了蛮有用睡着了。然后考完试后就不吃了，寒假返校后（顺带提一下，我寒假入睡不困难，但是睡眠质量不好，老是五点钟醒），返校后我突然感觉睡不着，然后就把以前期末考试配的安眠药吃了，吃了三天后，今天发现彻底睡不着了，,"标题：说说我的失眠历程

正文：本人大三学生，今年考研。失眠以前也有过，但以前的失眠只是在期末考试的时候，然后我期末考试的是整夜整夜的睡不着，而考试还会连着好几天考，没办法，就只能去医院配药。医生给我配了右佐匹克隆，我当时吃了蛮有用睡着了。然后考完试后就不吃了，寒假返校后（顺带提一下，我寒假入睡不困难，但是睡眠质量不好，老是五点钟醒），返校后我突然感觉睡不着，然后就把以前期末考试配的安眠药吃了，吃了三天后，今天发现彻底睡不着了，",,https://tieba.baidu.com/p/10533337942,matched,pending_review,,来源存疑样本；已抓到列表摘要正文；仅作人工复核池，勿直接并入正式训练集,uncertain_redirect_round4_pool.csv
10539213063,失眠,失眠,睡不着咋么办？,一天睡3到4小时合适吗？,"标题：睡不着咋么办？

正文：一天睡3到4小时合适吗？",,https://tieba.baidu.com/p/10539213063,matched,pending_review,,来源存疑样本；已抓到列表摘要正文；仅作人工复核池，勿直接并入正式训练集,uncertain_redirect_round4_pool.csv
10540744608,失眠,失眠,《地藏经》治好我十年的严重失眠症,我是一名律师， 45岁，作为法律工作者，我养成了理性以及反向思考问题的习惯。理性让我难以接受佛学，还把佛学归为迷信；反向思维让我难以认可那些没有直接证据可以证实的因果理论。 如果没有我失眠十年的痛苦经历，如果没有读诵《地藏菩萨本愿经》的益处，我无论如何也不会相信佛学的。 噩梦导致失眠 那是1997年9月的一天，我配合两名公安人员到河南、山东等地打假。因为飞机晚点，晚上十二点多才到达郑州市，住进了火车站某宾馆的行,"标题：《地藏经》治好我十年的严重失眠症

正文：我是一名律师， 45岁，作为法律工作者，我养成了理性以及反向思考问题的习惯。理性让我难以接受佛学，还把佛学归为迷信；反向思维让我难以认可那些没有直接证据可以证实的因果理论。 如果没有我失眠十年的痛苦经历，如果没有读诵《地藏菩萨本愿经》的益处，我无论如何也不会相信佛学的。 噩梦导致失眠 那是1997年9月的一天，我配合两名公安人员到河南、山东等地打假。因为飞机晚点，晚上十二点多才到达郑州市，住进了火车站某宾馆的行",,https://tieba.baidu.com/p/10540744608,matched,pending_review,,来源存疑样本；已抓到列表摘要正文；仅作人工复核池，勿直接并入正式训练集,uncertain_redirect_round4_pool.csv
10550812298,失眠,失眠,高中生睡眠质量太差了怎么办,开学以后睡觉总是睡不踏实，一睡觉就做各种各样的梦，有时候还会做噩梦。睡一会儿会突然醒来以为没听见闹钟睡过头了，结果发现才睡了二十多分钟。每次醒来都感觉特别累，明明什么都还没有做就感觉已经没有精力了。求求改善睡眠质量的办法。,"标题：高中生睡眠质量太差了怎么办

正文：开学以后睡觉总是睡不踏实，一睡觉就做各种各样的梦，有时候还会做噩梦。睡一会儿会突然醒来以为没听见闹钟睡过头了，结果发现才睡了二十多分钟。每次醒来都感觉特别累，明明什么都还没有做就感觉已经没有精力了。求求改善睡眠质量的办法。",,https://tieba.baidu.com/p/10550812298,matched,pending_review,,来源存疑样本；已抓到列表摘要正文；仅作人工复核池，勿直接并入正式训练集,uncertain_redirect_round4_pool.csv
10553910919,失眠,失眠,该死的氯硝西泮！,2年前，失眠，医生开的氯硝西泮，当时以为只是普通的安眠药，没多想就吃了，结果甩不掉了，不吃就睡不着。 现在好不容易减到半片，但是睡眠质量差，半夜醒，还做梦，有剧情的，刚被吓醒。 哎，当初如果知道就不吃这玩意了，劝大家小心谨慎。,"标题：该死的氯硝西泮！

正文：2年前，失眠，医生开的氯硝西泮，当时以为只是普通的安眠药，没多想就吃了，结果甩不掉了，不吃就睡不着。 现在好不容易减到半片，但是睡眠质量差，半夜醒，还做梦，有剧情的，刚被吓醒。 哎，当初如果知道就不吃这玩意了，劝大家小心谨慎。",,https://tieba.baidu.com/p/10553910919,matched,pending_review,,来源存疑样本；已抓到列表摘要正文；仅作人工复核池，勿直接并入正式训练集,uncertain_redirect_round4_pool.csv
10562216193,失眠,失眠,关于安眠药，这是我最想告诉你的事,我被问最多的问题就是：“刘老师，安眠药能不能吃？有没有副作用？会不会上瘾？”今天，我就集中回答一下这些大家最关心的问题。 问题一：安眠药能不能吃？ 答案是：可以吃，但不建议长期吃。安眠药在以下情况下是适用的：短期失眠（少于3个月）、重要事件前的临时调整、或其他治疗手段效果不佳时的辅助手段。但如果是慢性失眠，长期依赖安眠药并不是好办法。研究表明，超过70%的慢性失眠患者存在药物依赖或滥用问题，这不仅不能解决,"标题：关于安眠药，这是我最想告诉你的事

正文：我被问最多的问题就是：“刘老师，安眠药能不能吃？有没有副作用？会不会上瘾？”今天，我就集中回答一下这些大家最关心的问题。 问题一：安眠药能不能吃？ 答案是：可以吃，但不建议长期吃。安眠药在以下情况下是适用的：短期失眠（少于3个月）、重要事件前的临时调整、或其他治疗手段效果不佳时的辅助手段。但如果是慢性失眠，长期依赖安眠药并不是好办法。研究表明，超过70%的慢性失眠患者存在药物依赖或滥用问题，这不仅不能解决",,https://tieba.baidu.com/p/10562216193,matched,pending_review,,来源存疑样本；已抓到列表摘要正文；仅作人工复核池，勿直接并入正式训练集,uncertain_redirect_round4_pool.csv
10565686559,失眠,失眠,该怎么慢慢戒掉啊？,因为失眠一直很严重，所以24年的时候去挂号神经内，医生给开了右佐匹克隆，之后基本每天吃一粒右佐匹克隆一直到现在，大概有一年半多。一开始是一粒，我开始减量到半粒，之后这一年我基本上都是每天吃半粒，中间换过药，右佐匹克隆换成思诺思，现在又换成艾司唑仑🙇🏻♀️想问问戒药的人都是怎么戒的，我不吃完全睡不着。医院也给我开过助眠胶囊，但是我感觉那个没什么用。我属于那种入睡困难，而且醒了之后就睡不着的类型，白天,"标题：该怎么慢慢戒掉啊？

正文：因为失眠一直很严重，所以24年的时候去挂号神经内，医生给开了右佐匹克隆，之后基本每天吃一粒右佐匹克隆一直到现在，大概有一年半多。一开始是一粒，我开始减量到半粒，之后这一年我基本上都是每天吃半粒，中间换过药，右佐匹克隆换成思诺思，现在又换成艾司唑仑🙇🏻♀️想问问戒药的人都是怎么戒的，我不吃完全睡不着。医院也给我开过助眠胶囊，但是我感觉那个没什么用。我属于那种入睡困难，而且醒了之后就睡不着的类型，白天",,https://tieba.baidu.com/p/10565686559,matched,pending_review,,来源存疑样本；已抓到列表摘要正文；仅作人工复核池，勿直接并入正式训练集,uncertain_redirect_round4_pool.csv
10565727934,失眠,失眠,依旧失眠。,吃了酒石酸唑吡坦 阿普唑仑 氯硝西泮 想找个聊天的。。。,"标题：依旧失眠。

正文：吃了酒石酸唑吡坦 阿普唑仑 氯硝西泮 想找个聊天的。。。",,https://tieba.baidu.com/p/10565727934,matched,pending_review,,来源存疑样本；已抓到列表摘要正文；仅作人工复核池，勿直接并入正式训练集,uncertain_redirect_round4_pool.csv
10566180416,失眠,失眠,感觉会猝死,半夜四点了，已经闭眼几小时了，还是睡不着，明天还有一天课，感觉明天撑不下来了。明天如果还活着的话，给回复此贴的水友一人一百。,"标题：感觉会猝死

正文：半夜四点了，已经闭眼几小时了，还是睡不着，明天还有一天课，感觉明天撑不下来了。明天如果还活着的话，给回复此贴的水友一人一百。",,https://tieba.baidu.com/p/10566180416,matched,pending_review,,来源存疑样本；已抓到列表摘要正文；仅作人工复核池，勿直接并入正式训练集,uncertain_redirect_round4_pool.csv
10573589661,失眠,失眠,我感觉我是不是没救了,黛力新 氯氮平 奥氮平 米氮平 右匹克隆 佐匹克隆 劳拉西泮 乌灵胶囊 甜梦胶囊 安神补脑液 中药更不要说了 换几个中医了 都没啥效果 安眠药我都吃6粒一样一粒 都没感觉 求前辈赐教 还有我灾难化思维很严重,"标题：我感觉我是不是没救了

正文：黛力新 氯氮平 奥氮平 米氮平 右匹克隆 佐匹克隆 劳拉西泮 乌灵胶囊 甜梦胶囊 安神补脑液 中药更不要说了 换几个中医了 都没啥效果 安眠药我都吃6粒一样一粒 都没感觉 求前辈赐教 还有我灾难化思维很严重",,https://tieba.baidu.com/p/10573589661,matched,pending_review,,来源存疑样本；已抓到列表摘要正文；仅作人工复核池，勿直接并入正式训练集,uncertain_redirect_round4_pool.csv
10574189945,失眠,失眠,没救了 好难受,都说生病了应该好好休息才对，可是感冒了根本睡不着，鼻子不透气还流鼻涕，嗓子又干又疼，嘴呼吸不习惯就算了，一呼吸嗓子更干更痒了，就连舌头也麻麻的，好难受😭😭😭😭,"标题：没救了 好难受

正文：都说生病了应该好好休息才对，可是感冒了根本睡不着，鼻子不透气还流鼻涕，嗓子又干又疼，嘴呼吸不习惯就算了，一呼吸嗓子更干更痒了，就连舌头也麻麻的，好难受😭😭😭😭",,https://tieba.baidu.com/p/10574189945,matched,pending_review,,来源存疑样本；已抓到列表摘要正文；仅作人工复核池，勿直接并入正式训练集,uncertain_redirect_round4_pool.csv
10574578259,失眠,失眠,早醒怎么办,入睡没问题，早醒总是5点醒，只能睡5个小时，醒来要吃安眠药才能睡着，已经形成依赖了，医院开了米氮平不敢吃，针灸越治越严重，中医开的中药似乎有点作用，但吃了肚子不舒服，老想上厕所，该怎么办啊,"标题：早醒怎么办

正文：入睡没问题，早醒总是5点醒，只能睡5个小时，醒来要吃安眠药才能睡着，已经形成依赖了，医院开了米氮平不敢吃，针灸越治越严重，中医开的中药似乎有点作用，但吃了肚子不舒服，老想上厕所，该怎么办啊",,https://tieba.baidu.com/p/10574578259,matched,pending_review,,来源存疑样本；已抓到列表摘要正文；仅作人工复核池，勿直接并入正式训练集,uncertain_redirect_round4_pool.csv
10579013878,失眠,失眠,焦虑型失眠怎么办,有没有管快速入睡的药，而且我半夜容易醒，影响第二天状态小的，属于是临考了一直紧张害怕，心理疏导没用，不担心长期吃的副作用,"标题：焦虑型失眠怎么办

正文：有没有管快速入睡的药，而且我半夜容易醒，影响第二天状态小的，属于是临考了一直紧张害怕，心理疏导没用，不担心长期吃的副作用",,https://tieba.baidu.com/p/10579013878,matched,pending_review,,来源存疑样本；已抓到列表摘要正文；仅作人工复核池，勿直接并入正式训练集,uncertain_redirect_round4_pool.csv
10580821205,失眠,失眠,有没有吧友和我一样啊,本人长期有睡眠障碍，表现为常年的睡前脑子会不受控制的想东西，不是自己主动去想，就是大脑一放松，就开始想东西，内容我睡醒就记不清了，但它就是会不断的往脑子里钻，直到大脑迷迷糊糊的，还是能隐约感觉还是有无数念头在往外蹦。,"标题：有没有吧友和我一样啊

正文：本人长期有睡眠障碍，表现为常年的睡前脑子会不受控制的想东西，不是自己主动去想，就是大脑一放松，就开始想东西，内容我睡醒就记不清了，但它就是会不断的往脑子里钻，直到大脑迷迷糊糊的，还是能隐约感觉还是有无数念头在往外蹦。",,https://tieba.baidu.com/p/10580821205,matched,pending_review,,来源存疑样本；已抓到列表摘要正文；仅作人工复核池，勿直接并入正式训练集,uncertain_redirect_round4_pool.csv
10581436839,失眠,失眠,失眠的小伙伴,有没有对于失眠的好方法,"标题：失眠的小伙伴

正文：有没有对于失眠的好方法",,https://tieba.baidu.com/p/10581436839,matched,pending_review,,来源存疑样本；已抓到列表摘要正文；仅作人工复核池，勿直接并入正式训练集,uncertain_redirect_round4_pool.csv
10582098385,失眠,失眠,长期失眠，,从小学开始不知道为什么中午就睡不着了，到了初中高中更是长期失眠，入睡特别困难，十一点躺床上可能两三点都不一定能睡着，现在高三压力更大，每天都很崩溃，情况加重身体状态也不好,从小学开始不知道为什么中午就睡不着了，到了初中高中更是长期失眠，入睡特别困难，十一点躺床上可能两三点都不一定能睡着，现在高三压力更大，每天都很崩溃，情况加重身体状态也不好,,https://tieba.baidu.com/p/10582098385,matched,pending_review,,来源存疑样本；已抓到列表摘要正文；仅作人工复核池，勿直接并入正式训练集,uncertain_redirect_round4_pool.csv
10585115140,失眠,失眠,最近老睡不好，还被鸟叫尖声吵醒。,跟撸有关系吗？吃什么补回来？,"标题：最近老睡不好，还被鸟叫尖声吵醒。

正文：跟撸有关系吗？吃什么补回来？",,https://tieba.baidu.com/p/10585115140,matched,pending_review,,来源存疑样本；已抓到列表摘要正文；仅作人工复核池，勿直接并入正式训练集,uncertain_redirect_round4_pool.csv
10585247132,失眠,失眠,南无西方极乐世界三十六万亿一十一万九千五百同名同号阿弥陀佛,这个案例比较特殊，负责的师兄向我介绍了情况，并希望我全程做记录。 那是一个金秋的某日，师父带着助念团的几位师兄来到上海。原来，一位周姓师兄的堂妹因对生活彻底失望，选择了以自杀的方式结束生命，人放在冰柜里已经四天了。周师兄是学佛之人，实在不忍堂妹生命终结后再遭受可怕的业力缠缚，于是恳请助念团的师父前来助念，帮助堂妹获得解脱。师父既悲悯周师兄的至诚之心，又想到阿弥陀佛救度一切苦难众生的本怀，于是抱着尽,"标题：南无西方极乐世界三十六万亿一十一万九千五百同名同号阿弥陀佛

正文：这个案例比较特殊，负责的师兄向我介绍了情况，并希望我全程做记录。 那是一个金秋的某日，师父带着助念团的几位师兄来到上海。原来，一位周姓师兄的堂妹因对生活彻底失望，选择了以自杀的方式结束生命，人放在冰柜里已经四天了。周师兄是学佛之人，实在不忍堂妹生命终结后再遭受可怕的业力缠缚，于是恳请助念团的师父前来助念，帮助堂妹获得解脱。师父既悲悯周师兄的至诚之心，又想到阿弥陀佛救度一切苦难众生的本怀，于是抱着尽",,https://tieba.baidu.com/p/10585247132,matched,pending_review,,来源存疑样本；已抓到列表摘要正文；仅作人工复核池，勿直接并入正式训练集,uncertain_redirect_round4_pool.csv
10587158785,失眠,失眠,高中生求助,高中生，每天可以十点半熄灯，六点起床，但是在床上总是睡不着，要十二点左右入睡。白天很困，吃了褪黑素没什么用。有建议吗,"标题：高中生求助

正文：高中生，每天可以十点半熄灯，六点起床，但是在床上总是睡不着，要十二点左右入睡。白天很困，吃了褪黑素没什么用。有建议吗",,https://tieba.baidu.com/p/10587158785,matched,pending_review,,来源存疑样本；已抓到列表摘要正文；仅作人工复核池，勿直接并入正式训练集,uncertain_redirect_round4_pool.csv
10587605048,失眠,失眠,睡不着 想睡的快吃什么药,睡不着 求,"标题：睡不着 想睡的快吃什么药

正文：睡不着 求",,https://tieba.baidu.com/p/10587605048,matched,pending_review,,来源存疑样本；已抓到列表摘要正文；仅作人工复核池，勿直接并入正式训练集,uncertain_redirect_round4_pool.csv
10588767868,失眠,失眠,观心实验室对睡眠有明显效果吗,刚开始买29.9教3节课正念，后来要3600一4500元，私下辅导，可信吗？,"标题：观心实验室对睡眠有明显效果吗

正文：刚开始买29.9教3节课正念，后来要3600一4500元，私下辅导，可信吗？",,https://tieba.baidu.com/p/10588767868,matched,pending_review,,来源存疑样本；已抓到列表摘要正文；仅作人工复核池，勿直接并入正式训练集,uncertain_redirect_round4_pool.csv
10593167662,失眠,失眠,都不好意思去开药了,三点半起来吃药也是没谁了。今天又去开药，医生又说，你这天天吃药以后咋办哦，我怪不好意思的怀疑同一批次的药都被我吃了我说要不要去看精神科呀，医生说，你比谁都精神医生说了我几次了，我知道白衣天使也是为我好，可是我没办法呀！每次一说我就开始戒，可是完全没有睡意呀。看来真的要去看精神科了,"标题：都不好意思去开药了

正文：三点半起来吃药也是没谁了。今天又去开药，医生又说，你这天天吃药以后咋办哦，我怪不好意思的怀疑同一批次的药都被我吃了我说要不要去看精神科呀，医生说，你比谁都精神医生说了我几次了，我知道白衣天使也是为我好，可是我没办法呀！每次一说我就开始戒，可是完全没有睡意呀。看来真的要去看精神科了",,https://tieba.baidu.com/p/10593167662,matched,pending_review,,来源存疑样本；已抓到列表摘要正文；仅作人工复核池，勿直接并入正式训练集,uncertain_redirect_round4_pool.csv
10601778703,失眠,失眠,安眠药求助,试过好多种，目前就右佐匹克隆对我有一些效果，其他的不是说没有效果，只是吃了第二天很困很困，两三天都是晕晕乎乎的。每次去医院就只能开一盒7片，一周就要去一次。有没有其他方法可以多开点药？请大家支支招谢谢大家。,"标题：安眠药求助

正文：试过好多种，目前就右佐匹克隆对我有一些效果，其他的不是说没有效果，只是吃了第二天很困很困，两三天都是晕晕乎乎的。每次去医院就只能开一盒7片，一周就要去一次。有没有其他方法可以多开点药？请大家支支招谢谢大家。",,https://tieba.baidu.com/p/10601778703,matched,pending_review,,来源存疑样本；已抓到列表摘要正文；仅作人工复核池，勿直接并入正式训练集,uncertain_redirect_round4_pool.csv
10601813830,失眠,失眠,安眠药吃多了是不是很难戒掉,焦虑性失眠，吃安眠药产生依赖性了，一天不吃药，我一晚上都是头脑清晰的睡不着。28岁，想戒掉安眠药，不像一辈子靠这个入睡。有没有人成功戒掉过安眠药，靠自己还能睡的好的,"标题：安眠药吃多了是不是很难戒掉

正文：焦虑性失眠，吃安眠药产生依赖性了，一天不吃药，我一晚上都是头脑清晰的睡不着。28岁，想戒掉安眠药，不像一辈子靠这个入睡。有没有人成功戒掉过安眠药，靠自己还能睡的好的",,https://tieba.baidu.com/p/10601813830,matched,pending_review,,来源存疑样本；已抓到列表摘要正文；仅作人工复核池，勿直接并入正式训练集,uncertain_redirect_round4_pool.csv
10605683246,失眠,失眠,哪里安静啊,对声音超级敏感，一点点声音都焦虑的睡不着，，睡觉真的很困难，到底哪里才有安静的房子啊！！！感觉城里是找不到了。。,"标题：哪里安静啊

正文：对声音超级敏感，一点点声音都焦虑的睡不着，，睡觉真的很困难，到底哪里才有安静的房子啊！！！感觉城里是找不到了。。",,https://tieba.baidu.com/p/10605683246,matched,pending_review,,来源存疑样本；已抓到列表摘要正文；仅作人工复核池，勿直接并入正式训练集,uncertain_redirect_round4_pool.csv
10606044300,失眠,失眠,感觉快不行了,连续4天了，10.多上床，4点才能睡着，还有早8，校医务室开了安神补脑液，感觉没效果，天天吃褪黑素，也没用了，佐匹克隆也买不到，打算明天去医院挂个神经科，不知有何推荐,"标题：感觉快不行了

正文：连续4天了，10.多上床，4点才能睡着，还有早8，校医务室开了安神补脑液，感觉没效果，天天吃褪黑素，也没用了，佐匹克隆也买不到，打算明天去医院挂个神经科，不知有何推荐",,https://tieba.baidu.com/p/10606044300,matched,pending_review,,来源存疑样本；已抓到列表摘要正文；仅作人工复核池，勿直接并入正式训练集,uncertain_redirect_round4_pool.csv
10606319661,失眠,失眠,最近几天4点多就醒了，难熬啊,失眠太影响白天的效率了，但是到点了想来就真的睡不着了，难熬啊,"标题：最近几天4点多就醒了，难熬啊

正文：失眠太影响白天的效率了，但是到点了想来就真的睡不着了，难熬啊",,https://tieba.baidu.com/p/10606319661,matched,pending_review,,来源存疑样本；已抓到列表摘要正文；仅作人工复核池，勿直接并入正式训练集,uncertain_redirect_round4_pool.csv
10607105358,失眠,失眠,睡得好，好睡,懂的都懂，带个三,"标题：睡得好，好睡

正文：懂的都懂，带个三",,https://tieba.baidu.com/p/10607105358,matched,pending_review,,来源存疑样本；已抓到列表摘要正文；仅作人工复核池，勿直接并入正式训练集,uncertain_redirect_round4_pool.csv
10608133449,失眠,失眠,有没有什么缓解失眠的办法？,我平均一天睡4-6小时，取决我中午补觉睡不睡得着。总是要累到没办法才能睡得着。褪黑素吃了半年没效果现在也已经停了。,"标题：有没有什么缓解失眠的办法？

正文：我平均一天睡4-6小时，取决我中午补觉睡不睡得着。总是要累到没办法才能睡得着。褪黑素吃了半年没效果现在也已经停了。",,https://tieba.baidu.com/p/10608133449,matched,pending_review,,来源存疑样本；已抓到列表摘要正文；仅作人工复核池，勿直接并入正式训练集,uncertain_redirect_round4_pool.csv
10609416982,失眠,失眠,最近的一点感受,被失眠强迫症缠了十几年，这些年里，我试过无数种方法，以为总能找到一把钥匙，打开好好睡觉的门。直到最近，才突然彻底悟透：这种折磨人的症状，根本就不能在意识层面去解决，所有看似高深的办法，一旦带着执念去做，只会适得其反。 一开始，我总想着靠意识战胜它。晚上一躺上床，大脑里的“保安”就开始不停查岗，一想到又要睡不着，心慌、恐惧立马涌上来，越怕越清醒，越清醒越焦虑。我试着跟自己讲道理，告诉自己没什么好怕的,"标题：最近的一点感受

正文：被失眠强迫症缠了十几年，这些年里，我试过无数种方法，以为总能找到一把钥匙，打开好好睡觉的门。直到最近，才突然彻底悟透：这种折磨人的症状，根本就不能在意识层面去解决，所有看似高深的办法，一旦带着执念去做，只会适得其反。 一开始，我总想着靠意识战胜它。晚上一躺上床，大脑里的“保安”就开始不停查岗，一想到又要睡不着，心慌、恐惧立马涌上来，越怕越清醒，越清醒越焦虑。我试着跟自己讲道理，告诉自己没什么好怕的",,https://tieba.baidu.com/p/10609416982,matched,pending_review,,来源存疑样本；已抓到列表摘要正文；仅作人工复核池，勿直接并入正式训练集,uncertain_redirect_round4_pool.csv
10610002981,失眠,失眠,失眠到底是什么原因啊,我真的受不了了，我感觉我心理特别健康绝对没有焦虑啥的，最近一个月睡不着每天都只能睡五六个小时睡觉的时候心砰砰砰跳十点睡两三点醒这样而且还不是一觉到底睡一两个小时就会醒翻来覆去睡不着只能强迫自己睡睡了一会又醒了就这样反复到实在睡不进去了，白天特别困也睡不着,"标题：失眠到底是什么原因啊

正文：我真的受不了了，我感觉我心理特别健康绝对没有焦虑啥的，最近一个月睡不着每天都只能睡五六个小时睡觉的时候心砰砰砰跳十点睡两三点醒这样而且还不是一觉到底睡一两个小时就会醒翻来覆去睡不着只能强迫自己睡睡了一会又醒了就这样反复到实在睡不进去了，白天特别困也睡不着",,https://tieba.baidu.com/p/10610002981,matched,pending_review,,来源存疑样本；已抓到列表摘要正文；仅作人工复核池，勿直接并入正式训练集,uncertain_redirect_round4_pool.csv
10610346196,失眠,失眠,失眠怎么快速入睡,求快速入睡方法,"标题：失眠怎么快速入睡

正文：求快速入睡方法",,https://tieba.baidu.com/p/10610346196,matched,pending_review,,来源存疑样本；已抓到列表摘要正文；仅作人工复核池，勿直接并入正式训练集,uncertain_redirect_round4_pool.csv
10610556174,失眠,失眠,走过彻夜无眠的日子，想跟还在还在失眠里挣扎的你们说几句真心话,走过彻夜无眠的日子，想跟还在还在失眠里挣扎的你们说几句真心话 其实这篇想说的，说来话长。 我曾经也是彻彻底底实名失眠的人，整夜整夜睁着眼到天亮，在失眠的泥沼里拼命挣扎过。 那时候病急乱投医，能试的全都试了。 一整个大皮箱，装的全是中药：健脾散、健脾丸、舒肝丸……各种各样的方子轮着来。 中医说我肝郁脾虚、说我心肾不交，各种听起来玄之又玄的说法，我全都照单全收、一一尝试。 结果呢？全部以失败告终。 更难熬的其,走过彻夜无眠的日子，想跟还在还在失眠里挣扎的你们说几句真心话 其实这篇想说的，说来话长。 我曾经也是彻彻底底实名失眠的人，整夜整夜睁着眼到天亮，在失眠的泥沼里拼命挣扎过。 那时候病急乱投医，能试的全都试了。 一整个大皮箱，装的全是中药：健脾散、健脾丸、舒肝丸……各种各样的方子轮着来。 中医说我肝郁脾虚、说我心肾不交，各种听起来玄之又玄的说法，我全都照单全收、一一尝试。 结果呢？全部以失败告终。 更难熬的其,,https://tieba.baidu.com/p/10610556174,matched,pending_review,,来源存疑样本；已抓到列表摘要正文；仅作人工复核池，勿直接并入正式训练集,uncertain_redirect_round4_pool.csv
10611885321,失眠,失眠,失眠总感觉我应该这辈子也好不了了怎么办,半年了我还好没走出睡觉的阴影，导火索是2025年11月被楼下小孩跳绳吓醒，变得对家里主卧噪音特别敏感，同月又被楼上的楼上的邻居光脚走路声吵的没法睡觉，因为他们天天从晚上光脚走到凌晨1点，其实声音并不是很大，但我噪敏每天夜里竖着耳朵听动静，其实窗外的车流声和枕边的呼噜声比这大多了，但就是忽略不掉这点噪音，戴着耳塞也能听到，在这之前我也从没有关注过这个噪音我也能正常睡觉，找了他们好几次不管用从那之后我的睡眠一,"标题：失眠总感觉我应该这辈子也好不了了怎么办

正文：半年了我还好没走出睡觉的阴影，导火索是2025年11月被楼下小孩跳绳吓醒，变得对家里主卧噪音特别敏感，同月又被楼上的楼上的邻居光脚走路声吵的没法睡觉，因为他们天天从晚上光脚走到凌晨1点，其实声音并不是很大，但我噪敏每天夜里竖着耳朵听动静，其实窗外的车流声和枕边的呼噜声比这大多了，但就是忽略不掉这点噪音，戴着耳塞也能听到，在这之前我也从没有关注过这个噪音我也能正常睡觉，找了他们好几次不管用从那之后我的睡眠一",,https://tieba.baidu.com/p/10611885321,matched,pending_review,,来源存疑样本；已抓到列表摘要正文；仅作人工复核池，勿直接并入正式训练集,uncertain_redirect_round4_pool.csv
10614315749,失眠,失眠,失恋后失眠3月,自从上次他出轨，我受刺激后就开始失眠，每天睡觉晚上就想他背叛我的这件事，天天哭，紧张难过睡不着，一开始哭累了能睡着，最近一个月一躺下就心慌，害怕，身体发抖，脑海里还是想他，恨他，吃了右佐匹克隆只能管3.4个小时，之后再也睡不着了，我该怎么办。,"标题：失恋后失眠3月

正文：自从上次他出轨，我受刺激后就开始失眠，每天睡觉晚上就想他背叛我的这件事，天天哭，紧张难过睡不着，一开始哭累了能睡着，最近一个月一躺下就心慌，害怕，身体发抖，脑海里还是想他，恨他，吃了右佐匹克隆只能管3.4个小时，之后再也睡不着了，我该怎么办。",,https://tieba.baidu.com/p/10614315749,matched,pending_review,,来源存疑样本；已抓到列表摘要正文；仅作人工复核池，勿直接并入正式训练集,uncertain_redirect_round4_pool.csv
10615939464,失眠,失眠,睡不着咋办,有没有便宜易买的助眠的药,"标题：睡不着咋办

正文：有没有便宜易买的助眠的药",,https://tieba.baidu.com/p/10615939464,matched,pending_review,,来源存疑样本；已抓到列表摘要正文；仅作人工复核池，勿直接并入正式训练集,uncertain_redirect_round4_pool.csv
10616268652,失眠,失眠,失眠怎么解决？,我是一名河南高二学生，失眠这个问题困扰我很久了 之前一直想问问怎么解决但经常忘记亦或是懒惰没有提问。 我从上高中后就开始出现失眠（以前也有但不是很频繁）从高一到现在是越来越频繁，到现在高二快一整年几乎没怎么睡过好觉。 我认为我的睡眠环境一直不太好 上高中后宿舍每次换寝都会分到打呼噜的舍友而且是愈发强烈。这个是一点其次就是我的情绪高二到现在是最明显的，晚自习不管怎么只要有情绪波动就一定会失眠，哪怕是开心,"标题：失眠怎么解决？

正文：我是一名河南高二学生，失眠这个问题困扰我很久了 之前一直想问问怎么解决但经常忘记亦或是懒惰没有提问。 我从上高中后就开始出现失眠（以前也有但不是很频繁）从高一到现在是越来越频繁，到现在高二快一整年几乎没怎么睡过好觉。 我认为我的睡眠环境一直不太好 上高中后宿舍每次换寝都会分到打呼噜的舍友而且是愈发强烈。这个是一点其次就是我的情绪高二到现在是最明显的，晚自习不管怎么只要有情绪波动就一定会失眠，哪怕是开心",,https://tieba.baidu.com/p/10616268652,matched,pending_review,,来源存疑样本；已抓到列表摘要正文；仅作人工复核池，勿直接并入正式训练集,uncertain_redirect_round4_pool.csv
10616676074,失眠,失眠,别再把 “累 + 失眠”，当成普通的亚健康,别再把 “累 + 失眠”，当成普通的亚健康 不知道从什么时候开始，“白天累到瘫，晚上睡不着” 成了很多人的日常：上班的时候昏昏沉沉，连爬楼梯都觉得费劲，总觉得浑身没力气；可到了晚上，躺到床上却翻来覆去，大脑异常清醒，熬到两三点都睡不着。很多人觉得这就是普通的亚健康，要么是工作太累了，要么就是失眠，买点褪黑素、补点维生素就完事了。但实际上，超九成的人都搞错了，这种 “累 + 失眠” 的状态，根本不是普通的疲劳或者,别再把 “累 + 失眠”，当成普通的亚健康 不知道从什么时候开始，“白天累到瘫，晚上睡不着” 成了很多人的日常：上班的时候昏昏沉沉，连爬楼梯都觉得费劲，总觉得浑身没力气；可到了晚上，躺到床上却翻来覆去，大脑异常清醒，熬到两三点都睡不着。很多人觉得这就是普通的亚健康，要么是工作太累了，要么就是失眠，买点褪黑素、补点维生素就完事了。但实际上，超九成的人都搞错了，这种 “累 + 失眠” 的状态，根本不是普通的疲劳或者,,https://tieba.baidu.com/p/10616676074,matched,pending_review,,来源存疑样本；已抓到列表摘要正文；仅作人工复核池，勿直接并入正式训练集,uncertain_redirect_round4_pool.csv
10617297911,失眠,失眠,害怕睡着以后失去意识,突然想到人睡着以后会失去清晰的意识，就像是人失去了感知能力，心里就会非常害怕，又怕会睡死过去，或者是睡着的过程就是大脑不受自己控制一样，有没有跟我一样的啊，每天都害怕的睡不着，需要很长时间的心理斗争才能慢慢睡着，而且做梦也经常是噩梦，怎么办啊,"标题：害怕睡着以后失去意识

正文：突然想到人睡着以后会失去清晰的意识，就像是人失去了感知能力，心里就会非常害怕，又怕会睡死过去，或者是睡着的过程就是大脑不受自己控制一样，有没有跟我一样的啊，每天都害怕的睡不着，需要很长时间的心理斗争才能慢慢睡着，而且做梦也经常是噩梦，怎么办啊",,https://tieba.baidu.com/p/10617297911,matched,pending_review,,来源存疑样本；已抓到列表摘要正文；仅作人工复核池，勿直接并入正式训练集,uncertain_redirect_round4_pool.csv
10618387007,失眠,失眠,换好几种药最后基本都失效 索性不吃等白天自然困行不行,劳拉 左匹 氯硝 阿普 不打全名了嫌费劲也怕被和谐 目前情况是并不是一点都睡不着 而是凌晨期间甚至天亮后才困 顺应身体昼伏夜出行吗,"标题：换好几种药最后基本都失效 索性不吃等白天自然困行不行

正文：劳拉 左匹 氯硝 阿普 不打全名了嫌费劲也怕被和谐 目前情况是并不是一点都睡不着 而是凌晨期间甚至天亮后才困 顺应身体昼伏夜出行吗",,https://tieba.baidu.com/p/10618387007,matched,pending_review,,来源存疑样本；已抓到列表摘要正文；仅作人工复核池，勿直接并入正式训练集,uncertain_redirect_round4_pool.csv
10618656925,失眠,失眠,心慌，失眠求帮助,最近心里感觉像是火在烧，烧的心发慌，每次睡觉都容易惊醒，不容易入睡，这怎么办？,"标题：心慌，失眠求帮助

正文：最近心里感觉像是火在烧，烧的心发慌，每次睡觉都容易惊醒，不容易入睡，这怎么办？",,https://tieba.baidu.com/p/10618656925,matched,pending_review,,来源存疑样本；已抓到列表摘要正文；仅作人工复核池，勿直接并入正式训练集,uncertain_redirect_round4_pool.csv
10619373150,失眠,失眠,失眠的不吃药办法,个人实践分享：1.搜索观呼吸禅定，练小周天气功，中脉气功。最好跟着带功录音练。2.心理调节：搜索拜伦凯蒂的＜一念之转＞她常说的“让我们痛苦的是我们对事情的看法，而非事情本身”，你想信一个错误的想法，即一个念头，他就会给你带来痛苦，因为这想法这念头是不客观的。头脑里的想法，有时候要质疑，这是真的吗？喜马拉雅听书搜索，拜伦凯蒂。3.听许添盛的讲座。4.抖音搜索洗脑法，里面有直角呼吸法带练。本来不想发贴，以前发帖,"标题：失眠的不吃药办法

正文：个人实践分享：1.搜索观呼吸禅定，练小周天气功，中脉气功。最好跟着带功录音练。2.心理调节：搜索拜伦凯蒂的＜一念之转＞她常说的“让我们痛苦的是我们对事情的看法，而非事情本身”，你想信一个错误的想法，即一个念头，他就会给你带来痛苦，因为这想法这念头是不客观的。头脑里的想法，有时候要质疑，这是真的吗？喜马拉雅听书搜索，拜伦凯蒂。3.听许添盛的讲座。4.抖音搜索洗脑法，里面有直角呼吸法带练。本来不想发贴，以前发帖",,https://tieba.baidu.com/p/10619373150,matched,pending_review,,来源存疑样本；已抓到列表摘要正文；仅作人工复核池，勿直接并入正式训练集,uncertain_redirect_round4_pool.csv
10619598506,失眠,失眠,这个日本的失眠药怎么样啊？,有用吗？说是没有宿醉感，会不会有脑雾啊？我之前吃安眠药睡醒有脑雾,"标题：这个日本的失眠药怎么样啊？

正文：有用吗？说是没有宿醉感，会不会有脑雾啊？我之前吃安眠药睡醒有脑雾",,https://tieba.baidu.com/p/10619598506,matched,pending_review,,来源存疑样本；已抓到列表摘要正文；仅作人工复核池，勿直接并入正式训练集,uncertain_redirect_round4_pool.csv
10621469341,失眠,失眠,失眠的时候连麦各忙各的,找个总失眠的男生一起熬着，看谁先睡着， 卡性别男，声控，问个早安晚安 遇不到喜欢的人就遇到个喜欢的声音也能开心吧。 熟了会粘一些，我有主页音。合适的话评论留语音条。,"标题：失眠的时候连麦各忙各的

正文：找个总失眠的男生一起熬着，看谁先睡着， 卡性别男，声控，问个早安晚安 遇不到喜欢的人就遇到个喜欢的声音也能开心吧。 熟了会粘一些，我有主页音。合适的话评论留语音条。",,https://tieba.baidu.com/p/10621469341,matched,pending_review,,来源存疑样本；已抓到列表摘要正文；仅作人工复核池，勿直接并入正式训练集,uncertain_redirect_round4_pool.csv
10623906090,失眠,失眠,我放弃了“必须睡着”的执念，开始记录每一个清醒的夜晚,不知道有多少人和我一样，在无数个深夜里，把“快速入睡”当成一场必须打赢的战争。数羊、看钟、焦虑地搜索各种方法，结果却是越努力，越清醒。一个月前，我彻底“摆烂”了。我不再想着怎么打败失眠，而是试着和它共处。我做了一件事：像写航海日志一样，记录每一个睡不着夜晚的碎片。我会打开手机，简单地记下：“凌晨2:15，想起了高中晚自习后和同桌吃的那碗泡面。” “3:00，楼下的猫又在叫了，它是不是也失眠？” “今晚的月亮特,"标题：我放弃了“必须睡着”的执念，开始记录每一个清醒的夜晚

正文：不知道有多少人和我一样，在无数个深夜里，把“快速入睡”当成一场必须打赢的战争。数羊、看钟、焦虑地搜索各种方法，结果却是越努力，越清醒。一个月前，我彻底“摆烂”了。我不再想着怎么打败失眠，而是试着和它共处。我做了一件事：像写航海日志一样，记录每一个睡不着夜晚的碎片。我会打开手机，简单地记下：“凌晨2:15，想起了高中晚自习后和同桌吃的那碗泡面。” “3:00，楼下的猫又在叫了，它是不是也失眠？” “今晚的月亮特",,https://tieba.baidu.com/p/10623906090,matched,pending_review,,来源存疑样本；已抓到列表摘要正文；仅作人工复核池，勿直接并入正式训练集,uncertain_redirect_round4_pool.csv
10624121492,失眠,失眠,一些即时所想随写,又是深夜，依旧睡不着。事情起因是今天下午，应该是昨天下午，毕竟现在凌晨了，得知自己的毕业设计做的项目跟选题不一致，导致自己很焦虑，自己改了一个多小时没有效果，又临近快要交论文终稿了，这个月月底答辩，我总会在想如果改不了系统，我会不会一辩二辩都过不了，最终落下延毕的结果，我很担忧，所以我现在睡不着。其实我知道的，这不是主要的导火线。 从小到大，我好像很少做一件事一次过，至少印象中没有（一些个人认为比,"标题：一些即时所想随写

正文：又是深夜，依旧睡不着。事情起因是今天下午，应该是昨天下午，毕竟现在凌晨了，得知自己的毕业设计做的项目跟选题不一致，导致自己很焦虑，自己改了一个多小时没有效果，又临近快要交论文终稿了，这个月月底答辩，我总会在想如果改不了系统，我会不会一辩二辩都过不了，最终落下延毕的结果，我很担忧，所以我现在睡不着。其实我知道的，这不是主要的导火线。 从小到大，我好像很少做一件事一次过，至少印象中没有（一些个人认为比",,https://tieba.baidu.com/p/10624121492,matched,pending_review,,来源存疑样本；已抓到列表摘要正文；仅作人工复核池，勿直接并入正式训练集,uncertain_redirect_round4_pool.csv
4415351393,失眠,失眠,我觉得失眠有一半是遗传,我几岁的时候，外婆和我们住在一起，她天天晚上都会吃药然后再睡觉，后来才知道那是安眠药。我妈到了40几岁也开始失眠，一直到现在也没好。我就更早一些了，20几岁就开始失眠，吃过西药和很多中药，都没什么用，不过现在好些了，以前经常整晚失眠。一到睡觉的时候就害怕睡不着。 其实就是遗传，精神方便的遗传。我有个同事失眠比我还厉害，后来她说她妈妈整晚整晚都睡不着已经好多年了。看来又一个遗传失眠的。父母睡眠好的，一般子,"标题：我觉得失眠有一半是遗传

正文：我几岁的时候，外婆和我们住在一起，她天天晚上都会吃药然后再睡觉，后来才知道那是安眠药。我妈到了40几岁也开始失眠，一直到现在也没好。我就更早一些了，20几岁就开始失眠，吃过西药和很多中药，都没什么用，不过现在好些了，以前经常整晚失眠。一到睡觉的时候就害怕睡不着。 其实就是遗传，精神方便的遗传。我有个同事失眠比我还厉害，后来她说她妈妈整晚整晚都睡不着已经好多年了。看来又一个遗传失眠的。父母睡眠好的，一般子",,https://tieba.baidu.com/p/4415351393,matched,pending_review,,来源存疑样本；已抓到列表摘要正文；仅作人工复核池，勿直接并入正式训练集,uncertain_redirect_round4_pool.csv
4463578261,失眠,失眠,失眠了不要失去信心，失眠会好的,我从地震那年2008年开始失眠，开头是因为倒班，白天逼着自己睡觉，睡不着就着急，晚上要上通宵。反正恶性循环，结果是白天晚上都睡不着了。工作也辞了，朋友陪我去丽江散心，在丽江连续十天没有睡着，后头去丽江的医院开安定吃，挺不住了，打飞的回华西看心理医生，在医生面前哭的一把鼻涕一把泪，简直要崩溃了。医生开了一大堆西药，安眠药，吃了两天，睡得很好，但是妈妈不让我吃，说是有耐药性，不好。于是乎丢开药，继续在失眠,"标题：失眠了不要失去信心，失眠会好的

正文：我从地震那年2008年开始失眠，开头是因为倒班，白天逼着自己睡觉，睡不着就着急，晚上要上通宵。反正恶性循环，结果是白天晚上都睡不着了。工作也辞了，朋友陪我去丽江散心，在丽江连续十天没有睡着，后头去丽江的医院开安定吃，挺不住了，打飞的回华西看心理医生，在医生面前哭的一把鼻涕一把泪，简直要崩溃了。医生开了一大堆西药，安眠药，吃了两天，睡得很好，但是妈妈不让我吃，说是有耐药性，不好。于是乎丢开药，继续在失眠",,https://tieba.baidu.com/p/4463578261,matched,pending_review,,来源存疑样本；已抓到列表摘要正文；仅作人工复核池，勿直接并入正式训练集,uncertain_redirect_round4_pool.csv
6210493058,失眠,失眠,分享我的安眠药戒断之旅,我是因今年三月起经常出差睡眠不佳便开始服用一片阿普每晚睡前服用。之前很少有医生会告诉你此类药物的危害，甚至医生会告诉你这个剂量是非常安全的。而正因为医生们对这个药物的认识不足和自己对此类药物的无知，导致后来噩梦的开始。,"标题：分享我的安眠药戒断之旅

正文：我是因今年三月起经常出差睡眠不佳便开始服用一片阿普每晚睡前服用。之前很少有医生会告诉你此类药物的危害，甚至医生会告诉你这个剂量是非常安全的。而正因为医生们对这个药物的认识不足和自己对此类药物的无知，导致后来噩梦的开始。",,https://tieba.baidu.com/p/6210493058,matched,pending_review,,来源存疑样本；已抓到列表摘要正文；仅作人工复核池，勿直接并入正式训练集,uncertain_redirect_round4_pool.csv
6455643718,失眠,失眠,我是来报恩的！从疑病症到彻夜不眠，现在恢复中，能睡7小时。感,我是来报恩的！从疑病症到彻夜不眠，现在恢复中，能睡7小时。感谢失眠吧精品贴的鼓励！在我最绝望，最不知所措，甚至想自杀的时候，精品贴，书中的几句话给了我莫大的力量 1.失眠不会致死！ 2.你不会发疯！ 3.失眠是完全可以痊愈的 4.神经衰弱是能够痊愈的《焦虑症的自我救赎》 初开始我对这几点还没有足够的信心，但彻夜不眠，无尽的焦虑导致绝望的我，仿佛捉住了救命草，决定放手一试，于是走上了恢复的道路。到今天，我可以确切地告,我是来报恩的！从疑病症到彻夜不眠，现在恢复中，能睡7小时。感谢失眠吧精品贴的鼓励！在我最绝望，最不知所措，甚至想自杀的时候，精品贴，书中的几句话给了我莫大的力量 1.失眠不会致死！ 2.你不会发疯！ 3.失眠是完全可以痊愈的 4.神经衰弱是能够痊愈的《焦虑症的自我救赎》 初开始我对这几点还没有足够的信心，但彻夜不眠，无尽的焦虑导致绝望的我，仿佛捉住了救命草，决定放手一试，于是走上了恢复的道路。到今天，我可以确切地告,,https://tieba.baidu.com/p/6455643718,matched,pending_review,,来源存疑样本；已抓到列表摘要正文；仅作人工复核池，勿直接并入正式训练集,uncertain_redirect_round4_pool.csv
8553776455,失眠,失眠,戒安眠药失败,近两年都在断断续续吃安眠药，频率越来越高，最近8个月近乎是天天睡觉都吃，但好在可能是几种不同的药换着吃，所以没产生太强的耐药性。最近更是只吃1/4片2mg规格的氯硝或者半片右佐匹克隆就能睡着，因而感觉对安眠药依赖性应该不太大了。 前几天拿出壮士断腕的决心来戒断，第一天晚上浅睡了2-3小时，第二天晚上几乎整夜没睡着一秒，早上6、7点时迷糊半睡半醒了1个小时左右，非常痛苦得起床，由于本身有基础疾病，这种通宵无法入眠的情,"标题：戒安眠药失败

正文：近两年都在断断续续吃安眠药，频率越来越高，最近8个月近乎是天天睡觉都吃，但好在可能是几种不同的药换着吃，所以没产生太强的耐药性。最近更是只吃1/4片2mg规格的氯硝或者半片右佐匹克隆就能睡着，因而感觉对安眠药依赖性应该不太大了。 前几天拿出壮士断腕的决心来戒断，第一天晚上浅睡了2-3小时，第二天晚上几乎整夜没睡着一秒，早上6、7点时迷糊半睡半醒了1个小时左右，非常痛苦得起床，由于本身有基础疾病，这种通宵无法入眠的情",,https://tieba.baidu.com/p/8553776455,matched,pending_review,,来源存疑样本；已抓到列表摘要正文；仅作人工复核池，勿直接并入正式训练集,uncertain_redirect_round4_pool.csv
8891311530,失眠,失眠,十年没来贴吧了，回来看看,失眠十多年了，从2022年去了北京安定医院，开了劳拉西泮，草酸西酞普兰片，曲锉酮，思诺思，慢慢减量到，早上只吃半片草酸西酞普兰片，知足了，相信自己越来越好，当然，健身也是一个重要的过程,"标题：十年没来贴吧了，回来看看

正文：失眠十多年了，从2022年去了北京安定医院，开了劳拉西泮，草酸西酞普兰片，曲锉酮，思诺思，慢慢减量到，早上只吃半片草酸西酞普兰片，知足了，相信自己越来越好，当然，健身也是一个重要的过程",,https://tieba.baidu.com/p/8891311530,matched,pending_review,,来源存疑样本；已抓到列表摘要正文；仅作人工复核池，勿直接并入正式训练集,uncertain_redirect_round4_pool.csv
8938804729,失眠,失眠,失眠会好的，别怕!,我是21年4月开始失眠，整夜睡不着那种，也经常来失眠吧求助通过半年时间的自我心理治疗康复了，直到现在我都不再惧怕失眠了。下面我希望和吧友们分享一下我的康复心得体验(仅针对心理性失眠)。其实刚开始我也和很多吧友一样不知道是什么原因造成失眠的。但这恰恰是你失眠越来越严重的重要原因! 因为你在不了解病因也不知道能不能治好的情况下会给自己造成很大的心理负担。结果就是一睡觉就很紧张怕晚上又睡不着怎么办，这样就是恶性,"标题：失眠会好的，别怕!

正文：我是21年4月开始失眠，整夜睡不着那种，也经常来失眠吧求助通过半年时间的自我心理治疗康复了，直到现在我都不再惧怕失眠了。下面我希望和吧友们分享一下我的康复心得体验(仅针对心理性失眠)。其实刚开始我也和很多吧友一样不知道是什么原因造成失眠的。但这恰恰是你失眠越来越严重的重要原因! 因为你在不了解病因也不知道能不能治好的情况下会给自己造成很大的心理负担。结果就是一睡觉就很紧张怕晚上又睡不着怎么办，这样就是恶性",,https://tieba.baidu.com/p/8938804729,matched,pending_review,,来源存疑样本；已抓到列表摘要正文；仅作人工复核池，勿直接并入正式训练集,uncertain_redirect_round4_pool.csv
9293520480,失眠,失眠,我能帮大家恢复睡眠,因为我曾经也是一个重度抑郁症加失眠症患者，每天吃各种西药，从刚开始的半颗氯硝西泮到后来的一天两颗氯硝，两颗劳拉，一颗思诺思，一颗右佐匹克隆，六颗文拉法辛，一共十几颗药物，当时我怕药越吃越多到最后无药可吃，但是停药，哪怕是慢慢减其中一颗的四分之一，我都难以入睡，不吃药又怕睡不着猝死，我真的不知道该怎么办，我不断的翻阅治疗失眠的书籍，什么偏方好我就去试，结果都没有用，后来我去学中医理疗，我自己给自己治,"标题：我能帮大家恢复睡眠

正文：因为我曾经也是一个重度抑郁症加失眠症患者，每天吃各种西药，从刚开始的半颗氯硝西泮到后来的一天两颗氯硝，两颗劳拉，一颗思诺思，一颗右佐匹克隆，六颗文拉法辛，一共十几颗药物，当时我怕药越吃越多到最后无药可吃，但是停药，哪怕是慢慢减其中一颗的四分之一，我都难以入睡，不吃药又怕睡不着猝死，我真的不知道该怎么办，我不断的翻阅治疗失眠的书籍，什么偏方好我就去试，结果都没有用，后来我去学中医理疗，我自己给自己治",,https://tieba.baidu.com/p/9293520480,matched,pending_review,,来源存疑样本；已抓到列表摘要正文；仅作人工复核池，勿直接并入正式训练集,uncertain_redirect_round4_pool.csv
9480380343,失眠,失眠,有没有人吃达利雷生的 ，不知道效果怎么样,有没有人吃达利雷生的 ，不知道效果怎么样,有没有人吃达利雷生的 ，不知道效果怎么样,,https://tieba.baidu.com/p/9480380343,matched,pending_review,,来源存疑样本；已抓到列表摘要正文；仅作人工复核池，勿直接并入正式训练集,uncertain_redirect_round4_pool.csv
9562598207,失眠,失眠,戒断药后10个月了，还是不能犯困。,10个月了，脑袋没有迷糊过，没有犯困过，每天睡了都跟没睡一样。天天都是极浅的睡眠。入睡也非常困难,"标题：戒断药后10个月了，还是不能犯困。

正文：10个月了，脑袋没有迷糊过，没有犯困过，每天睡了都跟没睡一样。天天都是极浅的睡眠。入睡也非常困难",,https://tieba.baidu.com/p/9562598207,matched,pending_review,,来源存疑样本；已抓到列表摘要正文；仅作人工复核池，勿直接并入正式训练集,uncertain_redirect_round4_pool.csv
9680437511,失眠,失眠,一个记录失眠并且尝试解决的贴子,大家好，现在是凌晨1点13，我从大二的每个夏天开始突然失眠，严重的时候就是通宵白天也不睡不着，包括褪黑素以及其他安神药物在我吃了很多次后已经没有半分作用 在看了中医后有明显好转，但失眠如影随形缠着我 让我的身体状况也变得很差，经常去医院，于是两年后的今天我依旧失眠着，多梦早醒难入睡和大家一样，我在梦里甚至感受到了痛觉和晕厥，无比清晰，每天早上都很累 我是个女生，家庭条件一般按理来说不会有很大压力，和大多数,"标题：一个记录失眠并且尝试解决的贴子

正文：大家好，现在是凌晨1点13，我从大二的每个夏天开始突然失眠，严重的时候就是通宵白天也不睡不着，包括褪黑素以及其他安神药物在我吃了很多次后已经没有半分作用 在看了中医后有明显好转，但失眠如影随形缠着我 让我的身体状况也变得很差，经常去医院，于是两年后的今天我依旧失眠着，多梦早醒难入睡和大家一样，我在梦里甚至感受到了痛觉和晕厥，无比清晰，每天早上都很累 我是个女生，家庭条件一般按理来说不会有很大压力，和大多数",,https://tieba.baidu.com/p/9680437511,matched,pending_review,,来源存疑样本；已抓到列表摘要正文；仅作人工复核池，勿直接并入正式训练集,uncertain_redirect_round4_pool.csv
9773409338,失眠,失眠,在试遍所有药物之后，写下简评，立帖讨论,重度失眠多年，国内所有安眠药都吃过，颇怀“以身试药”之志。于精神药理学知识也有着浓厚的兴趣。所谓久病成医，我将列出所有安眠药服用效果，依次排列。当然，药效因人而已，没有最好的药，只有最适合自己的药。我仅列出，我个人主观感受下药物的优与劣。 另外，大部分抗精神病药物，也有镇静催眠效果，因其不是典型安眠药，故不列入其中。请教过很多精神心理科医生，再结合所学的精神病学，得出一种结论，对于心因性失眠，慢性,"标题：在试遍所有药物之后，写下简评，立帖讨论

正文：重度失眠多年，国内所有安眠药都吃过，颇怀“以身试药”之志。于精神药理学知识也有着浓厚的兴趣。所谓久病成医，我将列出所有安眠药服用效果，依次排列。当然，药效因人而已，没有最好的药，只有最适合自己的药。我仅列出，我个人主观感受下药物的优与劣。 另外，大部分抗精神病药物，也有镇静催眠效果，因其不是典型安眠药，故不列入其中。请教过很多精神心理科医生，再结合所学的精神病学，得出一种结论，对于心因性失眠，慢性",,https://tieba.baidu.com/p/9773409338,matched,pending_review,,来源存疑样本；已抓到列表摘要正文；仅作人工复核池，勿直接并入正式训练集,uncertain_redirect_round4_pool.csv
9797762615,失眠,失眠,25毫克的喹硫平停药了,服用了3个月的月的富马酸喹硫平，在3天前总于把它停了。在喹硫平减药期间其实挺难的，反而停药的时候没什么反应，已经停药3天了，正常睡觉，偶尔做梦，这3天我睡觉之前都喝了一瓶脑心舒，我打算今晚睡觉之前，脑心舒也停了，看看能不能正常睡着,"标题：25毫克的喹硫平停药了

正文：服用了3个月的月的富马酸喹硫平，在3天前总于把它停了。在喹硫平减药期间其实挺难的，反而停药的时候没什么反应，已经停药3天了，正常睡觉，偶尔做梦，这3天我睡觉之前都喝了一瓶脑心舒，我打算今晚睡觉之前，脑心舒也停了，看看能不能正常睡着",,https://tieba.baidu.com/p/9797762615,matched,pending_review,,来源存疑样本；已抓到列表摘要正文；仅作人工复核池，勿直接并入正式训练集,uncertain_redirect_round4_pool.csv
9872277770,失眠,失眠,凌晨2点7分，睡不着,睡不着觉，焦虑抑郁，痛苦,"标题：凌晨2点7分，睡不着

正文：睡不着觉，焦虑抑郁，痛苦",,https://tieba.baidu.com/p/9872277770,matched,pending_review,,来源存疑样本；已抓到列表摘要正文；仅作人工复核池，勿直接并入正式训练集,uncertain_redirect_round4_pool.csv
9993579707,失眠,失眠,思诺思耐药了怎么办,一直两种药换着吃，现在思诺思也没用了，这个氯硝吃完没食欲，酸枣仁一直买到假的,"标题：思诺思耐药了怎么办

正文：一直两种药换着吃，现在思诺思也没用了，这个氯硝吃完没食欲，酸枣仁一直买到假的",,https://tieba.baidu.com/p/9993579707,matched,pending_review,,来源存疑样本；已抓到列表摘要正文；仅作人工复核池，勿直接并入正式训练集,uncertain_redirect_round4_pool.csv
10030148178,孤独,孤独,是孤独，更是自由～,这是我在孤吧更新的第七帖…… 走得好慢。也没成长多少。也没变强多少。照样有很多第一次第一次剩下……又怎样～ 做那黑暗中的一粒光，捧在手心，最终，它会化作最高最闪最亮的一颗星……,"标题：是孤独，更是自由～

正文：这是我在孤吧更新的第七帖…… 走得好慢。也没成长多少。也没变强多少。照样有很多第一次第一次剩下……又怎样～ 做那黑暗中的一粒光，捧在手心，最终，它会化作最高最闪最亮的一颗星……",,https://tieba.baidu.com/p/10030148178,matched,pending_review,,来源存疑样本；已抓到列表摘要正文；仅作人工复核池，勿直接并入正式训练集,uncertain_redirect_round3_pool.csv
10296484444,孤独,孤独,500份心理学方面书籍资料合集,500份心理学方面书籍资料合集【描述】：全面、通俗易懂的心理学著作，涵盖了心理学的基本原理和知识，内容涵盖了心理学的各个方面。大小：NG【夸克网盘电子资源】放下面了👇 自取 拿走可以吱一声https://pan.quark.cn/s/44a5e0047f58,500份心理学方面书籍资料合集【描述】：全面、通俗易懂的心理学著作，涵盖了心理学的基本原理和知识，内容涵盖了心理学的各个方面。大小：NG【夸克网盘电子资源】放下面了👇 自取 拿走可以吱一声https://pan.quark.cn/s/44a5e0047f58,,https://tieba.baidu.com/p/10296484444,matched,pending_review,,来源存疑样本；已抓到列表摘要正文；仅作人工复核池，勿直接并入正式训练集,uncertain_redirect_round3_pool.csv
10316203449,孤独,孤独,🍓小美满🍓,碎碎念,"标题：🍓小美满🍓

正文：碎碎念",,https://tieba.baidu.com/p/10316203449,matched,pending_review,,来源存疑样本；已抓到列表摘要正文；仅作人工复核池，勿直接并入正式训练集,uncertain_redirect_round3_pool.csv
10351890549,孤独,孤独,我女生21岁找朋友，想从线上发展成线下（不看颜）,你可以是外向的，也可以是内向的，不看样貌身材身体，高矮胖瘦无所谓我只看心，我想要一个亲密无间的朋友，有真实的肢体接触的朋友（不是虚假的）就像情侣那样亲密，当然，是除了不做情侣间那种事的朋友，一个有相似的爱好相同的话题相似的三观和想法，互相共鸣/共情想彻夜长谈的朋友，不会对彼此乱发脾气的朋友，愿意了解彼此理解彼此喜欢彼此的朋友，对彼此热情的朋友，互相什么都愿意说愿意倾诉没有限制的朋友，我渴望，如果同,"标题：我女生21岁找朋友，想从线上发展成线下（不看颜）

正文：你可以是外向的，也可以是内向的，不看样貌身材身体，高矮胖瘦无所谓我只看心，我想要一个亲密无间的朋友，有真实的肢体接触的朋友（不是虚假的）就像情侣那样亲密，当然，是除了不做情侣间那种事的朋友，一个有相似的爱好相同的话题相似的三观和想法，互相共鸣/共情想彻夜长谈的朋友，不会对彼此乱发脾气的朋友，愿意了解彼此理解彼此喜欢彼此的朋友，对彼此热情的朋友，互相什么都愿意说愿意倾诉没有限制的朋友，我渴望，如果同",,https://tieba.baidu.com/p/10351890549,matched,pending_review,,来源存疑样本；已抓到列表摘要正文；仅作人工复核池，勿直接并入正式训练集,uncertain_redirect_round2_pool.csv
10365850250,孤独,孤独,无语了，打游戏都是自己打,我这lol游戏男的多，打游戏遇到很多事让我后怕，（具体就是有人不要命的吹牛逼，毕竟嘴皮子吹牛无成本）让我很尬，然后我感觉我说话也很尬无时无刻不在尬，今天自己玩看到许久不上线的没删掉以前打过几回游戏的男生，声音我挺喜欢的一个，他在海斗我直接醋意横生又不好意思找人玩本人社恐小学生音，然后马上火速去搜索关键词，（打游戏人，找队友的心态），已经孤独神经到极点。想多一直自闭,"标题：无语了，打游戏都是自己打

正文：我这lol游戏男的多，打游戏遇到很多事让我后怕，（具体就是有人不要命的吹牛逼，毕竟嘴皮子吹牛无成本）让我很尬，然后我感觉我说话也很尬无时无刻不在尬，今天自己玩看到许久不上线的没删掉以前打过几回游戏的男生，声音我挺喜欢的一个，他在海斗我直接醋意横生又不好意思找人玩本人社恐小学生音，然后马上火速去搜索关键词，（打游戏人，找队友的心态），已经孤独神经到极点。想多一直自闭",,https://tieba.baidu.com/p/10365850250,matched,pending_review,,来源存疑样本；已抓到列表摘要正文；仅作人工复核池，勿直接并入正式训练集,uncertain_redirect_round3_pool.csv
10371915310,孤独,孤独,心游无落处,一个人的滋味受够了，虽习惯，也会钦慕世人的三三两两吧。 多年前笑言，注孤生也挺好的，多年后只影独行，不成双。不消说的落寞，太多微妙心思，付与谁知?,"标题：心游无落处

正文：一个人的滋味受够了，虽习惯，也会钦慕世人的三三两两吧。 多年前笑言，注孤生也挺好的，多年后只影独行，不成双。不消说的落寞，太多微妙心思，付与谁知?",,https://tieba.baidu.com/p/10371915310,matched,pending_review,,来源存疑样本；已抓到列表摘要正文；仅作人工复核池，勿直接并入正式训练集,uncertain_redirect_round3_pool.csv
10454483626,孤独,孤独,想找一个朋友,就是想找一个朋友,就是想找一个朋友,,https://tieba.baidu.com/p/10454483626,matched,pending_review,,来源存疑样本；已抓到列表摘要正文；仅作人工复核池，勿直接并入正式训练集,uncertain_redirect_round3_pool.csv
10463367951,孤独,孤独,感觉结了婚才是真正的孤独,今天差点被公公气哭了,"标题：感觉结了婚才是真正的孤独

正文：今天差点被公公气哭了",,https://tieba.baidu.com/p/10463367951,matched,pending_review,,来源存疑样本；已抓到列表摘要正文；仅作人工复核池，勿直接并入正式训练集,uncertain_redirect_round2_pool.csv
10466384277,孤独,孤独,46岁老男人找个聊伴,80年的猴子，内心老是感到孤独，身边也感觉好多人不能说心里话，想网上找个差不多大的，大家可以互相聊聊，开导开导，互诉衷肠，人间正道是沧桑。,"标题：46岁老男人找个聊伴

正文：80年的猴子，内心老是感到孤独，身边也感觉好多人不能说心里话，想网上找个差不多大的，大家可以互相聊聊，开导开导，互诉衷肠，人间正道是沧桑。",,https://tieba.baidu.com/p/10466384277,matched,pending_review,,来源存疑样本；已抓到列表摘要正文；仅作人工复核池，勿直接并入正式训练集,uncertain_redirect_round3_pool.csv
10483686243,孤独,孤独,编织的丝线，黑夜的妄念,你的拥抱，迈向了我 可否小酌一杯，让思绪停歇，让灵魂飘荡 越过山丘，沦为风景 茫茫人生，万千人海 我很安静，孤者夜行,"标题：编织的丝线，黑夜的妄念

正文：你的拥抱，迈向了我 可否小酌一杯，让思绪停歇，让灵魂飘荡 越过山丘，沦为风景 茫茫人生，万千人海 我很安静，孤者夜行",,https://tieba.baidu.com/p/10483686243,matched,pending_review,,来源存疑样本；已抓到列表摘要正文；仅作人工复核池，勿直接并入正式训练集,uncertain_redirect_round3_pool.csv
10552898427,孤独,孤独,每天就是躺躺躺,我三十七，光棍一个，在一个公司干了好多年，存了些钱，有四十多个，辞职了突然不知道做什么好，身体并不是很好，但没有什么经济压力，无所事事，感觉无聊和迷惘，今天在芦苇丛中晒太阳躺了一天，有时候人生都感觉失去方向，要不回家吧，省着点花，种地养老，等我六七十岁，家底用光了，再出来找工作，,"标题：每天就是躺躺躺

正文：我三十七，光棍一个，在一个公司干了好多年，存了些钱，有四十多个，辞职了突然不知道做什么好，身体并不是很好，但没有什么经济压力，无所事事，感觉无聊和迷惘，今天在芦苇丛中晒太阳躺了一天，有时候人生都感觉失去方向，要不回家吧，省着点花，种地养老，等我六七十岁，家底用光了，再出来找工作，",,https://tieba.baidu.com/p/10552898427,matched,pending_review,,来源存疑样本；已抓到列表摘要正文；仅作人工复核池，勿直接并入正式训练集,uncertain_redirect_round2_pool.csv
10555921045,孤独,孤独,心痛的无法呼吸,八年过去了，我以为我放下了，可没想到，这一次在抖音里无意的刷到她，我发现我还是心痛到想死，曾经因为家里的原因，离开了她，说着最狠的话，带着心里的祝福，从此以后默默的关注着，八年了，没敢说一句话，怕打扰到她的生活，她19年嫁人20年生子，今年孩子都6岁了，而我，还是未婚。 当年都在说的答案，我一个亲身经历者，都不知道什么是对，你如果破败不堪，离开你爱也爱你的女孩，是爱她吗？我不知道，我不知道爱不爱，我只知道,"标题：心痛的无法呼吸

正文：八年过去了，我以为我放下了，可没想到，这一次在抖音里无意的刷到她，我发现我还是心痛到想死，曾经因为家里的原因，离开了她，说着最狠的话，带着心里的祝福，从此以后默默的关注着，八年了，没敢说一句话，怕打扰到她的生活，她19年嫁人20年生子，今年孩子都6岁了，而我，还是未婚。 当年都在说的答案，我一个亲身经历者，都不知道什么是对，你如果破败不堪，离开你爱也爱你的女孩，是爱她吗？我不知道，我不知道爱不爱，我只知道",,https://tieba.baidu.com/p/10555921045,matched,pending_review,,来源存疑样本；已抓到列表摘要正文；仅作人工复核池，勿直接并入正式训练集,uncertain_redirect_round3_pool.csv
10557057298,孤独,孤独,。。。。。。,没人懂，没人陪，没人等。社恐，内向，家里蹲。不期待谁来救我，只是偶尔，真的撑不住了。找个同样孤独的人，互相抱抱就好。我好像，一直都是一个人。难过没人说，开心没人分享，连崩溃都要挑夜深人静。如果你也孤独到想哭，我们互相取暖吧。孤独到麻木，连主动都觉得累。不被需要，不被在意，像个透明人。有没有人，愿意认真听我说说话。越长大越孤单，越懂事越没人疼。我什么都不说，不代表我不难过。想找一个不敷衍、不离开的人,"标题：。。。。。。

正文：没人懂，没人陪，没人等。社恐，内向，家里蹲。不期待谁来救我，只是偶尔，真的撑不住了。找个同样孤独的人，互相抱抱就好。我好像，一直都是一个人。难过没人说，开心没人分享，连崩溃都要挑夜深人静。如果你也孤独到想哭，我们互相取暖吧。孤独到麻木，连主动都觉得累。不被需要，不被在意，像个透明人。有没有人，愿意认真听我说说话。越长大越孤单，越懂事越没人疼。我什么都不说，不代表我不难过。想找一个不敷衍、不离开的人",,https://tieba.baidu.com/p/10557057298,matched,pending_review,,来源存疑样本；已抓到列表摘要正文；仅作人工复核池，勿直接并入正式训练集,uncertain_redirect_round3_pool.csv
10558500133,孤独,孤独,碎碎念～～,今天是跟W君断连的第20天，每天都在给自己找很多事来做，以为身体累了心就不会想他了。。。。,"标题：碎碎念～～

正文：今天是跟W君断连的第20天，每天都在给自己找很多事来做，以为身体累了心就不会想他了。。。。",,https://tieba.baidu.com/p/10558500133,matched,pending_review,,来源存疑样本；已抓到列表摘要正文；仅作人工复核池，勿直接并入正式训练集,uncertain_redirect_round3_pool.csv
10558921666,孤独,孤独,孤独的人生,三十七岁了，家里只有父亲五十九，目前辞职无业了，目前没有经济压力，无所事事，有时候总是想去世十几年的妈妈，又想人生总是孤单的，都是各走各的,"标题：孤独的人生

正文：三十七岁了，家里只有父亲五十九，目前辞职无业了，目前没有经济压力，无所事事，有时候总是想去世十几年的妈妈，又想人生总是孤单的，都是各走各的",,https://tieba.baidu.com/p/10558921666,matched,pending_review,,来源存疑样本；已抓到列表摘要正文；仅作人工复核池，勿直接并入正式训练集,uncertain_redirect_round2_pool.csv
10561540138,孤独,孤独,一个人，孤独了咋办,过去是书，电视，收录音机,"标题：一个人，孤独了咋办

正文：过去是书，电视，收录音机",,https://tieba.baidu.com/p/10561540138,matched,pending_review,,来源存疑样本；已抓到列表摘要正文；仅作人工复核池，勿直接并入正式训练集,uncertain_redirect_round2_pool.csv
10564516485,孤独,孤独,心若自由，处处皆风景,当下女人最好的状态：孤独，自在，安静，清醒，健康，经济自由～认可吗,"标题：心若自由，处处皆风景

正文：当下女人最好的状态：孤独，自在，安静，清醒，健康，经济自由～认可吗",,https://tieba.baidu.com/p/10564516485,matched,pending_review,,来源存疑样本；已抓到列表摘要正文；仅作人工复核池，勿直接并入正式训练集,uncertain_redirect_round3_pool.csv
10574974950,孤独,孤独,（早）搭子一起（深火国日籽）,本人男90后天蝎座♏ （早）个听话乖的 一起（深火国日籽） 我也不介意你的年龄 长相也不要你一分（钳） 只要你是真心实意就好 最主要是听话乖就好 （片）我钞能力的勿扰 谢谢 （括号里面的是谐音） 有意的（丝疗） 注：照片都是本人也可以视频验证 最后一张照片是十几岁的时候拍的 剩下的照片都是半年前和一年前拍的 现在我头发剪了黑色短发 我长相比较奶 我长相就一般不丑不帅兄弟 不喜勿喷谢谢 善语结善缘 恶语伤人心,"标题：（早）搭子一起（深火国日籽）

正文：本人男90后天蝎座♏ （早）个听话乖的 一起（深火国日籽） 我也不介意你的年龄 长相也不要你一分（钳） 只要你是真心实意就好 最主要是听话乖就好 （片）我钞能力的勿扰 谢谢 （括号里面的是谐音） 有意的（丝疗） 注：照片都是本人也可以视频验证 最后一张照片是十几岁的时候拍的 剩下的照片都是半年前和一年前拍的 现在我头发剪了黑色短发 我长相比较奶 我长相就一般不丑不帅兄弟 不喜勿喷谢谢 善语结善缘 恶语伤人心",,https://tieba.baidu.com/p/10574974950,matched,pending_review,,来源存疑样本；已抓到列表摘要正文；仅作人工复核池，勿直接并入正式训练集,uncertain_redirect_round3_pool.csv
10576481749,孤独,孤独,有一种人，也许很多人,有一种人，一个人起床，一个人吃饭，一个人锻炼，一个人工作。 到了晚上，一个人躺在床上，机械的刷着手机游戏或者视频，理智告诉他应该早点睡，但却舍不得放下手中的手机，不知不觉天快亮了，也不知道什么时候就睡去了。一开始他很喜欢，慢慢的他却找不到最开始的兴致勃勃，但放下手机他也不知道去做什么。有的时候，理智告诉他有重要的事情做，但却提不起劲，只想躺着。 时间久了慢慢成为了习惯，只要一个人就会这样。孩子，不是,"标题：有一种人，也许很多人

正文：有一种人，一个人起床，一个人吃饭，一个人锻炼，一个人工作。 到了晚上，一个人躺在床上，机械的刷着手机游戏或者视频，理智告诉他应该早点睡，但却舍不得放下手中的手机，不知不觉天快亮了，也不知道什么时候就睡去了。一开始他很喜欢，慢慢的他却找不到最开始的兴致勃勃，但放下手机他也不知道去做什么。有的时候，理智告诉他有重要的事情做，但却提不起劲，只想躺着。 时间久了慢慢成为了习惯，只要一个人就会这样。孩子，不是",,https://tieba.baidu.com/p/10576481749,matched,pending_review,,来源存疑样本；已抓到列表摘要正文；仅作人工复核池，勿直接并入正式训练集,uncertain_redirect_round3_pool.csv
10581354776,孤独,孤独,今天我生日,祝自己健康快乐，有钱花,"标题：今天我生日

正文：祝自己健康快乐，有钱花",,https://tieba.baidu.com/p/10581354776,matched,pending_review,,来源存疑样本；已抓到列表摘要正文；仅作人工复核池，勿直接并入正式训练集,uncertain_redirect_round3_pool.csv
10584303622,孤独,孤独,记录我孤独的每一天,感觉好孤独啊,"标题：记录我孤独的每一天

正文：感觉好孤独啊",,https://tieba.baidu.com/p/10584303622,matched,pending_review,,来源存疑样本；已抓到列表摘要正文；仅作人工复核池，勿直接并入正式训练集,uncertain_redirect_round3_pool.csv
10590115264,孤独,孤独,本人20岁，男，无论男女，想交一个朋友,z自己觉得,"标题：本人20岁，男，无论男女，想交一个朋友

正文：z自己觉得",,https://tieba.baidu.com/p/10590115264,matched,pending_review,,来源存疑样本；已抓到列表摘要正文；仅作人工复核池，勿直接并入正式训练集,uncertain_redirect_round3_pool.csv
10591083182,孤独,孤独,这个吧为什么没落了诶,还记得我大学那会这个吧的人还是蛮多的，现在按照时间排序随便翻一下就是一天前了。关注量好多年前就有30w人，现在反而变成二十几万了,"标题：这个吧为什么没落了诶

正文：还记得我大学那会这个吧的人还是蛮多的，现在按照时间排序随便翻一下就是一天前了。关注量好多年前就有30w人，现在反而变成二十几万了",,https://tieba.baidu.com/p/10591083182,matched,pending_review,,来源存疑样本；已抓到列表摘要正文；仅作人工复核池，勿直接并入正式训练集,uncertain_redirect_round3_pool.csv
10595691452,孤独,孤独,我的四十年：无人撑伞，独自走过所有苦与微光,我的四十年：无人撑伞，独自走过所有苦与微光我叫孙义，1986年出生在天津，今年整整四十岁。回望这一辈子，没有大富大贵，没有亲人庇护，从年少被抛弃，到拼命追着时代讨生活，再到如今负债缠身、身体垮掉，每一步，都是我一个人咬着牙走过来的，甜少苦多，却也真真切切，活过一场。1986年，我带着所有人的平凡期盼降生，父母都是普通人家，日子不算富裕，可小时候的那几年，家是完整的，有父亲的身影，有母亲的烟火气，饿了有饭吃，,我的四十年：无人撑伞，独自走过所有苦与微光我叫孙义，1986年出生在天津，今年整整四十岁。回望这一辈子，没有大富大贵，没有亲人庇护，从年少被抛弃，到拼命追着时代讨生活，再到如今负债缠身、身体垮掉，每一步，都是我一个人咬着牙走过来的，甜少苦多，却也真真切切，活过一场。1986年，我带着所有人的平凡期盼降生，父母都是普通人家，日子不算富裕，可小时候的那几年，家是完整的，有父亲的身影，有母亲的烟火气，饿了有饭吃，,,https://tieba.baidu.com/p/10595691452,matched,pending_review,,来源存疑样本；已抓到列表摘要正文；仅作人工复核池，勿直接并入正式训练集,uncertain_redirect_round3_pool.csv
10597183245,孤独,孤独,真正的孤独是什么？,其实，当你真正孤独或者情绪不好的时候，你是真的很需要一个能诉说情绪的人，每当你的负面情绪不能表达，或者真的感到很孤独，社交出现了问题，这种感觉就会很难受，然后如果再加上家里人很多不认同感等很多问题，这真的会让人很难不抑郁，可是每次的真心被辜负，也没有人愿意去了解你，当然了，还是阳光一点好，都会遇到一个能与你诉说，与你谈心的好朋友的吧,"标题：真正的孤独是什么？

正文：其实，当你真正孤独或者情绪不好的时候，你是真的很需要一个能诉说情绪的人，每当你的负面情绪不能表达，或者真的感到很孤独，社交出现了问题，这种感觉就会很难受，然后如果再加上家里人很多不认同感等很多问题，这真的会让人很难不抑郁，可是每次的真心被辜负，也没有人愿意去了解你，当然了，还是阳光一点好，都会遇到一个能与你诉说，与你谈心的好朋友的吧",,https://tieba.baidu.com/p/10597183245,matched,pending_review,,来源存疑样本；已抓到列表摘要正文；仅作人工复核池，勿直接并入正式训练集,uncertain_redirect_round3_pool.csv
10597329239,孤独,孤独,分手后感觉生活少了点什么,Halo 晚上好 像我标题所说的那样 我分手了 其实我还很小 我的人生还有很长 可我知道其实我不会让自己活得很久 我也不知道从什么时候开始 我好像开始有了失眠 崩溃 绝望 甚至想s 后来 我遇到了他 他痞帅痞帅的 倒是有点像某些小说的男主 我对他很好 虽然我自己也没什么钱 可我有的钱全都会给他买东西 可后来 我们吵架的次数越来越多 他认为我是无理取闹 我只能伤害自己 发现他和其他女孩亲密 我也没办法 只能让自己不要多想 果然 我们分手了 他,"标题：分手后感觉生活少了点什么

正文：Halo 晚上好 像我标题所说的那样 我分手了 其实我还很小 我的人生还有很长 可我知道其实我不会让自己活得很久 我也不知道从什么时候开始 我好像开始有了失眠 崩溃 绝望 甚至想s 后来 我遇到了他 他痞帅痞帅的 倒是有点像某些小说的男主 我对他很好 虽然我自己也没什么钱 可我有的钱全都会给他买东西 可后来 我们吵架的次数越来越多 他认为我是无理取闹 我只能伤害自己 发现他和其他女孩亲密 我也没办法 只能让自己不要多想 果然 我们分手了 他",,https://tieba.baidu.com/p/10597329239,matched,pending_review,,来源存疑样本；已抓到列表摘要正文；仅作人工复核池，勿直接并入正式训练集,uncertain_redirect_round3_pool.csv
10597528017,孤独,孤独,一个人久了是不是就习惯了,,一个人久了是不是就习惯了,,https://tieba.baidu.com/p/10597528017,matched,pending_review,,来源存疑样本；已抓到列表摘要正文；仅作人工复核池，勿直接并入正式训练集,uncertain_redirect_round3_pool.csv
10598126317,孤独,孤独,有想结婚的吗？,被父母催了，本人男97年，想做一个同样因为小时候被人霸凌还有一些先天的原因导致现在自卑社恐没朋友，连门都不想出的那种，从来没谈过恋爱。父母买了一套新房如果我结婚的话就是我的。兴趣是看剧看动漫，目标是想存钱过躺平低欲望生活，如果有人能陪我一起出门的话我应该会更勇敢一些，想找一个同样想法的结婚，我对另一半没有什么要求。,"标题：有想结婚的吗？

正文：被父母催了，本人男97年，想做一个同样因为小时候被人霸凌还有一些先天的原因导致现在自卑社恐没朋友，连门都不想出的那种，从来没谈过恋爱。父母买了一套新房如果我结婚的话就是我的。兴趣是看剧看动漫，目标是想存钱过躺平低欲望生活，如果有人能陪我一起出门的话我应该会更勇敢一些，想找一个同样想法的结婚，我对另一半没有什么要求。",,https://tieba.baidu.com/p/10598126317,matched,pending_review,,来源存疑样本；已抓到列表摘要正文；仅作人工复核池，勿直接并入正式训练集,uncertain_redirect_round2_pool.csv
10600074910,孤独,孤独,离奔溃只有一步之遥,我觉得我病了，一直都是一个人生活，因为自己等其他家里原因也不能社交，也不能出去玩，也不能出去散步，也不能交朋友，也不跟任何人倾诉，如果仅仅是这样，或许还好，关键是我敏感，讨厌负能量，因为敏感，很多讨厌的事物又会想起，唉，好烦啊，而且最近心脏病又犯了，我一直都在抑制抑郁症，精分，敏感，但是感觉要奔溃，唉，，其实我也不想说我孤独缺爱，但是我的身体又能干什么，也不指望有人陪伴我，也不指望什么了，世界太假,"标题：离奔溃只有一步之遥

正文：我觉得我病了，一直都是一个人生活，因为自己等其他家里原因也不能社交，也不能出去玩，也不能出去散步，也不能交朋友，也不跟任何人倾诉，如果仅仅是这样，或许还好，关键是我敏感，讨厌负能量，因为敏感，很多讨厌的事物又会想起，唉，好烦啊，而且最近心脏病又犯了，我一直都在抑制抑郁症，精分，敏感，但是感觉要奔溃，唉，，其实我也不想说我孤独缺爱，但是我的身体又能干什么，也不指望有人陪伴我，也不指望什么了，世界太假",,https://tieba.baidu.com/p/10600074910,matched,pending_review,,来源存疑样本；已抓到列表摘要正文；仅作人工复核池，勿直接并入正式训练集,uncertain_redirect_round3_pool.csv
10600935872,孤独,孤独,今天我无聊了！,睡不着，有没有睡不着？的来聊五毛钱的！,"标题：今天我无聊了！

正文：睡不着，有没有睡不着？的来聊五毛钱的！",,https://tieba.baidu.com/p/10600935872,matched,pending_review,,来源存疑样本；已抓到列表摘要正文；仅作人工复核池，勿直接并入正式训练集,uncertain_redirect_round3_pool.csv
10601409644,孤独,孤独,大家都是多少岁do的第一次？,,大家都是多少岁do的第一次？,,https://tieba.baidu.com/p/10601409644,matched,pending_review,,来源存疑样本；已抓到列表摘要正文；仅作人工复核池，勿直接并入正式训练集,uncertain_redirect_round3_pool.csv
10603787118,孤独,孤独,标题五个字,唉，唉，唉，唉，唉 我一定是世界上最蠢的人了,"标题：标题五个字

正文：唉，唉，唉，唉，唉 我一定是世界上最蠢的人了",,https://tieba.baidu.com/p/10603787118,matched,pending_review,,来源存疑样本；已抓到列表摘要正文；仅作人工复核池，勿直接并入正式训练集,uncertain_redirect_round3_pool.csv
10604438535,孤独,孤独,有什么好的爱好推荐吗,没事干,"标题：有什么好的爱好推荐吗

正文：没事干",,https://tieba.baidu.com/p/10604438535,matched,pending_review,,来源存疑样本；已抓到列表摘要正文；仅作人工复核池，勿直接并入正式训练集,uncertain_redirect_round3_pool.csv
10607945465,孤独,孤独,找个一起打工的男朋友,,找个一起打工的男朋友,,https://tieba.baidu.com/p/10607945465,matched,pending_review,,来源存疑样本；已抓到列表摘要正文；仅作人工复核池，勿直接并入正式训练集,uncertain_redirect_round2_pool.csv
10608157569,孤独,孤独,男的真的不太行满足不了你的目的。。,之前月薪1500，现在变成2700了。求女性小伙伴，吐槽，分享日常，八卦。什么都可以聊。。。,"标题：男的真的不太行满足不了你的目的。。

正文：之前月薪1500，现在变成2700了。求女性小伙伴，吐槽，分享日常，八卦。什么都可以聊。。。",,https://tieba.baidu.com/p/10608157569,matched,pending_review,,来源存疑样本；已抓到列表摘要正文；仅作人工复核池，勿直接并入正式训练集,uncertain_redirect_round3_pool.csv
10608275376,孤独,孤独,我讨厌孤独,我真的真的真的不想不想不想再一个人待着了。,"标题：我讨厌孤独

正文：我真的真的真的不想不想不想再一个人待着了。",,https://tieba.baidu.com/p/10608275376,matched,pending_review,,来源存疑样本；已抓到列表摘要正文；仅作人工复核池，勿直接并入正式训练集,uncertain_redirect_round3_pool.csv
10608444118,孤独,孤独,这个点有人喝咖啡吗，我请你,,这个点有人喝咖啡吗，我请你,,https://tieba.baidu.com/p/10608444118,matched,pending_review,,来源存疑样本；已抓到列表摘要正文；仅作人工复核池，勿直接并入正式训练集,uncertain_redirect_round3_pool.csv
10608941726,孤独,孤独,孤独是啥啊,我好像一直都是一个人，不是没人陪伴那种，而是很多人在身边，但我始终感觉只有我一个人那种孤独，我已经4年没回过家了，我谈过很多女朋友，很多人爱我，但是我始终感觉我是孤独的，国内我基本自己一个人旅行完了，正常人该吃的，该玩，该见识的都享受过了，最近我一直在想办法结束游戏，在考虑哪种方法更好，因为我找不到任何游戏下去的意义了，真的找不到任何存在的意义了,"标题：孤独是啥啊

正文：我好像一直都是一个人，不是没人陪伴那种，而是很多人在身边，但我始终感觉只有我一个人那种孤独，我已经4年没回过家了，我谈过很多女朋友，很多人爱我，但是我始终感觉我是孤独的，国内我基本自己一个人旅行完了，正常人该吃的，该玩，该见识的都享受过了，最近我一直在想办法结束游戏，在考虑哪种方法更好，因为我找不到任何游戏下去的意义了，真的找不到任何存在的意义了",,https://tieba.baidu.com/p/10608941726,matched,pending_review,,来源存疑样本；已抓到列表摘要正文；仅作人工复核池，勿直接并入正式训练集,uncertain_redirect_round3_pool.csv
10609405078,孤独,孤独,简简单单交个朋友,没有任何理由，也没有任何仰仗，空了能说说话，天凉了能嘘寒问暖，难过了可以倾诉。做我朋友吧。送给那些和我一样孤独的人。,"标题：简简单单交个朋友

正文：没有任何理由，也没有任何仰仗，空了能说说话，天凉了能嘘寒问暖，难过了可以倾诉。做我朋友吧。送给那些和我一样孤独的人。",,https://tieba.baidu.com/p/10609405078,matched,pending_review,,来源存疑样本；已抓到列表摘要正文；仅作人工复核池，勿直接并入正式训练集,uncertain_redirect_round3_pool.csv
10611133554,孤独,孤独,加网友互助，吧主是乡巴佬,男90后，这吧是垃圾堆，不值得观看。现环境不足，只想有个网友每天能联系联系，简单说说话，以利心理健康。 非诚勿扰，一些混吃等死，黄同性恋，流浪隐居孤儿负债吧的等等低层次的人勿扰。 有意者可私信。,"标题：加网友互助，吧主是乡巴佬

正文：男90后，这吧是垃圾堆，不值得观看。现环境不足，只想有个网友每天能联系联系，简单说说话，以利心理健康。 非诚勿扰，一些混吃等死，黄同性恋，流浪隐居孤儿负债吧的等等低层次的人勿扰。 有意者可私信。",,https://tieba.baidu.com/p/10611133554,matched,pending_review,,来源存疑样本；已抓到列表摘要正文；仅作人工复核池，勿直接并入正式训练集,uncertain_redirect_round3_pool.csv
10612201373,孤独,孤独,找聊天对象,找一个聊天的对象，可以互相倾诉，有吗,"标题：找聊天对象

正文：找一个聊天的对象，可以互相倾诉，有吗",,https://tieba.baidu.com/p/10612201373,matched,pending_review,,来源存疑样本；已抓到列表摘要正文；仅作人工复核池，勿直接并入正式训练集,uncertain_redirect_round2_pool.csv
10612480449,孤独,孤独,抑郁症女找人聊天,我已经和我世界里所有人都不说话了，不工作的人就没人 待见了，人活着就是为了工作吗,"标题：抑郁症女找人聊天

正文：我已经和我世界里所有人都不说话了，不工作的人就没人 待见了，人活着就是为了工作吗",,https://tieba.baidu.com/p/10612480449,matched,pending_review,,来源存疑样本；已抓到列表摘要正文；仅作人工复核池，勿直接并入正式训练集,uncertain_redirect_round2_pool.csv
10613002064,孤独,孤独,我可能习惯孤独了,时间过得很快，转眼好几个月了，好久没有发帖了，一个人可能也习惯了这种孤独感，但是感觉挺好的,"标题：我可能习惯孤独了

正文：时间过得很快，转眼好几个月了，好久没有发帖了，一个人可能也习惯了这种孤独感，但是感觉挺好的",,https://tieba.baidu.com/p/10613002064,matched,pending_review,,来源存疑样本；已抓到列表摘要正文；仅作人工复核池，勿直接并入正式训练集,uncertain_redirect_round3_pool.csv
10613165155,孤独,孤独,我好孤独啊,现实中0个人找我怎么办，感觉好空虚，做啥都感觉没意义,"标题：我好孤独啊

正文：现实中0个人找我怎么办，感觉好空虚，做啥都感觉没意义",,https://tieba.baidu.com/p/10613165155,matched,pending_review,,来源存疑样本；已抓到列表摘要正文；仅作人工复核池，勿直接并入正式训练集,uncertain_redirect_round3_pool.csv
10613763069,孤独,孤独,乖乖女睡不着 好难受 需要安慰 呜呜,,乖乖女睡不着 好难受 需要安慰 呜呜,,https://tieba.baidu.com/p/10613763069,matched,pending_review,,来源存疑样本；已抓到列表摘要正文；仅作人工复核池，勿直接并入正式训练集,uncertain_redirect_round2_pool.csv
10614485861,孤独,孤独,jiaoyoudd,感谢独吧已经让我找到了几位不错的朋友 我希望能找到更多的好朋友，平时聊点日常，如果有共同爱好那更好了 卡一下年龄太大的可能有隔阂，小一点没事 不要喜欢背刺的,"标题：jiaoyoudd

正文：感谢独吧已经让我找到了几位不错的朋友 我希望能找到更多的好朋友，平时聊点日常，如果有共同爱好那更好了 卡一下年龄太大的可能有隔阂，小一点没事 不要喜欢背刺的",,https://tieba.baidu.com/p/10614485861,matched,pending_review,,来源存疑样本；已抓到列表摘要正文；仅作人工复核池，勿直接并入正式训练集,uncertain_redirect_round3_pool.csv
10616326309,孤独,孤独,十年。我还是很孤独,,十年。我还是很孤独,,https://tieba.baidu.com/p/10616326309,matched,pending_review,,来源存疑样本；已抓到列表摘要正文；仅作人工复核池，勿直接并入正式训练集,uncertain_redirect_round3_pool.csv
10616626362,孤独,孤独,抛砖引玉，交友征婚。,男88年，一个人的家。双鱼座。两栋房子 两套套房 一个临街店面。 身高体重:166cm，50kg。 喜欢爬山，热爱生活，想找个安稳的人好好过日子。,"标题：抛砖引玉，交友征婚。

正文：男88年，一个人的家。双鱼座。两栋房子 两套套房 一个临街店面。 身高体重:166cm，50kg。 喜欢爬山，热爱生活，想找个安稳的人好好过日子。",,https://tieba.baidu.com/p/10616626362,matched,pending_review,,来源存疑样本；已抓到列表摘要正文；仅作人工复核池，勿直接并入正式训练集,uncertain_redirect_round3_pool.csv
10616878499,孤独,孤独,找一位双相朋友,我遭遇许多变故 深夜经常双相发作 希望寻找一位纯网络朋友 不过问太多信息 心存共情 人言善良即可#找一位双相朋友【图片】,我遭遇许多变故 深夜经常双相发作 希望寻找一位纯网络朋友 不过问太多信息 心存共情 人言善良即可#找一位双相朋友【图片】,,https://tieba.baidu.com/p/10616878499,matched,pending_review,,来源存疑样本；已抓到列表摘要正文；仅作人工复核池，勿直接并入正式训练集,uncertain_redirect_round2_pool.csv
10617812402,孤独,孤独,好孤单啊 做什么事情都是一个人 好累,,好孤单啊 做什么事情都是一个人 好累,,https://tieba.baidu.com/p/10617812402,matched,pending_review,,来源存疑样本；已抓到列表摘要正文；仅作人工复核池，勿直接并入正式训练集,uncertain_redirect_round3_pool.csv
10618751465,孤独,孤独,诸位朋友们谁能帮我,越来越差了。走投无路了。饿了，一毛没有，饿着。。。朝不保夕流离失所，天凉不能睡大街，洗浴过夜，几十块明天还没钱结账。求借无门求生无路。看不到什么希望了！一无所有从新开始太难了，尤其负重前行，身心被掏空了，三天饿六七顿。。病了硬挺着。。活成这样子了。。。怎么就活成这样了。。。宝刀锋从磨砺出梅花香自苦寒来。深陷泥潭多少年了，也没熬出来反而越来越深了。寒冬已过梅花都谢了我还是看不到希望。每天焦虑不安，恐,"标题：诸位朋友们谁能帮我

正文：越来越差了。走投无路了。饿了，一毛没有，饿着。。。朝不保夕流离失所，天凉不能睡大街，洗浴过夜，几十块明天还没钱结账。求借无门求生无路。看不到什么希望了！一无所有从新开始太难了，尤其负重前行，身心被掏空了，三天饿六七顿。。病了硬挺着。。活成这样子了。。。怎么就活成这样了。。。宝刀锋从磨砺出梅花香自苦寒来。深陷泥潭多少年了，也没熬出来反而越来越深了。寒冬已过梅花都谢了我还是看不到希望。每天焦虑不安，恐",,https://tieba.baidu.com/p/10618751465,matched,pending_review,,来源存疑样本；已抓到列表摘要正文；仅作人工复核池，勿直接并入正式训练集,uncertain_redirect_round3_pool.csv
10619117998,孤独,孤独,为什么对其他男生没有聊天欲望 除非那个人是我前男友,虽然是网恋 但是他是第一个对我好的男生 即使分手了 我这个傻福 还忍不住去找他聊天 看见他的信息说真的老是控制不住哭,"标题：为什么对其他男生没有聊天欲望 除非那个人是我前男友

正文：虽然是网恋 但是他是第一个对我好的男生 即使分手了 我这个傻福 还忍不住去找他聊天 看见他的信息说真的老是控制不住哭",,https://tieba.baidu.com/p/10619117998,matched,pending_review,,来源存疑样本；已抓到列表摘要正文；仅作人工复核池，勿直接并入正式训练集,uncertain_redirect_round3_pool.csv
10623086722,孤独,孤独,马上29了,一个人在出租屋挂壁了将近8年，每天有看不完的动漫小说，有打不完的游戏，一直没感觉到孤独。 直到今天首页给我推了这个吧，我想，随着年龄增大，无论什么人也会渐渐感受到孤独吧 所以，要不现在预防一手，早点出门看看世界，打打工？！,"标题：马上29了

正文：一个人在出租屋挂壁了将近8年，每天有看不完的动漫小说，有打不完的游戏，一直没感觉到孤独。 直到今天首页给我推了这个吧，我想，随着年龄增大，无论什么人也会渐渐感受到孤独吧 所以，要不现在预防一手，早点出门看看世界，打打工？！",,https://tieba.baidu.com/p/10623086722,matched,pending_review,,来源存疑样本；已抓到列表摘要正文；仅作人工复核池，勿直接并入正式训练集,uncertain_redirect_round2_pool.csv
10623426280,孤独,孤独,记录孤独的日子,记录孤独的日子,记录孤独的日子,,https://tieba.baidu.com/p/10623426280,matched,pending_review,,来源存疑样本；已抓到列表摘要正文；仅作人工复核池，勿直接并入正式训练集,uncertain_redirect_round3_pool.csv
10623618345,孤独,孤独,老婆买了两盒不是我的款,老婆在洗澡。 我看家里的小雨伞没了，便去了楼下的便利店。 老板看到我手上的东西，笑着摇头。 「前天不是才买了两盒？」 「啧啧，年轻人就是体力好啊。」 我付钱的手一顿。 我出差一个星期，一个小时前才回来啊。 「对了，你老婆不是拿的螺纹的吗？你怎么拿超薄的了？」 老板一边扫码，一边随口问我。 什么？ 螺纹的？ 我用的一直都是超薄的，我老婆知道的啊。 我只感觉一阵天旋地转。 面色瞬间涨红。 当然不是因为不好意思，而是气的,"标题：老婆买了两盒不是我的款

正文：老婆在洗澡。 我看家里的小雨伞没了，便去了楼下的便利店。 老板看到我手上的东西，笑着摇头。 「前天不是才买了两盒？」 「啧啧，年轻人就是体力好啊。」 我付钱的手一顿。 我出差一个星期，一个小时前才回来啊。 「对了，你老婆不是拿的螺纹的吗？你怎么拿超薄的了？」 老板一边扫码，一边随口问我。 什么？ 螺纹的？ 我用的一直都是超薄的，我老婆知道的啊。 我只感觉一阵天旋地转。 面色瞬间涨红。 当然不是因为不好意思，而是气的",,https://tieba.baidu.com/p/10623618345,matched,pending_review,,来源存疑样本；已抓到列表摘要正文；仅作人工复核池，勿直接并入正式训练集,uncertain_redirect_round2_pool.csv
10623702698,孤独,孤独,我好无力。,我幻想未来有人陪着我 做了很多事 什么都好起来了 结果想抽抽了 躯体化了 我好无力。,我幻想未来有人陪着我 做了很多事 什么都好起来了 结果想抽抽了 躯体化了 我好无力。,,https://tieba.baidu.com/p/10623702698,matched,pending_review,,来源存疑样本；已抓到列表摘要正文；仅作人工复核池，勿直接并入正式训练集,uncertain_redirect_round3_pool.csv
10623933153,孤独,孤独,一个人 一个娃,去年到现在没朋友了。朋友走到最后都会各走各的 天下没有不散的筵席 一开始半年不习惯 现在也逐渐习惯了。,"标题：一个人 一个娃

正文：去年到现在没朋友了。朋友走到最后都会各走各的 天下没有不散的筵席 一开始半年不习惯 现在也逐渐习惯了。",,https://tieba.baidu.com/p/10623933153,matched,pending_review,,来源存疑样本；已抓到列表摘要正文；仅作人工复核池，勿直接并入正式训练集,uncertain_redirect_round2_pool.csv
10624839333,孤独,孤独,车灯只能照亮50米，但你依然能开完全程,“车灯只能照亮50米，但你依然能开完全程” 很多时候我们做出选择时虽然无法预料， 最终的结果但没必要因此焦虑， 如果你无法预料未来， 那就握紧手中的方向盘走好当下的路,“车灯只能照亮50米，但你依然能开完全程” 很多时候我们做出选择时虽然无法预料， 最终的结果但没必要因此焦虑， 如果你无法预料未来， 那就握紧手中的方向盘走好当下的路,,https://tieba.baidu.com/p/10624839333,matched,pending_review,,来源存疑样本；已抓到列表摘要正文；仅作人工复核池，勿直接并入正式训练集,uncertain_redirect_round3_pool.csv
10624851837,孤独,孤独,无趣的生活,睡觉听歌 洗澡听推文 白天看电视剧,"标题：无趣的生活

正文：睡觉听歌 洗澡听推文 白天看电视剧",,https://tieba.baidu.com/p/10624851837,matched,pending_review,,来源存疑样本；已抓到列表摘要正文；仅作人工复核池，勿直接并入正式训练集,uncertain_redirect_round3_pool.csv
10625231686,孤独,孤独,我感觉自己好孤独啊,一个可以说话聊天的人都没有！,"标题：我感觉自己好孤独啊

正文：一个可以说话聊天的人都没有！",,https://tieba.baidu.com/p/10625231686,matched,pending_review,,来源存疑样本；已抓到列表摘要正文；仅作人工复核池，勿直接并入正式训练集,uncertain_redirect_round3_pool.csv
10625603141,孤独,孤独,有人想看黑蝴蝶吗 刚拍的,,有人想看黑蝴蝶吗 刚拍的,,https://tieba.baidu.com/p/10625603141,matched,pending_review,,来源存疑样本；已抓到列表摘要正文；仅作人工复核池，勿直接并入正式训练集,uncertain_redirect_round2_pool.csv
10625626803,孤独,孤独,我讨厌孤独，但我不想在一个人孤独了,,我讨厌孤独，但我不想在一个人孤独了,,https://tieba.baidu.com/p/10625626803,matched,pending_review,,来源存疑样本；已抓到列表摘要正文；仅作人工复核池，勿直接并入正式训练集,uncertain_redirect_round2_pool.csv
10625653989,孤独,孤独,这大概就是孤独的样子吧,花巨资4.2元点了两杯奶茶，一杯是杨枝甘露，另一杯……也并不是杨枝甘露；低头沉思了一秒？好像不知道分享给谁？哦，有了。我的影子吧，只有它陪伴我最长情！来，茄丝……,"标题：这大概就是孤独的样子吧

正文：花巨资4.2元点了两杯奶茶，一杯是杨枝甘露，另一杯……也并不是杨枝甘露；低头沉思了一秒？好像不知道分享给谁？哦，有了。我的影子吧，只有它陪伴我最长情！来，茄丝……",,https://tieba.baidu.com/p/10625653989,matched,pending_review,,来源存疑样本；已抓到列表摘要正文；仅作人工复核池，勿直接并入正式训练集,uncertain_redirect_round3_pool.csv
10625759819,孤独,孤独,找个男朋友太难了,只要是我的男人不会让他输,"标题：找个男朋友太难了

正文：只要是我的男人不会让他输",,https://tieba.baidu.com/p/10625759819,matched,pending_review,,来源存疑样本；已抓到列表摘要正文；仅作人工复核池，勿直接并入正式训练集,uncertain_redirect_round2_pool.csv
10625780994,孤独,孤独,我借了我老姨 4 万多块钱。,到现在有 4年了。没还，他欠了几十万的外债。给她儿子买房子办工作都是借的，我一要这个钱，她就说没有。不知道怎么办，感觉要瞎了，我老姨要是没了就没人还这个钱,"标题：我借了我老姨 4 万多块钱。

正文：到现在有 4年了。没还，他欠了几十万的外债。给她儿子买房子办工作都是借的，我一要这个钱，她就说没有。不知道怎么办，感觉要瞎了，我老姨要是没了就没人还这个钱",,https://tieba.baidu.com/p/10625780994,matched,pending_review,,来源存疑样本；已抓到列表摘要正文；仅作人工复核池，勿直接并入正式训练集,uncertain_redirect_round3_pool.csv
10625843447,孤独,孤独,我不懂人情世故,我感觉人情世故好难，怎么办？,"标题：我不懂人情世故

正文：我感觉人情世故好难，怎么办？",,https://tieba.baidu.com/p/10625843447,matched,pending_review,,来源存疑样本；已抓到列表摘要正文；仅作人工复核池，勿直接并入正式训练集,uncertain_redirect_round2_pool.csv
10625845989,孤独,孤独,一个人也可以把生活过的有自有慰的,dddd 秒回,"标题：一个人也可以把生活过的有自有慰的

正文：dddd 秒回",,https://tieba.baidu.com/p/10625845989,matched,pending_review,,来源存疑样本；已抓到列表摘要正文；仅作人工复核池，勿直接并入正式训练集,uncertain_redirect_round2_pool.csv
3594713809,孤独,孤独,孤独是自己的家，爱它就可以了,黑色笼罩的夜里，静静的听钟表的指针摆动的声音，清脆没有杂音，还有扑通扑通的心跳，这像是静止的，又好像不是，躺在被窝里暖哄哄的，空气是冻不着我的，到会压抑到让人喘息。无处可逃。别人有他们的事，我的独处与他们无关，等待时间到凌晨，等待困倦袭来，等待什么有趣的事可以代替孤独，我有的是自娱自乐的快乐。,"标题：孤独是自己的家，爱它就可以了

正文：黑色笼罩的夜里，静静的听钟表的指针摆动的声音，清脆没有杂音，还有扑通扑通的心跳，这像是静止的，又好像不是，躺在被窝里暖哄哄的，空气是冻不着我的，到会压抑到让人喘息。无处可逃。别人有他们的事，我的独处与他们无关，等待时间到凌晨，等待困倦袭来，等待什么有趣的事可以代替孤独，我有的是自娱自乐的快乐。",,https://tieba.baidu.com/p/3594713809,matched,pending_review,,来源存疑样本；已抓到列表摘要正文；仅作人工复核池，勿直接并入正式训练集,uncertain_redirect_round3_pool.csv
5584678546,孤独,孤独,新认识个朋友搬我宿舍来住了，刚才她朋友打电话喊她出去唱歌了,现在我一个人在宿舍,"标题：新认识个朋友搬我宿舍来住了，刚才她朋友打电话喊她出去唱歌了

正文：现在我一个人在宿舍",,https://tieba.baidu.com/p/5584678546,matched,pending_review,,来源存疑样本；已抓到列表摘要正文；仅作人工复核池，勿直接并入正式训练集,uncertain_redirect_round3_pool.csv
8308034621,孤独,孤独,浪费时间和生命,,浪费时间和生命,,https://tieba.baidu.com/p/8308034621,matched,pending_review,,来源存疑样本；已抓到列表摘要正文；仅作人工复核池，勿直接并入正式训练集,uncertain_redirect_round3_pool.csv
8741088128,孤独,孤独,人从多少岁开始，会一直在失去,我现在好像就一直在失去 失去青春 失去勇气 失去自信 孤独感越来越深 但我要学会与自己相处 和那份孤独感共存,"标题：人从多少岁开始，会一直在失去

正文：我现在好像就一直在失去 失去青春 失去勇气 失去自信 孤独感越来越深 但我要学会与自己相处 和那份孤独感共存",,https://tieba.baidu.com/p/8741088128,matched,pending_review,,来源存疑样本；已抓到列表摘要正文；仅作人工复核池，勿直接并入正式训练集,uncertain_redirect_round3_pool.csv
9044992282,孤独,孤独,贴吧微信群,欢迎入群，私信给我微信号,"标题：贴吧微信群

正文：欢迎入群，私信给我微信号",,https://tieba.baidu.com/p/9044992282,matched,pending_review,,来源存疑样本；已抓到列表摘要正文；仅作人工复核池，勿直接并入正式训练集,uncertain_redirect_round3_pool.csv
9155680090,孤独,孤独,『记录贴』目标→努力具有活人气息,记录帖子，这回抑郁好了，我得好好组织组织我的语言，碎碎念，，，我的脑子在恢复，这次我一定能记录很长时间，，， 经常发呆🍀 时常想死s🍂 没关系的，先睡觉吧🎄,"标题：『记录贴』目标→努力具有活人气息

正文：记录帖子，这回抑郁好了，我得好好组织组织我的语言，碎碎念，，，我的脑子在恢复，这次我一定能记录很长时间，，， 经常发呆🍀 时常想死s🍂 没关系的，先睡觉吧🎄",,https://tieba.baidu.com/p/9155680090,matched,pending_review,,来源存疑样本；已抓到列表摘要正文；仅作人工复核池，勿直接并入正式训练集,uncertain_redirect_round3_pool.csv
9161829706,孤独,孤独,记录日常完成帖,,记录日常完成帖,,https://tieba.baidu.com/p/9161829706,matched,pending_review,,来源存疑样本；已抓到列表摘要正文；仅作人工复核池，勿直接并入正式训练集,uncertain_redirect_round3_pool.csv
9409743475,孤独,孤独,孤独无药可救,极致孤独，vx通讯录上千人，遇不到一个同频共振的人。懒得去交友软件了，同龄人里全是些嘴斜眼歪、胸无点墨的低端老光棍，让人绝望到窒息。孤孤单单了很多年，不知道怎么熬过来的，定期崩溃，间歇性抑郁。养了个小泰迪陪了我10年，去年没了让我感到了椎心的疼痛，我哭了很长时间，更加孤独了。我不是不想找个伴侣，但是遇不到一直遇不到，可能我要孤独终老了，小鲜肉不适合我，老男人太算计，不老不小的好像对我也没兴趣。我表面繁,"标题：孤独无药可救

正文：极致孤独，vx通讯录上千人，遇不到一个同频共振的人。懒得去交友软件了，同龄人里全是些嘴斜眼歪、胸无点墨的低端老光棍，让人绝望到窒息。孤孤单单了很多年，不知道怎么熬过来的，定期崩溃，间歇性抑郁。养了个小泰迪陪了我10年，去年没了让我感到了椎心的疼痛，我哭了很长时间，更加孤独了。我不是不想找个伴侣，但是遇不到一直遇不到，可能我要孤独终老了，小鲜肉不适合我，老男人太算计，不老不小的好像对我也没兴趣。我表面繁",,https://tieba.baidu.com/p/9409743475,matched,pending_review,,来源存疑样本；已抓到列表摘要正文；仅作人工复核池，勿直接并入正式训练集,uncertain_redirect_round3_pool.csv
9688334885,孤独,孤独,交友/交流,楼主25岁身强力壮的男性，有一份还算可以的工作，但还是会感到迷茫，不单是身体上的，总是感觉心里的话无人分享，也不知道怎么分享。平时下班也无事可做，现在也没有上学时那么爱打游戏。多是在床上躺着发呆或者到处走走。 身边除去同事，就是父母当初的朋友也渐行渐远。 灵魂的共振似乎已经没有了。 想找一个平时能聊聊天的，年龄无所谓，聊得来就好。 离群索居者，不是野兽，就是神明。,"标题：交友/交流

正文：楼主25岁身强力壮的男性，有一份还算可以的工作，但还是会感到迷茫，不单是身体上的，总是感觉心里的话无人分享，也不知道怎么分享。平时下班也无事可做，现在也没有上学时那么爱打游戏。多是在床上躺着发呆或者到处走走。 身边除去同事，就是父母当初的朋友也渐行渐远。 灵魂的共振似乎已经没有了。 想找一个平时能聊聊天的，年龄无所谓，聊得来就好。 离群索居者，不是野兽，就是神明。",,https://tieba.baidu.com/p/9688334885,matched,pending_review,,来源存疑样本；已抓到列表摘要正文；仅作人工复核池，勿直接并入正式训练集,uncertain_redirect_round3_pool.csv
9863343063,孤独,孤独,忽然发现，我29岁了，不知道要去哪里……,如今人在北京，一个人住，5月份裸辞，没兴趣上班了。 干了5年程序员了，java，不是很有兴趣了。每天上班，面对屏幕代码一整天，感觉整个人都快变成人形AI了。每天上班下班干饭刷剧学习，甚是无聊。 生活，也没什么奔头。老家只剩母亲，常年住院，但花不了几个钱。父亲22年去世的。爷爷奶奶，在我很小很小的时候就不在了。对于婚姻，基本没什么想法，尽管偶尔也会羡慕一下别人的甜蜜生活。 挣钱，也没处花……,"标题：忽然发现，我29岁了，不知道要去哪里……

正文：如今人在北京，一个人住，5月份裸辞，没兴趣上班了。 干了5年程序员了，java，不是很有兴趣了。每天上班，面对屏幕代码一整天，感觉整个人都快变成人形AI了。每天上班下班干饭刷剧学习，甚是无聊。 生活，也没什么奔头。老家只剩母亲，常年住院，但花不了几个钱。父亲22年去世的。爷爷奶奶，在我很小很小的时候就不在了。对于婚姻，基本没什么想法，尽管偶尔也会羡慕一下别人的甜蜜生活。 挣钱，也没处花……",,https://tieba.baidu.com/p/9863343063,matched,pending_review,,来源存疑样本；已抓到列表摘要正文；仅作人工复核池，勿直接并入正式训练集,uncertain_redirect_round2_pool.csv
9864226212,孤独,孤独,史记231,我也来个十年长贴哈，希望能坚持下去，其实我对旧的事物充满眷恋，吧里那么多长贴我也要开扣押,"标题：史记231

正文：我也来个十年长贴哈，希望能坚持下去，其实我对旧的事物充满眷恋，吧里那么多长贴我也要开扣押",,https://tieba.baidu.com/p/9864226212,matched,pending_review,,来源存疑样本；已抓到列表摘要正文；仅作人工复核池，勿直接并入正式训练集,uncertain_redirect_round3_pool.csv
9874453232,孤独,孤独,T﹏T太孤单了求话痨小伙伴,有没有人愿意和我做聊天搭子。。本人35岁女。二本大学毕业。月薪1500。互相分享日常~男女不限。。实在是太孤单了捏,"标题：T﹏T太孤单了求话痨小伙伴

正文：有没有人愿意和我做聊天搭子。。本人35岁女。二本大学毕业。月薪1500。互相分享日常~男女不限。。实在是太孤单了捏",,https://tieba.baidu.com/p/9874453232,matched,pending_review,,来源存疑样本；已抓到列表摘要正文；仅作人工复核池，勿直接并入正式训练集,uncertain_redirect_round3_pool.csv
9893861934,孤独,孤独,你们有和你们一起吃榴莲～和你们一起吃披萨的另一半吗？,我还没找到能和我一起吃榴莲～和我一起吃披萨的另一半～我最爱的榴莲和披萨想分享给他都分享不了～宝子们～你们呢？你们找到了吗？,"标题：你们有和你们一起吃榴莲～和你们一起吃披萨的另一半吗？

正文：我还没找到能和我一起吃榴莲～和我一起吃披萨的另一半～我最爱的榴莲和披萨想分享给他都分享不了～宝子们～你们呢？你们找到了吗？",,https://tieba.baidu.com/p/9893861934,matched,pending_review,,来源存疑样本；已抓到列表摘要正文；仅作人工复核池，勿直接并入正式训练集,uncertain_redirect_round3_pool.csv
10268686216,家暴,家暴,那双刚施过暴的手 怎么能像若无其事的抱住你,#家暴,"标题：那双刚施过暴的手 怎么能像若无其事的抱住你

正文：#家暴",,https://tieba.baidu.com/p/10268686216,matched,pending_review,,来源存疑样本；已抓到列表摘要正文；仅作人工复核池，勿直接并入正式训练集,uncertain_redirect_review_pool.csv
10368314549,家暴,家暴,我愿意减阳寿换我爸爸去死,"出生在一个组合二婚的原生家庭，我的家庭只有暴力，没有亲情，爸爸77岁，（身体还行比较硬朗）妈妈67岁，（总呕气被打，有高血压）而我才28岁，回首过往，对比同龄人，小时候包括现在，我的生活总是听到爸爸打妈妈，骂妈妈，赶我妈妈离开家的一些话 爸爸的思想还活在以前的男尊女卑时代，把妈妈当免费的保姆,奴隶，什么事都指望妈妈去做，妈妈在他面前没有任何的话语权，在我记事起我的妈妈被他打过无数次，用刀架脖子上3次，他要杀我","标题：我愿意减阳寿换我爸爸去死

正文：出生在一个组合二婚的原生家庭，我的家庭只有暴力，没有亲情，爸爸77岁，（身体还行比较硬朗）妈妈67岁，（总呕气被打，有高血压）而我才28岁，回首过往，对比同龄人，小时候包括现在，我的生活总是听到爸爸打妈妈，骂妈妈，赶我妈妈离开家的一些话 爸爸的思想还活在以前的男尊女卑时代，把妈妈当免费的保姆,奴隶，什么事都指望妈妈去做，妈妈在他面前没有任何的话语权，在我记事起我的妈妈被他打过无数次，用刀架脖子上3次，他要杀我",,https://tieba.baidu.com/p/10368314549,matched,pending_review,,来源存疑样本；已抓到列表摘要正文；仅作人工复核池，勿直接并入正式训练集,uncertain_redirect_review_pool.csv
10399421358,家暴,家暴,如何制裁暴力狂父亲,我爸一直以来被我也PUA，现在来PUA我，现在他瞪我和准备打我已经是常态了，看见有关他的东西我会下意识的恐惧，甚至听到别人大声说话我都会下个半死，劝父母(70后）离婚，母亲只让我忍受(实则她也被PUA完了）高二的，怎么搞？,"标题：如何制裁暴力狂父亲

正文：我爸一直以来被我也PUA，现在来PUA我，现在他瞪我和准备打我已经是常态了，看见有关他的东西我会下意识的恐惧，甚至听到别人大声说话我都会下个半死，劝父母(70后）离婚，母亲只让我忍受(实则她也被PUA完了）高二的，怎么搞？",,https://tieba.baidu.com/p/10399421358,matched,pending_review,,来源存疑样本；已抓到列表摘要正文；仅作人工复核池，勿直接并入正式训练集,uncertain_redirect_review_pool.csv
10490406100,家暴,家暴,有多少女人被男人打了回不了娘家，娘家没指望，没人帮的？,如题！,"标题：有多少女人被男人打了回不了娘家，娘家没指望，没人帮的？

正文：如题！",,https://tieba.baidu.com/p/10490406100,matched,pending_review,,来源存疑样本；已抓到列表摘要正文；仅作人工复核池，勿直接并入正式训练集,uncertain_redirect_review_pool.csv
10494780093,家暴,家暴,发现姑姑被家暴怎么办,今天中午去我奶奶家拜年，看见我姑姑眼睛框和鼻梁上缝的针，我问了好几遍都说收拾柜子磕在门把手上了，我奶奶一会悄悄和我说说她问了好几遍是我姑父打的，我姑姑有正式工作，这个禽兽为了看他女儿就不上班，小孩上六年级一直不上班，说有一天晚上在他妈那喝酒，喝多了回来，我姑姑和她闺女在另一家说话，他嫌吵的不行，我姑姑就和她闺女去了另外一家，他就在床上骂骂咧咧我姑姑看不下去过去说了他几句，他站起来就拿拳头打我姑姑脸,"标题：发现姑姑被家暴怎么办

正文：今天中午去我奶奶家拜年，看见我姑姑眼睛框和鼻梁上缝的针，我问了好几遍都说收拾柜子磕在门把手上了，我奶奶一会悄悄和我说说她问了好几遍是我姑父打的，我姑姑有正式工作，这个禽兽为了看他女儿就不上班，小孩上六年级一直不上班，说有一天晚上在他妈那喝酒，喝多了回来，我姑姑和她闺女在另一家说话，他嫌吵的不行，我姑姑就和她闺女去了另外一家，他就在床上骂骂咧咧我姑姑看不下去过去说了他几句，他站起来就拿拳头打我姑姑脸",,https://tieba.baidu.com/p/10494780093,matched,pending_review,,来源存疑样本；已抓到列表摘要正文；仅作人工复核池，勿直接并入正式训练集,uncertain_redirect_review_pool.csv
10554267839,家暴,家暴,......,🌺一个人没有经历过饥寒，贫困注定成为他的归宿；一个人如果没有摔过跤，他一定会被社会摔得很痛。,"标题：......

正文：🌺一个人没有经历过饥寒，贫困注定成为他的归宿；一个人如果没有摔过跤，他一定会被社会摔得很痛。",,https://tieba.baidu.com/p/10554267839,matched,pending_review,,来源存疑样本；已抓到列表摘要正文；仅作人工复核池，勿直接并入正式训练集,uncertain_redirect_review_pool.csv
10569429002,家暴,家暴,家暴无数次，我逃了是对是错,就这样到了18号中午退房，都平安无事。开始出发回家，他不提前规划好加油站，路上开始烦找事又骂我，我想着忍着，把我们带回去就行，一路上我都不敢说话。直到到了临沂段高速，他又开始骂我，骂我爸妈，嫌我把昨晚他在济南扔下我和孩子的事和我家人说，和他爸说，骂我爸妈骂我，边开车边打我。我不敢说话想着赶紧到家。下了高速到了高架，又骂我打我，还是骂我和我家里人说，骂我家人。下了高架又开始骂我打我，我拆下来安全带，车,"标题：家暴无数次，我逃了是对是错

正文：就这样到了18号中午退房，都平安无事。开始出发回家，他不提前规划好加油站，路上开始烦找事又骂我，我想着忍着，把我们带回去就行，一路上我都不敢说话。直到到了临沂段高速，他又开始骂我，骂我爸妈，嫌我把昨晚他在济南扔下我和孩子的事和我家人说，和他爸说，骂我爸妈骂我，边开车边打我。我不敢说话想着赶紧到家。下了高速到了高架，又骂我打我，还是骂我和我家里人说，骂我家人。下了高架又开始骂我打我，我拆下来安全带，车",,https://tieba.baidu.com/p/10569429002,matched,pending_review,,来源存疑样本；已抓到列表摘要正文；仅作人工复核池，勿直接并入正式训练集,uncertain_redirect_review_pool.csv
9021854311,家暴,家暴,吧友求助🆘,本人常年被家暴，只要提出离婚就被打。闪婚认识一个月就嫁了一个比我大11岁的男人。我无依无靠，无父无母，无亲无故，也没有钱，靠自己的脚，逃了十几个地方，挣扎来挣扎去，最终还是都被他用非法手段查到住所。租了十几个房子也被他找到。报警50多次，警察不管。并且我这边的小县城的派出所。根本不关注家暴事件。除非是死人了，派出所民警对我说认为家暴是家丑不可外扬，他们说我被家暴了，是家丑我有什么脸报警，这是警察亲口对,"标题：吧友求助🆘

正文：本人常年被家暴，只要提出离婚就被打。闪婚认识一个月就嫁了一个比我大11岁的男人。我无依无靠，无父无母，无亲无故，也没有钱，靠自己的脚，逃了十几个地方，挣扎来挣扎去，最终还是都被他用非法手段查到住所。租了十几个房子也被他找到。报警50多次，警察不管。并且我这边的小县城的派出所。根本不关注家暴事件。除非是死人了，派出所民警对我说认为家暴是家丑不可外扬，他们说我被家暴了，是家丑我有什么脸报警，这是警察亲口对",,https://tieba.baidu.com/p/9021854311,matched,pending_review,,来源存疑样本；已抓到列表摘要正文；仅作人工复核池，勿直接并入正式训练集,uncertain_redirect_review_pool.csv
10114347793,强迫症,强迫症,遵守吧规--最详细的保姆级强迫症完全康复攻略,天空理论体系 本人曾是多年的重度强迫症患者，为了治好自己的强迫症，看过很多心理医生，用过药物，自己也研究过很多心理学的书籍，进入过很多心理问题交流群，研究过很多已经康复的过来人的帖子。一路坎坷，走了很多年的弯路后终于痊愈了，现在回想之前的经历仿佛是一场梦。 回到强迫症吧，看这么多人仍然在饱受着强迫症的折磨，想想当年的自己，感同身受。我发现有很多迫友都走进了我之前走过的死胡同，踩进了我之前踩过的坑。即,"标题：遵守吧规--最详细的保姆级强迫症完全康复攻略

正文：天空理论体系 本人曾是多年的重度强迫症患者，为了治好自己的强迫症，看过很多心理医生，用过药物，自己也研究过很多心理学的书籍，进入过很多心理问题交流群，研究过很多已经康复的过来人的帖子。一路坎坷，走了很多年的弯路后终于痊愈了，现在回想之前的经历仿佛是一场梦。 回到强迫症吧，看这么多人仍然在饱受着强迫症的折磨，想想当年的自己，感同身受。我发现有很多迫友都走进了我之前走过的死胡同，踩进了我之前踩过的坑。即",,https://tieba.baidu.com/p/10114347793,matched,pending_review,,来源存疑样本；已抓到列表摘要正文；仅作人工复核池，勿直接并入正式训练集,uncertain_redirect_round5_pool.csv
10612957277,强迫症,强迫症,第一个两年计划,珍惜当下，努力生活,"标题：第一个两年计划

正文：珍惜当下，努力生活",,https://tieba.baidu.com/p/10612957277,matched,pending_review,,来源存疑样本；已抓到列表摘要正文；仅作人工复核池，勿直接并入正式训练集,uncertain_redirect_round5_pool.csv
10617464169,强迫症,强迫症,遵守吧规--直到你愿意承担和接纳,要敢于面对和坦然接纳痛苦，接纳了，业力也就消除，很快就过去了。这就如同世间犯了错误必须承担责任一样。当然，这是宇宙法则，没有谁去惩罚你。反之，如果不接纳、抗拒、排斥，那它就会一直留在这里，直到你愿意承担和接纳。,"标题：遵守吧规--直到你愿意承担和接纳

正文：要敢于面对和坦然接纳痛苦，接纳了，业力也就消除，很快就过去了。这就如同世间犯了错误必须承担责任一样。当然，这是宇宙法则，没有谁去惩罚你。反之，如果不接纳、抗拒、排斥，那它就会一直留在这里，直到你愿意承担和接纳。",,https://tieba.baidu.com/p/10617464169,matched,pending_review,,来源存疑样本；已抓到列表摘要正文；仅作人工复核池，勿直接并入正式训练集,uncertain_redirect_round5_pool.csv
10625301957,强迫症,强迫症,遵守吧规--森田疗法有感,很多人都知道森田疗法是森田在不管不顾自己内心的感受下发现的，但其实这种状态是有用，但只能在某些情况下用,"标题：遵守吧规--森田疗法有感

正文：很多人都知道森田疗法是森田在不管不顾自己内心的感受下发现的，但其实这种状态是有用，但只能在某些情况下用",,https://tieba.baidu.com/p/10625301957,matched,pending_review,,来源存疑样本；已抓到列表摘要正文；仅作人工复核池，勿直接并入正式训练集,uncertain_redirect_round5_pool.csv
10625352912,强迫症,强迫症,遵守吧规--《深渊或苍穹：一念之间》,我曾长久囚禁于强迫症的暗夜迷宫，在反复清洗、检查、计数、渎神、分析与固执的无尽循环中耗尽心神。随着病魔蔓延，我对着日常琐事、心理运动、影视剧情、手机操作、过往创伤进行病态过度解读，妄图捕捉虚幻安宁。为发表“恰当”言论、预防莫须有网络暴力，我耗费心神反复撰写长篇文案，若不完成便陷入极度不安。更深层的自我攻击随之浮现：生病时因恶习未除而拒绝服药，致药物闲置；或因无意弄伤亲戚而自虐毁容、拒绝修复。反观作,"标题：遵守吧规--《深渊或苍穹：一念之间》

正文：我曾长久囚禁于强迫症的暗夜迷宫，在反复清洗、检查、计数、渎神、分析与固执的无尽循环中耗尽心神。随着病魔蔓延，我对着日常琐事、心理运动、影视剧情、手机操作、过往创伤进行病态过度解读，妄图捕捉虚幻安宁。为发表“恰当”言论、预防莫须有网络暴力，我耗费心神反复撰写长篇文案，若不完成便陷入极度不安。更深层的自我攻击随之浮现：生病时因恶习未除而拒绝服药，致药物闲置；或因无意弄伤亲戚而自虐毁容、拒绝修复。反观作",,https://tieba.baidu.com/p/10625352912,matched,pending_review,,来源存疑样本；已抓到列表摘要正文；仅作人工复核池，勿直接并入正式训练集,uncertain_redirect_round5_pool.csv
10625644787,强迫症,强迫症,遵守吧规--接纳了，就没啥可以解决的了,为了解决而解决，永远解决不了,"标题：遵守吧规--接纳了，就没啥可以解决的了

正文：为了解决而解决，永远解决不了",,https://tieba.baidu.com/p/10625644787,matched,pending_review,,来源存疑样本；已抓到列表摘要正文；仅作人工复核池，勿直接并入正式训练集,uncertain_redirect_round5_pool.csv
6112165632,强迫症,强迫症,希望从今天开始不再受强迫症痛苦和困扰的朋友，请你进来看一下！,序： 如果你是一名真正的强迫症患者，如果你发自内心的想摆脱强迫症带给你这么多年的痛苦和无助，请你看完我的文章，我们共同进步，我会告诉你在这个世界上唯一真正能够彻底摆脱强迫症的方法，成为一个不虚度你自己20-45岁黄金年华的人，成为一个真正勇敢面对和对的起自己人生的人。,"标题：希望从今天开始不再受强迫症痛苦和困扰的朋友，请你进来看一下！

正文：序： 如果你是一名真正的强迫症患者，如果你发自内心的想摆脱强迫症带给你这么多年的痛苦和无助，请你看完我的文章，我们共同进步，我会告诉你在这个世界上唯一真正能够彻底摆脱强迫症的方法，成为一个不虚度你自己20-45岁黄金年华的人，成为一个真正勇敢面对和对的起自己人生的人。",,https://tieba.baidu.com/p/6112165632,matched,pending_review,,来源存疑样本；已抓到列表摘要正文；仅作人工复核池，勿直接并入正式训练集,uncertain_redirect_round5_pool.csv
6208850235,强迫症,强迫症,生不如死就赶紧去死,生不如死就赶紧去死,生不如死就赶紧去死,,https://tieba.baidu.com/p/6208850235,matched,pending_review,,来源存疑样本；已抓到列表摘要正文；仅作人工复核池，勿直接并入正式训练集,uncertain_redirect_round5_pool.csv
9892709270,强迫症,强迫症,遵守吧规--你们怎么看待强迫症逝去的青春，时间。,我现在强迫症已经大约六年时间。真正有改善的也就最近一年时间。因为考研嘛，强迫症复发很严重，经历了很多次崩溃，也慢慢看了很多书，对强迫症有了解什么的。 现在其实对强迫症大多数已经没有恐惧了，除非那一种人生只有一次的，还不知道怎么样？比如考研了什么的。 今天下午午休的时候做了个梦，梦到了高中的生活吧。之前强迫症没有复发之前，我的成绩都是全校最好班里的前多少名。然后后来因为强迫症成绩就一直下滑，推到了重点,"标题：遵守吧规--你们怎么看待强迫症逝去的青春，时间。

正文：我现在强迫症已经大约六年时间。真正有改善的也就最近一年时间。因为考研嘛，强迫症复发很严重，经历了很多次崩溃，也慢慢看了很多书，对强迫症有了解什么的。 现在其实对强迫症大多数已经没有恐惧了，除非那一种人生只有一次的，还不知道怎么样？比如考研了什么的。 今天下午午休的时候做了个梦，梦到了高中的生活吧。之前强迫症没有复发之前，我的成绩都是全校最好班里的前多少名。然后后来因为强迫症成绩就一直下滑，推到了重点",,https://tieba.baidu.com/p/9892709270,matched,pending_review,,来源存疑样本；已抓到列表摘要正文；仅作人工复核池，勿直接并入正式训练集,uncertain_redirect_round5_pool.csv
10134732331,惊恐发作,惊恐发作,有没有惊恐发作持续一小时以上的,,有没有惊恐发作持续一小时以上的,,https://tieba.baidu.com/p/10134732331,matched,pending_review,,来源存疑样本；已抓到列表摘要正文；仅作人工复核池，勿直接并入正式训练集,uncertain_redirect_round4_pool.csv
10495367190,惊恐发作,惊恐发作,总是被删，反正需要帮忙的加,后续如果有人加的话，我会拉群，贴在吧里,"标题：总是被删，反正需要帮忙的加

正文：后续如果有人加的话，我会拉群，贴在吧里",,https://tieba.baidu.com/p/10495367190,matched,pending_review,,来源存疑样本；已抓到列表摘要正文；仅作人工复核池，勿直接并入正式训练集,uncertain_redirect_round4_pool.csv
10616862137,惊恐发作,惊恐发作,求助第一次惊恐症发作😱😱😱,好难受悲伤的情绪一阵阵袭来，无法控制的颤抖。玩手机不知道自己在干嘛。脑袋空空的......谁有时间和我聊聊。太痛苦了。,"标题：求助第一次惊恐症发作😱😱😱

正文：好难受悲伤的情绪一阵阵袭来，无法控制的颤抖。玩手机不知道自己在干嘛。脑袋空空的......谁有时间和我聊聊。太痛苦了。",,https://tieba.baidu.com/p/10616862137,matched,pending_review,,来源存疑样本；已抓到列表摘要正文；仅作人工复核池，勿直接并入正式训练集,uncertain_redirect_round4_pool.csv
3005999230,惊恐发作,惊恐发作,我这个病已经两年了，就因为一次和朋友玩冰毒后心跳突然加快，达,我这个病已经两年了，就因为一次和朋友玩冰毒后心跳突然加快，达,我这个病已经两年了，就因为一次和朋友玩冰毒后心跳突然加快，达,,https://tieba.baidu.com/p/3005999230,matched,pending_review,,来源存疑样本；已抓到列表摘要正文；仅作人工复核池，勿直接并入正式训练集,uncertain_redirect_round4_pool.csv
6064646406,惊恐发作,惊恐发作,帮助惊恐的朋友有效治愈,帮助惊恐的朋友有效治愈,帮助惊恐的朋友有效治愈,,https://tieba.baidu.com/p/6064646406,matched,pending_review,,来源存疑样本；已抓到列表摘要正文；仅作人工复核池，勿直接并入正式训练集,uncertain_redirect_round4_pool.csv
7514123403,惊恐发作,惊恐发作,焦虑症群，各种难受的，大家一起进来聊天，一起康复,,焦虑症群，各种难受的，大家一起进来聊天，一起康复,,https://tieba.baidu.com/p/7514123403,matched,pending_review,,来源存疑样本；已抓到列表摘要正文；仅作人工复核池，勿直接并入正式训练集,uncertain_redirect_round4_pool.csv
8198540139,惊恐发作,惊恐发作,我是惊恐发作吧第一任吧主，现在已经康复了。如果有什么问题写下,,我是惊恐发作吧第一任吧主，现在已经康复了。如果有什么问题写下,,https://tieba.baidu.com/p/8198540139,matched,pending_review,,来源存疑样本；已抓到列表摘要正文；仅作人工复核池，勿直接并入正式训练集,uncertain_redirect_round4_pool.csv
8764038124,惊恐发作,惊恐发作,有没有我这么严重的，心脏神经电路受损。,心脏抽搐一下后，人出现心慌心悸，气促不停，头蒙，脸色苍白。发病3年了，心脏跳的不稳，心率忽高忽低，心律不齐，心脏的神经感觉和松了一样，韧性很差，一点刺激就会心动过速发作，比如我吃撑了要消化就会刺激心脏跳的非常快，还有闻花露水，抹花露水也会诱发心动过速，血压升高，人走路哆嗦不安，有点不稳，上个2楼都130左右，任何刺激交感神经的事心跳会快的事都会提速的很快，心电图发病后有高电压，电路不稳，整天惶惶不可终日,"标题：有没有我这么严重的，心脏神经电路受损。

正文：心脏抽搐一下后，人出现心慌心悸，气促不停，头蒙，脸色苍白。发病3年了，心脏跳的不稳，心率忽高忽低，心律不齐，心脏的神经感觉和松了一样，韧性很差，一点刺激就会心动过速发作，比如我吃撑了要消化就会刺激心脏跳的非常快，还有闻花露水，抹花露水也会诱发心动过速，血压升高，人走路哆嗦不安，有点不稳，上个2楼都130左右，任何刺激交感神经的事心跳会快的事都会提速的很快，心电图发病后有高电压，电路不稳，整天惶惶不可终日",,https://tieba.baidu.com/p/8764038124,matched,pending_review,,来源存疑样本；已抓到列表摘要正文；仅作人工复核池，勿直接并入正式训练集,uncertain_redirect_round4_pool.csv
10017755105,惊恐障碍,惊恐障碍,兄弟姐妹们帮我看看我这是不是惊恐障碍~,本人38岁~第1次发病时是今年8月30号~~那天在家里客厅~就是突然的心慌心神不定~坐立不安需要走来走去~出汗多~然后自己也不懂怎么回事~跟我妈说感觉就像心神不宁~然后家里买有那种安神的药~我妈就说要不试下吃吃看~然后我就吃了1颗~心定了症状就消失~~~现在10来天了~反反复复的~每天多少都有点那种心慌的感觉~特别是夜幕降临时天黑时~那种莫名的恐惧感会突然上头~~出门人就正常~但只要回到家~回到第1次发作的客厅里心理就有莫名恐慌~然后症状又,"标题：兄弟姐妹们帮我看看我这是不是惊恐障碍~

正文：本人38岁~第1次发病时是今年8月30号~~那天在家里客厅~就是突然的心慌心神不定~坐立不安需要走来走去~出汗多~然后自己也不懂怎么回事~跟我妈说感觉就像心神不宁~然后家里买有那种安神的药~我妈就说要不试下吃吃看~然后我就吃了1颗~心定了症状就消失~~~现在10来天了~反反复复的~每天多少都有点那种心慌的感觉~特别是夜幕降临时天黑时~那种莫名的恐惧感会突然上头~~出门人就正常~但只要回到家~回到第1次发作的客厅里心理就有莫名恐慌~然后症状又",,https://tieba.baidu.com/p/10017755105,matched,pending_review,,来源存疑样本；已抓到列表摘要正文；仅作人工复核池，勿直接并入正式训练集,uncertain_redirect_round5_pool.csv
10412133618,惊恐障碍,惊恐障碍,各位帮忙看看,从小就有这种情况，发作的比较少，可能一年几次，也可能几年一次，最近几年不知是喝酒多了，还是压力变大了，比较频繁的发生。查过很多资料，也看过医生，都不知道是啥。今年突然查到惊恐障碍这个词语，症状比较符合。发作的情况是，不能愣神或想到某一点或执着于某一点，先是随着某一想法的深入，心开始害怕，颤抖，然后不受控制的去想这件事情，更害怕，颤抖，身体变得越来越沉，抬不起一根手指。一般会持续五分钟左右，会有一种,"标题：各位帮忙看看

正文：从小就有这种情况，发作的比较少，可能一年几次，也可能几年一次，最近几年不知是喝酒多了，还是压力变大了，比较频繁的发生。查过很多资料，也看过医生，都不知道是啥。今年突然查到惊恐障碍这个词语，症状比较符合。发作的情况是，不能愣神或想到某一点或执着于某一点，先是随着某一想法的深入，心开始害怕，颤抖，然后不受控制的去想这件事情，更害怕，颤抖，身体变得越来越沉，抬不起一根手指。一般会持续五分钟左右，会有一种",,https://tieba.baidu.com/p/10412133618,matched,pending_review,,来源存疑样本；已抓到列表摘要正文；仅作人工复核池，勿直接并入正式训练集,uncertain_redirect_round5_pool.csv
10555933844,惊恐障碍,惊恐障碍,。。。。。。,我有点好奇，这个惊恐发作如果不管他，到最后到底会怎么样？有人没管过吗是什么感受，,"标题：。。。。。。

正文：我有点好奇，这个惊恐发作如果不管他，到最后到底会怎么样？有人没管过吗是什么感受，",,https://tieba.baidu.com/p/10555933844,matched,pending_review,,来源存疑样本；已抓到列表摘要正文；仅作人工复核池，勿直接并入正式训练集,uncertain_redirect_round5_pool.csv
5728055280,惊恐障碍,惊恐障碍,惊恐障碍会时时刻刻心慌吗？心跳加速吗？,惊恐障碍会时时刻刻心慌吗？心跳加速吗？,惊恐障碍会时时刻刻心慌吗？心跳加速吗？,,https://tieba.baidu.com/p/5728055280,matched,pending_review,,来源存疑样本；已抓到列表摘要正文；仅作人工复核池，勿直接并入正式训练集,uncertain_redirect_round5_pool.csv
6905728293,惊恐障碍,惊恐障碍,来来来，大家都给我讲讲你们是怎么得惊恐障碍的,大家还记得第一次惊恐发作的时候是在怎样的吗？是什么诱发的？给我看病的心理医生说这个病和人的性格有一定关系,"标题：来来来，大家都给我讲讲你们是怎么得惊恐障碍的

正文：大家还记得第一次惊恐发作的时候是在怎样的吗？是什么诱发的？给我看病的心理医生说这个病和人的性格有一定关系",,https://tieba.baidu.com/p/6905728293,matched,pending_review,,来源存疑样本；已抓到列表摘要正文；仅作人工复核池，勿直接并入正式训练集,uncertain_redirect_round5_pool.csv
7277155525,惊恐障碍,惊恐障碍,有些人总是说什么要靠自己内心去战胜病魔，其实真正惊恐发作时候,有些人总是说什么要靠自己内心去战胜病魔，其实真正惊恐发作时候你根本就控制不住，你越是暗示自己不要紧张就越紧张以至于最终面临崩溃的濒死感。本人得这个病有三年多了，也吃了三年多的药。尝试停药失败了，只能低剂量维持。,有些人总是说什么要靠自己内心去战胜病魔，其实真正惊恐发作时候你根本就控制不住，你越是暗示自己不要紧张就越紧张以至于最终面临崩溃的濒死感。本人得这个病有三年多了，也吃了三年多的药。尝试停药失败了，只能低剂量维持。,,https://tieba.baidu.com/p/7277155525,matched,pending_review,,来源存疑样本；已抓到列表摘要正文；仅作人工复核池，勿直接并入正式训练集,uncertain_redirect_round5_pool.csv
8502714098,惊恐障碍,惊恐障碍,没人可以救我,,没人可以救我,,https://tieba.baidu.com/p/8502714098,matched,pending_review,,来源存疑样本；已抓到列表摘要正文；仅作人工复核池，勿直接并入正式训练集,uncertain_redirect_round5_pool.csv
8504098964,惊恐障碍,惊恐障碍,我是不是患了惊恐障碍,那是两年前的事了，症状是从我妈病重我和她一起坐救护车开始的。刚上车的时候还没啥，司机一关车门，我突然间觉得车里太闷了，喘不上气来，那种感觉无法忍受，我赶紧下车了。。。从此以后，愈演愈烈，现在已经发展到不能坐公交车，高铁等一系列公共交通工具，有时候甚至连自己家的车也觉得难受。我不敢跟别人说我也许是惊恐障碍，怕别人当我精神出问题了，我只跟别人说我严重晕车，对于坐车去的地方，我是能推就推，这个问题已经严,"标题：我是不是患了惊恐障碍

正文：那是两年前的事了，症状是从我妈病重我和她一起坐救护车开始的。刚上车的时候还没啥，司机一关车门，我突然间觉得车里太闷了，喘不上气来，那种感觉无法忍受，我赶紧下车了。。。从此以后，愈演愈烈，现在已经发展到不能坐公交车，高铁等一系列公共交通工具，有时候甚至连自己家的车也觉得难受。我不敢跟别人说我也许是惊恐障碍，怕别人当我精神出问题了，我只跟别人说我严重晕车，对于坐车去的地方，我是能推就推，这个问题已经严",,https://tieba.baidu.com/p/8504098964,matched,pending_review,,来源存疑样本；已抓到列表摘要正文；仅作人工复核池，勿直接并入正式训练集,uncertain_redirect_round5_pool.csv
8527373964,惊恐障碍,惊恐障碍,我真的真的撑不下去了真的太痛苦了,非常清晰因为那是2019年1月1日…像往常一样的去上班.新年新气象特意打扮了一下自己…走着走着.就在毫无征兆的情况下.突然觉得心脏憋气.呼吸困难..浑身无力..我连话都说不出来..有出气，没进气了…就是觉得我完了，我可能马上就死了，心肌梗死..我马上就躺在地下了，我满脸憋的觉得已经青紫色了…旁边都是路人…我慌忙得用我最后一丝力气蹲了起来..后来才知道这是一总强烈的濒死感…嬢嬢强强的.正好过了一辆出租车…我拦了上去..司机大概30,"标题：我真的真的撑不下去了真的太痛苦了

正文：非常清晰因为那是2019年1月1日…像往常一样的去上班.新年新气象特意打扮了一下自己…走着走着.就在毫无征兆的情况下.突然觉得心脏憋气.呼吸困难..浑身无力..我连话都说不出来..有出气，没进气了…就是觉得我完了，我可能马上就死了，心肌梗死..我马上就躺在地下了，我满脸憋的觉得已经青紫色了…旁边都是路人…我慌忙得用我最后一丝力气蹲了起来..后来才知道这是一总强烈的濒死感…嬢嬢强强的.正好过了一辆出租车…我拦了上去..司机大概30",,https://tieba.baidu.com/p/8527373964,matched,pending_review,,来源存疑样本；已抓到列表摘要正文；仅作人工复核池，勿直接并入正式训练集,uncertain_redirect_round5_pool.csv
9371251927,惊恐障碍,惊恐障碍,惊恐发作，无法做无痛胃镜怎么办兄弟们,兄弟们，一到关键时刻就要惊恐发作怎么办，做了个胃造影提示食管上段局部黏膜隆起让做胃镜，普通的肯定不行心理障碍绝对惊恐发作，本来焦虑好多年了想都不用想，医生说做无痛的吧，结果开了无痛胃镜，开始挺好没怎么紧张，可进去床上一躺往嘴里的麻药也给喝了，就差静脉麻药了，结果心率从70直接干到130，医生吓傻了，说你怎么了，你是不是有惊恐症，我说是，我有焦虑惊恐症，人家美女说，大哥你不早说呢，你差点把我坑了，说你有记,"标题：惊恐发作，无法做无痛胃镜怎么办兄弟们

正文：兄弟们，一到关键时刻就要惊恐发作怎么办，做了个胃造影提示食管上段局部黏膜隆起让做胃镜，普通的肯定不行心理障碍绝对惊恐发作，本来焦虑好多年了想都不用想，医生说做无痛的吧，结果开了无痛胃镜，开始挺好没怎么紧张，可进去床上一躺往嘴里的麻药也给喝了，就差静脉麻药了，结果心率从70直接干到130，医生吓傻了，说你怎么了，你是不是有惊恐症，我说是，我有焦虑惊恐症，人家美女说，大哥你不早说呢，你差点把我坑了，说你有记",,https://tieba.baidu.com/p/9371251927,matched,pending_review,,来源存疑样本；已抓到列表摘要正文；仅作人工复核池，勿直接并入正式训练集,uncertain_redirect_round5_pool.csv
10077032877,抑郁症,抑郁症,【250927 倾诉】我真的好后悔,昨天晚上妈妈凶我，还说我活该被人欺负，我想和她沟通但是她一直不愿意，还阴阳怪气地回应我。我真的好伤心，一个人在房间里忍不住一直哭，情绪激动吃了七片抗抑郁药，今天早上醒了发抖想吐，妈妈带我去医院洗胃，洗出来一桶血水。洗完胃爸爸就打电话来骂人，叫我们以后别找他拿钱，自生自灭，还说我没有爸爸了，这个家被我们整散了。之后把我们都拉黑了。我好想爸爸好后悔，如果我没有吃药就好了。妈妈年纪大了身体又差不好找工作,"标题：【250927 倾诉】我真的好后悔

正文：昨天晚上妈妈凶我，还说我活该被人欺负，我想和她沟通但是她一直不愿意，还阴阳怪气地回应我。我真的好伤心，一个人在房间里忍不住一直哭，情绪激动吃了七片抗抑郁药，今天早上醒了发抖想吐，妈妈带我去医院洗胃，洗出来一桶血水。洗完胃爸爸就打电话来骂人，叫我们以后别找他拿钱，自生自灭，还说我没有爸爸了，这个家被我们整散了。之后把我们都拉黑了。我好想爸爸好后悔，如果我没有吃药就好了。妈妈年纪大了身体又差不好找工作",,https://tieba.baidu.com/p/10077032877,matched,pending_review,,来源存疑样本；已抓到列表摘要正文；仅作人工复核池，勿直接并入正式训练集,uncertain_redirect_round3_pool.csv
10355142207,抑郁症,抑郁症,【260101 倾诉】病友群 有需要的进,抑郁 精神分裂 双相都可以进来,"标题：【260101 倾诉】病友群 有需要的进

正文：抑郁 精神分裂 双相都可以进来",,https://tieba.baidu.com/p/10355142207,matched,pending_review,,来源存疑样本；已抓到列表摘要正文；仅作人工复核池，勿直接并入正式训练集,uncertain_redirect_round3_pool.csv
10363213982,抑郁症,抑郁症,【260103 倾诉】妈妈在家不工作家里入不敷出希望可以给点建议谢谢🥹,我无法理解她说自己有抑郁症吃药犯困不能出去工作一工作就犯困她从来不出去工作在我小的时候她还在厂子里工作一直是我爷爷姥爷带着长大了之后就带我不工作了 从此以后只有我爸爸工作 在以后我妈妈再也没有工作过了 我初中一直都因为钱焦虑朋友叫我出去玩我也没钱出去玩一次给我二十多少的要省着花很多初中四年我一直在焦虑我期间跟我妈妈说过让她出去工作一下什么也要为以后考虑啊 后来我考上了普高她还是跟之前一样不工作每天在家,"标题：【260103 倾诉】妈妈在家不工作家里入不敷出希望可以给点建议谢谢🥹

正文：我无法理解她说自己有抑郁症吃药犯困不能出去工作一工作就犯困她从来不出去工作在我小的时候她还在厂子里工作一直是我爷爷姥爷带着长大了之后就带我不工作了 从此以后只有我爸爸工作 在以后我妈妈再也没有工作过了 我初中一直都因为钱焦虑朋友叫我出去玩我也没钱出去玩一次给我二十多少的要省着花很多初中四年我一直在焦虑我期间跟我妈妈说过让她出去工作一下什么也要为以后考虑啊 后来我考上了普高她还是跟之前一样不工作每天在家",,https://tieba.baidu.com/p/10363213982,matched,pending_review,,来源存疑样本；已抓到列表摘要正文；仅作人工复核池，勿直接并入正式训练集,uncertain_redirect_round3_pool.csv
10402434082,抑郁症,抑郁症,【260116 倾诉】不知道活着还有什么意义，每天都在或者重复的生活！,每天都在过着重复的生活，没有任何意义，我家是农村的，有两套房都在农村，有辆小汽车，前些年通过自己的努力打拼挣了100多个，每个月利息2500左右，现在也不工作了，每天吃吃喝喝打打游戏或者偶尔开车去市里转着玩，无所事事，我是92年的今年34，感觉对未来很迷茫，平时也没有一个能说话的朋友，可能一个人习惯了，也不喜欢跟人交流讲话！,"标题：【260116 倾诉】不知道活着还有什么意义，每天都在或者重复的生活！

正文：每天都在过着重复的生活，没有任何意义，我家是农村的，有两套房都在农村，有辆小汽车，前些年通过自己的努力打拼挣了100多个，每个月利息2500左右，现在也不工作了，每天吃吃喝喝打打游戏或者偶尔开车去市里转着玩，无所事事，我是92年的今年34，感觉对未来很迷茫，平时也没有一个能说话的朋友，可能一个人习惯了，也不喜欢跟人交流讲话！",,https://tieba.baidu.com/p/10402434082,matched,pending_review,,来源存疑样本；已抓到列表摘要正文；仅作人工复核池，勿直接并入正式训练集,uncertain_redirect_round3_pool.csv
10416667311,抑郁症,抑郁症,【260121 倾诉】抑郁的宝宝们，也许能帮到你,抑郁症的根源，在我看来，是体虚之后邪气乘虚而入。心绪纷乱时，不妨寻一处安静之地静坐，沉下心来反思：我为何会患上这病？是长期的自我内耗，还是经年累月的不良习惯所致？ 找到根源后，更要下定决心痛改前非，发心去帮助更多深陷困境的人。日子久了，自身的正气慢慢充盈，这病自然也就痊愈了。 我与抑郁症相伴已有数年，这病时轻时重，发作起来却真的要命。静坐沉思时我常想：这病当真全然是坏事吗？相伴的这些年里，我竟悄然改,"标题：【260121 倾诉】抑郁的宝宝们，也许能帮到你

正文：抑郁症的根源，在我看来，是体虚之后邪气乘虚而入。心绪纷乱时，不妨寻一处安静之地静坐，沉下心来反思：我为何会患上这病？是长期的自我内耗，还是经年累月的不良习惯所致？ 找到根源后，更要下定决心痛改前非，发心去帮助更多深陷困境的人。日子久了，自身的正气慢慢充盈，这病自然也就痊愈了。 我与抑郁症相伴已有数年，这病时轻时重，发作起来却真的要命。静坐沉思时我常想：这病当真全然是坏事吗？相伴的这些年里，我竟悄然改",,https://tieba.baidu.com/p/10416667311,matched,pending_review,,来源存疑样本；已抓到列表摘要正文；仅作人工复核池，勿直接并入正式训练集,uncertain_redirect_round3_pool.csv
10474912206,抑郁症,抑郁症,【260209 倾诉】于是我想我应该学会表达。,今天是在梦里哭着醒来的，做了噩梦 梦里哭的撕心裂肺感觉快要死掉了 醒过来后又开始哭。 我知道 这个梦总有一天会成现实，可我没想过如何接受这样的现实 所以我想 我会提前逃离，但在逃离之前我想学会表达。,"标题：【260209 倾诉】于是我想我应该学会表达。

正文：今天是在梦里哭着醒来的，做了噩梦 梦里哭的撕心裂肺感觉快要死掉了 醒过来后又开始哭。 我知道 这个梦总有一天会成现实，可我没想过如何接受这样的现实 所以我想 我会提前逃离，但在逃离之前我想学会表达。",,https://tieba.baidu.com/p/10474912206,matched,pending_review,,来源存疑样本；已抓到列表摘要正文；仅作人工复核池，勿直接并入正式训练集,uncertain_redirect_round3_pool.csv
10490453396,抑郁症,抑郁症,【260215 倾诉】有爱的世界是什么样？我为什么不开心？,情绪不好，哭了……陌生人能不能抱抱我，让我感受到爱。,"标题：【260215 倾诉】有爱的世界是什么样？我为什么不开心？

正文：情绪不好，哭了……陌生人能不能抱抱我，让我感受到爱。",,https://tieba.baidu.com/p/10490453396,matched,pending_review,,来源存疑样本；已抓到列表摘要正文；仅作人工复核池，勿直接并入正式训练集,uncertain_redirect_round3_pool.csv
10493030454,抑郁症,抑郁症,【260216 求助】抑郁症情绪....,两年前确诊的抑郁症，后来吃药以为压住了，心态也好了，也不伤害自己了，今年又突然严重了比以前更严重，有点情绪就控制不住脾气想伤害自己，崩溃爆怒，除了伤害自己让自己平静还有什么好的办法吗，求解答,"标题：【260216 求助】抑郁症情绪....

正文：两年前确诊的抑郁症，后来吃药以为压住了，心态也好了，也不伤害自己了，今年又突然严重了比以前更严重，有点情绪就控制不住脾气想伤害自己，崩溃爆怒，除了伤害自己让自己平静还有什么好的办法吗，求解答",,https://tieba.baidu.com/p/10493030454,matched,pending_review,,来源存疑样本；已抓到列表摘要正文；仅作人工复核池，勿直接并入正式训练集,uncertain_redirect_round3_pool.csv
10526632062,抑郁症,抑郁症,【260302 倾诉】～我的感悟～,,【260302 倾诉】～我的感悟～,,https://tieba.baidu.com/p/10526632062,matched,pending_review,,来源存疑样本；已抓到列表摘要正文；仅作人工复核池，勿直接并入正式训练集,uncertain_redirect_round3_pool.csv
10527598568,抑郁症,抑郁症,【260302+倾诉】我需要一個精神寄託，有沒有需要的,1. 可以每天聊天，永遠不要嫌煩 2. 一起變好（健身什麼的），不能放棄改變 3. 一起看一樣的東西，互相分享（我喜歡這樣子，不孤獨了。 4. 都是對方最好的朋友。 5. 一起走出陰霾，不能拋棄對方。 6. 這不是談戀愛，注意，我不談戀愛，因為抑鬱談不好，我在狀態好到爆表之前不會談的，所以提前疊甲非戀愛。,"标题：【260302+倾诉】我需要一個精神寄託，有沒有需要的

正文：1. 可以每天聊天，永遠不要嫌煩 2. 一起變好（健身什麼的），不能放棄改變 3. 一起看一樣的東西，互相分享（我喜歡這樣子，不孤獨了。 4. 都是對方最好的朋友。 5. 一起走出陰霾，不能拋棄對方。 6. 這不是談戀愛，注意，我不談戀愛，因為抑鬱談不好，我在狀態好到爆表之前不會談的，所以提前疊甲非戀愛。",,https://tieba.baidu.com/p/10527598568,matched,pending_review,,来源存疑样本；已抓到列表摘要正文；仅作人工复核池，勿直接并入正式训练集,uncertain_redirect_round3_pool.csv
10535483321,抑郁症,抑郁症,【260305 倾诉】焦虑抑郁的朋友们，可以聊聊吗？,一个人抗战焦虑跟抑郁，没人理解，没人支持，我也不想工作，我又没地方去，我不知道该怎么办。,"标题：【260305 倾诉】焦虑抑郁的朋友们，可以聊聊吗？

正文：一个人抗战焦虑跟抑郁，没人理解，没人支持，我也不想工作，我又没地方去，我不知道该怎么办。",,https://tieba.baidu.com/p/10535483321,matched,pending_review,,来源存疑样本；已抓到列表摘要正文；仅作人工复核池，勿直接并入正式训练集,uncertain_redirect_round3_pool.csv
10535832782,抑郁症,抑郁症,【260306 倾诉】深夜了，讲一些自己精神的经历，和总觉得自己需要一些救赎,还没想好发什么，那就心里想什么即兴发言一下吧。 我体质天生不太好，这带来的一些不便也是我精神问题的起源，比如那种全天候身体都难受的症状。 精神问题具体显现是在12-14岁左右。在此之前就是越来越不想上学，不是被排挤，也不是因为别的。我父母对我基本是放养，很小就独居了。当时就是觉得很不自由，没心情去，很累。小升初那阵接触了网络，天天看niconico唱见和二次元，在我心里埋下了一颗种子。 后来请假越来越频繁，脾气也越来,"标题：【260306 倾诉】深夜了，讲一些自己精神的经历，和总觉得自己需要一些救赎

正文：还没想好发什么，那就心里想什么即兴发言一下吧。 我体质天生不太好，这带来的一些不便也是我精神问题的起源，比如那种全天候身体都难受的症状。 精神问题具体显现是在12-14岁左右。在此之前就是越来越不想上学，不是被排挤，也不是因为别的。我父母对我基本是放养，很小就独居了。当时就是觉得很不自由，没心情去，很累。小升初那阵接触了网络，天天看niconico唱见和二次元，在我心里埋下了一颗种子。 后来请假越来越频繁，脾气也越来",,https://tieba.baidu.com/p/10535832782,matched,pending_review,,来源存疑样本；已抓到列表摘要正文；仅作人工复核池，勿直接并入正式训练集,uncertain_redirect_round3_pool.csv
10536740927,抑郁症,抑郁症,【260306 倾诉】亲爱的宝宝，记得我爱你❤️,愿你开心，愿你富足，愿你无忧。,"标题：【260306 倾诉】亲爱的宝宝，记得我爱你❤️

正文：愿你开心，愿你富足，愿你无忧。",,https://tieba.baidu.com/p/10536740927,matched,pending_review,,来源存疑样本；已抓到列表摘要正文；仅作人工复核池，勿直接并入正式训练集,uncertain_redirect_round3_pool.csv
10542307009,抑郁症,抑郁症,【260308 倾诉】高一弟弟休学半年，拒绝沟通，全网求破局方法 📍,真诚求助，希望能得到有经验的人指点。 【基本情况】弟弟，16岁，高一。半年前突然不去学校，至今闭门不出。不吵不闹，每天打游戏，作息规律，但拒绝任何形式的沟通。 【我们试过的】1️⃣ 找人劝说：父母、老师、爷爷奶奶、他最好的朋友，全部失败。他一被问就走。2️⃣ 非专业帮助：家里急得没办法，花了几万块请人做法事（现在知道没用）。3️⃣ 默默关心：每天给他留饭、留水果，不打扰，但也没有任何回应。 【目前困境】爸妈濒临,"标题：【260308 倾诉】高一弟弟休学半年，拒绝沟通，全网求破局方法 📍

正文：真诚求助，希望能得到有经验的人指点。 【基本情况】弟弟，16岁，高一。半年前突然不去学校，至今闭门不出。不吵不闹，每天打游戏，作息规律，但拒绝任何形式的沟通。 【我们试过的】1️⃣ 找人劝说：父母、老师、爷爷奶奶、他最好的朋友，全部失败。他一被问就走。2️⃣ 非专业帮助：家里急得没办法，花了几万块请人做法事（现在知道没用）。3️⃣ 默默关心：每天给他留饭、留水果，不打扰，但也没有任何回应。 【目前困境】爸妈濒临",,https://tieba.baidu.com/p/10542307009,matched,pending_review,,来源存疑样本；已抓到列表摘要正文；仅作人工复核池，勿直接并入正式训练集,uncertain_redirect_round3_pool.csv
10548552513,抑郁症,抑郁症,【260311 倾诉】【260311】记录,看到很多人也发，我也跟风发一个😋,"标题：【260311 倾诉】【260311】记录

正文：看到很多人也发，我也跟风发一个😋",,https://tieba.baidu.com/p/10548552513,matched,pending_review,,来源存疑样本；已抓到列表摘要正文；仅作人工复核池，勿直接并入正式训练集,uncertain_redirect_round3_pool.csv
10557341488,抑郁症,抑郁症,【260314 倾诉】记录下在寺庙当义工的日常,我从23年独居挂逼了三年，弹尽粮绝还欠了信用卡。基本已经和社会脱节了，走投无路的时候一个认识了十来年的朋友劝我来这里试试,"标题：【260314 倾诉】记录下在寺庙当义工的日常

正文：我从23年独居挂逼了三年，弹尽粮绝还欠了信用卡。基本已经和社会脱节了，走投无路的时候一个认识了十来年的朋友劝我来这里试试",,https://tieba.baidu.com/p/10557341488,matched,pending_review,,来源存疑样本；已抓到列表摘要正文；仅作人工复核池，勿直接并入正式训练集,uncertain_redirect_round3_pool.csv
10559065721,抑郁症,抑郁症,【260315+倾诉】36岁，还在生病中，复发,36岁了，病复发了。这个年纪，上有老下有小，还要承受这种病的折磨。好难。,"标题：【260315+倾诉】36岁，还在生病中，复发

正文：36岁了，病复发了。这个年纪，上有老下有小，还要承受这种病的折磨。好难。",,https://tieba.baidu.com/p/10559065721,matched,pending_review,,来源存疑样本；已抓到列表摘要正文；仅作人工复核池，勿直接并入正式训练集,uncertain_redirect_round3_pool.csv
10564518798,抑郁症,抑郁症,【260317+倾诉】求助:没有处方怎么买药,如题 我在去年夏天成功劝说了我的家长，带我去了医院，最开始是确诊了抑郁，医生给我开的舍曲林，吃药的第一天，我就意外的亢奋，当时就感觉不太对（虽然那会真挺开心），然后就给我确诊双相了（应该是，上面写的双相倾向好像是），医生给我开了四五种药吧，我家长不太高兴，就给我换了个医生，通过几次心理咨询什么的，新医生给的结果和之前的医生一样，给我开了一个安非他酮和碳酸锂，吃了两个多月吧，感觉好像有点恶化了，再去,"标题：【260317+倾诉】求助:没有处方怎么买药

正文：如题 我在去年夏天成功劝说了我的家长，带我去了医院，最开始是确诊了抑郁，医生给我开的舍曲林，吃药的第一天，我就意外的亢奋，当时就感觉不太对（虽然那会真挺开心），然后就给我确诊双相了（应该是，上面写的双相倾向好像是），医生给我开了四五种药吧，我家长不太高兴，就给我换了个医生，通过几次心理咨询什么的，新医生给的结果和之前的医生一样，给我开了一个安非他酮和碳酸锂，吃了两个多月吧，感觉好像有点恶化了，再去",,https://tieba.baidu.com/p/10564518798,matched,pending_review,,来源存疑样本；已抓到列表摘要正文；仅作人工复核池，勿直接并入正式训练集,uncertain_redirect_round3_pool.csv
10565683959,抑郁症,抑郁症,【260317 倾诉】怎样才能不抑郁，我抑郁3年了,感觉生活没任何意义，每天无所事事，感觉活着太累，没有父母没有亲人，一个人,"标题：【260317 倾诉】怎样才能不抑郁，我抑郁3年了

正文：感觉生活没任何意义，每天无所事事，感觉活着太累，没有父母没有亲人，一个人",,https://tieba.baidu.com/p/10565683959,matched,pending_review,,来源存疑样本；已抓到列表摘要正文；仅作人工复核池，勿直接并入正式训练集,uncertain_redirect_round3_pool.csv
10570455713,抑郁症,抑郁症,【260319 求助】问大家一个情况,总是状态很难受，很嗜睡，做什么事也没动力，心脏会莫名跳动得很快想吐想哭，想给自己找点事情做 但是又会烦躁。 能怎么摆脱或者改善这个状态？,"标题：【260319 求助】问大家一个情况

正文：总是状态很难受，很嗜睡，做什么事也没动力，心脏会莫名跳动得很快想吐想哭，想给自己找点事情做 但是又会烦躁。 能怎么摆脱或者改善这个状态？",,https://tieba.baidu.com/p/10570455713,matched,pending_review,,来源存疑样本；已抓到列表摘要正文；仅作人工复核池，勿直接并入正式训练集,uncertain_redirect_round3_pool.csv
10573199612,抑郁症,抑郁症,【260320 倾诉】有没有严重一点的病友,以前加的抑郁症病友嫌我太负能量了😭。每天浑浑噩噩，感觉生活毫无希望。泪失禁，控制不住流泪，头痛，睡不好，心慌,"标题：【260320 倾诉】有没有严重一点的病友

正文：以前加的抑郁症病友嫌我太负能量了😭。每天浑浑噩噩，感觉生活毫无希望。泪失禁，控制不住流泪，头痛，睡不好，心慌",,https://tieba.baidu.com/p/10573199612,matched,pending_review,,来源存疑样本；已抓到列表摘要正文；仅作人工复核池，勿直接并入正式训练集,uncertain_redirect_round3_pool.csv
10574210451,抑郁症,抑郁症,【260321 倾诉】我想请问一些问题,父母养育孩子从出生到20岁需要多少钱？我想给我父母一笔金额之后就……所以有没有人知道要给多少才够支付这笔养育金额,"标题：【260321 倾诉】我想请问一些问题

正文：父母养育孩子从出生到20岁需要多少钱？我想给我父母一笔金额之后就……所以有没有人知道要给多少才够支付这笔养育金额",,https://tieba.baidu.com/p/10574210451,matched,pending_review,,来源存疑样本；已抓到列表摘要正文；仅作人工复核池，勿直接并入正式训练集,uncertain_redirect_round3_pool.csv
10575426482,抑郁症,抑郁症,【260321 求助】帮帮我，帮帮我,我发现我有点扛不住了，睡觉只睡2 3个小时就被惊醒，抑郁情绪已经让我的行为脑子开始持续低落，我现在是不是该去医院了 原来睡不好是这样难受的事情，睡眠很浅，睡的时候能感受到外界环境，很容易被惊醒，醒过来就睡不着了，大脑处于一个完全警戒的状态，直到下午扛不住昏睡，明明是昏睡，睡了却不能缓解大脑的状态，昏睡的要醒不醒，昏睡中迷迷糊糊醒来却没有力气起来，好无力啊，越来越低落了，我以前不会这样的，以前我的睡眠很,"标题：【260321 求助】帮帮我，帮帮我

正文：我发现我有点扛不住了，睡觉只睡2 3个小时就被惊醒，抑郁情绪已经让我的行为脑子开始持续低落，我现在是不是该去医院了 原来睡不好是这样难受的事情，睡眠很浅，睡的时候能感受到外界环境，很容易被惊醒，醒过来就睡不着了，大脑处于一个完全警戒的状态，直到下午扛不住昏睡，明明是昏睡，睡了却不能缓解大脑的状态，昏睡的要醒不醒，昏睡中迷迷糊糊醒来却没有力气起来，好无力啊，越来越低落了，我以前不会这样的，以前我的睡眠很",,https://tieba.baidu.com/p/10575426482,matched,pending_review,,来源存疑样本；已抓到列表摘要正文；仅作人工复核池，勿直接并入正式训练集,uncertain_redirect_round3_pool.csv
10577455962,抑郁症,抑郁症,【260322 求助】谁能帮帮我,我叫赵安 男 今年25岁 净身高178.40cm 体重46.90kg 近视眼 我只有高中学历 我家条件很不好 虽然是在北京 但我家是农村的 叫大庄科村 然后父母的话 都是农民 都生着病 妈妈是类风湿性关节炎 骨头缝都疼 所以当时就没有在继续念书 我性格非常的内向腼腆被动 感觉融入不了这个社会 就因为太老实 吃了很多哑巴亏 被不给工资 给我多加活儿 逼我走 因为这样就不用赔偿我 还被大半夜赶出来过 睡大街上露宿街头 对我来说都是经常的事儿 我自己确实也挺无能,"标题：【260322 求助】谁能帮帮我

正文：我叫赵安 男 今年25岁 净身高178.40cm 体重46.90kg 近视眼 我只有高中学历 我家条件很不好 虽然是在北京 但我家是农村的 叫大庄科村 然后父母的话 都是农民 都生着病 妈妈是类风湿性关节炎 骨头缝都疼 所以当时就没有在继续念书 我性格非常的内向腼腆被动 感觉融入不了这个社会 就因为太老实 吃了很多哑巴亏 被不给工资 给我多加活儿 逼我走 因为这样就不用赔偿我 还被大半夜赶出来过 睡大街上露宿街头 对我来说都是经常的事儿 我自己确实也挺无能",,https://tieba.baidu.com/p/10577455962,matched,pending_review,,来源存疑样本；已抓到列表摘要正文；仅作人工复核池，勿直接并入正式训练集,uncertain_redirect_round3_pool.csv
10581165809,抑郁症,抑郁症,【260323 倾诉】现在性格已经完善很多了，以前分为A B性格，一个基本100.,一个基本20-30—后来50-60，现在7/80—100都有可能了，做出很多努力，基本完成了整合,"标题：【260323 倾诉】现在性格已经完善很多了，以前分为A B性格，一个基本100.

正文：一个基本20-30—后来50-60，现在7/80—100都有可能了，做出很多努力，基本完成了整合",,https://tieba.baidu.com/p/10581165809,matched,pending_review,,来源存疑样本；已抓到列表摘要正文；仅作人工复核池，勿直接并入正式训练集,uncertain_redirect_round3_pool.csv
10583533652,抑郁症,抑郁症,【20260324 倾诉】还有谁能和我一样孤独。现实中没朋友网络也没朋友哈哈哈,还有谁能和我一样孤独。现实中没朋友网络也没朋友哈哈哈,"标题：【20260324 倾诉】还有谁能和我一样孤独。现实中没朋友网络也没朋友哈哈哈

正文：还有谁能和我一样孤独。现实中没朋友网络也没朋友哈哈哈",,https://tieba.baidu.com/p/10583533652,matched,pending_review,,来源存疑样本；已抓到列表摘要正文；仅作人工复核池，勿直接并入正式训练集,uncertain_redirect_round3_pool.csv
10590060805,抑郁症,抑郁症,【260326 倾诉】家里蹲好几年好焦虑,一段时间没网络聊天没事加了几个群，又感觉融不进去，与这个世界有着深深的隔阂感,"标题：【260326 倾诉】家里蹲好几年好焦虑

正文：一段时间没网络聊天没事加了几个群，又感觉融不进去，与这个世界有着深深的隔阂感",,https://tieba.baidu.com/p/10590060805,matched,pending_review,,来源存疑样本；已抓到列表摘要正文；仅作人工复核池，勿直接并入正式训练集,uncertain_redirect_round3_pool.csv
10591836376,抑郁症,抑郁症,【20260327 倾诉】礼貌问问我这种情况...,,【20260327 倾诉】礼貌问问我这种情况...,,https://tieba.baidu.com/p/10591836376,matched,pending_review,,来源存疑样本；已抓到列表摘要正文；仅作人工复核池，勿直接并入正式训练集,uncertain_redirect_round3_pool.csv
10594992150,抑郁症,抑郁症,【260328 倾诉】心理病情分析,求助贴吧的大佬 我今年17岁 确诊中度抑郁症和中度焦虑已有半年了 我不知道未来的生活该怎么做 也不知道自己想要什么 我的大伯让我去游山玩水 但是我觉得这样只是在浪费钱 究竟该怎么做,"标题：【260328 倾诉】心理病情分析

正文：求助贴吧的大佬 我今年17岁 确诊中度抑郁症和中度焦虑已有半年了 我不知道未来的生活该怎么做 也不知道自己想要什么 我的大伯让我去游山玩水 但是我觉得这样只是在浪费钱 究竟该怎么做",,https://tieba.baidu.com/p/10594992150,matched,pending_review,,来源存疑样本；已抓到列表摘要正文；仅作人工复核池，勿直接并入正式训练集,uncertain_redirect_round3_pool.csv
10595097176,抑郁症,抑郁症,【260328 求助】高三抑郁休学后复读是否明智？,休学前稳上600，休学后复学只有五百多，高三这一年基本是在医院度过的，因为抑郁还有一些身体原因断断续续地在住院，现在回到学校，还有两个月就高考，看着成绩，我不甘心，我抑郁的根源是因为班上同学的霸凌，但是我一直很愿意学习，我不想高考因为抑郁这个插曲就只有五百多，而且一边扛着躯体化，一边吃药学习，效率一直不高，两个月的时间也不知道还能不能回到原来的成绩。。。目前语文110+英语130+数学120+物化政三科200+总分560左右,"标题：【260328 求助】高三抑郁休学后复读是否明智？

正文：休学前稳上600，休学后复学只有五百多，高三这一年基本是在医院度过的，因为抑郁还有一些身体原因断断续续地在住院，现在回到学校，还有两个月就高考，看着成绩，我不甘心，我抑郁的根源是因为班上同学的霸凌，但是我一直很愿意学习，我不想高考因为抑郁这个插曲就只有五百多，而且一边扛着躯体化，一边吃药学习，效率一直不高，两个月的时间也不知道还能不能回到原来的成绩。。。目前语文110+英语130+数学120+物化政三科200+总分560左右",,https://tieba.baidu.com/p/10595097176,matched,pending_review,,来源存疑样本；已抓到列表摘要正文；仅作人工复核池，勿直接并入正式训练集,uncertain_redirect_round3_pool.csv
10595277932,抑郁症,抑郁症,记录一下每天状况,上次在这个吧里发言是两年前了 发过类似的记录贴 不过删了 忘记最后是因为什么删了 总之新开一个 大概未来也会删掉吧 现在状态很差 未来会好的 可能吧,"标题：记录一下每天状况

正文：上次在这个吧里发言是两年前了 发过类似的记录贴 不过删了 忘记最后是因为什么删了 总之新开一个 大概未来也会删掉吧 现在状态很差 未来会好的 可能吧",,https://tieba.baidu.com/p/10595277932,matched,pending_review,,来源存疑样本；已抓到列表摘要正文；仅作人工复核池，勿直接并入正式训练集,uncertain_redirect_round3_pool.csv
10595344210,抑郁症,抑郁症,【260328+倾诉】我或许是一个失败的人,确诊双相，焦虑第5个年头了，现在高三，中间初三的时候休学了一年。年年都会复发一两次，药也吃了很多很多种，做了不知道多少次的心理治疗，现在虽然比以前好了许多，但一有一点风吹草动情绪还是有很大的波动。近两天因为情绪波动太大，原本医生说是要住院的，我拒绝了。 现在越来越不想上学，艺考完在回学校又分了班，和朋友不在一个班了，跟孤僻了，最怕的就是体育课，只能一个人在一旁坐着。真的很羡慕别人，我这个人没有别人那,"标题：【260328+倾诉】我或许是一个失败的人

正文：确诊双相，焦虑第5个年头了，现在高三，中间初三的时候休学了一年。年年都会复发一两次，药也吃了很多很多种，做了不知道多少次的心理治疗，现在虽然比以前好了许多，但一有一点风吹草动情绪还是有很大的波动。近两天因为情绪波动太大，原本医生说是要住院的，我拒绝了。 现在越来越不想上学，艺考完在回学校又分了班，和朋友不在一个班了，跟孤僻了，最怕的就是体育课，只能一个人在一旁坐着。真的很羡慕别人，我这个人没有别人那",,https://tieba.baidu.com/p/10595344210,matched,pending_review,,来源存疑样本；已抓到列表摘要正文；仅作人工复核池，勿直接并入正式训练集,uncertain_redirect_round3_pool.csv
10595643271,抑郁症,抑郁症,【260329 倾诉】我也没想到我也会去送外卖,居然真的走到这一天，看相册送外卖掉照片还挺多的。。还是感谢这个平台给我这种人最后的退路和底气。虽然收入只有几块几十块。至少有口饭吃。可以拒绝讨厌的企业环境和欺负人的同事。 可以做业余兼职。出门晒太阳逛街的动力。哪怕收入只有十块钱。 也觉得有所收获。 我这一天没白活。也不用面对勾心斗角的恶心小人同事。,"标题：【260329 倾诉】我也没想到我也会去送外卖

正文：居然真的走到这一天，看相册送外卖掉照片还挺多的。。还是感谢这个平台给我这种人最后的退路和底气。虽然收入只有几块几十块。至少有口饭吃。可以拒绝讨厌的企业环境和欺负人的同事。 可以做业余兼职。出门晒太阳逛街的动力。哪怕收入只有十块钱。 也觉得有所收获。 我这一天没白活。也不用面对勾心斗角的恶心小人同事。",,https://tieba.baidu.com/p/10595643271,matched,pending_review,,来源存疑样本；已抓到列表摘要正文；仅作人工复核池，勿直接并入正式训练集,uncertain_redirect_round3_pool.csv
10595959579,抑郁症,抑郁症,【260329 求助】抑郁症期间精神出轨算出轨吗？,我老婆去年得了抑郁症一直没去医院呆在娘家，刚开始非常烦躁我一直想和我离婚而且讨厌我们这边的人包括儿子也不想见(因为儿子一直是我妈帮带)，她在网上借了网贷做跨境电商被骗了后面我帮她还了，今年正月带她去住了半个月院出院后她就没说离婚的事而且跟着我一起生活，但是有一天我看到她在手机一个聊天软件上叫别人老公而且很多事都和他说，我当时就一个念头离婚但是和她沟通后她不想离她说她已经删了，我该怎么做？,"标题：【260329 求助】抑郁症期间精神出轨算出轨吗？

正文：我老婆去年得了抑郁症一直没去医院呆在娘家，刚开始非常烦躁我一直想和我离婚而且讨厌我们这边的人包括儿子也不想见(因为儿子一直是我妈帮带)，她在网上借了网贷做跨境电商被骗了后面我帮她还了，今年正月带她去住了半个月院出院后她就没说离婚的事而且跟着我一起生活，但是有一天我看到她在手机一个聊天软件上叫别人老公而且很多事都和他说，我当时就一个念头离婚但是和她沟通后她不想离她说她已经删了，我该怎么做？",,https://tieba.baidu.com/p/10595959579,matched,pending_review,,来源存疑样本；已抓到列表摘要正文；仅作人工复核池，勿直接并入正式训练集,uncertain_redirect_round3_pool.csv
10598792115,抑郁症,抑郁症,【260330 倾诉】终于扛不住了，开始精神中心诊疗。,我从小就抑郁性格，我觉得原因有以下几个方面。一.天生的性格，智力原因。（性格软弱，智力比同龄人差一大截，总是处于被调侃欺负的对象，我本来不是孤僻性格，但总是受到伤害，对我好的人我也没有珍惜，算是情感淡漠吧）二.父亲在我五六岁开始在家里咆哮，严重时一天三次，我起名叫张三疯，虽然他不姓张。还好，他不动手只在家里发疯。三.我面对的工作，家庭和孩子的健康给我的压力，尤其是孩子的健康，直接把我从抗衡了三十年的抑,"标题：【260330 倾诉】终于扛不住了，开始精神中心诊疗。

正文：我从小就抑郁性格，我觉得原因有以下几个方面。一.天生的性格，智力原因。（性格软弱，智力比同龄人差一大截，总是处于被调侃欺负的对象，我本来不是孤僻性格，但总是受到伤害，对我好的人我也没有珍惜，算是情感淡漠吧）二.父亲在我五六岁开始在家里咆哮，严重时一天三次，我起名叫张三疯，虽然他不姓张。还好，他不动手只在家里发疯。三.我面对的工作，家庭和孩子的健康给我的压力，尤其是孩子的健康，直接把我从抗衡了三十年的抑",,https://tieba.baidu.com/p/10598792115,matched,pending_review,,来源存疑样本；已抓到列表摘要正文；仅作人工复核池，勿直接并入正式训练集,uncertain_redirect_round3_pool.csv
10600929921,抑郁症,抑郁症,【260331 倾诉】心里挺难受的,本来感觉以为很坚强的，但是现在突然有点绷不住了。看着我爸像个小孩子一样躺在病床上，动也动不了，屎尿把不住，凌晨四点了，给他擦身体，给他换纸尿裤尿垫，换被套，翻身，他就在我的手里任我摆动。谁能想到前几天还是正常的，一下子就脑梗了，这几天就感觉做梦一样，一点也不真实。,"标题：【260331 倾诉】心里挺难受的

正文：本来感觉以为很坚强的，但是现在突然有点绷不住了。看着我爸像个小孩子一样躺在病床上，动也动不了，屎尿把不住，凌晨四点了，给他擦身体，给他换纸尿裤尿垫，换被套，翻身，他就在我的手里任我摆动。谁能想到前几天还是正常的，一下子就脑梗了，这几天就感觉做梦一样，一点也不真实。",,https://tieba.baidu.com/p/10600929921,matched,pending_review,,来源存疑样本；已抓到列表摘要正文；仅作人工复核池，勿直接并入正式训练集,uncertain_redirect_round3_pool.csv
10606502947,抑郁症,抑郁症,【260402 求助】睡不着怎么办？,本人一直都睡不着，易醒，只有在自己家的时候能睡着，但是现在刚结婚，结婚后睡觉老是做噩梦，后来一直睡不着觉怎么办？,"标题：【260402 求助】睡不着怎么办？

正文：本人一直都睡不着，易醒，只有在自己家的时候能睡着，但是现在刚结婚，结婚后睡觉老是做噩梦，后来一直睡不着觉怎么办？",,https://tieba.baidu.com/p/10606502947,matched,pending_review,,来源存疑样本；已抓到列表摘要正文；仅作人工复核池，勿直接并入正式训练集,uncertain_redirect_round3_pool.csv
10607949557,抑郁症,抑郁症,【260402 倾诉】我感觉现在特别迷茫,我今年16了已经一个月没去学校了 现在就天天在学校附近的出租屋里 每天刷视频也没有什么爱玩的游戏 没有什么爱好 也没有什么擅长的 每次都是玩到累到不行 然后才去睡 睡眠完全随机 一天基本只吃一顿饭 已经吃药一年多了 中间也有过自己不吃药 从3月开始就没怎么吃过药了 大概是在24年底查出来的抑郁症转双向也有半年多了 真实的抑郁时间应该比这个要早的多 小学的时候就应该有了 家庭原因 我的性格可能就是不太讨喜比较我也不知道怎么说,"标题：【260402 倾诉】我感觉现在特别迷茫

正文：我今年16了已经一个月没去学校了 现在就天天在学校附近的出租屋里 每天刷视频也没有什么爱玩的游戏 没有什么爱好 也没有什么擅长的 每次都是玩到累到不行 然后才去睡 睡眠完全随机 一天基本只吃一顿饭 已经吃药一年多了 中间也有过自己不吃药 从3月开始就没怎么吃过药了 大概是在24年底查出来的抑郁症转双向也有半年多了 真实的抑郁时间应该比这个要早的多 小学的时候就应该有了 家庭原因 我的性格可能就是不太讨喜比较我也不知道怎么说",,https://tieba.baidu.com/p/10607949557,matched,pending_review,,来源存疑样本；已抓到列表摘要正文；仅作人工复核池，勿直接并入正式训练集,uncertain_redirect_round3_pool.csv
10608460417,抑郁症,抑郁症,【260402 倾诉】感到极端痛苦,最近发病越来越严重了，每天都在发作。我不想只是歇斯底里的宣泄情绪，因为这样大家都会怕我，就算发了也不会有人理我在意我，所以说我不要再发了，我只能找到一个没有任何人的地方发这些因为我真的要受不了了。 我开始越来越封闭，我明白没有人把我当重要的存在，就算自己一味的去倾诉也没有意义，所以我不再联系任何人，既是不想因为自己影响别人，也是无法安心的向不在乎自己的人强行诉说些什么，我讨厌这样我不喜欢这样我不要,"标题：【260402 倾诉】感到极端痛苦

正文：最近发病越来越严重了，每天都在发作。我不想只是歇斯底里的宣泄情绪，因为这样大家都会怕我，就算发了也不会有人理我在意我，所以说我不要再发了，我只能找到一个没有任何人的地方发这些因为我真的要受不了了。 我开始越来越封闭，我明白没有人把我当重要的存在，就算自己一味的去倾诉也没有意义，所以我不再联系任何人，既是不想因为自己影响别人，也是无法安心的向不在乎自己的人强行诉说些什么，我讨厌这样我不喜欢这样我不要",,https://tieba.baidu.com/p/10608460417,matched,pending_review,,来源存疑样本；已抓到列表摘要正文；仅作人工复核池，勿直接并入正式训练集,uncertain_redirect_round3_pool.csv
10608973019,抑郁症,抑郁症,【260403 倾诉】又凌晨醒来了,心慌，一直在想事情,"标题：【260403 倾诉】又凌晨醒来了

正文：心慌，一直在想事情",,https://tieba.baidu.com/p/10608973019,matched,pending_review,,来源存疑样本；已抓到列表摘要正文；仅作人工复核池，勿直接并入正式训练集,uncertain_redirect_round3_pool.csv
10609584346,抑郁症,抑郁症,【260403 倾诉】有病友见面吗？我快撑不住了！有意者私我谢谢,我保定地区的,"标题：【260403 倾诉】有病友见面吗？我快撑不住了！有意者私我谢谢

正文：我保定地区的",,https://tieba.baidu.com/p/10609584346,matched,pending_review,,来源存疑样本；已抓到列表摘要正文；仅作人工复核池，勿直接并入正式训练集,uncertain_redirect_round3_pool.csv
10610652439,抑郁症,抑郁症,【260403+倾诉】感觉贴吧现在都日落西山了,没啥人了,"标题：【260403+倾诉】感觉贴吧现在都日落西山了

正文：没啥人了",,https://tieba.baidu.com/p/10610652439,matched,pending_review,,来源存疑样本；已抓到列表摘要正文；仅作人工复核池，勿直接并入正式训练集,uncertain_redirect_round3_pool.csv
10611665197,抑郁症,抑郁症,【260404+倾诉】焦虑抑郁状态是抑郁症吗？,今天去医院花了400多做表，出的报告写的是焦虑抑郁状态,"标题：【260404+倾诉】焦虑抑郁状态是抑郁症吗？

正文：今天去医院花了400多做表，出的报告写的是焦虑抑郁状态",,https://tieba.baidu.com/p/10611665197,matched,pending_review,,来源存疑样本；已抓到列表摘要正文；仅作人工复核池，勿直接并入正式训练集,uncertain_redirect_round3_pool.csv
10613286726,抑郁症,抑郁症,【260404 倾诉】😰😰😰😰😰,去医院真的能查出来吗，我感觉自己只是想逃避责任而已,"标题：【260404 倾诉】😰😰😰😰😰

正文：去医院真的能查出来吗，我感觉自己只是想逃避责任而已",,https://tieba.baidu.com/p/10613286726,matched,pending_review,,来源存疑样本；已抓到列表摘要正文；仅作人工复核池，勿直接并入正式训练集,uncertain_redirect_round3_pool.csv
10614532926,抑郁症,抑郁症,【260405 倾诉】一封交友贴,👉🏻零零后女生，有先天的忧郁焦虑倾向，不是那种后天造成的，可以看我以前的帖子，我现在就想找找类似的人聊聊天，会让我感觉我不是一人不那么孤独。 温馨提示:如果聊天有时候我话很少，只是因为我累了，我很容易疲惫和低落，我习惯了，但心理上我很在乎朋友的(˃ ⌑ ˂ഃ )，不会特意冷落，有什么勾心斗角之类的 👉🏻我很难建立友谊也是因为我日常就很低落脑子累，提供不了别人情绪价值，没办法，因为我自己很低落没法说话，别人,"标题：【260405 倾诉】一封交友贴

正文：👉🏻零零后女生，有先天的忧郁焦虑倾向，不是那种后天造成的，可以看我以前的帖子，我现在就想找找类似的人聊聊天，会让我感觉我不是一人不那么孤独。 温馨提示:如果聊天有时候我话很少，只是因为我累了，我很容易疲惫和低落，我习惯了，但心理上我很在乎朋友的(˃ ⌑ ˂ഃ )，不会特意冷落，有什么勾心斗角之类的 👉🏻我很难建立友谊也是因为我日常就很低落脑子累，提供不了别人情绪价值，没办法，因为我自己很低落没法说话，别人",,https://tieba.baidu.com/p/10614532926,matched,pending_review,,来源存疑样本；已抓到列表摘要正文；仅作人工复核池，勿直接并入正式训练集,uncertain_redirect_round3_pool.csv
10614724671,抑郁症,抑郁症,【260405 求助】我这是心理问题吗？,一直想魂飞破灭 在这世界消失是为什么？感觉我也没有抑郁的症状 但每天就心里面就不高兴很难过 很难描述这种感觉 是心理问题吗？,"标题：【260405 求助】我这是心理问题吗？

正文：一直想魂飞破灭 在这世界消失是为什么？感觉我也没有抑郁的症状 但每天就心里面就不高兴很难过 很难描述这种感觉 是心理问题吗？",,https://tieba.baidu.com/p/10614724671,matched,pending_review,,来源存疑样本；已抓到列表摘要正文；仅作人工复核池，勿直接并入正式训练集,uncertain_redirect_round3_pool.csv
10614733603,抑郁症,抑郁症,【260405 倾诉】高一下特别焦虑该怎么办？,就是我现在已经进行到了一个特别特别焦虑的状态，每天早上起床都不想去学校，害怕面对老师和同学，因为我是班里唯一的走读生所以我在班里几乎没有认识的人，也尝试着和全班人都搭过话但是完全聊不起来，每天都很孤独。 我明白对的人会出现在正确的路上，但我现在真的真的很难过这样的状态持续了快两个月，以前也有过，甚至吃药都缓解不了，已经无法放松下来了每天都在焦虑中度过，找了很多老师家人网友都没有办法。加上学习压力实,"标题：【260405 倾诉】高一下特别焦虑该怎么办？

正文：就是我现在已经进行到了一个特别特别焦虑的状态，每天早上起床都不想去学校，害怕面对老师和同学，因为我是班里唯一的走读生所以我在班里几乎没有认识的人，也尝试着和全班人都搭过话但是完全聊不起来，每天都很孤独。 我明白对的人会出现在正确的路上，但我现在真的真的很难过这样的状态持续了快两个月，以前也有过，甚至吃药都缓解不了，已经无法放松下来了每天都在焦虑中度过，找了很多老师家人网友都没有办法。加上学习压力实",,https://tieba.baidu.com/p/10614733603,matched,pending_review,,来源存疑样本；已抓到列表摘要正文；仅作人工复核池，勿直接并入正式训练集,uncertain_redirect_round3_pool.csv
10615821282,抑郁症,抑郁症,【260403 倾诉】11111,1,"标题：【260403 倾诉】11111

正文：1",,https://tieba.baidu.com/p/10615821282,matched,pending_review,,来源存疑样本；已抓到列表摘要正文；仅作人工复核池，勿直接并入正式训练集,uncertain_redirect_round3_pool.csv
10616670056,抑郁症,抑郁症,【260406 倾诉】我发现我从未认真思考过死亡,"以往每每想去死亡时大多数是因为伴随痛苦，痛苦来的快的时候又或者是一点一点累计到顶点的时候，这时候追求的死往往是一个结果，目的是结束痛苦。但是死太复杂了，它既可以是过程，也可以是结果，带来的影响既关注个人也影响他人, 总之它可以代表太多事情了，我总是在痛苦的时候想起死亡，却很少在冷静的时候想起他。我想这个的原因或许是因为在痛苦袭来时想起死亡是本能，是绝境下的唯一选择。而平时冷静的时候，我的大脑或许是药","标题：【260406 倾诉】我发现我从未认真思考过死亡

正文：以往每每想去死亡时大多数是因为伴随痛苦，痛苦来的快的时候又或者是一点一点累计到顶点的时候，这时候追求的死往往是一个结果，目的是结束痛苦。但是死太复杂了，它既可以是过程，也可以是结果，带来的影响既关注个人也影响他人, 总之它可以代表太多事情了，我总是在痛苦的时候想起死亡，却很少在冷静的时候想起他。我想这个的原因或许是因为在痛苦袭来时想起死亡是本能，是绝境下的唯一选择。而平时冷静的时候，我的大脑或许是药",,https://tieba.baidu.com/p/10616670056,matched,pending_review,,来源存疑样本；已抓到列表摘要正文；仅作人工复核池，勿直接并入正式训练集,uncertain_redirect_round3_pool.csv
10617336252,抑郁症,抑郁症,不被信任怎么办？,"家里人不信我得了抑郁症,自己偷偷去医院检查检查，把检查报告放到他们面前了也不行,越来越控制不住自己的情绪了,我爸甚至叫我去s,精神上疼，肉体上也疼","标题：不被信任怎么办？

正文：家里人不信我得了抑郁症,自己偷偷去医院检查检查，把检查报告放到他们面前了也不行,越来越控制不住自己的情绪了,我爸甚至叫我去s,精神上疼，肉体上也疼",,https://tieba.baidu.com/p/10617336252,matched,pending_review,,来源存疑样本；已抓到列表摘要正文；仅作人工复核池，勿直接并入正式训练集,uncertain_redirect_round3_pool.csv
10617414018,抑郁症,抑郁症,【260406 倾诉】感觉这辈子没希望了,我从考上重点高中开始，高一开始就觉得压力很大，适应不了高中生活，学校里没有朋友，成绩一落千丈，然后就得了抑郁症和强迫症，这几年治疗没有停过，花了很多钱，可是效果都不好，最终还是勉勉强强上了个大学，但是病没好还是适应不了大学生活，然后先是休学，最后退学了，前两天紫砂被救回来了，感觉生活没有希望，我无法接受现在躺着的自己，现实也没人理解我，能不能有好心人和我聊聊天，咱们互相鼓励,"标题：【260406 倾诉】感觉这辈子没希望了

正文：我从考上重点高中开始，高一开始就觉得压力很大，适应不了高中生活，学校里没有朋友，成绩一落千丈，然后就得了抑郁症和强迫症，这几年治疗没有停过，花了很多钱，可是效果都不好，最终还是勉勉强强上了个大学，但是病没好还是适应不了大学生活，然后先是休学，最后退学了，前两天紫砂被救回来了，感觉生活没有希望，我无法接受现在躺着的自己，现实也没人理解我，能不能有好心人和我聊聊天，咱们互相鼓励",,https://tieba.baidu.com/p/10617414018,matched,pending_review,,来源存疑样本；已抓到列表摘要正文；仅作人工复核池，勿直接并入正式训练集,uncertain_redirect_round3_pool.csv
10617712518,抑郁症,抑郁症,【260406 倾诉】2026.3.6,我真的很焦虑 自己好丑啊 烦死了 头发丑 脸也丑什么都丑 烦死了,"标题：【260406 倾诉】2026.3.6

正文：我真的很焦虑 自己好丑啊 烦死了 头发丑 脸也丑什么都丑 烦死了",,https://tieba.baidu.com/p/10617712518,matched,pending_review,,来源存疑样本；已抓到列表摘要正文；仅作人工复核池，勿直接并入正式训练集,uncertain_redirect_round3_pool.csv
10617918402,抑郁症,抑郁症,【260406 吧友互动】有大庆的病友吗？不是也没关系，互相安慰和鼓励,今年2月份过完30岁生日，最近一段时间，突然感到一切都变了，那种感觉很不好。好像断崖式。 父母和自己正在老去，下个月就要失业了。曾经二十几岁年少轻狂的想法，现在看来多么幼稚，懵懂无知，未婚未育，也不打算，因为实在没有勇气也没有经济条件。刚才自己在房间里惶恐到呼吸有点困难，这才起来满屋子转，脑子根本停不下来，恐惧不安害怕一直都在。 没搬出来住之前，一直是破罐子破摔的状态，因为我继父按照买的说法就是个NPC，每,"标题：【260406 吧友互动】有大庆的病友吗？不是也没关系，互相安慰和鼓励

正文：今年2月份过完30岁生日，最近一段时间，突然感到一切都变了，那种感觉很不好。好像断崖式。 父母和自己正在老去，下个月就要失业了。曾经二十几岁年少轻狂的想法，现在看来多么幼稚，懵懂无知，未婚未育，也不打算，因为实在没有勇气也没有经济条件。刚才自己在房间里惶恐到呼吸有点困难，这才起来满屋子转，脑子根本停不下来，恐惧不安害怕一直都在。 没搬出来住之前，一直是破罐子破摔的状态，因为我继父按照买的说法就是个NPC，每",,https://tieba.baidu.com/p/10617918402,matched,pending_review,,来源存疑样本；已抓到列表摘要正文；仅作人工复核池，勿直接并入正式训练集,uncertain_redirect_round3_pool.csv
10618058443,抑郁症,抑郁症,【260406 倾诉】如果世界上有神的话，能不能帮帮我,我妈以后可能都不让我和网友聊天了，早知道不和她介绍我的朋友了，每次都说他们多大我多大，还说我怎么天天跟那些朋友聊天不跟他们谈心，有什么好谈的，我身体一直在抖。。。。我每次看番的时候她还会在旁边嘴碎几句，还说日漫毁三观什么什么的，每次答应好了给我买什么东西都不遵守约定，问又不敢问。。。。还说我玩游戏没一点用处，又不给我发钱又不给我什么的。。。。可是我的容身之处只有网络了。。。。,"标题：【260406 倾诉】如果世界上有神的话，能不能帮帮我

正文：我妈以后可能都不让我和网友聊天了，早知道不和她介绍我的朋友了，每次都说他们多大我多大，还说我怎么天天跟那些朋友聊天不跟他们谈心，有什么好谈的，我身体一直在抖。。。。我每次看番的时候她还会在旁边嘴碎几句，还说日漫毁三观什么什么的，每次答应好了给我买什么东西都不遵守约定，问又不敢问。。。。还说我玩游戏没一点用处，又不给我发钱又不给我什么的。。。。可是我的容身之处只有网络了。。。。",,https://tieba.baidu.com/p/10618058443,matched,pending_review,,来源存疑样本；已抓到列表摘要正文；仅作人工复核池，勿直接并入正式训练集,uncertain_redirect_round3_pool.csv
10618068907,抑郁症,抑郁症,【260406 倾诉】到底要怎么做？,我今年11周岁吧，但是我妈不让我和网友社交，不让我相信那些网友，让我要倾诉找她倾诉，一点都不理解我。以后可能还不让我看动漫，我每次看动漫她都在旁边说日本动漫怎么怎么样，毁三观什么的，上次看CLANNAD，看到古河渚去世的那一段，被她看到了，她说古河渚死得好。。。。我本来还能忍住自己的眼泪的。。。。,"标题：【260406 倾诉】到底要怎么做？

正文：我今年11周岁吧，但是我妈不让我和网友社交，不让我相信那些网友，让我要倾诉找她倾诉，一点都不理解我。以后可能还不让我看动漫，我每次看动漫她都在旁边说日本动漫怎么怎么样，毁三观什么的，上次看CLANNAD，看到古河渚去世的那一段，被她看到了，她说古河渚死得好。。。。我本来还能忍住自己的眼泪的。。。。",,https://tieba.baidu.com/p/10618068907,matched,pending_review,,来源存疑样本；已抓到列表摘要正文；仅作人工复核池，勿直接并入正式训练集,uncertain_redirect_round3_pool.csv
10618224327,抑郁症,抑郁症,【260406 倾诉】一个人的碎碎念,这是我第二次发帖 正如标题所说 这是我一个人的碎碎念 大致就是回忆一下我这16年的人生吧我的原生家庭应该算不好的 我的母亲对我很不好 常年对我打嘛 我的父亲在我童年时期 经常加班什么的我并没有 太大印象 但是总的来说他还是对我挺好的 缺点有很多 但是相比我在网上看到的那些还是要好的很多的 我在上小学和初中的时候就经常被霸凌 倒也没有被殴打这么严重的 更多的是言语霸凌和孤立 我的性格可能就是不太讨喜 以前的我比较张扬 或者,"标题：【260406 倾诉】一个人的碎碎念

正文：这是我第二次发帖 正如标题所说 这是我一个人的碎碎念 大致就是回忆一下我这16年的人生吧我的原生家庭应该算不好的 我的母亲对我很不好 常年对我打嘛 我的父亲在我童年时期 经常加班什么的我并没有 太大印象 但是总的来说他还是对我挺好的 缺点有很多 但是相比我在网上看到的那些还是要好的很多的 我在上小学和初中的时候就经常被霸凌 倒也没有被殴打这么严重的 更多的是言语霸凌和孤立 我的性格可能就是不太讨喜 以前的我比较张扬 或者",,https://tieba.baidu.com/p/10618224327,matched,pending_review,,来源存疑样本；已抓到列表摘要正文；仅作人工复核池，勿直接并入正式训练集,uncertain_redirect_round3_pool.csv
10618800909,抑郁症,抑郁症,为啥总觉得自己是装抑郁的,我现在休学半年了 差不多一年前三甲精神医院确诊的 然后也按时复诊吃药 但我感觉自己是装的，就是想逃避责任 是不是给误诊了呀😭😭,"标题：为啥总觉得自己是装抑郁的

正文：我现在休学半年了 差不多一年前三甲精神医院确诊的 然后也按时复诊吃药 但我感觉自己是装的，就是想逃避责任 是不是给误诊了呀😭😭",,https://tieba.baidu.com/p/10618800909,matched,pending_review,,来源存疑样本；已抓到列表摘要正文；仅作人工复核池，勿直接并入正式训练集,uncertain_redirect_round3_pool.csv
10618883028,抑郁症,抑郁症,【260407 倾诉】心理…………,我是一名家庭普通的高中生，我以为我的情绪低落是暂时的，但已经有两年的时间经常胸闷，头疼，半夜两点会醒会醒有轻微躯体化，差不多感觉自己有抑郁倾向了，但我知道我的家庭并不适合让我去看心理医生，也没有打算向自己的父母提，我怎么调节呀,"标题：【260407 倾诉】心理…………

正文：我是一名家庭普通的高中生，我以为我的情绪低落是暂时的，但已经有两年的时间经常胸闷，头疼，半夜两点会醒会醒有轻微躯体化，差不多感觉自己有抑郁倾向了，但我知道我的家庭并不适合让我去看心理医生，也没有打算向自己的父母提，我怎么调节呀",,https://tieba.baidu.com/p/10618883028,matched,pending_review,,来源存疑样本；已抓到列表摘要正文；仅作人工复核池，勿直接并入正式训练集,uncertain_redirect_round3_pool.csv
10618892887,抑郁症,抑郁症,【260407 倾诉】有时候真的觉得好累好累啊,现在是2026年4月7号凌晨5:00，又是一夜未睡，一会儿白天还要去面试，很烦，睡不着，重度抑郁症和焦虑症，今天又该交房租了，身上现在就还有11块，不知道最近怎么才能度过这个难关，想死吧，又担心把压力给我女朋友，而且确实也想和她有个以后。25年3月份还在学校读书，突然有一天早上就站不起来了，甲亢低钾周期性麻痹综合症，后面叫的救护车把我拖去了医院，还是辅导员背着我下的楼，因为我所在的大学这个专业在老校区，没有电梯，去医,"标题：【260407 倾诉】有时候真的觉得好累好累啊

正文：现在是2026年4月7号凌晨5:00，又是一夜未睡，一会儿白天还要去面试，很烦，睡不着，重度抑郁症和焦虑症，今天又该交房租了，身上现在就还有11块，不知道最近怎么才能度过这个难关，想死吧，又担心把压力给我女朋友，而且确实也想和她有个以后。25年3月份还在学校读书，突然有一天早上就站不起来了，甲亢低钾周期性麻痹综合症，后面叫的救护车把我拖去了医院，还是辅导员背着我下的楼，因为我所在的大学这个专业在老校区，没有电梯，去医",,https://tieba.baidu.com/p/10618892887,matched,pending_review,,来源存疑样本；已抓到列表摘要正文；仅作人工复核池，勿直接并入正式训练集,uncertain_redirect_round3_pool.csv
10620551861,抑郁症,抑郁症,交朋友 仅此而已,我变严重了 脑子里整天转都停不下来的 打字的时候也要全都打正确 盘旋来盘旋去 同一个词语会说好多遍 我感觉自己只想要病友 可以吗 你就说可不可以吧一个就可以,"标题：交朋友 仅此而已

正文：我变严重了 脑子里整天转都停不下来的 打字的时候也要全都打正确 盘旋来盘旋去 同一个词语会说好多遍 我感觉自己只想要病友 可以吗 你就说可不可以吧一个就可以",,https://tieba.baidu.com/p/10620551861,matched,pending_review,,来源存疑样本；已抓到列表摘要正文；仅作人工复核池，勿直接并入正式训练集,uncertain_redirect_round3_pool.csv
10620984860,抑郁症,抑郁症,【260407 倾诉】这种病真的会好吗,我不想吃一辈子的药，我不要一辈子这样活下去,"标题：【260407 倾诉】这种病真的会好吗

正文：我不想吃一辈子的药，我不要一辈子这样活下去",,https://tieba.baidu.com/p/10620984860,matched,pending_review,,来源存疑样本；已抓到列表摘要正文；仅作人工复核池，勿直接并入正式训练集,uncertain_redirect_round3_pool.csv
10622621190,抑郁症,抑郁症,【260408 倾诉】生病的感觉,怎么判断自己有没有抑郁症,"标题：【260408 倾诉】生病的感觉

正文：怎么判断自己有没有抑郁症",,https://tieba.baidu.com/p/10622621190,matched,pending_review,,来源存疑样本；已抓到列表摘要正文；仅作人工复核池，勿直接并入正式训练集,uncertain_redirect_round3_pool.csv
10623255103,抑郁症,抑郁症,【260408 求助】抑郁症患者会现出痴呆面容面貌吗,抑郁症患者会现出痴呆面容面貌吗,"标题：【260408 求助】抑郁症患者会现出痴呆面容面貌吗

正文：抑郁症患者会现出痴呆面容面貌吗",,https://tieba.baidu.com/p/10623255103,matched,pending_review,,来源存疑样本；已抓到列表摘要正文；仅作人工复核池，勿直接并入正式训练集,uncertain_redirect_round3_pool.csv
10623394806,抑郁症,抑郁症,【260408 倾诉】抑郁症怎么解脱？,从小到大，在父母的长期打压、攀比、以及管教束缚式教育下，养成抑郁精分，如何解脱？父母还不顾孩子的感受，家丑外扬，甚至胡说八道，让外人对自己有了偏见。性格还变得内向，变得自卑，工作事业很不好。在如今的大环境下，使得抑郁症更加严重。,"标题：【260408 倾诉】抑郁症怎么解脱？

正文：从小到大，在父母的长期打压、攀比、以及管教束缚式教育下，养成抑郁精分，如何解脱？父母还不顾孩子的感受，家丑外扬，甚至胡说八道，让外人对自己有了偏见。性格还变得内向，变得自卑，工作事业很不好。在如今的大环境下，使得抑郁症更加严重。",,https://tieba.baidu.com/p/10623394806,matched,pending_review,,来源存疑样本；已抓到列表摘要正文；仅作人工复核池，勿直接并入正式训练集,uncertain_redirect_round3_pool.csv
10623522914,抑郁症,抑郁症,【260408+倾诉】很孤独没意义的休学生活,休学之后完全脱离了社交群体。没有一个显示能约着见面的朋友。 受够了每天只能和家里玩具聊天和家长聊天了 我真的需要同龄人的社交 最可悲的是这些话完全不敢发在朋友圈 感觉发了绝对会被人看笑话,"标题：【260408+倾诉】很孤独没意义的休学生活

正文：休学之后完全脱离了社交群体。没有一个显示能约着见面的朋友。 受够了每天只能和家里玩具聊天和家长聊天了 我真的需要同龄人的社交 最可悲的是这些话完全不敢发在朋友圈 感觉发了绝对会被人看笑话",,https://tieba.baidu.com/p/10623522914,matched,pending_review,,来源存疑样本；已抓到列表摘要正文；仅作人工复核池，勿直接并入正式训练集,uncertain_redirect_round3_pool.csv
10623815124,抑郁症,抑郁症,【260408 倾诉】孤独常伴我左右,怎么说呢？最近心情不太好，也没有几个真心朋友可以倾述，毕竟谁会无缘无故去听负能量的东西呢，我没有出众的相貌，才华，没有身高，还胖，我想这样子吗，我不想，我以前也有同时被几个女孩子追过，可后来模样发福了，加上渐渐沉默寡言，身边居然连个女孩子都没有，唉我去，都哥们啊，有点性情了，自以为是的抽象在别人眼里面只是招笑并滑稽的行为，每次都是热脸贴冷屁股，唉，不是，我真*，好吧，刚刚的确想发泄一下，可能是孤独,"标题：【260408 倾诉】孤独常伴我左右

正文：怎么说呢？最近心情不太好，也没有几个真心朋友可以倾述，毕竟谁会无缘无故去听负能量的东西呢，我没有出众的相貌，才华，没有身高，还胖，我想这样子吗，我不想，我以前也有同时被几个女孩子追过，可后来模样发福了，加上渐渐沉默寡言，身边居然连个女孩子都没有，唉我去，都哥们啊，有点性情了，自以为是的抽象在别人眼里面只是招笑并滑稽的行为，每次都是热脸贴冷屁股，唉，不是，我真*，好吧，刚刚的确想发泄一下，可能是孤独",,https://tieba.baidu.com/p/10623815124,matched,pending_review,,来源存疑样本；已抓到列表摘要正文；仅作人工复核池，勿直接并入正式训练集,uncertain_redirect_round3_pool.csv
10623840522,抑郁症,抑郁症,【260408 倾诉】这种可能是躯体化吗,最近只要睡觉起来斜方肌脖子那一块一直是酸痛的脑子后面也不是偏头痛就是闷着的不舒服，胃经常胀气然后肠鸣拉稀上得很频繁但又拉得很少，睡完觉起来很累。有时候耳朵会耳鸣。手也不是很能握得很紧。脾气很暴躁一点就炸，总觉得自己身上哪里都有病哪里都痛。我想问一下是不是可能抑郁了,"标题：【260408 倾诉】这种可能是躯体化吗

正文：最近只要睡觉起来斜方肌脖子那一块一直是酸痛的脑子后面也不是偏头痛就是闷着的不舒服，胃经常胀气然后肠鸣拉稀上得很频繁但又拉得很少，睡完觉起来很累。有时候耳朵会耳鸣。手也不是很能握得很紧。脾气很暴躁一点就炸，总觉得自己身上哪里都有病哪里都痛。我想问一下是不是可能抑郁了",,https://tieba.baidu.com/p/10623840522,matched,pending_review,,来源存疑样本；已抓到列表摘要正文；仅作人工复核池，勿直接并入正式训练集,uncertain_redirect_round3_pool.csv
10623898510,抑郁症,抑郁症,我好难受啊,重度抑郁中度焦虑症，想问一下大家该怎么缓解。我是去年高一下册发现自己待在学校就是一直想哭，在学校里特别冷特别不舒服，那个时候已经站在我自己的房间的窗户……，可是听着爸妈在我隔壁房间的呼声，不自觉的放下了脚，重新躺回床上了，那个时候已经请了一个月的假，检查发现自己得病了，一直在考虑要不要休学。最后我还是休学了，休学一年就躺着，还健身了，各种情况有所好转，临近复学我好得多了，但是复学时期我的状态又恶化,"标题：我好难受啊

正文：重度抑郁中度焦虑症，想问一下大家该怎么缓解。我是去年高一下册发现自己待在学校就是一直想哭，在学校里特别冷特别不舒服，那个时候已经站在我自己的房间的窗户……，可是听着爸妈在我隔壁房间的呼声，不自觉的放下了脚，重新躺回床上了，那个时候已经请了一个月的假，检查发现自己得病了，一直在考虑要不要休学。最后我还是休学了，休学一年就躺着，还健身了，各种情况有所好转，临近复学我好得多了，但是复学时期我的状态又恶化",,https://tieba.baidu.com/p/10623898510,matched,pending_review,,来源存疑样本；已抓到列表摘要正文；仅作人工复核池，勿直接并入正式训练集,uncertain_redirect_round3_pool.csv
10624014741,抑郁症,抑郁症,【260409 倾诉】妹妹4年级在学校被欺负了 现在休学了,家里人喜欢说她 有点轻微抑郁 现在把她带来堂姐这 想着小时候关系好 可以好好调整一下 但我妹现在有点敏感 可能太久没见了很生疏 堂姐过来说了她两句 又只能把她带回去 堂姐这边也确实不方便 但是带回去的话只有身体不好的外公陪着她 我怕她没有说话的人会有点孤单 她玩手机玩了挺久时间的 现在性格就是有一点不如意吧就发脾气 可能就是对我才这样 我现在又是上学的 各位大佬能支支招嘛？也不太算霸凌 因为我妹比较懒 身上确实有股味道,"标题：【260409 倾诉】妹妹4年级在学校被欺负了 现在休学了

正文：家里人喜欢说她 有点轻微抑郁 现在把她带来堂姐这 想着小时候关系好 可以好好调整一下 但我妹现在有点敏感 可能太久没见了很生疏 堂姐过来说了她两句 又只能把她带回去 堂姐这边也确实不方便 但是带回去的话只有身体不好的外公陪着她 我怕她没有说话的人会有点孤单 她玩手机玩了挺久时间的 现在性格就是有一点不如意吧就发脾气 可能就是对我才这样 我现在又是上学的 各位大佬能支支招嘛？也不太算霸凌 因为我妹比较懒 身上确实有股味道",,https://tieba.baidu.com/p/10624014741,matched,pending_review,,来源存疑样本；已抓到列表摘要正文；仅作人工复核池，勿直接并入正式训练集,uncertain_redirect_round3_pool.csv
10624030834,抑郁症,抑郁症,【260409 倾诉】维持感情对我来说真的很复杂,又被..删了，准确来说，是拉黑，被认为，比较重要的人吧，上次聊天，是她说，等她高考结束，我依旧，每天给她发消息，至少，也是一句晚安，昨天也是，然后就今天，我被拉黑了，可能，还是很招人烦吧，我也不知道，她什么时候回来，只是一遍遍，形成习惯的晚安，以及，一些思念的话语 ，可能就是有人，不喜欢那么多消息吧，更何况我跟她，也很久没有聊天了，认识，也有几年了，可能我，可能，可能真的就是淡了叭，认识了，好久好久，,"标题：【260409 倾诉】维持感情对我来说真的很复杂

正文：又被..删了，准确来说，是拉黑，被认为，比较重要的人吧，上次聊天，是她说，等她高考结束，我依旧，每天给她发消息，至少，也是一句晚安，昨天也是，然后就今天，我被拉黑了，可能，还是很招人烦吧，我也不知道，她什么时候回来，只是一遍遍，形成习惯的晚安，以及，一些思念的话语 ，可能就是有人，不喜欢那么多消息吧，更何况我跟她，也很久没有聊天了，认识，也有几年了，可能我，可能，可能真的就是淡了叭，认识了，好久好久，",,https://tieba.baidu.com/p/10624030834,matched,pending_review,,来源存疑样本；已抓到列表摘要正文；仅作人工复核池，勿直接并入正式训练集,uncertain_redirect_round3_pool.csv
10624262786,抑郁症,抑郁症,【260409 倾诉】十年前那些人还在吗,结婚了吗？还活着吗？,"标题：【260409 倾诉】十年前那些人还在吗

正文：结婚了吗？还活着吗？",,https://tieba.baidu.com/p/10624262786,matched,pending_review,,来源存疑样本；已抓到列表摘要正文；仅作人工复核池，勿直接并入正式训练集,uncertain_redirect_round3_pool.csv
10625126397,抑郁症,抑郁症,【260409 倾诉】一个人的胡思乱想,没错 我又来发帖了 这是我第三次发帖 即使我的帖子没有什么人看就当是自己发牢骚吧 留给自己看大多数人似乎都没耐心看完我的帖子 因为我总是说很多东西 我是一只老鼠在下水道里阴暗扭曲的爬行透过下水道孔透露出的一点光明窥视着别人的幸福之前的我一心求死 现在的我连死的勇气甚至都没有 也许在不久的将来我就会死 也许就是明天但是我真正活过吗我为我自己活过吗 如果没有 我是在为谁而活 我如今早就社会性死亡了 亲情 友情 爱情什么都,"标题：【260409 倾诉】一个人的胡思乱想

正文：没错 我又来发帖了 这是我第三次发帖 即使我的帖子没有什么人看就当是自己发牢骚吧 留给自己看大多数人似乎都没耐心看完我的帖子 因为我总是说很多东西 我是一只老鼠在下水道里阴暗扭曲的爬行透过下水道孔透露出的一点光明窥视着别人的幸福之前的我一心求死 现在的我连死的勇气甚至都没有 也许在不久的将来我就会死 也许就是明天但是我真正活过吗我为我自己活过吗 如果没有 我是在为谁而活 我如今早就社会性死亡了 亲情 友情 爱情什么都",,https://tieba.baidu.com/p/10625126397,matched,pending_review,,来源存疑样本；已抓到列表摘要正文；仅作人工复核池，勿直接并入正式训练集,uncertain_redirect_round3_pool.csv
5100692376,抑郁症,抑郁症,米氮平停药两天,两天睡不着觉，可以睁着眼睛到天亮，是继续停药还是吃药，希望有经验的朋友指点一下,"标题：米氮平停药两天

正文：两天睡不着觉，可以睁着眼睛到天亮，是继续停药还是吃药，希望有经验的朋友指点一下",,https://tieba.baidu.com/p/5100692376,matched,pending_review,,来源存疑样本；已抓到列表摘要正文；仅作人工复核池，勿直接并入正式训练集,uncertain_redirect_round3_pool.csv
6088567147,抑郁症,抑郁症,鼓励贴！我曾经吃了五年米氮平，到今天我停药一年半了，中途稍稍,鼓励贴！我曾经吃了五年米氮平，到今天我停药一年半了，中途稍稍有点反复，但还是自己调整了过来。现在每天睡眠都很好。从得病到基本治愈，经历了无数的困难。很多辛苦只有自己才知道，但我现在感觉很快乐，每天早晨醒来后都十分开心。 所以别灰心，别丧胆，好好治疗，胜利的一天会来的，睡眠会回来，快乐也会回来。,鼓励贴！我曾经吃了五年米氮平，到今天我停药一年半了，中途稍稍有点反复，但还是自己调整了过来。现在每天睡眠都很好。从得病到基本治愈，经历了无数的困难。很多辛苦只有自己才知道，但我现在感觉很快乐，每天早晨醒来后都十分开心。 所以别灰心，别丧胆，好好治疗，胜利的一天会来的，睡眠会回来，快乐也会回来。,,https://tieba.baidu.com/p/6088567147,matched,pending_review,,来源存疑样本；已抓到列表摘要正文；仅作人工复核池，勿直接并入正式训练集,uncertain_redirect_round3_pool.csv
7155682374,抑郁症,抑郁症,【201217 倾诉】日记,,【201217 倾诉】日记,,https://tieba.baidu.com/p/7155682374,matched,pending_review,,来源存疑样本；已抓到列表摘要正文；仅作人工复核池，勿直接并入正式训练集,uncertain_redirect_round3_pool.csv
8347189760,抑郁症,抑郁症,【20230407 倾诉】五年了，还是复发了，给自己开个楼,实在找不到地方说话，只希望自己有一个树洞 时隔五年，又回来了，吃和以前一样的药 不知道还有没有用 很希望回到当时那种漠然的、体会不到任何包括快乐痛苦等等任何情感的行尸走肉状态 如果不痛苦的代价是快乐也一并失去，那当然太划算了 珍惜我下午为数不多的正常时光 到了夜里和早上，我又要心悸心慌,"标题：【20230407 倾诉】五年了，还是复发了，给自己开个楼

正文：实在找不到地方说话，只希望自己有一个树洞 时隔五年，又回来了，吃和以前一样的药 不知道还有没有用 很希望回到当时那种漠然的、体会不到任何包括快乐痛苦等等任何情感的行尸走肉状态 如果不痛苦的代价是快乐也一并失去，那当然太划算了 珍惜我下午为数不多的正常时光 到了夜里和早上，我又要心悸心慌",,https://tieba.baidu.com/p/8347189760,matched,pending_review,,来源存疑样本；已抓到列表摘要正文；仅作人工复核池，勿直接并入正式训练集,uncertain_redirect_round3_pool.csv
9178384353,抑郁症,抑郁症,过完亲人团圆的中秋节，准备出去找工作了,前些天在招聘软件上联系了个操机仔学徒岗位，年底就31岁了，应聘的时候用的高中学历。只不过真实情况是211硕士刚毕业两个月，这听起来真是反差吧……,"标题：过完亲人团圆的中秋节，准备出去找工作了

正文：前些天在招聘软件上联系了个操机仔学徒岗位，年底就31岁了，应聘的时候用的高中学历。只不过真实情况是211硕士刚毕业两个月，这听起来真是反差吧……",,https://tieba.baidu.com/p/9178384353,matched,pending_review,,来源存疑样本；已抓到列表摘要正文；仅作人工复核池，勿直接并入正式训练集,uncertain_redirect_round3_pool.csv
9486955327,抑郁症,抑郁症,【250212 倾诉】他一直给我套病,木子李。救我。 心理咨询师永远都是有病的，我奉劝各位不要去找心理咨询师。必然你会受到重创。,"标题：【250212 倾诉】他一直给我套病

正文：木子李。救我。 心理咨询师永远都是有病的，我奉劝各位不要去找心理咨询师。必然你会受到重创。",,https://tieba.baidu.com/p/9486955327,matched,pending_review,,来源存疑样本；已抓到列表摘要正文；仅作人工复核池，勿直接并入正式训练集,uncertain_redirect_round3_pool.csv
9949344813,抑郁症,抑郁症,【250813+倾诉】这个药有吃过有效果的吗,前几天才查的，说是焦虑中度焦虑和抑郁，一直以为最坏也是轻度的。开来的药还没开始吃，怕有依赖，也怕自己不按时吃中断了。这药吃了好转后停药能好彻底吗？希望能有病友交流一下，像朋友聊聊天说说话也好,"标题：【250813+倾诉】这个药有吃过有效果的吗

正文：前几天才查的，说是焦虑中度焦虑和抑郁，一直以为最坏也是轻度的。开来的药还没开始吃，怕有依赖，也怕自己不按时吃中断了。这药吃了好转后停药能好彻底吗？希望能有病友交流一下，像朋友聊聊天说说话也好",,https://tieba.baidu.com/p/9949344813,matched,pending_review,,来源存疑样本；已抓到列表摘要正文；仅作人工复核池，勿直接并入正式训练集,uncertain_redirect_round3_pool.csv
9963959163,抑郁症,抑郁症,ฅ ៸៸᳐ ᴋɪᴛᴛᴇɴ ʀᴀᴅɪᴏ ៸៸᳐ ฅ,,ฅ ៸៸᳐ ᴋɪᴛᴛᴇɴ ʀᴀᴅɪᴏ ៸៸᳐ ฅ,,https://tieba.baidu.com/p/9963959163,matched,pending_review,,来源存疑样本；已抓到列表摘要正文；仅作人工复核池，勿直接并入正式训练集,uncertain_redirect_round3_pool.csv
3780040088,挂科,挂科,挂科真的不是什么好事啊,大学四年挂科无数，大四了，学校还没有清考，只能重修，重修又没过，BOOM！想死的心都有了，毕业证，没了！学位证，没了！！以前一直不敢跟家里说，最后没办法了，跟爸妈说了，老爸就说，你早干什么去了，这种事早说给你找找关系说不定还行，非得拖到这个时候。奉劝各位，毕竟爹妈，早点说了，让家里给使使劲,"标题：挂科真的不是什么好事啊

正文：大学四年挂科无数，大四了，学校还没有清考，只能重修，重修又没过，BOOM！想死的心都有了，毕业证，没了！学位证，没了！！以前一直不敢跟家里说，最后没办法了，跟爸妈说了，老爸就说，你早干什么去了，这种事早说给你找找关系说不定还行，非得拖到这个时候。奉劝各位，毕竟爹妈，早点说了，让家里给使使劲",,https://tieba.baidu.com/p/3780040088,matched,pending_review,,来源存疑样本；已抓到列表摘要正文；仅作人工复核池，勿直接并入正式训练集,uncertain_redirect_round5_pool.csv
4548556294,挂科,挂科,这个是骗子,2113435998 还好老子当时留了一手 说的淘宝拍 现在正在努力退款中,"标题：这个是骗子

正文：2113435998 还好老子当时留了一手 说的淘宝拍 现在正在努力退款中",,https://tieba.baidu.com/p/4548556294,matched,pending_review,,来源存疑样本；已抓到列表摘要正文；仅作人工复核池，勿直接并入正式训练集,uncertain_redirect_round5_pool.csv
4638320193,挂科,挂科,关于学位证的问题,我们大学说的是8科初修挂 不算补考不算重修 只要第一次考试挂了就没有学位证。 问问这个真实么 你们学校是这样的么,"标题：关于学位证的问题

正文：我们大学说的是8科初修挂 不算补考不算重修 只要第一次考试挂了就没有学位证。 问问这个真实么 你们学校是这样的么",,https://tieba.baidu.com/p/4638320193,matched,pending_review,,来源存疑样本；已抓到列表摘要正文；仅作人工复核池，勿直接并入正式训练集,uncertain_redirect_round5_pool.csv
10019696337,校园霸凌,校园霸凌,一直无法摆脱的阴影,从高一入学开始，我们这是职高和普高混合的学校，我是职高的，一开始因为性格懦弱长相不好看不被同学们喜欢，而且明显发现班里的男生对我的恶意，一开始也没有朋友，后来有个男生拿我开玩笑，很过分的玩笑，我实在忍不了告诉老师了，然后他就给我造谣，说我喜欢给别人打小报告，实际上我从来没有打过小报告。 到了高二分班我才知道我被他造谣了，高二被霸凌的更厉害了，全班莫名其妙对我的恶意，我一开始有个朋友，后来被他的舍友,"标题：一直无法摆脱的阴影

正文：从高一入学开始，我们这是职高和普高混合的学校，我是职高的，一开始因为性格懦弱长相不好看不被同学们喜欢，而且明显发现班里的男生对我的恶意，一开始也没有朋友，后来有个男生拿我开玩笑，很过分的玩笑，我实在忍不了告诉老师了，然后他就给我造谣，说我喜欢给别人打小报告，实际上我从来没有打过小报告。 到了高二分班我才知道我被他造谣了，高二被霸凌的更厉害了，全班莫名其妙对我的恶意，我一开始有个朋友，后来被他的舍友",,https://tieba.baidu.com/p/10019696337,matched,pending_review,,来源存疑样本；已抓到列表摘要正文；仅作人工复核池，勿直接并入正式训练集,uncertain_redirect_round4_pool.csv
10026199998,校园霸凌,校园霸凌,我想帮助更多的人,我也跟你们一样有类似的经历，所以我想帮助更多需要帮助的人，也许只靠我一个人的力量很微薄，但依靠人民群众的力量就很大，我们可以一起努力共同进步，为了光明驱散黑暗。共同面对难关。,"标题：我想帮助更多的人

正文：我也跟你们一样有类似的经历，所以我想帮助更多需要帮助的人，也许只靠我一个人的力量很微薄，但依靠人民群众的力量就很大，我们可以一起努力共同进步，为了光明驱散黑暗。共同面对难关。",,https://tieba.baidu.com/p/10026199998,matched,pending_review,,来源存疑样本；已抓到列表摘要正文；仅作人工复核池，勿直接并入正式训练集,uncertain_redirect_round4_pool.csv
10097913319,校园霸凌,校园霸凌,啊，还有这种吧,校园80很难留下证据吧，不是因为地域分离就很难结束吧 怀着一颗幼稚的心进入了这个重点高中，被80一年，班主任也无作为，一开始是各打五十大板，后来是单方面批判我 我对语文老师总是没什么好感，总感觉她们很会诡辩，也跟我遇到的这个兼语文老师的班主任沾些关系 幸好上完高一之后，我凭借分班考离开了原来的班级啊 然后就是浑浑噩噩的高二，在抑郁焦虑中度过 我的青春要结束了，离高考还有200多天，我的心理素质还不如我初三的时候，,"标题：啊，还有这种吧

正文：校园80很难留下证据吧，不是因为地域分离就很难结束吧 怀着一颗幼稚的心进入了这个重点高中，被80一年，班主任也无作为，一开始是各打五十大板，后来是单方面批判我 我对语文老师总是没什么好感，总感觉她们很会诡辩，也跟我遇到的这个兼语文老师的班主任沾些关系 幸好上完高一之后，我凭借分班考离开了原来的班级啊 然后就是浑浑噩噩的高二，在抑郁焦虑中度过 我的青春要结束了，离高考还有200多天，我的心理素质还不如我初三的时候，",,https://tieba.baidu.com/p/10097913319,matched,pending_review,,来源存疑样本；已抓到列表摘要正文；仅作人工复核池，勿直接并入正式训练集,uncertain_redirect_round4_pool.csv
10116385876,校园霸凌,校园霸凌,求助！！！,本人是一个高二的女生，性格比较笨，长得也不好看，遇到了校园霸凌，自己调解两次没有结果，而且越来越重了，骂回去也没有用，目前自己心理已经有问题了，疑似焦虑症，想问问报警可以给对方留下案底吗，可以不要赔偿,"标题：求助！！！

正文：本人是一个高二的女生，性格比较笨，长得也不好看，遇到了校园霸凌，自己调解两次没有结果，而且越来越重了，骂回去也没有用，目前自己心理已经有问题了，疑似焦虑症，想问问报警可以给对方留下案底吗，可以不要赔偿",,https://tieba.baidu.com/p/10116385876,matched,pending_review,,来源存疑样本；已抓到列表摘要正文；仅作人工复核池，勿直接并入正式训练集,uncertain_redirect_round4_pool.csv
10164335978,校园霸凌,校园霸凌,刚刚休学了,本人因为有心理疾病初一的时候就被议论 直到现在初三了还在被议论 最近前几个周和朋友闹掰了 她到处在背后说我坏话 知道我的弱点在哪里 故意阴阳 这种过程持续了很久 导致这段时间真的很痛苦 跟老师说 老师也帮不到我什么 也不知道怎么跟家长说 于是刚刚休学了 她们生龙活虎 而我每天都在痛苦里面 我想不明白 家长说我的时候也是充满了不理解我好 无助,本人因为有心理疾病初一的时候就被议论 直到现在初三了还在被议论 最近前几个周和朋友闹掰了 她到处在背后说我坏话 知道我的弱点在哪里 故意阴阳 这种过程持续了很久 导致这段时间真的很痛苦 跟老师说 老师也帮不到我什么 也不知道怎么跟家长说 于是刚刚休学了 她们生龙活虎 而我每天都在痛苦里面 我想不明白 家长说我的时候也是充满了不理解我好 无助,,https://tieba.baidu.com/p/10164335978,matched,pending_review,,来源存疑样本；已抓到列表摘要正文；仅作人工复核池，勿直接并入正式训练集,uncertain_redirect_round4_pool.csv
10252687085,校园霸凌,校园霸凌,女儿在学校被欺负自残,我怎么呀,"标题：女儿在学校被欺负自残

正文：我怎么呀",,https://tieba.baidu.com/p/10252687085,matched,pending_review,,来源存疑样本；已抓到列表摘要正文；仅作人工复核池，勿直接并入正式训练集,uncertain_redirect_round4_pool.csv
10259270267,校园霸凌,校园霸凌,明年起校园霸凌正式归属公安机关管理了！,新的治安管理处罚法明确，以殴打、侮辱、恐吓等方式实施学生欺凌的，公安机关应当依法给予治安管理处罚、采取相应矫治教育等措施。同时还规定，学校不按规定报告或者处置严重学生欺凌或者其他侵害未成年学生的犯罪的，责令改正，建议有关部门对责任人员依法予以处分。 大家受到霸凌，可以想办法留下证据，明年起由公安机关来管理了。,"标题：明年起校园霸凌正式归属公安机关管理了！

正文：新的治安管理处罚法明确，以殴打、侮辱、恐吓等方式实施学生欺凌的，公安机关应当依法给予治安管理处罚、采取相应矫治教育等措施。同时还规定，学校不按规定报告或者处置严重学生欺凌或者其他侵害未成年学生的犯罪的，责令改正，建议有关部门对责任人员依法予以处分。 大家受到霸凌，可以想办法留下证据，明年起由公安机关来管理了。",,https://tieba.baidu.com/p/10259270267,matched,pending_review,,来源存疑样本；已抓到列表摘要正文；仅作人工复核池，勿直接并入正式训练集,uncertain_redirect_round4_pool.csv
10264858132,校园霸凌,校园霸凌,算是一条求助吧…,我不明白为什么我不欺负人家不招惹对方，人家就招惹我，我不理解，我我用尽一切手段也没办法消除，对方反而愈发大胆，更变本加厉，把我的那些事对他的朋友说，对我造成影响，而且还乱传我的外号，给我起恶意外号,"标题：算是一条求助吧…

正文：我不明白为什么我不欺负人家不招惹对方，人家就招惹我，我不理解，我我用尽一切手段也没办法消除，对方反而愈发大胆，更变本加厉，把我的那些事对他的朋友说，对我造成影响，而且还乱传我的外号，给我起恶意外号",,https://tieba.baidu.com/p/10264858132,matched,pending_review,,来源存疑样本；已抓到列表摘要正文；仅作人工复核池，勿直接并入正式训练集,uncertain_redirect_round4_pool.csv
10275532158,校园霸凌,校园霸凌,这个故事很长，请大家耐心看完,我在小学就开始遭受霸凌了，霸凌我的第一个人姓刘:他脸很尖，戴着眼镜，我不知道从什么时候他开始欺负我的，我只知道刚开始是一个，后来是近乎全班人，我当时很傻里傻气，这个从小就有关，我上麦当劳的时候去玩的时候被一个女生从滑滑梯上面推下来过，脑子磕到了台阶的一个包，这对我的情绪肯定有一定影响，我上小学的时候就是一个傻里傻气的人，我当时想不通为什么我跟你无冤无仇你要欺负我，但我后来搞明白了，这个社会的本质不,"标题：这个故事很长，请大家耐心看完

正文：我在小学就开始遭受霸凌了，霸凌我的第一个人姓刘:他脸很尖，戴着眼镜，我不知道从什么时候他开始欺负我的，我只知道刚开始是一个，后来是近乎全班人，我当时很傻里傻气，这个从小就有关，我上麦当劳的时候去玩的时候被一个女生从滑滑梯上面推下来过，脑子磕到了台阶的一个包，这对我的情绪肯定有一定影响，我上小学的时候就是一个傻里傻气的人，我当时想不通为什么我跟你无冤无仇你要欺负我，但我后来搞明白了，这个社会的本质不",,https://tieba.baidu.com/p/10275532158,matched,pending_review,,来源存疑样本；已抓到列表摘要正文；仅作人工复核池，勿直接并入正式训练集,uncertain_redirect_round4_pool.csv
10282344931,校园霸凌,校园霸凌,校园霸凌报警有用吗？,,校园霸凌报警有用吗？,,https://tieba.baidu.com/p/10282344931,matched,pending_review,,来源存疑样本；已抓到列表摘要正文；仅作人工复核池，勿直接并入正式训练集,uncertain_redirect_round4_pool.csv
10291004011,校园霸凌,校园霸凌,这算轻度霸凌吗,大概是从上上个学期开始的。我们班有一个学生（以下简称杨），男，挺帅的，那时我很喜欢他，我也不知道是脑子抽了还是怎么的，就没事去招惹他（碰一下后背什么的，友好态度）然后他就一直打我，当着全班面，也没有人去告老师。直到现在，事情越发严重，杨每次课间追着我打、体育课当着体育老师的面踢我裆部（我是女的），拿球砸我。 我在这学期开始时就对杨道过无数次歉了，一点用都没有。我知道有些东西不是道歉就能挽回的，而且,"标题：这算轻度霸凌吗

正文：大概是从上上个学期开始的。我们班有一个学生（以下简称杨），男，挺帅的，那时我很喜欢他，我也不知道是脑子抽了还是怎么的，就没事去招惹他（碰一下后背什么的，友好态度）然后他就一直打我，当着全班面，也没有人去告老师。直到现在，事情越发严重，杨每次课间追着我打、体育课当着体育老师的面踢我裆部（我是女的），拿球砸我。 我在这学期开始时就对杨道过无数次歉了，一点用都没有。我知道有些东西不是道歉就能挽回的，而且",,https://tieba.baidu.com/p/10291004011,matched,pending_review,,来源存疑样本；已抓到列表摘要正文；仅作人工复核池，勿直接并入正式训练集,uncertain_redirect_round4_pool.csv
10327992436,校园霸凌,校园霸凌,校园霸凌行为是不应该存在的,是应该被所有人唾弃的,"标题：校园霸凌行为是不应该存在的

正文：是应该被所有人唾弃的",,https://tieba.baidu.com/p/10327992436,matched,pending_review,,来源存疑样本；已抓到列表摘要正文；仅作人工复核池，勿直接并入正式训练集,uncertain_redirect_round4_pool.csv
10330185925,校园霸凌,校园霸凌,求助求助！,昨天晚上上晚自习，我们班俩女生拿着手机怼着我脸拍，（因为第一次都已经报警调解过了）没有用 而且造我黄谣，然后她们还扒我母亲的社交账号，侮辱我母亲，我该怎么办呢,"标题：求助求助！

正文：昨天晚上上晚自习，我们班俩女生拿着手机怼着我脸拍，（因为第一次都已经报警调解过了）没有用 而且造我黄谣，然后她们还扒我母亲的社交账号，侮辱我母亲，我该怎么办呢",,https://tieba.baidu.com/p/10330185925,matched,pending_review,,来源存疑样本；已抓到列表摘要正文；仅作人工复核池，勿直接并入正式训练集,uncertain_redirect_round4_pool.csv
10332289753,校园霸凌,校园霸凌,被别人恐吓了,如题 贴吧的老哥们 我是学生 和别人抱了一下 结果喜欢那个人的男的要打我 他们已经分手好几个月了并且女生也不喜欢他 这个男生油盐不进 在微信上威胁我 在小乡镇躲不掉 目前还没有线下找我构不成寻衅滋事 求帮助,"标题：被别人恐吓了

正文：如题 贴吧的老哥们 我是学生 和别人抱了一下 结果喜欢那个人的男的要打我 他们已经分手好几个月了并且女生也不喜欢他 这个男生油盐不进 在微信上威胁我 在小乡镇躲不掉 目前还没有线下找我构不成寻衅滋事 求帮助",,https://tieba.baidu.com/p/10332289753,matched,pending_review,,来源存疑样本；已抓到列表摘要正文；仅作人工复核池，勿直接并入正式训练集,uncertain_redirect_round4_pool.csv
10343925824,校园霸凌,校园霸凌,被同学在街上咬，老师想压下这件事情，对我影响很大该怎么反击,周五放学回家路上莫名其妙被A咬，A咬完就走了咬完我后，A的男朋友加我微信，让我不要把这件事告诉老师，我觉得这件事情很莫名其妙，然后到学校想把这件事情说清楚告诉老师，但是年级主任让我把A男朋友的微信删掉当时已经很晚了，我爸妈一直担心我为什么那么晚不回家，但是年级主任不让我联系家长，我提出想让我们双方家长都到场的情况下解决这件事情，但是年级主任不让我联系我爸妈，先把A的爸爸叫来学校A爸来学校后把我叫到教室，让,"标题：被同学在街上咬，老师想压下这件事情，对我影响很大该怎么反击

正文：周五放学回家路上莫名其妙被A咬，A咬完就走了咬完我后，A的男朋友加我微信，让我不要把这件事告诉老师，我觉得这件事情很莫名其妙，然后到学校想把这件事情说清楚告诉老师，但是年级主任让我把A男朋友的微信删掉当时已经很晚了，我爸妈一直担心我为什么那么晚不回家，但是年级主任不让我联系家长，我提出想让我们双方家长都到场的情况下解决这件事情，但是年级主任不让我联系我爸妈，先把A的爸爸叫来学校A爸来学校后把我叫到教室，让",,https://tieba.baidu.com/p/10343925824,matched,pending_review,,来源存疑样本；已抓到列表摘要正文；仅作人工复核池，勿直接并入正式训练集,uncertain_redirect_round4_pool.csv
10353533379,校园霸凌,校园霸凌,拳头里的深渊,"15岁的阿哲是班里最安静的那个男生，总是一个人坐在角落，因为个子瘦小，没少被人欺负。 那天，班里的""小霸王""强哥又找他麻烦，故意撞掉他的书，还当着全班的面骂他是""软蛋""。阿哲终于忍不住，回家把这件事告诉了爸爸。 ""儿子，这有什么好怕的？""爸爸一拍桌子，""下次他再欺负你，你就给我揍回去！狠狠打，打到他怕为止！我们家的人，不能让人欺负！"" 听了爸爸的话，阿哲心里燃起一团火。第二天，当强哥再次","标题：拳头里的深渊

正文：15岁的阿哲是班里最安静的那个男生，总是一个人坐在角落，因为个子瘦小，没少被人欺负。 那天，班里的""小霸王""强哥又找他麻烦，故意撞掉他的书，还当着全班的面骂他是""软蛋""。阿哲终于忍不住，回家把这件事告诉了爸爸。 ""儿子，这有什么好怕的？""爸爸一拍桌子，""下次他再欺负你，你就给我揍回去！狠狠打，打到他怕为止！我们家的人，不能让人欺负！"" 听了爸爸的话，阿哲心里燃起一团火。第二天，当强哥再次",,https://tieba.baidu.com/p/10353533379,matched,pending_review,,来源存疑样本；已抓到列表摘要正文；仅作人工复核池，勿直接并入正式训练集,uncertain_redirect_round4_pool.csv
10367281998,校园霸凌,校园霸凌,被父母打压学校霸凌的人身体处于长期应激紧绷没法专心学习怎么办？,,被父母打压学校霸凌的人身体处于长期应激紧绷没法专心学习怎么办？,,https://tieba.baidu.com/p/10367281998,matched,pending_review,,来源存疑样本；已抓到列表摘要正文；仅作人工复核池，勿直接并入正式训练集,uncertain_redirect_round4_pool.csv
10369185875,校园霸凌,校园霸凌,关于校园霸凌,一个初一女生被校园霸凌了 没有人帮她 离异家庭跟了父亲 在家平时也会被父亲打骂 这还有办法自救吗,"标题：关于校园霸凌

正文：一个初一女生被校园霸凌了 没有人帮她 离异家庭跟了父亲 在家平时也会被父亲打骂 这还有办法自救吗",,https://tieba.baidu.com/p/10369185875,matched,pending_review,,来源存疑样本；已抓到列表摘要正文；仅作人工复核池，勿直接并入正式训练集,uncertain_redirect_round4_pool.csv
10372890131,校园霸凌,校园霸凌,在班里被集体排斥群体霸凌，如何面对困境,先说一下我在班里的处境，我是跑堂生，身处小县城一所职高，一所普通普高，一所成绩很高的普高中的普高。班主任刚师范大学毕业，很不负责任，上课有时不来，有事不愿意管，我吵架后想换座位就被推拒了，他还喜欢让别人自己身上找原因。在班里没有关系好的人，都是点头之交，因为各种原因跟班里几个女生大声吵过架，还因为在别人看来男生在跟我玩把东西弄坏了，但是我告老师了，导致后来没有人愿意跟我深交，我道我有原因，但是我敢,"标题：在班里被集体排斥群体霸凌，如何面对困境

正文：先说一下我在班里的处境，我是跑堂生，身处小县城一所职高，一所普通普高，一所成绩很高的普高中的普高。班主任刚师范大学毕业，很不负责任，上课有时不来，有事不愿意管，我吵架后想换座位就被推拒了，他还喜欢让别人自己身上找原因。在班里没有关系好的人，都是点头之交，因为各种原因跟班里几个女生大声吵过架，还因为在别人看来男生在跟我玩把东西弄坏了，但是我告老师了，导致后来没有人愿意跟我深交，我道我有原因，但是我敢",,https://tieba.baidu.com/p/10372890131,matched,pending_review,,来源存疑样本；已抓到列表摘要正文；仅作人工复核池，勿直接并入正式训练集,uncertain_redirect_round4_pool.csv
10375002056,校园霸凌,校园霸凌,霸凌者的惩罚,深渊里的荆棘 梧桐巷落满槐花的日子，林晚星撞见李子佳正蹲在垃圾桶旁，用枯枝专注地戳着烂苹果，她洗得发白的校服沾着纸屑，枯黄的头发下，蜡黄的脸上嵌着一双蒙尘的小眼睛。抬眼看向林晚星时，她的目光没有半分温度，只有漠然的审视，仿佛在快速拆解对方的软肋。林晚星是梧桐巷的月亮，家境优渥、眉眼精致、成绩拔尖；而李子佳，是巷尾阴沟里的苔藓，穷、丑、迟钝，却浑身长满毒刺，专挑软处下手。 李子佳的扭曲性子，源于父母极,"标题：霸凌者的惩罚

正文：深渊里的荆棘 梧桐巷落满槐花的日子，林晚星撞见李子佳正蹲在垃圾桶旁，用枯枝专注地戳着烂苹果，她洗得发白的校服沾着纸屑，枯黄的头发下，蜡黄的脸上嵌着一双蒙尘的小眼睛。抬眼看向林晚星时，她的目光没有半分温度，只有漠然的审视，仿佛在快速拆解对方的软肋。林晚星是梧桐巷的月亮，家境优渥、眉眼精致、成绩拔尖；而李子佳，是巷尾阴沟里的苔藓，穷、丑、迟钝，却浑身长满毒刺，专挑软处下手。 李子佳的扭曲性子，源于父母极",,https://tieba.baidu.com/p/10375002056,matched,pending_review,,来源存疑样本；已抓到列表摘要正文；仅作人工复核池，勿直接并入正式训练集,uncertain_redirect_round4_pool.csv
10376933219,校园霸凌,校园霸凌,当年被迫辍学，如今我以社会考生身份，重返校园战场,当年高中求学之际，因长期遭受校园霸凌而被迫退学，其后虽辗转进入中专，却又不幸因病再次中断学业，这本应是青春最蓬勃的求知岁月，却因命运接踵而至的无常变故而两度折翼，徒留满心不甘的遗憾；然而，这并非故事的终章，如今已凭借初中毕业满三年所锤炼出的高中同等学力，毅然决然地以社会考生身份重踏高考征途，此前虽曾榜上有名却因心怀更高志向而选择放弃，此刻正是重整旗鼓之时，再次报名高考并投身复读班中砥砺前行，只为执,"标题：当年被迫辍学，如今我以社会考生身份，重返校园战场

正文：当年高中求学之际，因长期遭受校园霸凌而被迫退学，其后虽辗转进入中专，却又不幸因病再次中断学业，这本应是青春最蓬勃的求知岁月，却因命运接踵而至的无常变故而两度折翼，徒留满心不甘的遗憾；然而，这并非故事的终章，如今已凭借初中毕业满三年所锤炼出的高中同等学力，毅然决然地以社会考生身份重踏高考征途，此前虽曾榜上有名却因心怀更高志向而选择放弃，此刻正是重整旗鼓之时，再次报名高考并投身复读班中砥砺前行，只为执",,https://tieba.baidu.com/p/10376933219,matched,pending_review,,来源存疑样本；已抓到列表摘要正文；仅作人工复核池，勿直接并入正式训练集,uncertain_redirect_round4_pool.csv
10386199233,校园霸凌,校园霸凌,被校园霸凌后患上PTSD怎么办,本人小学初中被校园霸凌过，现在长大了但还是忘不了被霸凌的场景和霸凌者，最近查出患上PTSD,"标题：被校园霸凌后患上PTSD怎么办

正文：本人小学初中被校园霸凌过，现在长大了但还是忘不了被霸凌的场景和霸凌者，最近查出患上PTSD",,https://tieba.baidu.com/p/10386199233,matched,pending_review,,来源存疑样本；已抓到列表摘要正文；仅作人工复核池，勿直接并入正式训练集,uncertain_redirect_round4_pool.csv
10398976394,校园霸凌,校园霸凌,我现在应该怎么办,我是一名初三的学生，从小学五六年级开始就会被针对和霸凌。上了初中也被无缘无故的针对和欺负，父母和老师并不重视这些事。现在马上中考了，我好焦虑，感觉对什么都提不起兴趣，每天在班里坐如针毡感觉周围所有人都能过来欺压我一样,"标题：我现在应该怎么办

正文：我是一名初三的学生，从小学五六年级开始就会被针对和霸凌。上了初中也被无缘无故的针对和欺负，父母和老师并不重视这些事。现在马上中考了，我好焦虑，感觉对什么都提不起兴趣，每天在班里坐如针毡感觉周围所有人都能过来欺压我一样",,https://tieba.baidu.com/p/10398976394,matched,pending_review,,来源存疑样本；已抓到列表摘要正文；仅作人工复核池，勿直接并入正式训练集,uncertain_redirect_round4_pool.csv
10404520230,校园霸凌,校园霸凌,现在我都不知道该怎么办了,以前被同学取外号没用的东西，我还不敢还击，他们每天上课都说我，现在我真的想报复回去，你们觉得我该怎么做？,"标题：现在我都不知道该怎么办了

正文：以前被同学取外号没用的东西，我还不敢还击，他们每天上课都说我，现在我真的想报复回去，你们觉得我该怎么做？",,https://tieba.baidu.com/p/10404520230,matched,pending_review,,来源存疑样本；已抓到列表摘要正文；仅作人工复核池，勿直接并入正式训练集,uncertain_redirect_round4_pool.csv
10405726036,校园霸凌,校园霸凌,我在重点高中被人诬陷了怎么办,我妈以前我家里请过来了一个脑残女孩从不把我当人看，每天就只知道把我当机器人，后来我反抗她最后她受不了，为了报复我就在重点学校里诬陷我偷东西，现在我只能被逼无奈在那个重点学校里转走，她当时带着其他同学一块儿霸凌我,"标题：我在重点高中被人诬陷了怎么办

正文：我妈以前我家里请过来了一个脑残女孩从不把我当人看，每天就只知道把我当机器人，后来我反抗她最后她受不了，为了报复我就在重点学校里诬陷我偷东西，现在我只能被逼无奈在那个重点学校里转走，她当时带着其他同学一块儿霸凌我",,https://tieba.baidu.com/p/10405726036,matched,pending_review,,来源存疑样本；已抓到列表摘要正文；仅作人工复核池，勿直接并入正式训练集,uncertain_redirect_round4_pool.csv
10407490879,校园霸凌,校园霸凌,这算隐形霸凌吗,我是一个高一新生，我在我们当地一所不错的公立高中上学，由于做事积极老师让我当班长，同为班长的还有一个女生，是和我一个宿舍的，因为长的不错加上有才艺而且成绩也还算看的过去，我经常参加学校各种活动，然后有一天那个女生突然和我说他其实很讨厌我因为我长的好看而且也有能力，我当时并没有觉得有什么也没放心上，后来我发现这个女生每次我和她说话她要不不理我要不当做没听到，并且还和别人说我坏话，秉着多一事不如少一事,"标题：这算隐形霸凌吗

正文：我是一个高一新生，我在我们当地一所不错的公立高中上学，由于做事积极老师让我当班长，同为班长的还有一个女生，是和我一个宿舍的，因为长的不错加上有才艺而且成绩也还算看的过去，我经常参加学校各种活动，然后有一天那个女生突然和我说他其实很讨厌我因为我长的好看而且也有能力，我当时并没有觉得有什么也没放心上，后来我发现这个女生每次我和她说话她要不不理我要不当做没听到，并且还和别人说我坏话，秉着多一事不如少一事",,https://tieba.baidu.com/p/10407490879,matched,pending_review,,来源存疑样本；已抓到列表摘要正文；仅作人工复核池，勿直接并入正式训练集,uncertain_redirect_round4_pool.csv
10408392499,校园霸凌,校园霸凌,学校人际关系不知道咋处理，想s,唉，我这种情况我真的不知道怎么办啊！小学的仇人竟然到初中了，还在一个班，真的不知道怎么搞，以为到初中就可以来一个全新的班级，好好过了，并且初中三年都在一个班了，我受不了，并且仇人总是用他那些人脉孤立我，我感觉有点无助，如果是初中三年都被影响的话，那将是这一生的生活都被影响，这是上天的指令吗？我已经两年没有好好生活过了，只能希望以后能好一点喽[lbk]强颜欢笑[rbk][lbk]强颜欢笑[rbk][lbk]强颜欢笑[rbk] 初中开始感觉,"标题：学校人际关系不知道咋处理，想s

正文：唉，我这种情况我真的不知道怎么办啊！小学的仇人竟然到初中了，还在一个班，真的不知道怎么搞，以为到初中就可以来一个全新的班级，好好过了，并且初中三年都在一个班了，我受不了，并且仇人总是用他那些人脉孤立我，我感觉有点无助，如果是初中三年都被影响的话，那将是这一生的生活都被影响，这是上天的指令吗？我已经两年没有好好生活过了，只能希望以后能好一点喽[lbk]强颜欢笑[rbk][lbk]强颜欢笑[rbk][lbk]强颜欢笑[rbk] 初中开始感觉",,https://tieba.baidu.com/p/10408392499,matched,pending_review,,来源存疑样本；已抓到列表摘要正文；仅作人工复核池，勿直接并入正式训练集,uncertain_redirect_round4_pool.csv
10409600473,校园霸凌,校园霸凌,校园霸凌再现,简单的说下过程:两个小学生发生口角并出现推搡，一方（以m代称）因姿势错误撑起自身时伤到了手，m借助老师里有熟人称m因此手部骨折，实际情况是需要带护腕不影响m喜爱的篮球运动。甚至拉拢另一方（以n代称）的班主任扭曲事实将责任推向n，在每次上课都提起此事引起全班同学的反感。目前已出现n被孤立的现象，m的家长私下恐吓n报警都没用 这种情况应该怎么制止,"标题：校园霸凌再现

正文：简单的说下过程:两个小学生发生口角并出现推搡，一方（以m代称）因姿势错误撑起自身时伤到了手，m借助老师里有熟人称m因此手部骨折，实际情况是需要带护腕不影响m喜爱的篮球运动。甚至拉拢另一方（以n代称）的班主任扭曲事实将责任推向n，在每次上课都提起此事引起全班同学的反感。目前已出现n被孤立的现象，m的家长私下恐吓n报警都没用 这种情况应该怎么制止",,https://tieba.baidu.com/p/10409600473,matched,pending_review,,来源存疑样本；已抓到列表摘要正文；仅作人工复核池，勿直接并入正式训练集,uncertain_redirect_round4_pool.csv
10421005982,校园霸凌,校园霸凌,别心存侥幸！校园勒索霸凌，从来都逃不过法律制裁,别心存侥幸！校园勒索霸凌，从来都逃不过法律制裁 或许你觉得“让同学买东西、要‘保护费’”只是“小事”，或许你以为“未成年就能免责”“没人会真报警”，但从2003年到今天，无数判例早已证明：校园勒索型霸凌，从来都不是“小孩子的玩笑”，而是触碰法律红线的违法行为，无论过去还是现在，实施者都要为自己的行为付出代价。 2003年，杭州一名中专生尹某为了凑上网费，绑架了一名10岁男孩，勒索3000元。本以为“小孩子之间的交易”,别心存侥幸！校园勒索霸凌，从来都逃不过法律制裁 或许你觉得“让同学买东西、要‘保护费’”只是“小事”，或许你以为“未成年就能免责”“没人会真报警”，但从2003年到今天，无数判例早已证明：校园勒索型霸凌，从来都不是“小孩子的玩笑”，而是触碰法律红线的违法行为，无论过去还是现在，实施者都要为自己的行为付出代价。 2003年，杭州一名中专生尹某为了凑上网费，绑架了一名10岁男孩，勒索3000元。本以为“小孩子之间的交易”,,https://tieba.baidu.com/p/10421005982,matched,pending_review,,来源存疑样本；已抓到列表摘要正文；仅作人工复核池，勿直接并入正式训练集,uncertain_redirect_round4_pool.csv
10421595616,校园霸凌,校园霸凌,到处是声音的霸凌怎么解决？,我上了高三，不知道为什么身边的朋友都在疏远我，尤其是有两个人她们之前一直跟我套近乎，结果到现在一直缠着我身边的朋友，还造谣说我发朋友圈屏蔽她们，说她们小心眼，今天晚上值日说我昨天逃值日，因为她们昨天和大前天一直说那个谁和xx值日，我就没当回事，那个xx也没有值日，就说我不值日，我说我不知道，然后就开始值日，她们还说我甩脸子转头就走了。回寝室就来我寝室阴阳了，我一直没跟她们说话，我现在被孤立，被语言霸凌,"标题：到处是声音的霸凌怎么解决？

正文：我上了高三，不知道为什么身边的朋友都在疏远我，尤其是有两个人她们之前一直跟我套近乎，结果到现在一直缠着我身边的朋友，还造谣说我发朋友圈屏蔽她们，说她们小心眼，今天晚上值日说我昨天逃值日，因为她们昨天和大前天一直说那个谁和xx值日，我就没当回事，那个xx也没有值日，就说我不值日，我说我不知道，然后就开始值日，她们还说我甩脸子转头就走了。回寝室就来我寝室阴阳了，我一直没跟她们说话，我现在被孤立，被语言霸凌",,https://tieba.baidu.com/p/10421595616,matched,pending_review,,来源存疑样本；已抓到列表摘要正文；仅作人工复核池，勿直接并入正式训练集,uncertain_redirect_round4_pool.csv
10422885754,校园霸凌,校园霸凌,有没有遇到过因为没送礼而联合所有老师和班上同学霸凌自己的老师,这是好多年前的事了，我在高中时是美术生，专业课的班主任是个姓顾的中年妇女，后面统称顾某人，我只记得在她班上的时候，每次画完，大家的画摆在一起评画时，她从来都不怎么讲我的画，而且从来不夸我，我只以为自己画得不好，后来画人头像，有几个同学把小哥画成北京猿人，她居然都是一味的夸赞，没由头找由头的夸，把我们都看傻了。 后来，不仅她这样，她请来的其他美术老师也这样，我和班上同学都一样交专业课学费，但他们就是,"标题：有没有遇到过因为没送礼而联合所有老师和班上同学霸凌自己的老师

正文：这是好多年前的事了，我在高中时是美术生，专业课的班主任是个姓顾的中年妇女，后面统称顾某人，我只记得在她班上的时候，每次画完，大家的画摆在一起评画时，她从来都不怎么讲我的画，而且从来不夸我，我只以为自己画得不好，后来画人头像，有几个同学把小哥画成北京猿人，她居然都是一味的夸赞，没由头找由头的夸，把我们都看傻了。 后来，不仅她这样，她请来的其他美术老师也这样，我和班上同学都一样交专业课学费，但他们就是",,https://tieba.baidu.com/p/10422885754,matched,pending_review,,来源存疑样本；已抓到列表摘要正文；仅作人工复核池，勿直接并入正式训练集,uncertain_redirect_round4_pool.csv
10426006616,校园霸凌,校园霸凌,被校园霸凌后患上PTSD爸妈不相信,我小学初中都被校园霸凌过，现在患上了PTSD，但是我爸妈打死都不相信，也不愿意带我去医院，说我患病前去医院检查过，我没问题，还说PTSD不是病自己就能好，说我是想以病逃避现实。我的朋友也是经历过校园霸凌的，他们有的患抑郁症有的未知。我爸妈认为是我和我朋友相处多了被传染了，爸妈太无知了我该怎么办,"标题：被校园霸凌后患上PTSD爸妈不相信

正文：我小学初中都被校园霸凌过，现在患上了PTSD，但是我爸妈打死都不相信，也不愿意带我去医院，说我患病前去医院检查过，我没问题，还说PTSD不是病自己就能好，说我是想以病逃避现实。我的朋友也是经历过校园霸凌的，他们有的患抑郁症有的未知。我爸妈认为是我和我朋友相处多了被传染了，爸妈太无知了我该怎么办",,https://tieba.baidu.com/p/10426006616,matched,pending_review,,来源存疑样本；已抓到列表摘要正文；仅作人工复核池，勿直接并入正式训练集,uncertain_redirect_round4_pool.csv
10426960160,校园霸凌,校园霸凌,警惕！校园霸凌吧三类高发骗局，压岁钱千万别这么花！,警惕！校园霸凌吧三类高发骗局，压岁钱千万别这么花！ 临近新春，孩子们的压岁钱陆续到手，但校园霸凌吧后台近期接到多起求助——有受害者为摆脱霸凌，轻信“迷信消灾”“找打手撑腰”“买防身神器”等骗局，不仅被骗走压岁钱，还可能陷入更危险境地！今天吧主拆解三类常见骗局，提醒所有吧友：远离骗局，才是保护自己的第一步！ 一、迷信类骗子：“算命改运”“符咒降头”，全是骗钱套路！ 被霸凌后内心焦虑的受害者，易成为迷信骗,警惕！校园霸凌吧三类高发骗局，压岁钱千万别这么花！ 临近新春，孩子们的压岁钱陆续到手，但校园霸凌吧后台近期接到多起求助——有受害者为摆脱霸凌，轻信“迷信消灾”“找打手撑腰”“买防身神器”等骗局，不仅被骗走压岁钱，还可能陷入更危险境地！今天吧主拆解三类常见骗局，提醒所有吧友：远离骗局，才是保护自己的第一步！ 一、迷信类骗子：“算命改运”“符咒降头”，全是骗钱套路！ 被霸凌后内心焦虑的受害者，易成为迷信骗,,https://tieba.baidu.com/p/10426960160,matched,pending_review,,来源存疑样本；已抓到列表摘要正文；仅作人工复核池，勿直接并入正式训练集,uncertain_redirect_round4_pool.csv
10427337331,校园霸凌,校园霸凌,别拿“骗小孩”当本事，那是藏不住的怂,常在吧里逛，总能看见些藏在暗处的人。 有人打着“帮你出气”的旗号，对着被霸凌的孩子拍胸脯，张口就要定金，说能找打手、能平事儿；有人披着“过来人”的外衣，教唆孩子用极端方式报复，转头就等着骗那点零花钱。 这些事，明眼人都看得明白，却很少有人点破：这类人，从来不是什么“有门路”的狠角色，只是一群没本事、没底气，只能盯着弱者薅羊毛的可怜虫。 普通的骗局，好歹要费些心思设计套路，要应对成年人的防备，要担着被反,"标题：别拿“骗小孩”当本事，那是藏不住的怂

正文：常在吧里逛，总能看见些藏在暗处的人。 有人打着“帮你出气”的旗号，对着被霸凌的孩子拍胸脯，张口就要定金，说能找打手、能平事儿；有人披着“过来人”的外衣，教唆孩子用极端方式报复，转头就等着骗那点零花钱。 这些事，明眼人都看得明白，却很少有人点破：这类人，从来不是什么“有门路”的狠角色，只是一群没本事、没底气，只能盯着弱者薅羊毛的可怜虫。 普通的骗局，好歹要费些心思设计套路，要应对成年人的防备，要担着被反",,https://tieba.baidu.com/p/10427337331,matched,pending_review,,来源存疑样本；已抓到列表摘要正文；仅作人工复核池，勿直接并入正式训练集,uncertain_redirect_round4_pool.csv
10430628780,校园霸凌,校园霸凌,求助贴求求各位网友想想办法qwq,我在小学被校园霸凌产生绝食厌食自虐试图自杀，后一年父母不希望我去医院就医以将我关在房子等方式硬熬，这一段我不知道为什么失忆了可能是我坠河导致的也可能是车祸伤到头部导致的记不清细节了，但还是会对父母出现不受控制的狂躁。在上初中后遇上有焦虑症和轻微抑郁的朋友同病相怜，在初三一次自习中我尝试传纸条被抓，当天的心情被焦虑朋友交心下变的有点遭，这件事中有，别牵连一些无辜同学我的情绪就爆了，觉得我对不起他们我,"标题：求助贴求求各位网友想想办法qwq

正文：我在小学被校园霸凌产生绝食厌食自虐试图自杀，后一年父母不希望我去医院就医以将我关在房子等方式硬熬，这一段我不知道为什么失忆了可能是我坠河导致的也可能是车祸伤到头部导致的记不清细节了，但还是会对父母出现不受控制的狂躁。在上初中后遇上有焦虑症和轻微抑郁的朋友同病相怜，在初三一次自习中我尝试传纸条被抓，当天的心情被焦虑朋友交心下变的有点遭，这件事中有，别牵连一些无辜同学我的情绪就爆了，觉得我对不起他们我",,https://tieba.baidu.com/p/10430628780,matched,pending_review,,来源存疑样本；已抓到列表摘要正文；仅作人工复核池，勿直接并入正式训练集,uncertain_redirect_round4_pool.csv
10431783867,校园霸凌,校园霸凌,接着上次的事情接着讲,我上初中，有一次做课间操，那三个小子又开始欺负我，我当时懦弱，不敢还击，结果班上一些女生也开始瞧不起我，一些男生也开始欺负我，其中一个小子甚至当众骂我是“拖油瓶”我当时一下哭了，直接跟他们吵了起来，一个女生甚至踹了我一脚，回到班上，听完事情原委的班主任指着鼻子骂我“可怜之人必有可恨之处”我当时感觉天旋地转，觉得你一个老师怎么能这么说我，但是当时我并没有跟爸爸妈妈讲这事，现在想想就觉得后悔，这件事就,"标题：接着上次的事情接着讲

正文：我上初中，有一次做课间操，那三个小子又开始欺负我，我当时懦弱，不敢还击，结果班上一些女生也开始瞧不起我，一些男生也开始欺负我，其中一个小子甚至当众骂我是“拖油瓶”我当时一下哭了，直接跟他们吵了起来，一个女生甚至踹了我一脚，回到班上，听完事情原委的班主任指着鼻子骂我“可怜之人必有可恨之处”我当时感觉天旋地转，觉得你一个老师怎么能这么说我，但是当时我并没有跟爸爸妈妈讲这事，现在想想就觉得后悔，这件事就",,https://tieba.baidu.com/p/10431783867,matched,pending_review,,来源存疑样本；已抓到列表摘要正文；仅作人工复核池，勿直接并入正式训练集,uncertain_redirect_round4_pool.csv
10432412486,校园霸凌,校园霸凌,关于校园霸凌,我被校园霸凌了，家长只让我反击，并没有做别的，说别人打我了我就得打回去，还要打赢才行，可是我打不过，老师也不管，现在该怎么办,"标题：关于校园霸凌

正文：我被校园霸凌了，家长只让我反击，并没有做别的，说别人打我了我就得打回去，还要打赢才行，可是我打不过，老师也不管，现在该怎么办",,https://tieba.baidu.com/p/10432412486,matched,pending_review,,来源存疑样本；已抓到列表摘要正文；仅作人工复核池，勿直接并入正式训练集,uncertain_redirect_round4_pool.csv
10434395444,校园霸凌,校园霸凌,被霸凌了怎么办？,我是初三的一名学生，我和班上的一位女生B有矛盾，其实并没有什么大事，但她就是很恨我，想带头孤立我，昨天下午我又和B吵起来了，B就带上了班上一个混的女生，说我说过那个女生的坏话，后面那个女生当着全班的面扯我头发，踢我，我去告了老师，但我们班主任并不在，我就跟三班班主任说，那个班主任并没有替我说话，我说那个女生把我头发扯了之后，把我头往电脑屏幕上撞，那个女生急忙反驳我，说是我自己站不稳撞上面的，后面那个班,"标题：被霸凌了怎么办？

正文：我是初三的一名学生，我和班上的一位女生B有矛盾，其实并没有什么大事，但她就是很恨我，想带头孤立我，昨天下午我又和B吵起来了，B就带上了班上一个混的女生，说我说过那个女生的坏话，后面那个女生当着全班的面扯我头发，踢我，我去告了老师，但我们班主任并不在，我就跟三班班主任说，那个班主任并没有替我说话，我说那个女生把我头发扯了之后，把我头往电脑屏幕上撞，那个女生急忙反驳我，说是我自己站不稳撞上面的，后面那个班",,https://tieba.baidu.com/p/10434395444,matched,pending_review,,来源存疑样本；已抓到列表摘要正文；仅作人工复核池，勿直接并入正式训练集,uncertain_redirect_round4_pool.csv
10436263900,校园霸凌,校园霸凌,为什么现在校园霸凌现象这么多？,,为什么现在校园霸凌现象这么多？,,https://tieba.baidu.com/p/10436263900,matched,pending_review,,来源存疑样本；已抓到列表摘要正文；仅作人工复核池，勿直接并入正式训练集,uncertain_redirect_round4_pool.csv
10438743299,校园霸凌,校园霸凌,是我做错了什么吗？复盘一次童年被孤立的经历，求大家分析,第一次来幼儿园的时候明明我什么都没做，但是大家都不尊重我，还特意当着我的面说“我不想和你玩”，后来我被孤立了，隔了几个月有一个和我差不多大的小女孩也新来幼儿园了，她明明也是刚到幼儿园什么都没做，性格也跟我差不多，但是她一来大家都很欢迎她的样子，也愿意跟她玩，有一次我带我的表妹来幼儿园参观，大家的反应也是这样，为什么大家偏偏孤立我呢？ 明明我主动找大家了，但是他们都对我不友善，我找老师说我没有朋友，,"标题：是我做错了什么吗？复盘一次童年被孤立的经历，求大家分析

正文：第一次来幼儿园的时候明明我什么都没做，但是大家都不尊重我，还特意当着我的面说“我不想和你玩”，后来我被孤立了，隔了几个月有一个和我差不多大的小女孩也新来幼儿园了，她明明也是刚到幼儿园什么都没做，性格也跟我差不多，但是她一来大家都很欢迎她的样子，也愿意跟她玩，有一次我带我的表妹来幼儿园参观，大家的反应也是这样，为什么大家偏偏孤立我呢？ 明明我主动找大家了，但是他们都对我不友善，我找老师说我没有朋友，",,https://tieba.baidu.com/p/10438743299,matched,pending_review,,来源存疑样本；已抓到列表摘要正文；仅作人工复核池，勿直接并入正式训练集,uncertain_redirect_round4_pool.csv
10439977040,校园霸凌,校园霸凌,关于我以前在学校被人欺负的那些事,以前我被校园霸凌，家里人都让我打回去可是打不过被霸凌了3个学期，还把我鼻梁打歪导致我得了这个折磨10几年的鼻炎。期间想过拿尖锐物品威胁他们但是因为力量悬殊也被压弯了。甚至想过死在他们手上给他们造成麻烦让他们后悔，但近几年看到好多学生被霸凌或者出意外死在学校的视频里无一不是霸凌者、肇事老师被保护起来，只有家长顶着压力要个公道，现在想想我以前的思想多么幼稚。其实老师也是管过的，但因为只是口头教育加上我每次,"标题：关于我以前在学校被人欺负的那些事

正文：以前我被校园霸凌，家里人都让我打回去可是打不过被霸凌了3个学期，还把我鼻梁打歪导致我得了这个折磨10几年的鼻炎。期间想过拿尖锐物品威胁他们但是因为力量悬殊也被压弯了。甚至想过死在他们手上给他们造成麻烦让他们后悔，但近几年看到好多学生被霸凌或者出意外死在学校的视频里无一不是霸凌者、肇事老师被保护起来，只有家长顶着压力要个公道，现在想想我以前的思想多么幼稚。其实老师也是管过的，但因为只是口头教育加上我每次",,https://tieba.baidu.com/p/10439977040,matched,pending_review,,来源存疑样本；已抓到列表摘要正文；仅作人工复核池，勿直接并入正式训练集,uncertain_redirect_round4_pool.csv
10439994812,校园霸凌,校园霸凌,仅仅是出于好玩便造谣,我小学那会因为学习差老是不写家庭作业（一班班主任会把没写家庭作业人的名字写在黑板上，我看有几个人还有我朋友都没写于是我也不写），期间有事跟爸妈去了一年外地，回血想继续读的时候一班班主任不想收了，后面转到了二班，本来这事也没啥，但是某次二班班主任没空来教就让一班班主任来教，老班主任看到我就跟我的同学和我聊了聊关于我的事，然后问我的时候我因为紧张说了些我自己都不知道是什么发音的话，结果我前排的同学直接,"标题：仅仅是出于好玩便造谣

正文：我小学那会因为学习差老是不写家庭作业（一班班主任会把没写家庭作业人的名字写在黑板上，我看有几个人还有我朋友都没写于是我也不写），期间有事跟爸妈去了一年外地，回血想继续读的时候一班班主任不想收了，后面转到了二班，本来这事也没啥，但是某次二班班主任没空来教就让一班班主任来教，老班主任看到我就跟我的同学和我聊了聊关于我的事，然后问我的时候我因为紧张说了些我自己都不知道是什么发音的话，结果我前排的同学直接",,https://tieba.baidu.com/p/10439994812,matched,pending_review,,来源存疑样本；已抓到列表摘要正文；仅作人工复核池，勿直接并入正式训练集,uncertain_redirect_round4_pool.csv
10443125630,校园霸凌,校园霸凌,校园霸凌是教育问题，还是学生自身问题？,校园霸凌是刺痛青春的顽疾，关于其根源，“教育问题”与“学生自身问题”的争议始终存在。有人将霸凌归咎于个别学生性格偏执、品行不端，但深入剖析便知，学生的行为是成长环境的直接投射，校园霸凌的本质是教育体系的系统性失衡，学生自身问题只是表象，教育的缺位与偏差才是核心症结。唯有正视这一核心，推动教育全方位改革，畅通学生发声渠道，让每一个被忽视的问题得以呈现，才能真正筑牢青春的安全防线。 校园霸凌绝非学生“,"标题：校园霸凌是教育问题，还是学生自身问题？

正文：校园霸凌是刺痛青春的顽疾，关于其根源，“教育问题”与“学生自身问题”的争议始终存在。有人将霸凌归咎于个别学生性格偏执、品行不端，但深入剖析便知，学生的行为是成长环境的直接投射，校园霸凌的本质是教育体系的系统性失衡，学生自身问题只是表象，教育的缺位与偏差才是核心症结。唯有正视这一核心，推动教育全方位改革，畅通学生发声渠道，让每一个被忽视的问题得以呈现，才能真正筑牢青春的安全防线。 校园霸凌绝非学生“",,https://tieba.baidu.com/p/10443125630,matched,pending_review,,来源存疑样本；已抓到列表摘要正文；仅作人工复核池，勿直接并入正式训练集,uncertain_redirect_round4_pool.csv
10446617301,校园霸凌,校园霸凌,一点，上不得台面的琐事……,有个朋友从大学回来，给我炫耀了他姐姐给他买的手表，让我想起了以前的事。 我以前被人霸凌过，语言上，肉体上的霸凌倒是小事，最痛苦的是，我姐姐用她第一次打工的工资给我买的手表，被人从三楼摔坏了。虽然并不是什么很贵的手表，但，对我来说真的很重要！我在楼下找了很久手表的碎片，但找不全，去修人家也是这样便宜货修不好，不如再买一个。我告诉了父母和老师，他们对那个人一点惩罚都没！只是口头教育而已！他们告诉我要做,"标题：一点，上不得台面的琐事……

正文：有个朋友从大学回来，给我炫耀了他姐姐给他买的手表，让我想起了以前的事。 我以前被人霸凌过，语言上，肉体上的霸凌倒是小事，最痛苦的是，我姐姐用她第一次打工的工资给我买的手表，被人从三楼摔坏了。虽然并不是什么很贵的手表，但，对我来说真的很重要！我在楼下找了很久手表的碎片，但找不全，去修人家也是这样便宜货修不好，不如再买一个。我告诉了父母和老师，他们对那个人一点惩罚都没！只是口头教育而已！他们告诉我要做",,https://tieba.baidu.com/p/10446617301,matched,pending_review,,来源存疑样本；已抓到列表摘要正文；仅作人工复核池，勿直接并入正式训练集,uncertain_redirect_round4_pool.csv
10460037384,校园霸凌,校园霸凌,霸凌者威胁你，不能和被霸凌者一起玩怎么办,（被霸凌者A和我都为男性）上初中了，我和一个同学（小学就是同学但是不熟）还不错，经常一起吃饭一起走，也恰好分到了一个宿舍。我们八个人一个宿舍，其他6个都聊的挺好的（抽烟喝酒打游戏聊涩情），我和A都是说不上话的。有一次我们聊游戏（英雄联盟），聊游戏见解什么的，A打游戏还挺不错的（A黄金，其他人属于排位都没接触过的），就和其他人吵了起来，他们说不过，就骂A把他骂哭了，A还嘴，还被他们推了几下，而且他们人多也骂,"标题：霸凌者威胁你，不能和被霸凌者一起玩怎么办

正文：（被霸凌者A和我都为男性）上初中了，我和一个同学（小学就是同学但是不熟）还不错，经常一起吃饭一起走，也恰好分到了一个宿舍。我们八个人一个宿舍，其他6个都聊的挺好的（抽烟喝酒打游戏聊涩情），我和A都是说不上话的。有一次我们聊游戏（英雄联盟），聊游戏见解什么的，A打游戏还挺不错的（A黄金，其他人属于排位都没接触过的），就和其他人吵了起来，他们说不过，就骂A把他骂哭了，A还嘴，还被他们推了几下，而且他们人多也骂",,https://tieba.baidu.com/p/10460037384,matched,pending_review,,来源存疑样本；已抓到列表摘要正文；仅作人工复核池，勿直接并入正式训练集,uncertain_redirect_round4_pool.csv
10466018914,校园霸凌,校园霸凌,校园霸凌何时止,现在的校园霸凌已经不再是传统意义上的肢体冲突而是变成了言语攻击，有些人明着暗着会骂你但是表面却会装出纯洁无辜，并且各种绰号让你知道在说你但是真正却无法拿出正面的实质性证据,"标题：校园霸凌何时止

正文：现在的校园霸凌已经不再是传统意义上的肢体冲突而是变成了言语攻击，有些人明着暗着会骂你但是表面却会装出纯洁无辜，并且各种绰号让你知道在说你但是真正却无法拿出正面的实质性证据",,https://tieba.baidu.com/p/10466018914,matched,pending_review,,来源存疑样本；已抓到列表摘要正文；仅作人工复核池，勿直接并入正式训练集,uncertain_redirect_round4_pool.csv
10468888310,校园霸凌,校园霸凌,我该怎么办？,有同学是得哮喘，学校里一堆人抽烟堵门口抽，同学因此不敢上操场，我在说公道话后被他们堵，老师，领导都在和稀泥，我该怎么办？,有同学是得哮喘，学校里一堆人抽烟堵门口抽，同学因此不敢上操场，我在说公道话后被他们堵，老师，领导都在和稀泥，我该怎么办？,,https://tieba.baidu.com/p/10468888310,matched,pending_review,,来源存疑样本；已抓到列表摘要正文；仅作人工复核池，勿直接并入正式训练集,uncertain_redirect_round4_pool.csv
10469334722,校园霸凌,校园霸凌,被霸凌时反击如果老师存在偏袒霸凌者，我应该全盘托出还是死不承认,班里的小团体经常在后面说我，遇到我了还会阴阳我两句，有的时候我在走路的时候，他们就说我是谁谁谁老婆 ，把我的善良和谦让当成理所应当，此时我反击了，但是对面有小团体再加上老师的偏坦，对面的小团体就把错全部弄在我身上来，对之前的事情拒不承认，我只有一个人应该怎么办？,"标题：被霸凌时反击如果老师存在偏袒霸凌者，我应该全盘托出还是死不承认

正文：班里的小团体经常在后面说我，遇到我了还会阴阳我两句，有的时候我在走路的时候，他们就说我是谁谁谁老婆 ，把我的善良和谦让当成理所应当，此时我反击了，但是对面有小团体再加上老师的偏坦，对面的小团体就把错全部弄在我身上来，对之前的事情拒不承认，我只有一个人应该怎么办？",,https://tieba.baidu.com/p/10469334722,matched,pending_review,,来源存疑样本；已抓到列表摘要正文；仅作人工复核池，勿直接并入正式训练集,uncertain_redirect_round4_pool.csv
10471470476,校园霸凌,校园霸凌,要怎么办呢？,我目前初二因为遭遇霸凌所以逃课，因为家长不让我休学，在期末考试当中，只考了300多分，但是因为家长的原因，我p图到了400多分，但是现在老师在和家长打电话，我要怎么办？,"标题：要怎么办呢？

正文：我目前初二因为遭遇霸凌所以逃课，因为家长不让我休学，在期末考试当中，只考了300多分，但是因为家长的原因，我p图到了400多分，但是现在老师在和家长打电话，我要怎么办？",,https://tieba.baidu.com/p/10471470476,matched,pending_review,,来源存疑样本；已抓到列表摘要正文；仅作人工复核池，勿直接并入正式训练集,uncertain_redirect_round4_pool.csv
10474668863,校园霸凌,校园霸凌,强成了过错,那个呢，由于嫉妒心理加上其他变量，导致主霸凌者心里扭曲，他就开始设计栽赃陷害我，他把我身边所有的舍友都聚拢一起谋划要制裁我，总共11个人，然后被打之后，没有选择报警，因为我心比较大，感觉没啥事，打完我就呼呼大睡了，因为我感觉打就打完了，还感觉痛快，他们就更不乐意了，睡觉都不让我睡，所以这一点让我很痛苦，这时候我才意识到问题的严重性，然后我就穷图末路了，最后一个办法只能拿命了，但是感觉他们命不值钱，我,"标题：强成了过错

正文：那个呢，由于嫉妒心理加上其他变量，导致主霸凌者心里扭曲，他就开始设计栽赃陷害我，他把我身边所有的舍友都聚拢一起谋划要制裁我，总共11个人，然后被打之后，没有选择报警，因为我心比较大，感觉没啥事，打完我就呼呼大睡了，因为我感觉打就打完了，还感觉痛快，他们就更不乐意了，睡觉都不让我睡，所以这一点让我很痛苦，这时候我才意识到问题的严重性，然后我就穷图末路了，最后一个办法只能拿命了，但是感觉他们命不值钱，我",,https://tieba.baidu.com/p/10474668863,matched,pending_review,,来源存疑样本；已抓到列表摘要正文；仅作人工复核池，勿直接并入正式训练集,uncertain_redirect_round4_pool.csv
10475057163,校园霸凌,校园霸凌,"#儿子遭霸凌,亲爹双斧教做人#",感觉那种虽然没有肢体动作但是言语侵扰的最恶心 lz现在读高中，之前跟学校里一个人玩的还行，后面熟了之后发现他很喜欢模仿别人说话导致一些别人说的话成为所谓的梗在整个班传开。后来lz也被这样搞了。关键这人不让别人说他，之前试探他他直接威胁我。但是班上没几个人觉得这样做很不对。难道是我有问题吗,"标题：#儿子遭霸凌,亲爹双斧教做人#

正文：感觉那种虽然没有肢体动作但是言语侵扰的最恶心 lz现在读高中，之前跟学校里一个人玩的还行，后面熟了之后发现他很喜欢模仿别人说话导致一些别人说的话成为所谓的梗在整个班传开。后来lz也被这样搞了。关键这人不让别人说他，之前试探他他直接威胁我。但是班上没几个人觉得这样做很不对。难道是我有问题吗",,https://tieba.baidu.com/p/10475057163,matched,pending_review,,来源存疑样本；已抓到列表摘要正文；仅作人工复核池，勿直接并入正式训练集,uncertain_redirect_round4_pool.csv
10479249446,校园霸凌,校园霸凌,我女儿被校园霸凌，学校拒绝提供监控,想在抖音维权，应该怎么办？,"标题：我女儿被校园霸凌，学校拒绝提供监控

正文：想在抖音维权，应该怎么办？",,https://tieba.baidu.com/p/10479249446,matched,pending_review,,来源存疑样本；已抓到列表摘要正文；仅作人工复核池，勿直接并入正式训练集,uncertain_redirect_round4_pool.csv
10487621990,校园霸凌,校园霸凌,孩子在学校被欺负了 你们会怎么处理？,,孩子在学校被欺负了 你们会怎么处理？,,https://tieba.baidu.com/p/10487621990,matched,pending_review,,来源存疑样本；已抓到列表摘要正文；仅作人工复核池，勿直接并入正式训练集,uncertain_redirect_round4_pool.csv
10492404871,校园霸凌,校园霸凌,过年了祝所有霸凌受害者永远远离所有霸凌行为,马年大吉大利,"标题：过年了祝所有霸凌受害者永远远离所有霸凌行为

正文：马年大吉大利",,https://tieba.baidu.com/p/10492404871,matched,pending_review,,来源存疑样本；已抓到列表摘要正文；仅作人工复核池，勿直接并入正式训练集,uncertain_redirect_round4_pool.csv
10504406953,校园霸凌,校园霸凌,被霸凌到跳楼但霸凌者没有收到惩罚怎么办,高中被一个女生传谣我问她有没有证据她说她问心无愧，闹到老师那里老师帮她说话，冷处理了 她甚至为了复刻火影千年杀直接用力捅人屁股 她后来把一张写了我身份证的纸条拿走不给我一直在说我虚，我抢不回来一直求她说不给我我真的会生气的，她说她也会生气，我输了四五次气的把一个苹果核扔垃圾桶里，她转头就去掀桌子，接着说搞得谁不会生气一样，我被弄到崩溃，那天本来就是我生日，熬了好几天好不容易要回家了她整这一出，我直接,"标题：被霸凌到跳楼但霸凌者没有收到惩罚怎么办

正文：高中被一个女生传谣我问她有没有证据她说她问心无愧，闹到老师那里老师帮她说话，冷处理了 她甚至为了复刻火影千年杀直接用力捅人屁股 她后来把一张写了我身份证的纸条拿走不给我一直在说我虚，我抢不回来一直求她说不给我我真的会生气的，她说她也会生气，我输了四五次气的把一个苹果核扔垃圾桶里，她转头就去掀桌子，接着说搞得谁不会生气一样，我被弄到崩溃，那天本来就是我生日，熬了好几天好不容易要回家了她整这一出，我直接",,https://tieba.baidu.com/p/10504406953,matched,pending_review,,来源存疑样本；已抓到列表摘要正文；仅作人工复核池，勿直接并入正式训练集,uncertain_redirect_round4_pool.csv
10516529437,校园霸凌,校园霸凌,后山的沉默,新学期，班里转来一个叫陈星的男孩。他个子瘦小，不爱说话，穿着洗得发白的校服，安安静静地坐在教室最后一排。 最先找上他的，是班里的小霸王王浩。第一天课间，王浩故意撞掉他的铅笔盒，笑着踩碎了他唯一的橡皮，周围的同学跟着起哄，陈星只是低着头，默默捡起碎片，一声没吭。在所有人眼里，这不过是男孩子之间的小打小闹，连老师都只当是玩笑。 可恶意一旦开了头，就再也收不住。 第二天，王浩伸手扯他的书包带，让他替自己抄作,"标题：后山的沉默

正文：新学期，班里转来一个叫陈星的男孩。他个子瘦小，不爱说话，穿着洗得发白的校服，安安静静地坐在教室最后一排。 最先找上他的，是班里的小霸王王浩。第一天课间，王浩故意撞掉他的铅笔盒，笑着踩碎了他唯一的橡皮，周围的同学跟着起哄，陈星只是低着头，默默捡起碎片，一声没吭。在所有人眼里，这不过是男孩子之间的小打小闹，连老师都只当是玩笑。 可恶意一旦开了头，就再也收不住。 第二天，王浩伸手扯他的书包带，让他替自己抄作",,https://tieba.baidu.com/p/10516529437,matched,pending_review,,来源存疑样本；已抓到列表摘要正文；仅作人工复核池，勿直接并入正式训练集,uncertain_redirect_round4_pool.csv
10523927882,校园霸凌,校园霸凌,被霸凌本身就不是你的错，能坚持到现在，你已经很勇敢了,在朋友堆里 你越是有道德修养 有自身修养 善良明智爱恨分明 包容随和 那么一开始你特别受欢迎但一年两年后 就被排挤了 越来越针对你了 你的好对照出了他们自己的不足 你像照妖镜一样照出了他们的恶 他们看到你 他们不舒服,"标题：被霸凌本身就不是你的错，能坚持到现在，你已经很勇敢了

正文：在朋友堆里 你越是有道德修养 有自身修养 善良明智爱恨分明 包容随和 那么一开始你特别受欢迎但一年两年后 就被排挤了 越来越针对你了 你的好对照出了他们自己的不足 你像照妖镜一样照出了他们的恶 他们看到你 他们不舒服",,https://tieba.baidu.com/p/10523927882,matched,pending_review,,来源存疑样本；已抓到列表摘要正文；仅作人工复核池，勿直接并入正式训练集,uncertain_redirect_round4_pool.csv
10533001051,校园霸凌,校园霸凌,我有个朋友被霸凌求解决办法,我有个朋友叫她小a 小a家庭父母不怎么管还天天吵架有个哥哥也跟着父母一起天天吵架 目前处于天天请假的状态不去上学持续一年半 学校班上有人打她骂她小a是女生反抗不了老师也不让 这个老师说给他说让他解决但是啥也解决不了 还有人骚扰小a（这个不好说额。）然后跟父母求助去学校解决每次都是解决好了过几天还是这样小a在学校没有朋友处于一个孤立的状态被孤立的原因是因为小a生病了（不是传染病）他们家长不让跟小a玩,"标题：我有个朋友被霸凌求解决办法

正文：我有个朋友叫她小a 小a家庭父母不怎么管还天天吵架有个哥哥也跟着父母一起天天吵架 目前处于天天请假的状态不去上学持续一年半 学校班上有人打她骂她小a是女生反抗不了老师也不让 这个老师说给他说让他解决但是啥也解决不了 还有人骚扰小a（这个不好说额。）然后跟父母求助去学校解决每次都是解决好了过几天还是这样小a在学校没有朋友处于一个孤立的状态被孤立的原因是因为小a生病了（不是传染病）他们家长不让跟小a玩",,https://tieba.baidu.com/p/10533001051,matched,pending_review,,来源存疑样本；已抓到列表摘要正文；仅作人工复核池，勿直接并入正式训练集,uncertain_redirect_round4_pool.csv
10534663802,校园霸凌,校园霸凌,妹妹遭受校园霸凌应该怎么办,无缘无故被孤立，打呼噜被发到班级群，然后又阴阳怪气，现在被迫搬出宿舍，又遭受到欺负应该怎么办有没有靠谱一点的办法,"标题：妹妹遭受校园霸凌应该怎么办

正文：无缘无故被孤立，打呼噜被发到班级群，然后又阴阳怪气，现在被迫搬出宿舍，又遭受到欺负应该怎么办有没有靠谱一点的办法",,https://tieba.baidu.com/p/10534663802,matched,pending_review,,来源存疑样本；已抓到列表摘要正文；仅作人工复核池，勿直接并入正式训练集,uncertain_redirect_round4_pool.csv
10536824948,校园霸凌,校园霸凌,被取外号怎么办？,我是一个初二下册的学生，我刚进，我现在的这个班级全都是混的人，但其实没什么所谓的适应能力比较强，但就是不知道从哪天开始，他们莫名其妙开始孤立我，然后给我取外号，这些都无所谓，因为他们不舞到我面前，但是最近他们当着我的面喊，我不知道怎么反驳，我不知道怎么做，他们还时不时发出笑声嘲笑我，因为身体原因我气质和肤色都偏白偏柔，然后他们就叫我公主，老师也不管我该怎么办？,"标题：被取外号怎么办？

正文：我是一个初二下册的学生，我刚进，我现在的这个班级全都是混的人，但其实没什么所谓的适应能力比较强，但就是不知道从哪天开始，他们莫名其妙开始孤立我，然后给我取外号，这些都无所谓，因为他们不舞到我面前，但是最近他们当着我的面喊，我不知道怎么反驳，我不知道怎么做，他们还时不时发出笑声嘲笑我，因为身体原因我气质和肤色都偏白偏柔，然后他们就叫我公主，老师也不管我该怎么办？",,https://tieba.baidu.com/p/10536824948,matched,pending_review,,来源存疑样本；已抓到列表摘要正文；仅作人工复核池，勿直接并入正式训练集,uncertain_redirect_round4_pool.csv
10537036907,校园霸凌,校园霸凌,校园霸凌这么严重为啥学校不装监控全覆盖,,校园霸凌这么严重为啥学校不装监控全覆盖,,https://tieba.baidu.com/p/10537036907,matched,pending_review,,来源存疑样本；已抓到列表摘要正文；仅作人工复核池，勿直接并入正式训练集,uncertain_redirect_round4_pool.csv
10539707316,校园霸凌,校园霸凌,本吧严正警告：在贴吧发“私信我、联系我”的人，已多人被判重刑！,近期本吧持续出现大量可疑人员，反复发布“看私信”“联系我”“私聊我”“我帮你”等诱导性内容，目标直指本吧未成年学生。在此郑重告知：此类行为绝非小事，而是警方严厉打击的侵害未成年人犯罪，已有无数人因此锒铛入狱，刑期动辄十年以上！ 全国多地网警已破获大量同类案件，作案手法与本吧出现的违规内容高度一致：伪装热心人、冒充同龄人、以帮助反霸凌为借口，私信接近未成年人，索要隐私照片、视频，甚至诱骗见面实施侵害,"标题：本吧严正警告：在贴吧发“私信我、联系我”的人，已多人被判重刑！

正文：近期本吧持续出现大量可疑人员，反复发布“看私信”“联系我”“私聊我”“我帮你”等诱导性内容，目标直指本吧未成年学生。在此郑重告知：此类行为绝非小事，而是警方严厉打击的侵害未成年人犯罪，已有无数人因此锒铛入狱，刑期动辄十年以上！ 全国多地网警已破获大量同类案件，作案手法与本吧出现的违规内容高度一致：伪装热心人、冒充同龄人、以帮助反霸凌为借口，私信接近未成年人，索要隐私照片、视频，甚至诱骗见面实施侵害",,https://tieba.baidu.com/p/10539707316,matched,pending_review,,来源存疑样本；已抓到列表摘要正文；仅作人工复核池，勿直接并入正式训练集,uncertain_redirect_round4_pool.csv
10552315756,校园霸凌,校园霸凌,【吧主警示】出现这些行为，别嘴硬，建议你去精神病院做专业评估,各位吧友，我是校园霸凌吧吧主。 今天这篇文，不骂人、不攻击、不针对任何人， 只说一个事实： 有些霸凌不是调皮，不是坏，是精神和行为已经失控， 属于必须去精神病院、精神科做专业评估的范围。 别觉得我危言耸听， 下面这些行为，在医学上就是需要干预的心理与行为障碍， 你自己对照，中两条以上，真的别拖了。 1.以欺负同学为快感，控制不住地想打人、骂人、羞辱人 明明知道不对，却停不下来，看到别人痛苦你就兴奋。 这不是性格问,"标题：【吧主警示】出现这些行为，别嘴硬，建议你去精神病院做专业评估

正文：各位吧友，我是校园霸凌吧吧主。 今天这篇文，不骂人、不攻击、不针对任何人， 只说一个事实： 有些霸凌不是调皮，不是坏，是精神和行为已经失控， 属于必须去精神病院、精神科做专业评估的范围。 别觉得我危言耸听， 下面这些行为，在医学上就是需要干预的心理与行为障碍， 你自己对照，中两条以上，真的别拖了。 1.以欺负同学为快感，控制不住地想打人、骂人、羞辱人 明明知道不对，却停不下来，看到别人痛苦你就兴奋。 这不是性格问",,https://tieba.baidu.com/p/10552315756,matched,pending_review,,来源存疑样本；已抓到列表摘要正文；仅作人工复核池，勿直接并入正式训练集,uncertain_redirect_round4_pool.csv
10555974560,校园霸凌,校园霸凌,我和朋友被校园霸凌转走我一个人感觉好孤独😭😭😭😭😭,我最好的朋友被人校园霸凌然后转学转走了他不在感觉好孤独没人陪我玩，霸凌的那几个人给我朋友家里赔了几千块钱但是他这个好孤独啊😭😭😭,"标题：我和朋友被校园霸凌转走我一个人感觉好孤独😭😭😭😭😭

正文：我最好的朋友被人校园霸凌然后转学转走了他不在感觉好孤独没人陪我玩，霸凌的那几个人给我朋友家里赔了几千块钱但是他这个好孤独啊😭😭😭",,https://tieba.baidu.com/p/10555974560,matched,pending_review,,来源存疑样本；已抓到列表摘要正文；仅作人工复核池，勿直接并入正式训练集,uncertain_redirect_round4_pool.csv
10572563400,校园霸凌,校园霸凌,施暴者：别装了，你那点威风，一文不值,你是不是觉得，欺负别人特别酷？ 觉得把人逼到崩溃、逼到沉默、逼到不敢抬头， 自己就很厉害、很有面子、很有存在感？ 我告诉你一个你最不想听、也最不敢承认的真相： 你不是强大，你是懦弱。 你不是威风，你是可悲。 真正有能力、有底气的人， 从不需要靠贬低弱者、伤害无辜、制造恐惧来证明自己。 只有内心空虚、自卑、控制不了情绪、不会正常与人相处的人， 才会把欺负同学，当成唯一的快乐来源。 你以为你赢了？ 你赢的只是一个比,"标题：施暴者：别装了，你那点威风，一文不值

正文：你是不是觉得，欺负别人特别酷？ 觉得把人逼到崩溃、逼到沉默、逼到不敢抬头， 自己就很厉害、很有面子、很有存在感？ 我告诉你一个你最不想听、也最不敢承认的真相： 你不是强大，你是懦弱。 你不是威风，你是可悲。 真正有能力、有底气的人， 从不需要靠贬低弱者、伤害无辜、制造恐惧来证明自己。 只有内心空虚、自卑、控制不了情绪、不会正常与人相处的人， 才会把欺负同学，当成唯一的快乐来源。 你以为你赢了？ 你赢的只是一个比",,https://tieba.baidu.com/p/10572563400,matched,pending_review,,来源存疑样本；已抓到列表摘要正文；仅作人工复核池，勿直接并入正式训练集,uncertain_redirect_round4_pool.csv
10583379915,校园霸凌,校园霸凌,别让校园里的恶，长成成年后的刀,在贴吧待了两年，见过太多被霸凌者的委屈，也见过太多霸凌者的嚣张。今天不想说给受害者听，想专门写给那些曾在校园里挥过拳头、说过恶语的人。 你可能早忘了，当年被你堵在墙角的同学，被你扒掉衣服拍视频的同桌，被你用最难听的话孤立的同桌。你可能觉得那只是“闹着玩”，是“看他不顺眼”，是“校园里的小事”，甚至觉得“我长大了就改了，那点破事不算什么”。 但法院的生效判决里，藏着无数血淋淋的答案。 有这样的人，中小学,"标题：别让校园里的恶，长成成年后的刀

正文：在贴吧待了两年，见过太多被霸凌者的委屈，也见过太多霸凌者的嚣张。今天不想说给受害者听，想专门写给那些曾在校园里挥过拳头、说过恶语的人。 你可能早忘了，当年被你堵在墙角的同学，被你扒掉衣服拍视频的同桌，被你用最难听的话孤立的同桌。你可能觉得那只是“闹着玩”，是“看他不顺眼”，是“校园里的小事”，甚至觉得“我长大了就改了，那点破事不算什么”。 但法院的生效判决里，藏着无数血淋淋的答案。 有这样的人，中小学",,https://tieba.baidu.com/p/10583379915,matched,pending_review,,来源存疑样本；已抓到列表摘要正文；仅作人工复核池，勿直接并入正式训练集,uncertain_redirect_round4_pool.csv
10596766250,校园霸凌,校园霸凌,被80后家长不让出门了，甚至连交朋友都不让,我是因为语言霸凌退学（没有去医院看心理医生）其实就是幻觉自残，上课发抖，形容控制不住，一直哭就退学了，自从退学后，我们家是开厂子的，然后我妈不让我出去，是真正意义上的不让我出去，让我在家里呆着，他想尽办法让我去上学，但是我真的不敢去上学了，然后他就不让我出去，让我在家里干活，其实我觉得干活比在学校里好，然后他总是说想让我上学去，让我上学去，可是我如果上学我还会成那样子。我已经转了三次班了，从平行班,"标题：被80后家长不让出门了，甚至连交朋友都不让

正文：我是因为语言霸凌退学（没有去医院看心理医生）其实就是幻觉自残，上课发抖，形容控制不住，一直哭就退学了，自从退学后，我们家是开厂子的，然后我妈不让我出去，是真正意义上的不让我出去，让我在家里呆着，他想尽办法让我去上学，但是我真的不敢去上学了，然后他就不让我出去，让我在家里干活，其实我觉得干活比在学校里好，然后他总是说想让我上学去，让我上学去，可是我如果上学我还会成那样子。我已经转了三次班了，从平行班",,https://tieba.baidu.com/p/10596766250,matched,pending_review,,来源存疑样本；已抓到列表摘要正文；仅作人工复核池，勿直接并入正式训练集,uncertain_redirect_round4_pool.csv
10607446448,校园霸凌,校园霸凌,严惩教唆犯罪！以暴制暴、怂恿杀人，法律绝不姑息！,各位吧友： 本吧立足反霸凌、护正义、解困境，始终坚守法律底线与人性良知。但近期，吧内出现极端危险言论：有人公然教唆“以暴制暴”，甚至怂恿被霸凌者实施暴力、杀人报复。 在此，作为吧主，以法律红线+道德底线+吧规铁规三重约束，郑重警告：所有教唆他人施暴、杀人的言论，绝非“气话”，而是违法犯罪；无论你年龄、身份，必被依法追责，绝无侥幸！ 一、法律铁规：教唆犯罪，等同主犯，12岁以下也能追责 1. 核心法律依据（无任何,"标题：严惩教唆犯罪！以暴制暴、怂恿杀人，法律绝不姑息！

正文：各位吧友： 本吧立足反霸凌、护正义、解困境，始终坚守法律底线与人性良知。但近期，吧内出现极端危险言论：有人公然教唆“以暴制暴”，甚至怂恿被霸凌者实施暴力、杀人报复。 在此，作为吧主，以法律红线+道德底线+吧规铁规三重约束，郑重警告：所有教唆他人施暴、杀人的言论，绝非“气话”，而是违法犯罪；无论你年龄、身份，必被依法追责，绝无侥幸！ 一、法律铁规：教唆犯罪，等同主犯，12岁以下也能追责 1. 核心法律依据（无任何",,https://tieba.baidu.com/p/10607446448,matched,pending_review,,来源存疑样本；已抓到列表摘要正文；仅作人工复核池，勿直接并入正式训练集,uncertain_redirect_round4_pool.csv
10613693631,校园霸凌,校园霸凌,校园紧急求助,如果你的朋友被bullying了你会怎么办？我的朋友因身体原因经常请假 在这期间班里总有一些人向他的桌椅上放烂水果扔垃圾 最严重的一次将烂梨汁涂抹满了整个座位 他的书本等物品都被严重污染 同时还对他开黄腔 起难听的外号说他得艾滋病 这种情况持续了一年以导致他出现厌学心理 已经好久没来了 我们作为他的朋友再三思考下找了班主任寻求帮助 可班主任直接将锅甩到我们和前班主任的身上（说前班主任管理不称职 说我们举报的太晚了反正就都,"标题：校园紧急求助

正文：如果你的朋友被bullying了你会怎么办？我的朋友因身体原因经常请假 在这期间班里总有一些人向他的桌椅上放烂水果扔垃圾 最严重的一次将烂梨汁涂抹满了整个座位 他的书本等物品都被严重污染 同时还对他开黄腔 起难听的外号说他得艾滋病 这种情况持续了一年以导致他出现厌学心理 已经好久没来了 我们作为他的朋友再三思考下找了班主任寻求帮助 可班主任直接将锅甩到我们和前班主任的身上（说前班主任管理不称职 说我们举报的太晚了反正就都",,https://tieba.baidu.com/p/10613693631,matched,pending_review,,来源存疑样本；已抓到列表摘要正文；仅作人工复核池，勿直接并入正式训练集,uncertain_redirect_round4_pool.csv
10623602657,校园霸凌,校园霸凌,面对被莫名其妙霸凌怎么办,学校里有人跟我骂别人她又去跟别人骂我怎么办,"标题：面对被莫名其妙霸凌怎么办

正文：学校里有人跟我骂别人她又去跟别人骂我怎么办",,https://tieba.baidu.com/p/10623602657,matched,pending_review,,来源存疑样本；已抓到列表摘要正文；仅作人工复核池，勿直接并入正式训练集,uncertain_redirect_round4_pool.csv
8890784257,校园霸凌,校园霸凌,自身被校园霸凌的亲生经历,我本人因为成绩不理想考入了护理学的专科学校想成为一名男护士，我入学之后呢我们班总共有10名男生，这几名男生要么家里是暴发户，要么父母是政府工作的，刚刚开始我觉得他们挺好的还一起玩，后面我渐渐发现他们开始不学习，随意骂人，甚至把自己女朋友的裸照互相分享，他们让我一起干我没有参与。后面我逐渐发现自己被孤立了，他们开始每天传我谣言，每学期都要找高年级的打我一顿，在我莫名其妙被打的时候，他们录视频发个学校里,"标题：自身被校园霸凌的亲生经历

正文：我本人因为成绩不理想考入了护理学的专科学校想成为一名男护士，我入学之后呢我们班总共有10名男生，这几名男生要么家里是暴发户，要么父母是政府工作的，刚刚开始我觉得他们挺好的还一起玩，后面我渐渐发现他们开始不学习，随意骂人，甚至把自己女朋友的裸照互相分享，他们让我一起干我没有参与。后面我逐渐发现自己被孤立了，他们开始每天传我谣言，每学期都要找高年级的打我一顿，在我莫名其妙被打的时候，他们录视频发个学校里",,https://tieba.baidu.com/p/8890784257,matched,pending_review,,来源存疑样本；已抓到列表摘要正文；仅作人工复核池，勿直接并入正式训练集,uncertain_redirect_round4_pool.csv
9030927211,校园霸凌,校园霸凌,看看怎么立案,,看看怎么立案,,https://tieba.baidu.com/p/9030927211,matched,pending_review,,来源存疑样本；已抓到列表摘要正文；仅作人工复核池，勿直接并入正式训练集,uncertain_redirect_round4_pool.csv
9277949233,校园霸凌,校园霸凌,曾经经常长期霸凌过我的人如今年薪百万过的幸福美满，我该怎么释怀,初中的时候长期霸凌过我的jhw，如今成为百万大网红。豪车都换了几俩了。霸凌者家庭美满幸福，女朋友也漂亮。恶有善报，我心里憋屈难受。正义不但迟到，还告诉我选择遗忘。 我小学被霸凌了6年，每天长期被bjy/bym/cmy欺负被霸凌。 初中的时候，被一个jhw/yxl长期的欺负，初中的时候，jhw经常联合几个人对我经常长期殴打侮辱。有一次晚上jhw联合几个人扒光我的衣服，把衣服往女生宿舍里面扔，把我往女生宿舍里面推。期间对我殴打辱骂。事后jhw几,"标题：曾经经常长期霸凌过我的人如今年薪百万过的幸福美满，我该怎么释怀

正文：初中的时候长期霸凌过我的jhw，如今成为百万大网红。豪车都换了几俩了。霸凌者家庭美满幸福，女朋友也漂亮。恶有善报，我心里憋屈难受。正义不但迟到，还告诉我选择遗忘。 我小学被霸凌了6年，每天长期被bjy/bym/cmy欺负被霸凌。 初中的时候，被一个jhw/yxl长期的欺负，初中的时候，jhw经常联合几个人对我经常长期殴打侮辱。有一次晚上jhw联合几个人扒光我的衣服，把衣服往女生宿舍里面扔，把我往女生宿舍里面推。期间对我殴打辱骂。事后jhw几",,https://tieba.baidu.com/p/9277949233,matched,pending_review,,来源存疑样本；已抓到列表摘要正文；仅作人工复核池，勿直接并入正式训练集,uncertain_redirect_round4_pool.csv
9302694652,校园霸凌,校园霸凌,你们被校园霸凌对方的目的是什么,能说说吗,"标题：你们被校园霸凌对方的目的是什么

正文：能说说吗",,https://tieba.baidu.com/p/9302694652,matched,pending_review,,来源存疑样本；已抓到列表摘要正文；仅作人工复核池，勿直接并入正式训练集,uncertain_redirect_round4_pool.csv
9337772879,校园霸凌,校园霸凌,从小受到那个集体霸凌，现在怎么说呢？一经常一个人，没有什么朋友,小时候因肥胖经常被同班同学和其他学校中的很多人排斥和孤立，还有语言霸凌和造谣，比如说我和谁谁谁睡觉结婚被谁谁谁强奸之类的，我和谁谁谁睡了 反正就是袁霸凌和造谣嘛，害我从小学开始就开始精神焦虑和抑郁，再加上我，我家里嗯，没有什么人，没有安全感，就是比较害怕，就是因为没有安全感和比较害怕，所以说再加上，一些原因造成我经常性的睡眠不足和神经衰弱嗯，导致我经常性的在学校中睡觉，造成我在学校中各种场合经常睡,"标题：从小受到那个集体霸凌，现在怎么说呢？一经常一个人，没有什么朋友

正文：小时候因肥胖经常被同班同学和其他学校中的很多人排斥和孤立，还有语言霸凌和造谣，比如说我和谁谁谁睡觉结婚被谁谁谁强奸之类的，我和谁谁谁睡了 反正就是袁霸凌和造谣嘛，害我从小学开始就开始精神焦虑和抑郁，再加上我，我家里嗯，没有什么人，没有安全感，就是比较害怕，就是因为没有安全感和比较害怕，所以说再加上，一些原因造成我经常性的睡眠不足和神经衰弱嗯，导致我经常性的在学校中睡觉，造成我在学校中各种场合经常睡",,https://tieba.baidu.com/p/9337772879,matched,pending_review,,来源存疑样本；已抓到列表摘要正文；仅作人工复核池，勿直接并入正式训练集,uncertain_redirect_round4_pool.csv
9458434118,校园霸凌,校园霸凌,被校园霸凌后，自杀两次后，仍要再去校园,在学校里因为被诬陷偷东西，遭到同学的鄙视和嘲笑，有很多途径我被当乐子使，桌子被人翻过，有些书都被一些男生拿走（在我不知道的情况下，且不止一次）我也找过老师去调节，可是老师本着大事化小小事化了的态度给我灌输她的理念，而这件事本是我同桌开始的，她首先和要好的男生互相撇擦过鼻涕的纸团，砸到我身上并且发出尖锐的笑声，已经好多次了，我原先把这件事告诉家长，家长劝我不要搭理他们就行……事情愈演愈烈，直到同桌污,"标题：被校园霸凌后，自杀两次后，仍要再去校园

正文：在学校里因为被诬陷偷东西，遭到同学的鄙视和嘲笑，有很多途径我被当乐子使，桌子被人翻过，有些书都被一些男生拿走（在我不知道的情况下，且不止一次）我也找过老师去调节，可是老师本着大事化小小事化了的态度给我灌输她的理念，而这件事本是我同桌开始的，她首先和要好的男生互相撇擦过鼻涕的纸团，砸到我身上并且发出尖锐的笑声，已经好多次了，我原先把这件事告诉家长，家长劝我不要搭理他们就行……事情愈演愈烈，直到同桌污",,https://tieba.baidu.com/p/9458434118,matched,pending_review,,来源存疑样本；已抓到列表摘要正文；仅作人工复核池，勿直接并入正式训练集,uncertain_redirect_round4_pool.csv
9719517409,校园霸凌,校园霸凌,循环（豆包生成）,"幼儿园监控画面里，儿子被三个孩子按在滑梯下，塑料积木砸在他背上发出闷响。我攥着手机的手不住颤抖，屏幕里的场景与二十年前的记忆轰然重叠——那时我也是这样，把瘦弱的同学堵在厕所隔间，看他尿湿裤子时，胸腔里翻涌的快感至今清晰。 ""爸爸以前可是校霸！""去年家长会上，我当着儿子同学的面炫耀，""谁欺负你就告诉爸，教你怎么收拾他们！""后排几个家长皱起眉头，我却越说越起劲，把初中时带着小弟收保护费、高中往","标题：循环（豆包生成）

正文：幼儿园监控画面里，儿子被三个孩子按在滑梯下，塑料积木砸在他背上发出闷响。我攥着手机的手不住颤抖，屏幕里的场景与二十年前的记忆轰然重叠——那时我也是这样，把瘦弱的同学堵在厕所隔间，看他尿湿裤子时，胸腔里翻涌的快感至今清晰。 ""爸爸以前可是校霸！""去年家长会上，我当着儿子同学的面炫耀，""谁欺负你就告诉爸，教你怎么收拾他们！""后排几个家长皱起眉头，我却越说越起劲，把初中时带着小弟收保护费、高中往",,https://tieba.baidu.com/p/9719517409,matched,pending_review,,来源存疑样本；已抓到列表摘要正文；仅作人工复核池，勿直接并入正式训练集,uncertain_redirect_round4_pool.csv
9790717429,校园霸凌,校园霸凌,求助，在学校被同学恶意造谣没有证据怎么办,同一个宿舍的，被恶意造谣，但是是口头造谣没有证据该怎么办，已经严重影响到自己的生活,"标题：求助，在学校被同学恶意造谣没有证据怎么办

正文：同一个宿舍的，被恶意造谣，但是是口头造谣没有证据该怎么办，已经严重影响到自己的生活",,https://tieba.baidu.com/p/9790717429,matched,pending_review,,来源存疑样本；已抓到列表摘要正文；仅作人工复核池，勿直接并入正式训练集,uncertain_redirect_round4_pool.csv
9814395359,校园霸凌,校园霸凌,校园霸凌该用什么办法应对？报警还是告学校？,不同方式的校园霸凌该用什么样的办法回击 第一种肢体霸凌:威胁你 打你 找人打你 甚至上升到要杀你 第二种精神霸凌:跟别人造谣你 孤立你 侮辱谩骂你 解决办法:如果存在第一种就很容易调查取证了 有第一种直接报警 不要告诉学校 学校都是要名声的 你告学校只会让学校保护他 顶多赔点钱而已 还不够医药费的 直接报警申请立案调查 让对方留案底 如果只存在第二种那就有点不好办 警察不好调查 学校又要名声 要直接上12345平台投诉 投诉霸凌你的人,"标题：校园霸凌该用什么办法应对？报警还是告学校？

正文：不同方式的校园霸凌该用什么样的办法回击 第一种肢体霸凌:威胁你 打你 找人打你 甚至上升到要杀你 第二种精神霸凌:跟别人造谣你 孤立你 侮辱谩骂你 解决办法:如果存在第一种就很容易调查取证了 有第一种直接报警 不要告诉学校 学校都是要名声的 你告学校只会让学校保护他 顶多赔点钱而已 还不够医药费的 直接报警申请立案调查 让对方留案底 如果只存在第二种那就有点不好办 警察不好调查 学校又要名声 要直接上12345平台投诉 投诉霸凌你的人",,https://tieba.baidu.com/p/9814395359,matched,pending_review,,来源存疑样本；已抓到列表摘要正文；仅作人工复核池，勿直接并入正式训练集,uncertain_redirect_round4_pool.csv
9988922848,校园霸凌,校园霸凌,终于熬过头了,上大一的时候，和室友关系处的不好，关键是她们几个联合起来整我，后面我洗完澡一出来她们就把我按在椅子上把我绑了，手脚都动不了，把毛巾塞我嘴里，一个人扳着我脚趾头，另外两个人用羽毛和美甲挠我脚板心，一边挠一边逼着我帮她们干杂活，不服从就一直挠，后面搬出去住了又天天在校园墙造我黄谣，说些特别难听的话，上必修课在教室见面就骂我。没事了，现在终于毕业了,"标题：终于熬过头了

正文：上大一的时候，和室友关系处的不好，关键是她们几个联合起来整我，后面我洗完澡一出来她们就把我按在椅子上把我绑了，手脚都动不了，把毛巾塞我嘴里，一个人扳着我脚趾头，另外两个人用羽毛和美甲挠我脚板心，一边挠一边逼着我帮她们干杂活，不服从就一直挠，后面搬出去住了又天天在校园墙造我黄谣，说些特别难听的话，上必修课在教室见面就骂我。没事了，现在终于毕业了",,https://tieba.baidu.com/p/9988922848,matched,pending_review,,来源存疑样本；已抓到列表摘要正文；仅作人工复核池，勿直接并入正式训练集,uncertain_redirect_round4_pool.csv
10210519741,示例高校,示例高校,聊点实际的，大学四年怎么过算有性价比？,时光荏苒，岁月如梭... 不知不觉本登贴吧账号已经13年了，我也从一个土生土长的示例高校人在社会上摸爬滚打了10来年。如今，想了解下母校的动态也只能回头看看贴吧，总能在一届又一届的同学帖子中找到当年自己上学时的影子，有些同学的感触和迷茫感同身受。 忽然想写一下帖子，结合自身的经历和从当前工作的角度，聊聊作为一个大学生我们如何度过这四年能够在将来工作或者说事业发展上有更好的准备。当然，这只是一家之言，权当给学弟学妹,"标题：聊点实际的，大学四年怎么过算有性价比？

正文：时光荏苒，岁月如梭... 不知不觉本登贴吧账号已经13年了，我也从一个土生土长的示例高校人在社会上摸爬滚打了10来年。如今，想了解下母校的动态也只能回头看看贴吧，总能在一届又一届的同学帖子中找到当年自己上学时的影子，有些同学的感触和迷茫感同身受。 忽然想写一下帖子，结合自身的经历和从当前工作的角度，聊聊作为一个大学生我们如何度过这四年能够在将来工作或者说事业发展上有更好的准备。当然，这只是一家之言，权当给学弟学妹",,https://tieba.baidu.com/p/10210519741,matched,pending_review,,来源存疑样本；已抓到列表摘要正文；仅作人工复核池，勿直接并入正式训练集,uncertain_redirect_academic_review_pool.csv
10309184071,示例高校,示例高校,怎么成为黄牌ldx,😃😃😃,"标题：怎么成为黄牌ldx

正文：😃😃😃",,https://tieba.baidu.com/p/10309184071,matched,pending_review,,来源存疑样本；已抓到列表摘要正文；仅作人工复核池，勿直接并入正式训练集,uncertain_redirect_round3_pool.csv
10384457320,示例高校,示例高校,转专业焦虑,绩点3.5能转啥专业 碎了,"标题：转专业焦虑

正文：绩点3.5能转啥专业 碎了",,https://tieba.baidu.com/p/10384457320,matched,pending_review,,来源存疑样本；已抓到列表摘要正文；仅作人工复核池，勿直接并入正式训练集,uncertain_redirect_round3_pool.csv
10394009474,示例高校,示例高校,大一小登突发奇想，决定写帖子记录一个本校🧊的成长历程,这两天也刚期末考完试，成绩陆陆续续都出来了，看到小登们在吧里询问各种各样的问题，老登们在热心解答的同时，也感慨年年如此，自己那年也是这样于是小登就想用这个帖子来记录自己大学四年的成长历程,"标题：大一小登突发奇想，决定写帖子记录一个本校🧊的成长历程

正文：这两天也刚期末考完试，成绩陆陆续续都出来了，看到小登们在吧里询问各种各样的问题，老登们在热心解答的同时，也感慨年年如此，自己那年也是这样于是小登就想用这个帖子来记录自己大学四年的成长历程",,https://tieba.baidu.com/p/10394009474,matched,pending_review,,来源存疑样本；已抓到列表摘要正文；仅作人工复核池，勿直接并入正式训练集,uncertain_redirect_round3_pool.csv
10396477009,示例高校,示例高校,示例高校B校区 绩点4.17 推荐转啥专业吗,尽量还在B校区的 机设和交通哪个 比较好 绩点够吗,"标题：示例高校B校区 绩点4.17 推荐转啥专业吗

正文：尽量还在B校区的 机设和交通哪个 比较好 绩点够吗",,https://tieba.baidu.com/p/10396477009,matched,pending_review,,来源存疑样本；已抓到列表摘要正文；仅作人工复核池，勿直接并入正式训练集,uncertain_redirect_round3_pool.csv
10403116972,示例高校,示例高校,转转转专业,小登绩点4.5（最后的军训体育加上应该低点），目前专业第一，主要考虑电子信息。想听听大家评价一下相关学院细分专业方向，能给建议就更好喽！（小登对硬件方向更感兴趣）,"标题：转转转专业

正文：小登绩点4.5（最后的军训体育加上应该低点），目前专业第一，主要考虑电子信息。想听听大家评价一下相关学院细分专业方向，能给建议就更好喽！（小登对硬件方向更感兴趣）",,https://tieba.baidu.com/p/10403116972,matched,pending_review,,来源存疑样本；已抓到列表摘要正文；仅作人工复核池，勿直接并入正式训练集,uncertain_redirect_round3_pool.csv
10432660602,示例高校,示例高校,我要考示例高校,有相关学院学院的学长学姐吗，土木水利专硕好不好考，出来了能进船厂吗，我家里南通的，就想以后能进一个船厂的国企 我学的水利，现在在山沟沟里面修大坝，又苦工资又少，想改变一下 希望能找到研友和专业课的资料,"标题：我要考示例高校

正文：有相关学院学院的学长学姐吗，土木水利专硕好不好考，出来了能进船厂吗，我家里南通的，就想以后能进一个船厂的国企 我学的水利，现在在山沟沟里面修大坝，又苦工资又少，想改变一下 希望能找到研友和专业课的资料",,https://tieba.baidu.com/p/10432660602,matched,pending_review,,来源存疑样本；已抓到列表摘要正文；仅作人工复核池，勿直接并入正式训练集,uncertain_redirect_academic_review_pool.csv
10451409968,示例高校,示例高校,真是怀念无忧无虑的本科,清手机翻相册翻到了这张图，当时应该是下了课大家往食堂走，不知是出于何种想法拍下了此图。也不知道现在这两片大空地盖了啥楼没有。大学时光还真是无忧无虑,"标题：真是怀念无忧无虑的本科

正文：清手机翻相册翻到了这张图，当时应该是下了课大家往食堂走，不知是出于何种想法拍下了此图。也不知道现在这两片大空地盖了啥楼没有。大学时光还真是无忧无虑",,https://tieba.baidu.com/p/10451409968,matched,pending_review,,来源存疑样本；已抓到列表摘要正文；仅作人工复核池，勿直接并入正式训练集,uncertain_redirect_academic_review_pool.csv
10525989785,示例高校,示例高校,岩土保研绩点,本人是土木的学生，绩点不太高只有3.6，今年感觉大家太卷了，转专业估计转不出去，想询问一下木土岩土方面的保研绩点大概多少,"标题：岩土保研绩点

正文：本人是土木的学生，绩点不太高只有3.6，今年感觉大家太卷了，转专业估计转不出去，想询问一下木土岩土方面的保研绩点大概多少",,https://tieba.baidu.com/p/10525989785,matched,pending_review,,来源存疑样本；已抓到列表摘要正文；仅作人工复核池，勿直接并入正式训练集,uncertain_redirect_round3_pool.csv
10534431474,示例高校,示例高校,最后咨询下转专业🥲,四月份就申请了..各位打算转专业去相关学院的朋友们方便说一下绩点是多少吗 没有别的想法 只是想提前规划一下 实在不行就放弃了 本人绩点4.2 💦💦 （求求不要再串了😭😭）,"标题：最后咨询下转专业🥲

正文：四月份就申请了..各位打算转专业去相关学院的朋友们方便说一下绩点是多少吗 没有别的想法 只是想提前规划一下 实在不行就放弃了 本人绩点4.2 💦💦 （求求不要再串了😭😭）",,https://tieba.baidu.com/p/10534431474,matched,pending_review,,来源存疑样本；已抓到列表摘要正文；仅作人工复核池，勿直接并入正式训练集,uncertain_redirect_round3_pool.csv
10544570757,示例高校,示例高校,示例高校最新人才流失,,示例高校最新人才流失,,https://tieba.baidu.com/p/10544570757,matched,pending_review,,来源存疑样本；已抓到列表摘要正文；仅作人工复核池，勿直接并入正式训练集,uncertain_redirect_round3_pool.csv
10549136973,示例高校,示例高校,我看今年转专业机设又要爆,rt，机设好像变得很热门，讨论度极高，小登我也不知道为什么，听说以前都没人来的是吗 B校区镇楼了,"标题：我看今年转专业机设又要爆

正文：rt，机设好像变得很热门，讨论度极高，小登我也不知道为什么，听说以前都没人来的是吗 B校区镇楼了",,https://tieba.baidu.com/p/10549136973,matched,pending_review,,来源存疑样本；已抓到列表摘要正文；仅作人工复核池，勿直接并入正式训练集,uncertain_redirect_round3_pool.csv
10558406090,示例高校,示例高校,我被脏东西盯上了吗😱,200多条回复全是111,"标题：我被脏东西盯上了吗😱

正文：200多条回复全是111",,https://tieba.baidu.com/p/10558406090,matched,pending_review,,来源存疑样本；已抓到列表摘要正文；仅作人工复核池，勿直接并入正式训练集,uncertain_redirect_round3_pool.csv
10560296404,示例高校,示例高校,求助材料学长关于转专业的问题,我目前打算转到材料的无机非专业，我绩点在3.6几，之前吧里人说挺稳的，我想知道能不能再向上一点，材科有机会吗，还有转专业面试注意什么，补修课有哪些，谢谢了🙏🏻🙏🏻🙏🏻,"标题：求助材料学长关于转专业的问题

正文：我目前打算转到材料的无机非专业，我绩点在3.6几，之前吧里人说挺稳的，我想知道能不能再向上一点，材科有机会吗，还有转专业面试注意什么，补修课有哪些，谢谢了🙏🏻🙏🏻🙏🏻",,https://tieba.baidu.com/p/10560296404,matched,pending_review,,来源存疑样本；已抓到列表摘要正文；仅作人工复核池，勿直接并入正式训练集,uncertain_redirect_round3_pool.csv
10566505912,示例高校,示例高校,大学入党。。。,我想问下本校大学入党，如果和班里同学不太熟那基本上是不是入选的可能性就不大了,"标题：大学入党。。。

正文：我想问下本校大学入党，如果和班里同学不太熟那基本上是不是入选的可能性就不大了",,https://tieba.baidu.com/p/10566505912,matched,pending_review,,来源存疑样本；已抓到列表摘要正文；仅作人工复核池，勿直接并入正式训练集,uncertain_redirect_round3_pool.csv
10572465519,示例高校,示例高校,示例高校论坛吧主推荐贴,本人示例高校论坛吧主id：月上漫步air，经过考察无误，正式推荐ID：何夕He，数字id：444636531@何夕ㅤ 担任本吧新吧主，提请官方任命示例高校论坛吧主 月上漫步air 2026年3月20日,"标题：示例高校论坛吧主推荐贴

正文：本人示例高校论坛吧主id：月上漫步air，经过考察无误，正式推荐ID：何夕He，数字id：444636531@何夕ㅤ 担任本吧新吧主，提请官方任命示例高校论坛吧主 月上漫步air 2026年3月20日",,https://tieba.baidu.com/p/10572465519,matched,pending_review,,来源存疑样本；已抓到列表摘要正文；仅作人工复核池，勿直接并入正式训练集,uncertain_redirect_round3_pool.csv
10581214754,示例高校,示例高校,绩点是不是硬通货？,rt，绩点是不是硬通货？，不论是在找实习找工作还是保研绩点好像都需要绩点，但是为什么又有人说绩点没啥用呢 小登有点不解,rt，绩点是不是硬通货？，不论是在找实习找工作还是保研绩点好像都需要绩点，但是为什么又有人说绩点没啥用呢 小登有点不解,,https://tieba.baidu.com/p/10581214754,matched,pending_review,,来源存疑样本；已抓到列表摘要正文；仅作人工复核池，勿直接并入正式训练集,uncertain_redirect_round3_pool.csv
10584191353,示例高校,示例高校,本校就业真的很好吗,rt，lz在抖音经常刷到有博主说🖐🏻本校在就业形势如此严峻的情况下下就业还质量还能比很多985还高，这是真的吗？欢迎各位老资历说说看法,"标题：本校就业真的很好吗

正文：rt，lz在抖音经常刷到有博主说🖐🏻本校在就业形势如此严峻的情况下下就业还质量还能比很多985还高，这是真的吗？欢迎各位老资历说说看法",,https://tieba.baidu.com/p/10584191353,matched,pending_review,,来源存疑样本；已抓到列表摘要正文；仅作人工复核池，勿直接并入正式训练集,uncertain_redirect_round3_pool.csv
10586202169,示例高校,示例高校,计算机真的是下一个土木吗,小登最近天天刷到码监言论，大一上相关学院前二十，已进软工实验班，要不要考虑转专业啊 转的话转啥啊,"标题：计算机真的是下一个土木吗

正文：小登最近天天刷到码监言论，大一上相关学院前二十，已进软工实验班，要不要考虑转专业啊 转的话转啥啊",,https://tieba.baidu.com/p/10586202169,matched,pending_review,,来源存疑样本；已抓到列表摘要正文；仅作人工复核池，勿直接并入正式训练集,uncertain_redirect_round3_pool.csv
10588726215,示例高校,示例高校,B校区见证哥太吓人了,楼下细说,"标题：B校区见证哥太吓人了

正文：楼下细说",,https://tieba.baidu.com/p/10588726215,matched,pending_review,,来源存疑样本；已抓到列表摘要正文；仅作人工复核池，勿直接并入正式训练集,uncertain_redirect_academic_review_pool.csv
10596500505,示例高校,示例高校,转专业到自动化的一些建议：我转专业到自动化的经历,作者：老夫不懂爱（大家不要盒我） 引言：本文撰于作者大二下期间，目的是想为各位本校的学弟学妹们提供一些我本人的建议，希望大家在专业选择和大学生涯上少走弯路。最近看了一下whynottv翁家翌的个人访谈，也希望信息差这件事不会困扰到大家，一切出于我个人的想法和开源的初衷，大家可以选择性了解和思考自身情况，希望我的经历和建议对大家会有裨益。,"标题：转专业到自动化的一些建议：我转专业到自动化的经历

正文：作者：老夫不懂爱（大家不要盒我） 引言：本文撰于作者大二下期间，目的是想为各位本校的学弟学妹们提供一些我本人的建议，希望大家在专业选择和大学生涯上少走弯路。最近看了一下whynottv翁家翌的个人访谈，也希望信息差这件事不会困扰到大家，一切出于我个人的想法和开源的初衷，大家可以选择性了解和思考自身情况，希望我的经历和建议对大家会有裨益。",,https://tieba.baidu.com/p/10596500505,matched,pending_review,,来源存疑样本；已抓到列表摘要正文；仅作人工复核池，勿直接并入正式训练集,uncertain_redirect_round3_pool.csv
10599593825,示例高校,示例高校,是否又在造神？,rt，随着机械专业热度越来越高，不禁想在几年前机械土木两大护法，机械沦为路边一条的日子。,"标题：是否又在造神？

正文：rt，随着机械专业热度越来越高，不禁想在几年前机械土木两大护法，机械沦为路边一条的日子。",,https://tieba.baidu.com/p/10599593825,matched,pending_review,,来源存疑样本；已抓到列表摘要正文；仅作人工复核池，勿直接并入正式训练集,uncertain_redirect_round3_pool.csv
10600387247,示例高校,示例高校,家人们好久不见！,大家好啊我是温蒂，距离上次发帖子已经半年之久了捏 25年一年也不咋活跃，原因是准备保研去了捏 虽然一路比较坎坷，但也是成功上岸了，可喜可贺可喜可贺 本来计划的是保完研之后更新更新的，结果不小心中了终末地三测测试资格爽完了一个月，后面身体不好寒假保养身体去了 直到这个学期做毕设才稍微闲下来了捏正好补补坑了，家人们有没有对保研这一块有问题的，可以在这里提问，我准备下个帖子专门做保研相关帖，把我个人保研的经历和,"标题：家人们好久不见！

正文：大家好啊我是温蒂，距离上次发帖子已经半年之久了捏 25年一年也不咋活跃，原因是准备保研去了捏 虽然一路比较坎坷，但也是成功上岸了，可喜可贺可喜可贺 本来计划的是保完研之后更新更新的，结果不小心中了终末地三测测试资格爽完了一个月，后面身体不好寒假保养身体去了 直到这个学期做毕设才稍微闲下来了捏正好补补坑了，家人们有没有对保研这一块有问题的，可以在这里提问，我准备下个帖子专门做保研相关帖，把我个人保研的经历和",,https://tieba.baidu.com/p/10600387247,matched,pending_review,,来源存疑样本；已抓到列表摘要正文；仅作人工复核池，勿直接并入正式训练集,uncertain_redirect_round3_pool.csv
10601404394,示例高校,示例高校,转专业求助,ldx们又是我，快转专业的小登夜不能寐，之前询问过B校区的机设和物理学院的光电怎么样，之后呢第一想转的是机设，但是xdx现在又想了想，想问一下咱们学校材料怎么样，去哪个方向好一点，绩点快四了,"标题：转专业求助

正文：ldx们又是我，快转专业的小登夜不能寐，之前询问过B校区的机设和物理学院的光电怎么样，之后呢第一想转的是机设，但是xdx现在又想了想，想问一下咱们学校材料怎么样，去哪个方向好一点，绩点快四了",,https://tieba.baidu.com/p/10601404394,matched,pending_review,,来源存疑样本；已抓到列表摘要正文；仅作人工复核池，勿直接并入正式训练集,uncertain_redirect_round3_pool.csv
10604071394,示例高校,示例高校,为什么B校区的航海和轮机本科都能30w，但是收分却是最低的,rt 而且本校的相关学院专业在国内不是顶尖的吗🤔 为什么收分会这么低,"标题：为什么B校区的航海和轮机本科都能30w，但是收分却是最低的

正文：rt 而且本校的相关学院专业在国内不是顶尖的吗🤔 为什么收分会这么低",,https://tieba.baidu.com/p/10604071394,matched,pending_review,,来源存疑样本；已抓到列表摘要正文；仅作人工复核池，勿直接并入正式训练集,uncertain_redirect_academic_review_pool.csv
10605873216,示例高校,示例高校,关于洗澡一事,本人认为武汉的天气湿度极大，春夏闷热，秋冬湿冷，人的油脂汗液分泌很多。在这些样的天气气候里，本人一直坚持春夏秋冬每天洗澡洗头，更换贴身衣物。 大部分室友现在20多度的天气，两天或三天一洗，我就当是地区习惯差异了。毕竟气味啥的，不靠太近确实闻不出来。 但是有的一周一洗，连同身上衣物，头油和身上的味道已经非常大了，依旧如此。（军训期间也是两到三天一洗） 本人已经多次或委婉，或直接的表示，沟通，说这个澡还是要,"标题：关于洗澡一事

正文：本人认为武汉的天气湿度极大，春夏闷热，秋冬湿冷，人的油脂汗液分泌很多。在这些样的天气气候里，本人一直坚持春夏秋冬每天洗澡洗头，更换贴身衣物。 大部分室友现在20多度的天气，两天或三天一洗，我就当是地区习惯差异了。毕竟气味啥的，不靠太近确实闻不出来。 但是有的一周一洗，连同身上衣物，头油和身上的味道已经非常大了，依旧如此。（军训期间也是两到三天一洗） 本人已经多次或委婉，或直接的表示，沟通，说这个澡还是要",,https://tieba.baidu.com/p/10605873216,matched,pending_review,,来源存疑样本；已抓到列表摘要正文；仅作人工复核池，勿直接并入正式训练集,uncertain_redirect_round3_pool.csv
10606651912,示例高校,示例高校,本校去年就业率最高的专业竟然是工力,据说是100%，虽然有水分，但工力不是号称小土木吗，就算是有水分的情况下，怎么能水到100%的,"标题：本校去年就业率最高的专业竟然是工力

正文：据说是100%，虽然有水分，但工力不是号称小土木吗，就算是有水分的情况下，怎么能水到100%的",,https://tieba.baidu.com/p/10606651912,matched,pending_review,,来源存疑样本；已抓到列表摘要正文；仅作人工复核池，勿直接并入正式训练集,uncertain_redirect_academic_review_pool.csv
10606964512,示例高校,示例高校,武汉原神同好会,武汉第二期原神同好会活动公告 4月6日周一（清明假期内）下午15点（地址：江汉路地铁站C口附近）「原神同好会」，已报名2位，2=7 参与详情：免费活动，最好点一杯咖啡！报名线下原神同好会的私信我！,"标题：武汉原神同好会

正文：武汉第二期原神同好会活动公告 4月6日周一（清明假期内）下午15点（地址：江汉路地铁站C口附近）「原神同好会」，已报名2位，2=7 参与详情：免费活动，最好点一杯咖啡！报名线下原神同好会的私信我！",,https://tieba.baidu.com/p/10606964512,matched,pending_review,,来源存疑样本；已抓到列表摘要正文；仅作人工复核池，勿直接并入正式训练集,uncertain_redirect_academic_review_pool.csv
10607309586,示例高校,示例高校,石楠花开🥴,路过博主闻到一股味道，我还以为是谁在博主楼前卤了几发，原来是石楠花开。有福了,"标题：石楠花开🥴

正文：路过博主闻到一股味道，我还以为是谁在博主楼前卤了几发，原来是石楠花开。有福了",,https://tieba.baidu.com/p/10607309586,matched,pending_review,,来源存疑样本；已抓到列表摘要正文；仅作人工复核池，勿直接并入正式训练集,uncertain_redirect_round3_pool.csv
10608891011,示例高校,示例高校,吐槽思慕人类,余十五扫码隔壁寝室，打个三角洲叫你妈个丑比呢，平时11点叫算了，半夜两三点也叫吗，家里双亲死没了是吧，没人交过你不要影响别人休息吗,"标题：吐槽思慕人类

正文：余十五扫码隔壁寝室，打个三角洲叫你妈个丑比呢，平时11点叫算了，半夜两三点也叫吗，家里双亲死没了是吧，没人交过你不要影响别人休息吗",,https://tieba.baidu.com/p/10608891011,matched,pending_review,,来源存疑样本；已抓到列表摘要正文；仅作人工复核池，勿直接并入正式训练集,uncertain_redirect_round3_pool.csv
10609976089,示例高校,示例高校,后悔来示例高校了,我是个一路靠刷题走过来的人，从小学到大学，做了十几年的题，熬了无数个日夜，拼尽全力闯过高考，考了600多分，满心以为能去个像样的大学，结果被一句“示例城区下好读书”骗到了示例高校，梦想是挺大的，可现实呢？我走进这所大学，才发现自己被困在示例城区里，到现在还是找不到女朋友，甚至连一个能说上话的女性朋友都没有，长这么大，我几乎没正经和女生深入说过几句话。小学时我曾经梦想，我要娶一个公主，一个女侠，和她一起,"标题：后悔来示例高校了

正文：我是个一路靠刷题走过来的人，从小学到大学，做了十几年的题，熬了无数个日夜，拼尽全力闯过高考，考了600多分，满心以为能去个像样的大学，结果被一句“示例城区下好读书”骗到了示例高校，梦想是挺大的，可现实呢？我走进这所大学，才发现自己被困在示例城区里，到现在还是找不到女朋友，甚至连一个能说上话的女性朋友都没有，长这么大，我几乎没正经和女生深入说过几句话。小学时我曾经梦想，我要娶一个公主，一个女侠，和她一起",,https://tieba.baidu.com/p/10609976089,matched,pending_review,,来源存疑样本；已抓到列表摘要正文；仅作人工复核池，勿直接并入正式训练集,uncertain_redirect_academic_review_pool.csv
10610481841,示例高校,示例高校,好想死啊。。。,求半个月速通python，c语言，复习高数的方法,"标题：好想死啊。。。

正文：求半个月速通python，c语言，复习高数的方法",,https://tieba.baidu.com/p/10610481841,matched,pending_review,,来源存疑样本；已抓到列表摘要正文；仅作人工复核池，勿直接并入正式训练集,uncertain_redirect_round3_pool.csv
10610519076,示例高校,示例高校,不要让战斗停下来,今年转专业，三大院还有笔试？ 享福了,"标题：不要让战斗停下来

正文：今年转专业，三大院还有笔试？ 享福了",,https://tieba.baidu.com/p/10610519076,matched,pending_review,,来源存疑样本；已抓到列表摘要正文；仅作人工复核池，勿直接并入正式训练集,uncertain_redirect_round3_pool.csv
10610662771,示例高校,示例高校,依旧转专业,前几天发帖问过了，综合考虑第一志愿准备报机设，想问下第二志愿报哪个专业保底比较好，本人是想学机械相关的专业，想问下船舶与海洋工程怎么样，听说跟机械有关😲,"标题：依旧转专业

正文：前几天发帖问过了，综合考虑第一志愿准备报机设，想问下第二志愿报哪个专业保底比较好，本人是想学机械相关的专业，想问下船舶与海洋工程怎么样，听说跟机械有关😲",,https://tieba.baidu.com/p/10610662771,matched,pending_review,,来源存疑样本；已抓到列表摘要正文；仅作人工复核池，勿直接并入正式训练集,uncertain_redirect_round3_pool.csv
10611319133,示例高校,示例高校,转专业)可能我问的次数有点多，最后来询问一次吧,补一句，自己学习能力很一般，很多东西学第一遍都是很卡很慢的。 现在4.34，交通，去车辆工程好还是电气好。 电气现在还要考试了，但不得不承认前景确实可以，车辆则确实有这一块的缺陷，但是课程舒服点。,"标题：转专业)可能我问的次数有点多，最后来询问一次吧

正文：补一句，自己学习能力很一般，很多东西学第一遍都是很卡很慢的。 现在4.34，交通，去车辆工程好还是电气好。 电气现在还要考试了，但不得不承认前景确实可以，车辆则确实有这一块的缺陷，但是课程舒服点。",,https://tieba.baidu.com/p/10611319133,matched,pending_review,,来源存疑样本；已抓到列表摘要正文；仅作人工复核池，勿直接并入正式训练集,uncertain_redirect_round3_pool.csv
10612191119,示例高校,示例高校,不要临阵变卦好吗,三大院转专业要考试了，但是高手们，你们绩点这么高，考个高数也是有实力的呀别临阵变卦了，小登我真害怕死了 今年非三大院的热门学院又要爆炸了…,"标题：不要临阵变卦好吗

正文：三大院转专业要考试了，但是高手们，你们绩点这么高，考个高数也是有实力的呀别临阵变卦了，小登我真害怕死了 今年非三大院的热门学院又要爆炸了…",,https://tieba.baidu.com/p/10612191119,matched,pending_review,,来源存疑样本；已抓到列表摘要正文；仅作人工复核池，勿直接并入正式训练集,uncertain_redirect_round3_pool.csv
10612328164,示例高校,示例高校,小登绩点3.898转B校区机械稳吗,绩点3.898转B校区机械有戏吗 面试怎么办？,"标题：小登绩点3.898转B校区机械稳吗

正文：绩点3.898转B校区机械有戏吗 面试怎么办？",,https://tieba.baidu.com/p/10612328164,matched,pending_review,,来源存疑样本；已抓到列表摘要正文；仅作人工复核池，勿直接并入正式训练集,uncertain_redirect_academic_review_pool.csv
10612987230,示例高校,示例高校,内容如下…,转专业失败了会怎么样………迷茫了 难说，真的很难说,"标题：内容如下…

正文：转专业失败了会怎么样………迷茫了 难说，真的很难说",,https://tieba.baidu.com/p/10612987230,matched,pending_review,,来源存疑样本；已抓到列表摘要正文；仅作人工复核池，勿直接并入正式训练集,uncertain_redirect_round3_pool.csv
10613476096,示例高校,示例高校,机设转专业,不是说接受转专业的学生不能超过高考招生人数的百分之20吗，结果机设今年收52个人，收这么多人进来，那我们高考进来的算什么👻转专业进来的还能自己选分流，高考进来的只能按班级分流，给交物院👻🦐辣，高考进来当人下人了,"标题：机设转专业

正文：不是说接受转专业的学生不能超过高考招生人数的百分之20吗，结果机设今年收52个人，收这么多人进来，那我们高考进来的算什么👻转专业进来的还能自己选分流，高考进来的只能按班级分流，给交物院👻🦐辣，高考进来当人下人了",,https://tieba.baidu.com/p/10613476096,matched,pending_review,,来源存疑样本；已抓到列表摘要正文；仅作人工复核池，勿直接并入正式训练集,uncertain_redirect_round3_pool.csv
10614173632,示例高校,示例高校,吐槽一下室友叫醒服务,本校真有神人也，每天早上定个吊的六点半闹钟，自己是永远起不来的，闹钟是永远要定的关键是你定就定吧，天天早上响tm五分钟，你自己起不来倒是把室友全叫醒了，每天早上早八签到几乎是不签的，md你真是那么努力，说要起来背单词我也忍了，这是何意味呢 今天最tm逆天，六点半进行叫醒室友服务后应该是手滑点到稍后提醒了，六点四十五又响了，五分钟整整五分钟！大哥，这闹钟上一次你起来关掉到下一次响就隔了十分钟啊，你就又睡这么,"标题：吐槽一下室友叫醒服务

正文：本校真有神人也，每天早上定个吊的六点半闹钟，自己是永远起不来的，闹钟是永远要定的关键是你定就定吧，天天早上响tm五分钟，你自己起不来倒是把室友全叫醒了，每天早上早八签到几乎是不签的，md你真是那么努力，说要起来背单词我也忍了，这是何意味呢 今天最tm逆天，六点半进行叫醒室友服务后应该是手滑点到稍后提醒了，六点四十五又响了，五分钟整整五分钟！大哥，这闹钟上一次你起来关掉到下一次响就隔了十分钟啊，你就又睡这么",,https://tieba.baidu.com/p/10614173632,matched,pending_review,,来源存疑样本；已抓到列表摘要正文；仅作人工复核池，勿直接并入正式训练集,uncertain_redirect_round3_pool.csv
10615146494,示例高校,示例高校,转专业求助,能不能进行这样一个操作：第一志愿报机械设计，第二志愿报机器人工程或者电气等三大院小专业，然后第一志愿作为保底同时参加高数的初试，如果考的好的话，第一志愿第二志愿都过的话，放弃第一志愿，进入第二志愿，可以吗😭如果不行只能去鸡舍了…小💡懦了呀,"标题：转专业求助

正文：能不能进行这样一个操作：第一志愿报机械设计，第二志愿报机器人工程或者电气等三大院小专业，然后第一志愿作为保底同时参加高数的初试，如果考的好的话，第一志愿第二志愿都过的话，放弃第一志愿，进入第二志愿，可以吗😭如果不行只能去鸡舍了…小💡懦了呀",,https://tieba.baidu.com/p/10615146494,matched,pending_review,,来源存疑样本；已抓到列表摘要正文；仅作人工复核池，勿直接并入正式训练集,uncertain_redirect_academic_review_pool.csv
10615639921,示例高校,示例高校,转专业咨询,小登大一上高数不小心拉了只有70，学分绩点只有3.3，转专业有说法吗，真的很想转，有没有好心学长说一下有什么可能转的专业啊……在此谢过了,"标题：转专业咨询

正文：小登大一上高数不小心拉了只有70，学分绩点只有3.3，转专业有说法吗，真的很想转，有没有好心学长说一下有什么可能转的专业啊……在此谢过了",,https://tieba.baidu.com/p/10615639921,matched,pending_review,,来源存疑样本；已抓到列表摘要正文；仅作人工复核池，勿直接并入正式训练集,uncertain_redirect_round3_pool.csv
10615685276,示例高校,示例高校,湖北本地小县城重高高二但吊车尾，现在努力考物理有机会吗,我是一名高二的物化政学生，虽然上了我们小县城的重高，但是我们班的学习氛围很差，基本上算是一人一台手机带到学校，且本人自己没有什么学习动力，自控力较差，但是白日梦还是有一些的。 🉑🈶🉑🈚 不过物理，很差，非常差，只有十几二十分的样子，因为初中的时候，物理老师给予我很大的希望，可惜到了高中我就这样浑浑噩噩，导致我的内心还是有一点不是滋味，马上高三了，不想这样重蹈覆辙，但是放假前最后的课是物理课，我尝试,"标题：湖北本地小县城重高高二但吊车尾，现在努力考物理有机会吗

正文：我是一名高二的物化政学生，虽然上了我们小县城的重高，但是我们班的学习氛围很差，基本上算是一人一台手机带到学校，且本人自己没有什么学习动力，自控力较差，但是白日梦还是有一些的。 🉑🈶🉑🈚 不过物理，很差，非常差，只有十几二十分的样子，因为初中的时候，物理老师给予我很大的希望，可惜到了高中我就这样浑浑噩噩，导致我的内心还是有一点不是滋味，马上高三了，不想这样重蹈覆辙，但是放假前最后的课是物理课，我尝试",,https://tieba.baidu.com/p/10615685276,matched,pending_review,,来源存疑样本；已抓到列表摘要正文；仅作人工复核池，勿直接并入正式训练集,uncertain_redirect_round3_pool.csv
10615842559,示例高校,示例高校,我真是个出生,我去水果店买水果，老板多送我一盒，我当时戴耳机没听懂老板在说什么，接过来就走了，回寝室才发现老板多给了我一盒水果，我连谢谢都没说一句，我真该死啊C校区教育超市的水果店老板真是个好人,"标题：我真是个出生

正文：我去水果店买水果，老板多送我一盒，我当时戴耳机没听懂老板在说什么，接过来就走了，回寝室才发现老板多给了我一盒水果，我连谢谢都没说一句，我真该死啊C校区教育超市的水果店老板真是个好人",,https://tieba.baidu.com/p/10615842559,matched,pending_review,,来源存疑样本；已抓到列表摘要正文；仅作人工复核池，勿直接并入正式训练集,uncertain_redirect_round3_pool.csv
10616003938,示例高校,示例高校,出大事了8u🚪,二楼细嗦,"标题：出大事了8u🚪

正文：二楼细嗦",,https://tieba.baidu.com/p/10616003938,matched,pending_review,,来源存疑样本；已抓到列表摘要正文；仅作人工复核池，勿直接并入正式训练集,uncertain_redirect_round3_pool.csv
10617270432,示例高校,示例高校,材料和化工,化工在本校已经是路边了，那材料到底怎么样啊认真点好不好我看大家都是串子，已经不知道谁在说真话谁在说假话了,"标题：材料和化工

正文：化工在本校已经是路边了，那材料到底怎么样啊认真点好不好我看大家都是串子，已经不知道谁在说真话谁在说假话了",,https://tieba.baidu.com/p/10617270432,matched,pending_review,,来源存疑样本；已抓到列表摘要正文；仅作人工复核池，勿直接并入正式训练集,uncertain_redirect_round3_pool.csv
10617940192,示例高校,示例高校,本校算不算win了,rt,"标题：本校算不算win了

正文：rt",,https://tieba.baidu.com/p/10617940192,matched,pending_review,,来源存疑样本；已抓到列表摘要正文；仅作人工复核池，勿直接并入正式训练集,uncertain_redirect_round3_pool.csv
10617995211,示例高校,示例高校,转专业有感,诶，本来是美滋滋的转专业，到手的鸭子，现在搞成这样子，焦虑不安。 大家要擦亮眼睛，看清串子，坚定选择。合适自己的才是最重要的。,"标题：转专业有感

正文：诶，本来是美滋滋的转专业，到手的鸭子，现在搞成这样子，焦虑不安。 大家要擦亮眼睛，看清串子，坚定选择。合适自己的才是最重要的。",,https://tieba.baidu.com/p/10617995211,matched,pending_review,,来源存疑样本；已抓到列表摘要正文；仅作人工复核池，勿直接并入正式训练集,uncertain_redirect_round3_pool.csv
10619168869,示例高校,示例高校,转专业中章,各位ldx，小登想知道一志愿去机设，二志愿报什么比较好啊？，目前第一志愿还在摇摆，也想去光电，机械,"标题：转专业中章

正文：各位ldx，小登想知道一志愿去机设，二志愿报什么比较好啊？，目前第一志愿还在摇摆，也想去光电，机械",,https://tieba.baidu.com/p/10619168869,matched,pending_review,,来源存疑样本；已抓到列表摘要正文；仅作人工复核池，勿直接并入正式训练集,uncertain_redirect_round3_pool.csv
10619387492,示例高校,示例高校,984.5已经是过去式了，示例高校现在是全国唯一一所633大学。,633这个外号，既有辨识度，还有嘲讽值，进可显摆退可自嘲，还具有历史底蕴（三个211合并出一个211），简单易懂，闻之令人心生一笑，吸引读者阅读兴趣。简直是目前最适合示例高校的外号。 什么叫A校区男子职业技术学院,"标题：984.5已经是过去式了，示例高校现在是全国唯一一所633大学。

正文：633这个外号，既有辨识度，还有嘲讽值，进可显摆退可自嘲，还具有历史底蕴（三个211合并出一个211），简单易懂，闻之令人心生一笑，吸引读者阅读兴趣。简直是目前最适合示例高校的外号。 什么叫A校区男子职业技术学院",,https://tieba.baidu.com/p/10619387492,matched,pending_review,,来源存疑样本；已抓到列表摘要正文；仅作人工复核池，勿直接并入正式训练集,uncertain_redirect_round3_pool.csv
10619683723,示例高校,示例高校,示例高校转专业,信管第一要不要转三大院，本人想尽可能保到更好的学校，请各位学长学姐们指点一二,"标题：示例高校转专业

正文：信管第一要不要转三大院，本人想尽可能保到更好的学校，请各位学长学姐们指点一二",,https://tieba.baidu.com/p/10619683723,matched,pending_review,,来源存疑样本；已抓到列表摘要正文；仅作人工复核池，勿直接并入正式训练集,uncertain_redirect_round3_pool.csv
10619685190,示例高校,示例高校,牢专业问问,问问这些哪个更牢啊。。或者哪个比道桥好点。地信绩点要求多少 刷不刷人,"标题：牢专业问问

正文：问问这些哪个更牢啊。。或者哪个比道桥好点。地信绩点要求多少 刷不刷人",,https://tieba.baidu.com/p/10619685190,matched,pending_review,,来源存疑样本；已抓到列表摘要正文；仅作人工复核池，勿直接并入正式训练集,uncertain_redirect_round3_pool.csv
10620015551,示例高校,示例高校,转专业群真的假的,我看计算机群有200人，自动化群也有200个人了，今年政策变动加了笔试，大家都这么勇的吗,"标题：转专业群真的假的

正文：我看计算机群有200人，自动化群也有200个人了，今年政策变动加了笔试，大家都这么勇的吗",,https://tieba.baidu.com/p/10620015551,matched,pending_review,,来源存疑样本；已抓到列表摘要正文；仅作人工复核池，勿直接并入正式训练集,uncertain_redirect_round3_pool.csv
10620423427,示例高校,示例高校,鉴于xd今年明显向来测控的变多了，ldx就开个帖子水一水,首先介绍一下ldx引下流，ldx是土木转到相关学院测控的，和隔壁神贴的作者老夫曾在一个屋檐下生活了一年，可以算是老夫最锋利的剑之一🫡,"标题：鉴于xd今年明显向来测控的变多了，ldx就开个帖子水一水

正文：首先介绍一下ldx引下流，ldx是土木转到相关学院测控的，和隔壁神贴的作者老夫曾在一个屋檐下生活了一年，可以算是老夫最锋利的剑之一🫡",,https://tieba.baidu.com/p/10620423427,matched,pending_review,,来源存疑样本；已抓到列表摘要正文；仅作人工复核池，勿直接并入正式训练集,uncertain_redirect_round3_pool.csv
10621821438,示例高校,示例高校,转专业最后一问,绩点4.19，编程语言大一上没学，是冲一把计算机还是求稳报相关学院，如果选择冲计算机，什么专业稍微稳一点,"标题：转专业最后一问

正文：绩点4.19，编程语言大一上没学，是冲一把计算机还是求稳报相关学院，如果选择冲计算机，什么专业稍微稳一点",,https://tieba.baidu.com/p/10621821438,matched,pending_review,,来源存疑样本；已抓到列表摘要正文；仅作人工复核池，勿直接并入正式训练集,uncertain_redirect_round3_pool.csv
10622027401,示例高校,示例高校,不想读可以滚,经常看到贴吧里骂学校的评论，如果你觉得学校烂，可以辍学的。为什么总有人到处诋毁自己学校，有本事你考985啊，自己什么水平不清楚吗？与其在这里抱怨，不如好好学习，好好上自习室，考研上自己觉得好的学校。如果没有那能力还在这抱怨，真的是太坏了。你总这样骂学校，有没有想过，我能身边有的同学人家是辛辛苦苦考进来的，结果一来就听到那些话，真的巨难受。我不知道这些人是怎么想的，但是我受不了别人骂我的学校。学校就在那,"标题：不想读可以滚

正文：经常看到贴吧里骂学校的评论，如果你觉得学校烂，可以辍学的。为什么总有人到处诋毁自己学校，有本事你考985啊，自己什么水平不清楚吗？与其在这里抱怨，不如好好学习，好好上自习室，考研上自己觉得好的学校。如果没有那能力还在这抱怨，真的是太坏了。你总这样骂学校，有没有想过，我能身边有的同学人家是辛辛苦苦考进来的，结果一来就听到那些话，真的巨难受。我不知道这些人是怎么想的，但是我受不了别人骂我的学校。学校就在那",,https://tieba.baidu.com/p/10622027401,matched,pending_review,,来源存疑样本；已抓到列表摘要正文；仅作人工复核池，勿直接并入正式训练集,uncertain_redirect_round3_pool.csv
10622131973,示例高校,示例高校,鉴于ldx同级的朋友都开了帖子讲转专业，那ldx也来水水,老💡我是个做题也做不明白的做题区，上了大一发现自己在工科方面菜的依托，加上本身习惯数学，就决定了转数统。但同时，考虑到自己脑子笨笨的，没有做理论的天赋，再慢慢了解后选择了转统计，也来安利下。,"标题：鉴于ldx同级的朋友都开了帖子讲转专业，那ldx也来水水

正文：老💡我是个做题也做不明白的做题区，上了大一发现自己在工科方面菜的依托，加上本身习惯数学，就决定了转数统。但同时，考虑到自己脑子笨笨的，没有做理论的天赋，再慢慢了解后选择了转统计，也来安利下。",,https://tieba.baidu.com/p/10622131973,matched,pending_review,,来源存疑样本；已抓到列表摘要正文；仅作人工复核池，勿直接并入正式训练集,uncertain_redirect_academic_review_pool.csv
10623116874,示例高校,示例高校,我宣布B校区独立，今日起兵,大学四年除了找工作和打比赛，从没去过其他校区 ，研究生还要继续在B校区，我看没什么羁绊可言了！B校区今日独立，水运湖导弹随时发射，预计三天攻占A校区，水鬼本校兵随我上前，时机已到，今日起🧊！,"标题：我宣布B校区独立，今日起兵

正文：大学四年除了找工作和打比赛，从没去过其他校区 ，研究生还要继续在B校区，我看没什么羁绊可言了！B校区今日独立，水运湖导弹随时发射，预计三天攻占A校区，水鬼本校兵随我上前，时机已到，今日起🧊！",,https://tieba.baidu.com/p/10623116874,matched,pending_review,,来源存疑样本；已抓到列表摘要正文；仅作人工复核池，勿直接并入正式训练集,uncertain_redirect_academic_review_pool.csv
10623242341,示例高校,示例高校,也是决定了,xd这几天一直很焦虑，今天也是正式下定决心转测控了 主要xd高数学的着实也就那样，去年花了很多时间学高数结果也不尽人意 按以往我的绩点应该是稳的，但是今年已经在相关学院的群里面看见好几个绩点比我高的大佬了，绩点真的是永远都不够用啊。 但是我想我c语言也学了，单片机也买了，难不成真去机设吗？不拼一把真的太不甘心了。这一周也是准备好好静下心来学习一下，自从三月开学以来一直就静不下心来好好学习 结果也是想好了，大不了就,"标题：也是决定了

正文：xd这几天一直很焦虑，今天也是正式下定决心转测控了 主要xd高数学的着实也就那样，去年花了很多时间学高数结果也不尽人意 按以往我的绩点应该是稳的，但是今年已经在相关学院的群里面看见好几个绩点比我高的大佬了，绩点真的是永远都不够用啊。 但是我想我c语言也学了，单片机也买了，难不成真去机设吗？不拼一把真的太不甘心了。这一周也是准备好好静下心来学习一下，自从三月开学以来一直就静不下心来好好学习 结果也是想好了，大不了就",,https://tieba.baidu.com/p/10623242341,matched,pending_review,,来源存疑样本；已抓到列表摘要正文；仅作人工复核池，勿直接并入正式训练集,uncertain_redirect_academic_review_pool.csv
10623344456,示例高校,示例高校,继梦碎计算机之后，我将在自动化和相关学院做出艰难的选择,其实本人高数不算是很差😱😨梦碎计算机把我所有的规划都打乱了，求求学长学姐帮我支个招，明天就要打印交材料了 谢谢大家看我这几天在吧里发了这么多帖子还一个一个回复我,"标题：继梦碎计算机之后，我将在自动化和相关学院做出艰难的选择

正文：其实本人高数不算是很差😱😨梦碎计算机把我所有的规划都打乱了，求求学长学姐帮我支个招，明天就要打印交材料了 谢谢大家看我这几天在吧里发了这么多帖子还一个一个回复我",,https://tieba.baidu.com/p/10623344456,matched,pending_review,,来源存疑样本；已抓到列表摘要正文；仅作人工复核池，勿直接并入正式训练集,uncertain_redirect_round3_pool.csv
10623441037,示例高校,示例高校,舍友总是不穿衣服怎么办,寝室里有个人最近一回寝室就把上衣脱了 他比较胖，之前还问我们热不热，要不要开空调。我们都觉得还好就没开，于是他现在天天在寝室里不穿上衣坐在那打游戏,"标题：舍友总是不穿衣服怎么办

正文：寝室里有个人最近一回寝室就把上衣脱了 他比较胖，之前还问我们热不热，要不要开空调。我们都觉得还好就没开，于是他现在天天在寝室里不穿上衣坐在那打游戏",,https://tieba.baidu.com/p/10623441037,matched,pending_review,,来源存疑样本；已抓到列表摘要正文；仅作人工复核池，勿直接并入正式训练集,uncertain_redirect_academic_review_pool.csv
10623868977,示例高校,示例高校,余家头餐厅推荐(问问),来了那么久了，感觉没有吃到那个点的蔬菜是好吃的，量也不过。请问有没有谁知道学校里那家店蔬菜多而且还可以😂或者真的有吗？一直吃不到纤维素🙏🏻,"标题：余家头餐厅推荐(问问)

正文：来了那么久了，感觉没有吃到那个点的蔬菜是好吃的，量也不过。请问有没有谁知道学校里那家店蔬菜多而且还可以😂或者真的有吗？一直吃不到纤维素🙏🏻",,https://tieba.baidu.com/p/10623868977,matched,pending_review,,来源存疑样本；已抓到列表摘要正文；仅作人工复核池，勿直接并入正式训练集,uncertain_redirect_round3_pool.csv
10624854430,示例高校,示例高校,逆天女同学同学群里发cos图👇👇,楼下细嗦,"标题：逆天女同学同学群里发cos图👇👇

正文：楼下细嗦",,https://tieba.baidu.com/p/10624854430,matched,pending_review,,来源存疑样本；已抓到列表摘要正文；仅作人工复核池，勿直接并入正式训练集,uncertain_redirect_academic_review_pool.csv
10625169279,示例高校,示例高校,激流勇进（东12版）,#(呵呵) #(呵呵) #(呵呵),"标题：激流勇进（东12版）

正文：#(呵呵) #(呵呵) #(呵呵)",,https://tieba.baidu.com/p/10625169279,matched,pending_review,,来源存疑样本；已抓到列表摘要正文；仅作人工复核池，勿直接并入正式训练集,uncertain_redirect_round3_pool.csv
10625320015,示例高校,示例高校,转专业求助,汽服和地信哪个更好啊xdx现在在纠结把哪个放二志愿有无懂的大手子✋😭✋,"标题：转专业求助

正文：汽服和地信哪个更好啊xdx现在在纠结把哪个放二志愿有无懂的大手子✋😭✋",,https://tieba.baidu.com/p/10625320015,matched,pending_review,,来源存疑样本；已抓到列表摘要正文；仅作人工复核池，勿直接并入正式训练集,uncertain_redirect_round3_pool.csv
10625660778,示例高校,示例高校,转专业考试,理性分析一下，这个高数考试真的会考整本书吗？,"标题：转专业考试

正文：理性分析一下，这个高数考试真的会考整本书吗？",,https://tieba.baidu.com/p/10625660778,matched,pending_review,,来源存疑样本；已抓到列表摘要正文；仅作人工复核池，勿直接并入正式训练集,uncertain_redirect_academic_review_pool.csv
10625666074,示例高校,示例高校,标题五个字,xd上的个性课感觉要被折磨死了，周二晚上要上，上到后面周四下午还有多俩节实验课。课名叫3d计算机视觉前沿技术。学分好不好混？xd啥也没学会，不知道能不能及格，来选过的ld支支招,"标题：标题五个字

正文：xd上的个性课感觉要被折磨死了，周二晚上要上，上到后面周四下午还有多俩节实验课。课名叫3d计算机视觉前沿技术。学分好不好混？xd啥也没学会，不知道能不能及格，来选过的ld支支招",,https://tieba.baidu.com/p/10625666074,matched,pending_review,,来源存疑样本；已抓到列表摘要正文；仅作人工复核池，勿直接并入正式训练集,uncertain_redirect_academic_review_pool.csv
10625715114,示例高校,示例高校,希望示例高校的同学诚实一点,今天有个示例高校的毕业生，来我们公司面试，要求工资200000元。双方谈得比较顺利，经过评估符合公司要求。正当准备录用时，我发现了一个猫腻，最终公司取消录用了。这位毕业生面试的时候，说自己是示例高校毕业的，然后简历上面写的是本科。一开始我们都认为他的学历没有什么问题，毕竟是示例高校。在我们的想象中，应该和北京示例高校差不多，面试快结束的时候，我在他们学校官网查了一下这个学校，惊奇的发现，原来不,"标题：希望示例高校的同学诚实一点

正文：今天有个示例高校的毕业生，来我们公司面试，要求工资200000元。双方谈得比较顺利，经过评估符合公司要求。正当准备录用时，我发现了一个猫腻，最终公司取消录用了。这位毕业生面试的时候，说自己是示例高校毕业的，然后简历上面写的是本科。一开始我们都认为他的学历没有什么问题，毕竟是示例高校。在我们的想象中，应该和北京示例高校差不多，面试快结束的时候，我在他们学校官网查了一下这个学校，惊奇的发现，原来不",,https://tieba.baidu.com/p/10625715114,matched,pending_review,,来源存疑样本；已抓到列表摘要正文；仅作人工复核池，勿直接并入正式训练集,uncertain_redirect_academic_review_pool.csv
10625744984,示例高校,示例高校,计费管理系统,问下学长学姐这个相关学院大一下的什么程序设计管理，几乎完全用ai跑行吗，内容是什么计费管理系统,问下学长学姐这个相关学院大一下的什么程序设计管理，几乎完全用ai跑行吗，内容是什么计费管理系统,,https://tieba.baidu.com/p/10625744984,matched,pending_review,,来源存疑样本；已抓到列表摘要正文；仅作人工复核池，勿直接并入正式训练集,uncertain_redirect_round3_pool.csv
10625745528,示例高校,示例高校,会有影响吗,xd每次做实验操作分都是精确90分，不高也不低，天天吃保底我是不是要炸了（）,"标题：会有影响吗

正文：xd每次做实验操作分都是精确90分，不高也不低，天天吃保底我是不是要炸了（）",,https://tieba.baidu.com/p/10625745528,matched,pending_review,,来源存疑样本；已抓到列表摘要正文；仅作人工复核池，勿直接并入正式训练集,uncertain_redirect_round3_pool.csv
7899235720,示例高校,示例高校,个性课作业不交会咋样,我选了计算机3d视觉技术课可是，没想到结课作业这么难，还要复习期末考试，不写这个作业会有什么影响吗。,"标题：个性课作业不交会咋样

正文：我选了计算机3d视觉技术课可是，没想到结课作业这么难，还要复习期末考试，不写这个作业会有什么影响吗。",,https://tieba.baidu.com/p/7899235720,matched,pending_review,,来源存疑样本；已抓到列表摘要正文；仅作人工复核池，勿直接并入正式训练集,uncertain_redirect_academic_review_pool.csv
9159251454,示例高校,示例高校,大一新生，决定记录一个本校兵大学四年的心路历程,持续更新,"标题：大一新生，决定记录一个本校兵大学四年的心路历程

正文：持续更新",,https://tieba.baidu.com/p/9159251454,matched,pending_review,,来源存疑样本；已抓到列表摘要正文；仅作人工复核池，勿直接并入正式训练集,uncertain_redirect_round3_pool.csv
9315793210,示例高校,示例高校,标题五个字,本校🧊们怎么评价我们相关学院xdx新才出的搞笑节目,"标题：标题五个字

正文：本校🧊们怎么评价我们相关学院xdx新才出的搞笑节目",,https://tieba.baidu.com/p/9315793210,matched,pending_review,,来源存疑样本；已抓到列表摘要正文；仅作人工复核池，勿直接并入正式训练集,uncertain_redirect_round3_pool.csv
9320034781,示例高校,示例高校,记录分享下从🖐🏻本校到全奖阿美丽卡的路程👻,Lz是19级本科，保研失败阴差阳错全奖来了美国，来这分享下经历经验，没准能帮到学弟学妹们,"标题：记录分享下从🖐🏻本校到全奖阿美丽卡的路程👻

正文：Lz是19级本科，保研失败阴差阳错全奖来了美国，来这分享下经历经验，没准能帮到学弟学妹们",,https://tieba.baidu.com/p/9320034781,matched,pending_review,,来源存疑样本；已抓到列表摘要正文；仅作人工复核池，勿直接并入正式训练集,uncertain_redirect_round3_pool.csv
9635494445,示例高校,示例高校,雷声大，雨点小,物力学院转专业群里最多时有140+的人，现在哪怕算上老师，电信科的群是16人，光信科的群是22人，工程力学的群是17人，共计55人。抛开老师，应该是50个学生，共招生40个，竞争感觉还是很不激烈的,"标题：雷声大，雨点小

正文：物力学院转专业群里最多时有140+的人，现在哪怕算上老师，电信科的群是16人，光信科的群是22人，工程力学的群是17人，共计55人。抛开老师，应该是50个学生，共招生40个，竞争感觉还是很不激烈的",,https://tieba.baidu.com/p/9635494445,matched,pending_review,,来源存疑样本；已抓到列表摘要正文；仅作人工复核池，勿直接并入正式训练集,uncertain_redirect_round3_pool.csv
9707049091,示例高校,示例高校,第一次面基大二小学弟,还得是小学弟嘴巴甜哈哈哈，贴吧认识了个小学弟，约出来吃饭把我逗的一乐一乐的，本人还好好打扮了一下，不得不说，出来交友比做科研，写论文有意思多了。,"标题：第一次面基大二小学弟

正文：还得是小学弟嘴巴甜哈哈哈，贴吧认识了个小学弟，约出来吃饭把我逗的一乐一乐的，本人还好好打扮了一下，不得不说，出来交友比做科研，写论文有意思多了。",,https://tieba.baidu.com/p/9707049091,matched,pending_review,,来源存疑样本；已抓到列表摘要正文；仅作人工复核池，勿直接并入正式训练集,uncertain_redirect_round3_pool.csv
9740166492,示例高校,示例高校,大爆特爆了,学生公寓有人落网了,"标题：大爆特爆了

正文：学生公寓有人落网了",,https://tieba.baidu.com/p/9740166492,matched,pending_review,,来源存疑样本；已抓到列表摘要正文；仅作人工复核池，勿直接并入正式训练集,uncertain_redirect_academic_review_pool.csv
9820296002,示例高校,示例高校,关于转专业老登的一些建议和经验,马上高考出分，有不少人咨询转专业相关政策。本人是24级四川的，去年录取到了示例高校，但是专业不是很满意，经过一年的努力成功转了专业，下面给各位小东西提供一些建议和一些个人的感想。小东西们有什么不懂的也可以直接问，有说的不对的地方也欢迎8u们指正。各位小登选择性参考，同时具体的政策以当年文件为准，可能会有所改动。,"标题：关于转专业老登的一些建议和经验

正文：马上高考出分，有不少人咨询转专业相关政策。本人是24级四川的，去年录取到了示例高校，但是专业不是很满意，经过一年的努力成功转了专业，下面给各位小东西提供一些建议和一些个人的感想。小东西们有什么不懂的也可以直接问，有说的不对的地方也欢迎8u们指正。各位小登选择性参考，同时具体的政策以当年文件为准，可能会有所改动。",,https://tieba.baidu.com/p/9820296002,matched,pending_review,,来源存疑样本；已抓到列表摘要正文；仅作人工复核池，勿直接并入正式训练集,uncertain_redirect_round3_pool.csv
9904851279,示例高校,示例高校,B校区的小朋友们过来康康😋😋😋,作为余吧吧主还是要过来宣传一下余吧的，为什么会有余吧呢，以前老学长不少都发了很多优秀的人生阅历经验，文学作品，学校生活，内容众多不好合并，所以会有多出来一个余吧，大家可以当做一个存档了许多旧书的图书馆来看看，偶尔在余吧求助也会有学长解答的，还有，余吧和示例高校主吧是一家，虽然B校区校园和C校区A校区那边相隔甚远，但是还是坚持一个示例高校原则😋 友情吧的位置就不占了，大家也可以去氵氵其他学校贴吧（没记错小吧务里,"标题：B校区的小朋友们过来康康😋😋😋

正文：作为余吧吧主还是要过来宣传一下余吧的，为什么会有余吧呢，以前老学长不少都发了很多优秀的人生阅历经验，文学作品，学校生活，内容众多不好合并，所以会有多出来一个余吧，大家可以当做一个存档了许多旧书的图书馆来看看，偶尔在余吧求助也会有学长解答的，还有，余吧和示例高校主吧是一家，虽然B校区校园和C校区A校区那边相隔甚远，但是还是坚持一个示例高校原则😋 友情吧的位置就不占了，大家也可以去氵氵其他学校贴吧（没记错小吧务里",,https://tieba.baidu.com/p/9904851279,matched,pending_review,,来源存疑样本；已抓到列表摘要正文；仅作人工复核池，勿直接并入正式训练集,uncertain_redirect_round3_pool.csv
9914465192,示例高校,示例高校,本校有哪些听着像野史，但真实发生过的事情,,本校有哪些听着像野史，但真实发生过的事情,,https://tieba.baidu.com/p/9914465192,matched,pending_review,,来源存疑样本；已抓到列表摘要正文；仅作人工复核池，勿直接并入正式训练集,uncertain_redirect_round3_pool.csv
10514538493,焦虑,焦虑,如何能不在乎别人,还是复读了，高考441，我想考的公办本科证明自己，在复读的前几个月感觉学习劲头不错，最多也就考个500出头，但寒假前2个月就快坐不住，受不了了，注意力不集中脑子就转不过来感觉自己太笨了，还总是很自卑，因为小学学习很不错，初一疫情之后染上了很多不好的习惯抽烟还有sy，之后就再也没强过了，我总是把一个人的能力强弱归根的学习的好弱上，感觉自己学习不好就不配说话，没有地位被人看不起，但还是注意力不集中听不懂转不过来，,"标题：如何能不在乎别人

正文：还是复读了，高考441，我想考的公办本科证明自己，在复读的前几个月感觉学习劲头不错，最多也就考个500出头，但寒假前2个月就快坐不住，受不了了，注意力不集中脑子就转不过来感觉自己太笨了，还总是很自卑，因为小学学习很不错，初一疫情之后染上了很多不好的习惯抽烟还有sy，之后就再也没强过了，我总是把一个人的能力强弱归根的学习的好弱上，感觉自己学习不好就不配说话，没有地位被人看不起，但还是注意力不集中听不懂转不过来，",,https://tieba.baidu.com/p/10514538493,matched,pending_review,,来源存疑样本；已抓到列表摘要正文；仅作人工复核池，勿直接并入正式训练集,uncertain_redirect_round3_pool.csv
10560235460,焦虑,焦虑,焦虑症吃药还没好,之前吃药减量复发了，又加上去了，然后还是特别难受，胡思乱想控制不住，怎么办啊,"标题：焦虑症吃药还没好

正文：之前吃药减量复发了，又加上去了，然后还是特别难受，胡思乱想控制不住，怎么办啊",,https://tieba.baidu.com/p/10560235460,matched,pending_review,,来源存疑样本；已抓到列表摘要正文；仅作人工复核池，勿直接并入正式训练集,uncertain_redirect_round3_pool.csv
10580860022,焦虑,焦虑,实在走投无路了,真是快要只有s路一条了，但是我觉得自己没有抑郁只有焦虑，就是我真的还很想活但是没办法了，所以特别焦虑想找到办法。但是其实没时间也没办法了。 我想去医院但是医生又不是许愿池和神仙，不能帮我解决生活中的任何问题。我也觉得我没病。只是周围的环境的问题，还有命运一直不放过我，让我的身体状况也不好，比如才二十多就快要三高了。都没咋吃过好的。 有时候好希望能突然进入生命的倒计时，在人生走马灯里重新过一遍高中和大一,"标题：实在走投无路了

正文：真是快要只有s路一条了，但是我觉得自己没有抑郁只有焦虑，就是我真的还很想活但是没办法了，所以特别焦虑想找到办法。但是其实没时间也没办法了。 我想去医院但是医生又不是许愿池和神仙，不能帮我解决生活中的任何问题。我也觉得我没病。只是周围的环境的问题，还有命运一直不放过我，让我的身体状况也不好，比如才二十多就快要三高了。都没咋吃过好的。 有时候好希望能突然进入生命的倒计时，在人生走马灯里重新过一遍高中和大一",,https://tieba.baidu.com/p/10580860022,matched,pending_review,,来源存疑样本；已抓到列表摘要正文；仅作人工复核池，勿直接并入正式训练集,uncertain_redirect_round3_pool.csv
10595020888,焦虑,焦虑,焦虑又犯了,吃文拉法辛几年了，突然又焦虑了，是不是药物没效果了，要咋办换药吗,"标题：焦虑又犯了

正文：吃文拉法辛几年了，突然又焦虑了，是不是药物没效果了，要咋办换药吗",,https://tieba.baidu.com/p/10595020888,matched,pending_review,,来源存疑样本；已抓到列表摘要正文；仅作人工复核池，勿直接并入正式训练集,uncertain_redirect_round3_pool.csv
10620072725,焦虑,焦虑,唉，感觉精神上压力好大，有什么可以缓解的办法吗？,害怕接触新事物，怕那些陌生的困难，很多事情都是还没有开始就放弃了，因为不想失败，所以索性就不去选择，本能的逃避。晚上会一直想着那些没完成的事，久久不能睡去。,"标题：唉，感觉精神上压力好大，有什么可以缓解的办法吗？

正文：害怕接触新事物，怕那些陌生的困难，很多事情都是还没有开始就放弃了，因为不想失败，所以索性就不去选择，本能的逃避。晚上会一直想着那些没完成的事，久久不能睡去。",,https://tieba.baidu.com/p/10620072725,matched,pending_review,,来源存疑样本；已抓到列表摘要正文；仅作人工复核池，勿直接并入正式训练集,uncertain_redirect_round3_pool.csv
10620360945,焦虑,焦虑,焦虑症研究——本能反应的生理干预,对于利用大脑本能反应进行的“心理干预”，实质上是生理性的干预，比如无需认知参与的那些暴露疗法、放松疗法、呼吸疗法等等。这类疗法几乎不占用认知资源，直接通过大脑的本能反应，产生生理效应，合理应用，的确是有可能反过来影响到认知、情绪和行为。 相对于需要认知参与的心理治疗，这类生理干预技术更加简单易行，效果直接、稳定，值得推广。但大叔前面也说过了，这类疗法对焦虑症患者未必适用（甚至会起到反作用），但通过,"标题：焦虑症研究——本能反应的生理干预

正文：对于利用大脑本能反应进行的“心理干预”，实质上是生理性的干预，比如无需认知参与的那些暴露疗法、放松疗法、呼吸疗法等等。这类疗法几乎不占用认知资源，直接通过大脑的本能反应，产生生理效应，合理应用，的确是有可能反过来影响到认知、情绪和行为。 相对于需要认知参与的心理治疗，这类生理干预技术更加简单易行，效果直接、稳定，值得推广。但大叔前面也说过了，这类疗法对焦虑症患者未必适用（甚至会起到反作用），但通过",,https://tieba.baidu.com/p/10620360945,matched,pending_review,,来源存疑样本；已抓到列表摘要正文；仅作人工复核池，勿直接并入正式训练集,uncertain_redirect_round3_pool.csv
10624673263,焦虑,焦虑,焦虑过度·热闹与光鲜背后藏着无数不为人知的情绪与孤独，你说来吧,这个光鲜世界的背面，总有人在悄悄难过我们活在一个看起来格外耀眼的世界里。人人步履匆匆，笑容体面，生活被包装得光鲜明亮。可很少有人看见，世界是多维的。在那些热闹与光鲜背后，藏着无数不为人知的情绪与孤独。有人外表平静，内心早已溃不成军；有人努力微笑，却被焦虑、压抑、委屈日夜缠绕；有人渴望被理解、被拥抱，却始终找不到一个，可以无条件接纳、无条件倾听自己的人。你不必一直坚强，不必事事硬扛，更不必把所有情绪,"标题：焦虑过度·热闹与光鲜背后藏着无数不为人知的情绪与孤独，你说来吧

正文：这个光鲜世界的背面，总有人在悄悄难过我们活在一个看起来格外耀眼的世界里。人人步履匆匆，笑容体面，生活被包装得光鲜明亮。可很少有人看见，世界是多维的。在那些热闹与光鲜背后，藏着无数不为人知的情绪与孤独。有人外表平静，内心早已溃不成军；有人努力微笑，却被焦虑、压抑、委屈日夜缠绕；有人渴望被理解、被拥抱，却始终找不到一个，可以无条件接纳、无条件倾听自己的人。你不必一直坚强，不必事事硬扛，更不必把所有情绪",,https://tieba.baidu.com/p/10624673263,matched,pending_review,,来源存疑样本；已抓到列表摘要正文；仅作人工复核池，勿直接并入正式训练集,uncertain_redirect_round3_pool.csv
10625005112,焦虑,焦虑,焦虑症研究——澄清“心理”概念,概念不同，鸡同鸭讲。 不同学科领域对同一术语的定义往往存在显著差异。例如，“情绪”这一概念的内涵，在精神医学领域和心理学领域的解释就相差甚远。 从广义上说，“心理”的概念范畴其实宽于“精神”——所有精神障碍都可归为心理疾病，而一切“情绪”也都属于心理活动的范畴。不过呢，“概念”是一码事，“定义”又是另一码事，而大家怎么理解就更复杂了。 若严格遵循某些定义（例如将一切情绪都视为心理活动），实际交流反而可,"标题：焦虑症研究——澄清“心理”概念

正文：概念不同，鸡同鸭讲。 不同学科领域对同一术语的定义往往存在显著差异。例如，“情绪”这一概念的内涵，在精神医学领域和心理学领域的解释就相差甚远。 从广义上说，“心理”的概念范畴其实宽于“精神”——所有精神障碍都可归为心理疾病，而一切“情绪”也都属于心理活动的范畴。不过呢，“概念”是一码事，“定义”又是另一码事，而大家怎么理解就更复杂了。 若严格遵循某些定义（例如将一切情绪都视为心理活动），实际交流反而可",,https://tieba.baidu.com/p/10625005112,matched,pending_review,,来源存疑样本；已抓到列表摘要正文；仅作人工复核池，勿直接并入正式训练集,uncertain_redirect_round3_pool.csv
10029841229,焦虑症,焦虑症,焦虑症痊愈方法分享,到目前为止，我已经只好了焦虑症患者，差不多应该有上百人。我把自己的体会写出来，供大家参考！ 焦虑症，它是当今社会特别常见的心理疾病，也许你身边的朋友里就有，只是你不知道。 因为曾经的我，就是一个焦虑症、强迫症、中度抑郁症患者，系统学习了心理学长达10年时间才治愈。 其中的走过的弯路、踩过的坑，无法言说。 这其中的痛苦、无助、迷茫，只有得过此类病的人，才能真正体会！ 而后为超过五百多人走出心理泥潭。现与大家,"标题：焦虑症痊愈方法分享

正文：到目前为止，我已经只好了焦虑症患者，差不多应该有上百人。我把自己的体会写出来，供大家参考！ 焦虑症，它是当今社会特别常见的心理疾病，也许你身边的朋友里就有，只是你不知道。 因为曾经的我，就是一个焦虑症、强迫症、中度抑郁症患者，系统学习了心理学长达10年时间才治愈。 其中的走过的弯路、踩过的坑，无法言说。 这其中的痛苦、无助、迷茫，只有得过此类病的人，才能真正体会！ 而后为超过五百多人走出心理泥潭。现与大家",,https://tieba.baidu.com/p/10029841229,matched,pending_review,,来源存疑样本；已抓到列表摘要正文；仅作人工复核池，勿直接并入正式训练集,uncertain_redirect_round2_pool.csv
10062426022,焦虑症,焦虑症,惊恐障碍，发作时太难受了,之前有一段时间，总怀疑自己有心脏病。有时突然感觉心脏病发作，低血压症状➕心率飙升➕濒死感，每次都医院查了心电图医生都说没事。 由于网上总是会流传心梗不发作时查不出来，后面还是不放心，去查了超声心动图，24小时holter，运动负荷，全都查不出实质性问题。总算放了点心，但是后面有一天晚上惊醒，又突然发作，这次以后导致了焦虑症：经常会坐立不安，不敢独处也害怕人多的地方，经常感觉头晕，手脚发麻，浑身冒汗，持续了半个,"标题：惊恐障碍，发作时太难受了

正文：之前有一段时间，总怀疑自己有心脏病。有时突然感觉心脏病发作，低血压症状➕心率飙升➕濒死感，每次都医院查了心电图医生都说没事。 由于网上总是会流传心梗不发作时查不出来，后面还是不放心，去查了超声心动图，24小时holter，运动负荷，全都查不出实质性问题。总算放了点心，但是后面有一天晚上惊醒，又突然发作，这次以后导致了焦虑症：经常会坐立不安，不敢独处也害怕人多的地方，经常感觉头晕，手脚发麻，浑身冒汗，持续了半个",,https://tieba.baidu.com/p/10062426022,matched,pending_review,,来源存疑样本；已抓到列表摘要正文；仅作人工复核池，勿直接并入正式训练集,uncertain_redirect_round3_pool.csv
10116349011,焦虑症,焦虑症,求救求救！,本人最近常发心慌心悸濒死感强烈，失眠，早醒，晚上，中午睡觉时发作明显。已经吃了差不多一个月的盐酸丁螺环酮和米那普仑。过去吃一片劳拉西泮可以压制住，这几天频繁惊恐发作非常难受压制不住。今天挂专家号去看病，医生加了草酸10ml，晚上吃一片劳拉西泮就完了。本人目前现在还是非常难受，有没有吧友知道我该怎么做。,"标题：求救求救！

正文：本人最近常发心慌心悸濒死感强烈，失眠，早醒，晚上，中午睡觉时发作明显。已经吃了差不多一个月的盐酸丁螺环酮和米那普仑。过去吃一片劳拉西泮可以压制住，这几天频繁惊恐发作非常难受压制不住。今天挂专家号去看病，医生加了草酸10ml，晚上吃一片劳拉西泮就完了。本人目前现在还是非常难受，有没有吧友知道我该怎么做。",,https://tieba.baidu.com/p/10116349011,matched,pending_review,,来源存疑样本；已抓到列表摘要正文；仅作人工复核池，勿直接并入正式训练集,uncertain_redirect_review_pool.csv
10133567614,焦虑症,焦虑症,我焦虑症快好了,我五月确诊了焦虑症，当时也是惊恐发作心慌心悸濒死感呼吸困难，而现在症状已经消除了百分之90左右，现在回想起来心理认知真的很重要，因为恐惧si亡、脑海中害怕什么事发生心神不安，要允许一切事情的发生，我每天去公园走，晒太阳喂小鸟，每天打坐冥想10分钟。就这么持续20天左右，慢慢的症状变得越来越轻，特别喉咙堵塞感已消失！心慌心悸消失，紧张感偶尔会有。身体特别呼吸越来越轻松但还是有一点不通畅，目前已经恢复了百分之80-9,"标题：我焦虑症快好了

正文：我五月确诊了焦虑症，当时也是惊恐发作心慌心悸濒死感呼吸困难，而现在症状已经消除了百分之90左右，现在回想起来心理认知真的很重要，因为恐惧si亡、脑海中害怕什么事发生心神不安，要允许一切事情的发生，我每天去公园走，晒太阳喂小鸟，每天打坐冥想10分钟。就这么持续20天左右，慢慢的症状变得越来越轻，特别喉咙堵塞感已消失！心慌心悸消失，紧张感偶尔会有。身体特别呼吸越来越轻松但还是有一点不通畅，目前已经恢复了百分之80-9",,https://tieba.baidu.com/p/10133567614,matched,pending_review,,来源存疑样本；已抓到列表摘要正文；仅作人工复核池，勿直接并入正式训练集,uncertain_redirect_review_pool.csv
10149245632,焦虑症,焦虑症,感觉精神不正常了,最近一直有惊恐的感觉，持续了很久了，感觉身上发毛，余光里有幻觉。而且对周围的声音很敏感，晚上经常做梦，甚至一个晚上做九个梦。白天就很惊恐，到了晚上更是害怕的不得了，我现在不敢睡觉，白天上学也耽误，谁能告诉我是什么原因？ 对了，大概上个星期三我吃了750mg舍曲林，后来缓过来了，但很离奇，我想不起来自己为什么要吃，我没有自杀倾向，医生说我也没有很严重的抑郁症，就算有也快好了。现在的状态很影响我的生活。 我每,"标题：感觉精神不正常了

正文：最近一直有惊恐的感觉，持续了很久了，感觉身上发毛，余光里有幻觉。而且对周围的声音很敏感，晚上经常做梦，甚至一个晚上做九个梦。白天就很惊恐，到了晚上更是害怕的不得了，我现在不敢睡觉，白天上学也耽误，谁能告诉我是什么原因？ 对了，大概上个星期三我吃了750mg舍曲林，后来缓过来了，但很离奇，我想不起来自己为什么要吃，我没有自杀倾向，医生说我也没有很严重的抑郁症，就算有也快好了。现在的状态很影响我的生活。 我每",,https://tieba.baidu.com/p/10149245632,matched,pending_review,,来源存疑样本；已抓到列表摘要正文；仅作人工复核池，勿直接并入正式训练集,uncertain_redirect_round3_pool.csv
10168359085,焦虑症,焦虑症,害怕量血压的来,有没有朋友是那种怕测血压的 不敢去测一测就高 天天这样恶性循环 测了一次高就一直测，一天量十多次,"标题：害怕量血压的来

正文：有没有朋友是那种怕测血压的 不敢去测一测就高 天天这样恶性循环 测了一次高就一直测，一天量十多次",,https://tieba.baidu.com/p/10168359085,matched,pending_review,,来源存疑样本；已抓到列表摘要正文；仅作人工复核池，勿直接并入正式训练集,uncertain_redirect_round3_pool.csv
10210713577,焦虑症,焦虑症,记录11月13日的惊恐发作,晚上在运动的时候，突然觉得心跳快，有点乏，感觉是不是缺钾，喝了4毫升，忍不住还是来了急诊，心悸心慌，很难受，不敢躺也不敢做，那种感觉要晕的感觉一阵一阵的，做了心电图正常、抽血，在医生面前发抖，干呕，医生大概也知道我一些情况，然后我在旁边坐着，后面我让人给我买了一碗云吞，我自己在想肯定缺钾了，一阵一阵的难受，直到心脏的那些指标出来，没有缺钾，二氧化碳低，其他都正常、不知道是吃了云吞还是什么，突然就缓,"标题：记录11月13日的惊恐发作

正文：晚上在运动的时候，突然觉得心跳快，有点乏，感觉是不是缺钾，喝了4毫升，忍不住还是来了急诊，心悸心慌，很难受，不敢躺也不敢做，那种感觉要晕的感觉一阵一阵的，做了心电图正常、抽血，在医生面前发抖，干呕，医生大概也知道我一些情况，然后我在旁边坐着，后面我让人给我买了一碗云吞，我自己在想肯定缺钾了，一阵一阵的难受，直到心脏的那些指标出来，没有缺钾，二氧化碳低，其他都正常、不知道是吃了云吞还是什么，突然就缓",,https://tieba.baidu.com/p/10210713577,matched,pending_review,,来源存疑样本；已抓到列表摘要正文；仅作人工复核池，勿直接并入正式训练集,uncertain_redirect_round3_pool.csv
10232822647,焦虑症,焦虑症,记录新一轮抗焦,时隔一年，焦虑又开始了，平时就爱疑病，一周前因为突然出现躯体症状、工作压力、高强度用脑导致复发，上一周频繁出现躯体症状，害怕心脏问题。这一周突然就是脑袋里开始控制不住地胡思乱想了，总是在小红书上搜索，越搜索越害怕，总是沉浸在那种害怕里，感觉躯体上的不适都好了很多，可是好害怕这种情绪和心理上的症状呀，原本计划备孕的，越想越焦虑，真的好难过好想哭，好害怕好不起来，我宁愿躯体上的不适多一点，真的好绝望,"标题：记录新一轮抗焦

正文：时隔一年，焦虑又开始了，平时就爱疑病，一周前因为突然出现躯体症状、工作压力、高强度用脑导致复发，上一周频繁出现躯体症状，害怕心脏问题。这一周突然就是脑袋里开始控制不住地胡思乱想了，总是在小红书上搜索，越搜索越害怕，总是沉浸在那种害怕里，感觉躯体上的不适都好了很多，可是好害怕这种情绪和心理上的症状呀，原本计划备孕的，越想越焦虑，真的好难过好想哭，好害怕好不起来，我宁愿躯体上的不适多一点，真的好绝望",,https://tieba.baidu.com/p/10232822647,matched,pending_review,,来源存疑样本；已抓到列表摘要正文；仅作人工复核池，勿直接并入正式训练集,uncertain_redirect_round2_pool.csv
10282126714,焦虑症,焦虑症,焦虑症加疑病症，恐慌迷茫中。,这段时间一直在惶恐中度过，八月底胃开始不舒服，吃了一周药没效。自己疯狂的在网上搜索，跟胃癌对上症了，晚上吓来睡不着，忍不住去做了个胃镜，还做了个上腹部CT，结果啥事没有。胃基本好了，但又开始喉咙发堵，声音沙哑，胸口正中间疼痛。又上网搜索，跟喉癌肺癌又对上了。两个月做了两次喉镜，还拍了个肺部CT，结果发现右肺有个微小结节。肺部有结节这还得了，继续网上搜，看了几家医院几个医生，还在网上华西医院问诊了两个医,"标题：焦虑症加疑病症，恐慌迷茫中。

正文：这段时间一直在惶恐中度过，八月底胃开始不舒服，吃了一周药没效。自己疯狂的在网上搜索，跟胃癌对上症了，晚上吓来睡不着，忍不住去做了个胃镜，还做了个上腹部CT，结果啥事没有。胃基本好了，但又开始喉咙发堵，声音沙哑，胸口正中间疼痛。又上网搜索，跟喉癌肺癌又对上了。两个月做了两次喉镜，还拍了个肺部CT，结果发现右肺有个微小结节。肺部有结节这还得了，继续网上搜，看了几家医院几个医生，还在网上华西医院问诊了两个医",,https://tieba.baidu.com/p/10282126714,matched,pending_review,,来源存疑样本；已抓到列表摘要正文；仅作人工复核池，勿直接并入正式训练集,uncertain_redirect_round3_pool.csv
10367307964,焦虑症,焦虑症,昨晚看贴吧，突然感觉好了…,昨晚看贴吧，一个哥们每天记录日常…看完突然感觉好了！感觉最少好了90%，然后今天又不行了…紧张的心情好了一些 但是 还是伴随着心慌难受…今天是 第二天吃草酸一片，劳拉半片，美托洛尔半片。我倒是没有身体上的 不舒服 就是神经绷得很紧 有点啥事就慌,"标题：昨晚看贴吧，突然感觉好了…

正文：昨晚看贴吧，一个哥们每天记录日常…看完突然感觉好了！感觉最少好了90%，然后今天又不行了…紧张的心情好了一些 但是 还是伴随着心慌难受…今天是 第二天吃草酸一片，劳拉半片，美托洛尔半片。我倒是没有身体上的 不舒服 就是神经绷得很紧 有点啥事就慌",,https://tieba.baidu.com/p/10367307964,matched,pending_review,,来源存疑样本；已抓到列表摘要正文；仅作人工复核池，勿直接并入正式训练集,uncertain_redirect_review_pool.csv
10367689106,焦虑症,焦虑症,一天一个症状,焦虑症有十多年了吧，一直以为自己很能抗，前些年都还要好一些，最近几年真的有点扛不住了，频繁的背痛、胸口疼、胃疼还有腋下时不时的也会痛，这两天又心里边也有点烦躁，又开始胡思乱想，一会儿想通了，一会儿又陷进去了，天冷了，也不爱运动了，安慰别人一套一套的，换作自己就是很难走出来的那种。,"标题：一天一个症状

正文：焦虑症有十多年了吧，一直以为自己很能抗，前些年都还要好一些，最近几年真的有点扛不住了，频繁的背痛、胸口疼、胃疼还有腋下时不时的也会痛，这两天又心里边也有点烦躁，又开始胡思乱想，一会儿想通了，一会儿又陷进去了，天冷了，也不爱运动了，安慰别人一套一套的，换作自己就是很难走出来的那种。",,https://tieba.baidu.com/p/10367689106,matched,pending_review,,来源存疑样本；已抓到列表摘要正文；仅作人工复核池，勿直接并入正式训练集,uncertain_redirect_round3_pool.csv
10371507270,焦虑症,焦虑症,有没有吃米氮平后，频繁早博的,由于躯体化厉害，主要是失眠，多梦，易醒，心慌，背疼，拉肚子。 吃了二阶段中成药，效果不太好 第一阶段是天王补心丸和舒肝解郁胶囊，开始前两周慢慢变好了，后面两周又不生效了。各种躯体化症状又开始了 后面医生改了药，第二阶段同样一个月，是百乐眠和葛根补肾胶囊，效果同第一阶段。 吃药期间胃部各种难受，后查了胃镜，开了些治胃部的药。 Barrett粘膜 浅表性胃炎(中度) 十二指肠炎(轻-中度) 然后医生说你这胃不行，不能吃这多胶囊,"标题：有没有吃米氮平后，频繁早博的

正文：由于躯体化厉害，主要是失眠，多梦，易醒，心慌，背疼，拉肚子。 吃了二阶段中成药，效果不太好 第一阶段是天王补心丸和舒肝解郁胶囊，开始前两周慢慢变好了，后面两周又不生效了。各种躯体化症状又开始了 后面医生改了药，第二阶段同样一个月，是百乐眠和葛根补肾胶囊，效果同第一阶段。 吃药期间胃部各种难受，后查了胃镜，开了些治胃部的药。 Barrett粘膜 浅表性胃炎(中度) 十二指肠炎(轻-中度) 然后医生说你这胃不行，不能吃这多胶囊",,https://tieba.baidu.com/p/10371507270,matched,pending_review,,来源存疑样本；已抓到列表摘要正文；仅作人工复核池，勿直接并入正式训练集,uncertain_redirect_round3_pool.csv
10401771500,焦虑症,焦虑症,疯感复发强烈暂时未疯,疯感复发强烈怕疯 每日难受怎么办 没吃药,"标题：疯感复发强烈暂时未疯

正文：疯感复发强烈怕疯 每日难受怎么办 没吃药",,https://tieba.baidu.com/p/10401771500,matched,pending_review,,来源存疑样本；已抓到列表摘要正文；仅作人工复核池，勿直接并入正式训练集,uncertain_redirect_round3_pool.csv
10405542151,焦虑症,焦虑症,食道异物感导致焦虑复发惊恐发作,早些年只是一年当中会有两次左右心慌焦虑，真正焦虑躯体症状是从疫情开始的，去心理康复医院开的药，吃了两年草酸和劳拉，对我不管用，分别是一片和睡前半片（后改一片），还是会时常惊恐，越想睡越睡不着越焦虑，然后就惊恐发作了，学了一些方法飘然等待，自己心里调节说来吧来吧，不怕你，对抗多次最后甚至能在惊恐中睡着。直到家里人去世加重了，改吃了黛力新，大概三四天吧，就明显有效果了，就一直吃着，网上查这个药最多吃不,"标题：食道异物感导致焦虑复发惊恐发作

正文：早些年只是一年当中会有两次左右心慌焦虑，真正焦虑躯体症状是从疫情开始的，去心理康复医院开的药，吃了两年草酸和劳拉，对我不管用，分别是一片和睡前半片（后改一片），还是会时常惊恐，越想睡越睡不着越焦虑，然后就惊恐发作了，学了一些方法飘然等待，自己心里调节说来吧来吧，不怕你，对抗多次最后甚至能在惊恐中睡着。直到家里人去世加重了，改吃了黛力新，大概三四天吧，就明显有效果了，就一直吃着，网上查这个药最多吃不",,https://tieba.baidu.com/p/10405542151,matched,pending_review,,来源存疑样本；已抓到列表摘要正文；仅作人工复核池，勿直接并入正式训练集,uncertain_redirect_round2_pool.csv
10434647780,焦虑症,焦虑症,大家有没有出现内分泌失调的情况，,诊断是焦虑状态。我现在头发两天不洗就很油。早上刚洗漱完，到中午脸就油了。以前的皮肤很清爽。还有前胸脖子头，老是发热。跑完步后背出汗后有针刺感。,"标题：大家有没有出现内分泌失调的情况，

正文：诊断是焦虑状态。我现在头发两天不洗就很油。早上刚洗漱完，到中午脸就油了。以前的皮肤很清爽。还有前胸脖子头，老是发热。跑完步后背出汗后有针刺感。",,https://tieba.baidu.com/p/10434647780,matched,pending_review,,来源存疑样本；已抓到列表摘要正文；仅作人工复核池，勿直接并入正式训练集,uncertain_redirect_round2_pool.csv
10436427319,焦虑症,焦虑症,求助，看病,我有焦虑症躯体化。 但我真的很难受，很想知道到底是躯体化的原因还是身体器官的问题。 昨晚睡觉失眠，三点要睡着时又突然惊醒，感觉心脏都蹦蹦蹦。反反复复快睡觉又惊醒。 今早起来，感觉身体发慌，发冷，发抖。 父母叫车带我去县医院，挂了全科，医生说看不出问题，叫我挂心身疾病科，但小县城，那老师不在，号推到下周去了。 最后，想着来了县城，都查一下。 胃不舒服，紧缩感，呕吐。就查了下。顺便跟医生说我发慌发冷发抖。 医,"标题：求助，看病

正文：我有焦虑症躯体化。 但我真的很难受，很想知道到底是躯体化的原因还是身体器官的问题。 昨晚睡觉失眠，三点要睡着时又突然惊醒，感觉心脏都蹦蹦蹦。反反复复快睡觉又惊醒。 今早起来，感觉身体发慌，发冷，发抖。 父母叫车带我去县医院，挂了全科，医生说看不出问题，叫我挂心身疾病科，但小县城，那老师不在，号推到下周去了。 最后，想着来了县城，都查一下。 胃不舒服，紧缩感，呕吐。就查了下。顺便跟医生说我发慌发冷发抖。 医",,https://tieba.baidu.com/p/10436427319,matched,pending_review,,来源存疑样本；已抓到列表摘要正文；仅作人工复核池，勿直接并入正式训练集,uncertain_redirect_round2_pool.csv
10438569424,焦虑症,焦虑症,关于焦虑 我的亲身经历 这里有你想知道的一切,平日里我就有看贴吧的习惯， 今天偶然间刷到这个贴吧的内容，看到很多经历焦虑躯体化的朋友们对于这个事比较迷茫，我很少发帖，但是这个事情我自己事亲身经历者，也是比较深刻的记忆，所以我想说一下这个话题。 先说说我的经历，我今年刚满21岁，从16岁开始出来工作，主要从事金融行业，是压力比较大的工作。我在严苛的家庭里长大，记得读书时犯了不少错误，还被抓进去过。我是比较敏感多疑的性格，因为从小缺失安全感，出来社会后也,"标题：关于焦虑 我的亲身经历 这里有你想知道的一切

正文：平日里我就有看贴吧的习惯， 今天偶然间刷到这个贴吧的内容，看到很多经历焦虑躯体化的朋友们对于这个事比较迷茫，我很少发帖，但是这个事情我自己事亲身经历者，也是比较深刻的记忆，所以我想说一下这个话题。 先说说我的经历，我今年刚满21岁，从16岁开始出来工作，主要从事金融行业，是压力比较大的工作。我在严苛的家庭里长大，记得读书时犯了不少错误，还被抓进去过。我是比较敏感多疑的性格，因为从小缺失安全感，出来社会后也",,https://tieba.baidu.com/p/10438569424,matched,pending_review,,来源存疑样本；已抓到列表摘要正文；仅作人工复核池，勿直接并入正式训练集,uncertain_redirect_round3_pool.csv
10470154307,焦虑症,焦虑症,焦虑症竟然奇迹般的好了,自从确诊的时候去医院开药吃药大概半年时间，我的是中度的焦虑抑郁。一开始吃药感觉也没啥效果，然后停药了，停了大概7个月吧，期间经常失眠，晚上想七想八的然后开始焦虑，各种害怕。心态也是总感觉所有人都看我不爽在议论我嘲笑我。,"标题：焦虑症竟然奇迹般的好了

正文：自从确诊的时候去医院开药吃药大概半年时间，我的是中度的焦虑抑郁。一开始吃药感觉也没啥效果，然后停药了，停了大概7个月吧，期间经常失眠，晚上想七想八的然后开始焦虑，各种害怕。心态也是总感觉所有人都看我不爽在议论我嘲笑我。",,https://tieba.baidu.com/p/10470154307,matched,pending_review,,来源存疑样本；已抓到列表摘要正文；仅作人工复核池，勿直接并入正式训练集,uncertain_redirect_review_pool.csv
10485182446,焦虑症,焦虑症,吐槽，真的难受死了,吃药80天了，不知道是量不够，还是咋回事，以前每次吃起效都挺快，目前只能说是比最开始有好转，但还是不够稳定，几天好，几天难受。躯体好得很快，主要是心里难受，整天担忧害怕，怕抑郁，怕疯，怕变严重，怕好不了，每天搜过去搜过来，真的好想哭，可是吃了药，好像又让我哭不出来，真想好起来,"标题：吐槽，真的难受死了

正文：吃药80天了，不知道是量不够，还是咋回事，以前每次吃起效都挺快，目前只能说是比最开始有好转，但还是不够稳定，几天好，几天难受。躯体好得很快，主要是心里难受，整天担忧害怕，怕抑郁，怕疯，怕变严重，怕好不了，每天搜过去搜过来，真的好想哭，可是吃了药，好像又让我哭不出来，真想好起来",,https://tieba.baidu.com/p/10485182446,matched,pending_review,,来源存疑样本；已抓到列表摘要正文；仅作人工复核池，勿直接并入正式训练集,uncertain_redirect_round3_pool.csv
10488412268,焦虑症,焦虑症,挑战不吃药战胜焦虑症躯体化病魔,以此贴为证，记录我迟早会好的焦虑症躯体化 没有什么是能够打败我的！我很强大 从小到大我什么都不怕！我只是可能有点累而已！ 我会对自己很好的！每日大声默念,"标题：挑战不吃药战胜焦虑症躯体化病魔

正文：以此贴为证，记录我迟早会好的焦虑症躯体化 没有什么是能够打败我的！我很强大 从小到大我什么都不怕！我只是可能有点累而已！ 我会对自己很好的！每日大声默念",,https://tieba.baidu.com/p/10488412268,matched,pending_review,,来源存疑样本；已抓到列表摘要正文；仅作人工复核池，勿直接并入正式训练集,uncertain_redirect_review_pool.csv
10494324235,焦虑症,焦虑症,突然就焦虑躯体化了,首先祝大家新年快乐 其次祝大家病情都有好转 我是2025年10月31日出现的惊恐发作，中午出去了一趟，晚饭后19:00左右感觉有点困，就爬床上睡着了，睡到了接近23:00左右，醒了第一感觉是没有任何问题，就习惯性的把头靠床上开始拿手机看消息，1分钟左右突然心里就有一种不好的感觉，我也说不上来，紧接着脚下就像有一种电流，或者暖流，开始向身体蔓延上来，不好的预感越来越强烈，就立马坐起来了，缓了2分钟 想看看到底什么情况，然后紧接着,"标题：突然就焦虑躯体化了

正文：首先祝大家新年快乐 其次祝大家病情都有好转 我是2025年10月31日出现的惊恐发作，中午出去了一趟，晚饭后19:00左右感觉有点困，就爬床上睡着了，睡到了接近23:00左右，醒了第一感觉是没有任何问题，就习惯性的把头靠床上开始拿手机看消息，1分钟左右突然心里就有一种不好的感觉，我也说不上来，紧接着脚下就像有一种电流，或者暖流，开始向身体蔓延上来，不好的预感越来越强烈，就立马坐起来了，缓了2分钟 想看看到底什么情况，然后紧接着",,https://tieba.baidu.com/p/10494324235,matched,pending_review,,来源存疑样本；已抓到列表摘要正文；仅作人工复核池，勿直接并入正式训练集,uncertain_redirect_round3_pool.csv
10513715610,焦虑症,焦虑症,没人知道我这五年怎么熬过来的,不知道是不是五年，新冠得了的半个月后，得了这个病，当时查完了没查出来什么问题，出来查出躯体化焦虑症，跟中度抑郁，身体检查花了一个w，严重的时候不能下床，疑病恐癌，出门走一步都害怕，声音也不能大，情绪也不能波动，前期吃了一个月的药我直接把药扔了，直接自己硬抗，中间扛出来了小肿瘤，胃部抗出来了胃溃疡，抵抗力也抗差了，从前年开始我慢慢好转，目前就是换季轻微复发，平时没什么感觉，喝酒吃辣都可以，硬抗的那些,"标题：没人知道我这五年怎么熬过来的

正文：不知道是不是五年，新冠得了的半个月后，得了这个病，当时查完了没查出来什么问题，出来查出躯体化焦虑症，跟中度抑郁，身体检查花了一个w，严重的时候不能下床，疑病恐癌，出门走一步都害怕，声音也不能大，情绪也不能波动，前期吃了一个月的药我直接把药扔了，直接自己硬抗，中间扛出来了小肿瘤，胃部抗出来了胃溃疡，抵抗力也抗差了，从前年开始我慢慢好转，目前就是换季轻微复发，平时没什么感觉，喝酒吃辣都可以，硬抗的那些",,https://tieba.baidu.com/p/10513715610,matched,pending_review,,来源存疑样本；已抓到列表摘要正文；仅作人工复核池，勿直接并入正式训练集,uncertain_redirect_review_pool.csv
10526493145,焦虑症,焦虑症,不吃药，焦虑症会好吗,接上个帖子说。我焦虑症已有二十多年。现在停药复发至今已有半年，期间好好坏坏。躯体化症状很难受。但我想通过打坐冥想来慢慢改变自己,"标题：不吃药，焦虑症会好吗

正文：接上个帖子说。我焦虑症已有二十多年。现在停药复发至今已有半年，期间好好坏坏。躯体化症状很难受。但我想通过打坐冥想来慢慢改变自己",,https://tieba.baidu.com/p/10526493145,matched,pending_review,,来源存疑样本；已抓到列表摘要正文；仅作人工复核池，勿直接并入正式训练集,uncertain_redirect_review_pool.csv
10529698572,焦虑症,焦虑症,我靠 这么难受 心脏要跳出来了,牙疼，胳膊疼，心脏疼，稍微一动，心率就特别快，心脏砰砰跳，嗓子堵。就像刚跑完800米似的，那种心脏跳到嗓子眼的那种感觉。,"标题：我靠 这么难受 心脏要跳出来了

正文：牙疼，胳膊疼，心脏疼，稍微一动，心率就特别快，心脏砰砰跳，嗓子堵。就像刚跑完800米似的，那种心脏跳到嗓子眼的那种感觉。",,https://tieba.baidu.com/p/10529698572,matched,pending_review,,来源存疑样本；已抓到列表摘要正文；仅作人工复核池，勿直接并入正式训练集,uncertain_redirect_round3_pool.csv
10532066612,焦虑症,焦虑症,有没有做个胃镜的焦友,焦虑症十多年，胃病一年多，最近症状是反流，有时反酸，心窝不舒服。以前曾经得过，吃一个半月泮托拉唑好的。 但这次吃泮托拉唑三四天后就失眠，不得已停药。以前吃雷贝和艾司会惊恐发作，后面换兰索拉唑，吃了也不耐受，没办法，只得停了。 最近一两个月胃病加重，有时很不舒服，想去做胃镜。 但可能所在地是小城市，只有三家三甲医院，去过其中两家，一家要求停一天米氮平，这个根本不可能，另一家说麻醉有风险，出了问题自己承担,"标题：有没有做个胃镜的焦友

正文：焦虑症十多年，胃病一年多，最近症状是反流，有时反酸，心窝不舒服。以前曾经得过，吃一个半月泮托拉唑好的。 但这次吃泮托拉唑三四天后就失眠，不得已停药。以前吃雷贝和艾司会惊恐发作，后面换兰索拉唑，吃了也不耐受，没办法，只得停了。 最近一两个月胃病加重，有时很不舒服，想去做胃镜。 但可能所在地是小城市，只有三家三甲医院，去过其中两家，一家要求停一天米氮平，这个根本不可能，另一家说麻醉有风险，出了问题自己承担",,https://tieba.baidu.com/p/10532066612,matched,pending_review,,来源存疑样本；已抓到列表摘要正文；仅作人工复核池，勿直接并入正式训练集,uncertain_redirect_round2_pool.csv
10539795739,焦虑症,焦虑症,焦虑最近又犯病了,时过6年 那种感觉又来了 太难熬了 为什么啊 每天在惊恐边缘游走 不受控制的胡思乱想,"标题：焦虑最近又犯病了

正文：时过6年 那种感觉又来了 太难熬了 为什么啊 每天在惊恐边缘游走 不受控制的胡思乱想",,https://tieba.baidu.com/p/10539795739,matched,pending_review,,来源存疑样本；已抓到列表摘要正文；仅作人工复核池，勿直接并入正式训练集,uncertain_redirect_round3_pool.csv
10553467116,焦虑症,焦虑症,高三生，似乎患有焦虑症，想要求助,自从2025年秋由身体原因引起的失眠身弱转变为了心理压力，每天一到晚上非常煎熬，想要说一下我的问题：入睡恐惧，过度关注，未来恐惧，长时间耳鸣,"标题：高三生，似乎患有焦虑症，想要求助

正文：自从2025年秋由身体原因引起的失眠身弱转变为了心理压力，每天一到晚上非常煎熬，想要说一下我的问题：入睡恐惧，过度关注，未来恐惧，长时间耳鸣",,https://tieba.baidu.com/p/10553467116,matched,pending_review,,来源存疑样本；已抓到列表摘要正文；仅作人工复核池，勿直接并入正式训练集,uncertain_redirect_round3_pool.csv
10568655797,焦虑症,焦虑症,如果可以我想要重新来过,本人89年38岁，20岁得焦虑症18年了生不如死，几乎每天睡眠不超过6小时，18年上班时间不超过3年都是上几天然后休息检查疑病再检查恶性循环，花光了父母的钱，而且本就是农民，母亲还身体不好，还经常骗他们在上班有女朋友，他们不了解这个病我也没跟他们说，回想这么多年自己真的畜生不如，一个人在出租屋躺平，也没有朋友亲人一个都不联系，爷爷死我都没敢回去因为我心慌心跳快惊恐发作，真的枉为人，如果时间可以倒流回宇宙大爆炸起点,"标题：如果可以我想要重新来过

正文：本人89年38岁，20岁得焦虑症18年了生不如死，几乎每天睡眠不超过6小时，18年上班时间不超过3年都是上几天然后休息检查疑病再检查恶性循环，花光了父母的钱，而且本就是农民，母亲还身体不好，还经常骗他们在上班有女朋友，他们不了解这个病我也没跟他们说，回想这么多年自己真的畜生不如，一个人在出租屋躺平，也没有朋友亲人一个都不联系，爷爷死我都没敢回去因为我心慌心跳快惊恐发作，真的枉为人，如果时间可以倒流回宇宙大爆炸起点",,https://tieba.baidu.com/p/10568655797,matched,pending_review,,来源存疑样本；已抓到列表摘要正文；仅作人工复核池，勿直接并入正式训练集,uncertain_redirect_round3_pool.csv
10576721271,焦虑症,焦虑症,焦虑笔记5，关于认知行为疗法，根据主播爱愈心的课程总结而来。,一、核心总纲 1. 躯体反应 = 身体的自我保护 2. 灾难思维 = 大脑的自我保护 3. 陷入恐惧的根源：认知偏差 4. 核心路径（接纳）：允许恐惧 → 让恐惧流动 → 驾驭恐惧 5. 恢复原则：方法对，慢就是快 二、躯体反应（植物神经紊乱引发） 1.四大特点 ①情绪性 受情绪直接影响，听到、看到、想到、遇到相关内容都会往自己身上套，进而引发恐惧。 刷到一条“胸闷可能是心脏病”的视频，自己立刻觉得胸口发紧、喘不上气，其实只是情绪触发的躯体反应,"标题：焦虑笔记5，关于认知行为疗法，根据主播爱愈心的课程总结而来。

正文：一、核心总纲 1. 躯体反应 = 身体的自我保护 2. 灾难思维 = 大脑的自我保护 3. 陷入恐惧的根源：认知偏差 4. 核心路径（接纳）：允许恐惧 → 让恐惧流动 → 驾驭恐惧 5. 恢复原则：方法对，慢就是快 二、躯体反应（植物神经紊乱引发） 1.四大特点 ①情绪性 受情绪直接影响，听到、看到、想到、遇到相关内容都会往自己身上套，进而引发恐惧。 刷到一条“胸闷可能是心脏病”的视频，自己立刻觉得胸口发紧、喘不上气，其实只是情绪触发的躯体反应",,https://tieba.baidu.com/p/10576721271,matched,pending_review,,来源存疑样本；已抓到列表摘要正文；仅作人工复核池，勿直接并入正式训练集,uncertain_redirect_round3_pool.csv
10580682385,焦虑症,焦虑症,头晕，无力，血压偏低,各位吧友，抑郁焦虑几年了，以前躯体化发作的时候都是血压偏高，但最近两个月左右血压偏低，高压一般都在100零几，低压60多，主要有头晕的症状，头晕的时候脑袋发蒙，感觉要晕倒了，偶尔觉得是眩晕，站不稳，请问各位躯体化发作的有过这种头晕吗，感谢🙏🏻,"标题：头晕，无力，血压偏低

正文：各位吧友，抑郁焦虑几年了，以前躯体化发作的时候都是血压偏高，但最近两个月左右血压偏低，高压一般都在100零几，低压60多，主要有头晕的症状，头晕的时候脑袋发蒙，感觉要晕倒了，偶尔觉得是眩晕，站不稳，请问各位躯体化发作的有过这种头晕吗，感谢🙏🏻",,https://tieba.baidu.com/p/10580682385,matched,pending_review,,来源存疑样本；已抓到列表摘要正文；仅作人工复核池，勿直接并入正式训练集,uncertain_redirect_round3_pool.csv
10586215594,焦虑症,焦虑症,又开始难受了,看到抖音说张雪峰老师跑步猝死，我整个人就很难受，很害怕自己也会。看看那些症状感觉自己都对得上，明明之前已经很久没有心慌恐惧这些了。不知道自己该怎么办,"标题：又开始难受了

正文：看到抖音说张雪峰老师跑步猝死，我整个人就很难受，很害怕自己也会。看看那些症状感觉自己都对得上，明明之前已经很久没有心慌恐惧这些了。不知道自己该怎么办",,https://tieba.baidu.com/p/10586215594,matched,pending_review,,来源存疑样本；已抓到列表摘要正文；仅作人工复核池，勿直接并入正式训练集,uncertain_redirect_round3_pool.csv
10589049333,焦虑症,焦虑症,有没有躯体化是一直拉肚子的,,有没有躯体化是一直拉肚子的,,https://tieba.baidu.com/p/10589049333,matched,pending_review,,来源存疑样本；已抓到列表摘要正文；仅作人工复核池，勿直接并入正式训练集,uncertain_redirect_round3_pool.csv
10590720368,焦虑症,焦虑症,三年长期焦虑躯体化,我是从20年口罩时期就感觉身体开始不舒服了 抗到疫情结束 去我们这里的人民医院做心电图什么的查出来心悸 问了别家医院大夫说没事 不用管 我就一直没在意 一直抗到23年 扛不住了 心慌 手抖 耳鸣 震颤 眩晕 脑子感觉紧绷 濒死感 窒息感 四肢乏力 扛不住了 23年底赶紧去了医院精神病 诊断我是焦虑症躯体化 目前在吃帕罗西汀 右佐匹克隆 坦度酮 我真的要崩溃了 每天吃这些西药 戒断都好难 我依赖性太强了 然后想要中医调理 但是对我个人来说 中药,"标题：三年长期焦虑躯体化

正文：我是从20年口罩时期就感觉身体开始不舒服了 抗到疫情结束 去我们这里的人民医院做心电图什么的查出来心悸 问了别家医院大夫说没事 不用管 我就一直没在意 一直抗到23年 扛不住了 心慌 手抖 耳鸣 震颤 眩晕 脑子感觉紧绷 濒死感 窒息感 四肢乏力 扛不住了 23年底赶紧去了医院精神病 诊断我是焦虑症躯体化 目前在吃帕罗西汀 右佐匹克隆 坦度酮 我真的要崩溃了 每天吃这些西药 戒断都好难 我依赖性太强了 然后想要中医调理 但是对我个人来说 中药",,https://tieba.baidu.com/p/10590720368,matched,pending_review,,来源存疑样本；已抓到列表摘要正文；仅作人工复核池，勿直接并入正式训练集,uncertain_redirect_review_pool.csv
10590765322,焦虑症,焦虑症,有没有一款能吃一辈子的焦虑药,有焦虑症，吃了近8年盐酸度洛西汀，现在每天吃一颗奥思平，有焦虑型人格，爱操心，心态不好，所以不敢停药，停了肯定复发。 我也认命了，吃一辈子就吃一辈子，关键副作用我怕，希望有个副作用相对很小的。,"标题：有没有一款能吃一辈子的焦虑药

正文：有焦虑症，吃了近8年盐酸度洛西汀，现在每天吃一颗奥思平，有焦虑型人格，爱操心，心态不好，所以不敢停药，停了肯定复发。 我也认命了，吃一辈子就吃一辈子，关键副作用我怕，希望有个副作用相对很小的。",,https://tieba.baidu.com/p/10590765322,matched,pending_review,,来源存疑样本；已抓到列表摘要正文；仅作人工复核池，勿直接并入正式训练集,uncertain_redirect_round3_pool.csv
10591047443,焦虑症,焦虑症,你们那里的简称是哪个？,,你们那里的简称是哪个？,,https://tieba.baidu.com/p/10591047443,matched,pending_review,,来源存疑样本；已抓到列表摘要正文；仅作人工复核池，勿直接并入正式训练集,uncertain_redirect_round3_pool.csv
10597585931,焦虑症,焦虑症,一直叹气啊 不叹气就呼吸不过来的感觉。。,上课的时候同桌问我老叹气干嘛？出去玩的时候，朋友也问我老叹气干嘛，她还以为我对他有意见哎,"标题：一直叹气啊 不叹气就呼吸不过来的感觉。。

正文：上课的时候同桌问我老叹气干嘛？出去玩的时候，朋友也问我老叹气干嘛，她还以为我对他有意见哎",,https://tieba.baidu.com/p/10597585931,matched,pending_review,,来源存疑样本；已抓到列表摘要正文；仅作人工复核池，勿直接并入正式训练集,uncertain_redirect_round3_pool.csv
10598122266,焦虑症,焦虑症,不是没适应，是没招的发泄😶,得焦虑症也快要一年了，早就知道它什么样，也在反复中一会儿好一会儿坏，找朋友说，又觉得自己老是传播负能量，人家也解决不了我的问题，找家人吧，只会说让我自己克服，找心理医生，也只能说我要自己走出来，所以就偶尔想过来这里叭叭几句，因为都是同道中人，所以别说我不了解这个病，只是烦躯体化怎么都好不起来，又没处发泄，不想被它拖累一辈子，所以总是自我主张想不吃药，以为自己可能好了，可是还是一次又一次给我拉住谷底,"标题：不是没适应，是没招的发泄😶

正文：得焦虑症也快要一年了，早就知道它什么样，也在反复中一会儿好一会儿坏，找朋友说，又觉得自己老是传播负能量，人家也解决不了我的问题，找家人吧，只会说让我自己克服，找心理医生，也只能说我要自己走出来，所以就偶尔想过来这里叭叭几句，因为都是同道中人，所以别说我不了解这个病，只是烦躯体化怎么都好不起来，又没处发泄，不想被它拖累一辈子，所以总是自我主张想不吃药，以为自己可能好了，可是还是一次又一次给我拉住谷底",,https://tieba.baidu.com/p/10598122266,matched,pending_review,,来源存疑样本；已抓到列表摘要正文；仅作人工复核池，勿直接并入正式训练集,uncertain_redirect_round3_pool.csv
10600568377,焦虑症,焦虑症,焦虑症咨询,想问下焦虑证有什么特征，我最近总是焦虑，就算自己待着也无所适从，是不是焦虑证啊,"标题：焦虑症咨询

正文：想问下焦虑证有什么特征，我最近总是焦虑，就算自己待着也无所适从，是不是焦虑证啊",,https://tieba.baidu.com/p/10600568377,matched,pending_review,,来源存疑样本；已抓到列表摘要正文；仅作人工复核池，勿直接并入正式训练集,uncertain_redirect_round3_pool.csv
10600782443,焦虑症,焦虑症,深夜又开始胸口不舒服了,反反复复的日子又到了，这个胸口中间胃部又开始发紧了，清明节要到了，我不想想起来，可是五月一号也要到了，我也不想想起来，那天的一切又要开始重演啦，到底怎么样能忘怀，我还要怎么好起来，原来也许我注定要孤独了，这种坏情绪我不去想，好像到了那个buff就严重，我说好好的，可是却也怎么也好不起来…😓,"标题：深夜又开始胸口不舒服了

正文：反反复复的日子又到了，这个胸口中间胃部又开始发紧了，清明节要到了，我不想想起来，可是五月一号也要到了，我也不想想起来，那天的一切又要开始重演啦，到底怎么样能忘怀，我还要怎么好起来，原来也许我注定要孤独了，这种坏情绪我不去想，好像到了那个buff就严重，我说好好的，可是却也怎么也好不起来…😓",,https://tieba.baidu.com/p/10600782443,matched,pending_review,,来源存疑样本；已抓到列表摘要正文；仅作人工复核池，勿直接并入正式训练集,uncertain_redirect_round3_pool.csv
10602210984,焦虑症,焦虑症,有没有有经验的病友能提供一些建议，应该怎么调理,本人焦虑症一年半了，尝试过断药，但是最后结果都以惊恐发作被120送至医院告终。现在体质也差得不行，心慌乏力胸闷气短，并且胃胀打嗝，消化代谢极差，明明没吃多少东西但是还是胃胀得难受，小腹明显且揉时还有水声。还有一个情况是手脚冰凉，指甲半白半紫。,"标题：有没有有经验的病友能提供一些建议，应该怎么调理

正文：本人焦虑症一年半了，尝试过断药，但是最后结果都以惊恐发作被120送至医院告终。现在体质也差得不行，心慌乏力胸闷气短，并且胃胀打嗝，消化代谢极差，明明没吃多少东西但是还是胃胀得难受，小腹明显且揉时还有水声。还有一个情况是手脚冰凉，指甲半白半紫。",,https://tieba.baidu.com/p/10602210984,matched,pending_review,,来源存疑样本；已抓到列表摘要正文；仅作人工复核池，勿直接并入正式训练集,uncertain_redirect_round3_pool.csv
10607246412,焦虑症,焦虑症,有没有焦虑症的宝妈带药生育的？,吃阿普唑仑十多年了能不能怀孕？,"标题：有没有焦虑症的宝妈带药生育的？

正文：吃阿普唑仑十多年了能不能怀孕？",,https://tieba.baidu.com/p/10607246412,matched,pending_review,,来源存疑样本；已抓到列表摘要正文；仅作人工复核池，勿直接并入正式训练集,uncertain_redirect_round3_pool.csv
10609136836,焦虑症,焦虑症,焦虑症其实是一个人心理进修之路,9年前爆发，吃了两个月的帕罗西汀好了，现在吃药三十多天，期待效果。,"标题：焦虑症其实是一个人心理进修之路

正文：9年前爆发，吃了两个月的帕罗西汀好了，现在吃药三十多天，期待效果。",,https://tieba.baidu.com/p/10609136836,matched,pending_review,,来源存疑样本；已抓到列表摘要正文；仅作人工复核池，勿直接并入正式训练集,uncertain_redirect_review_pool.csv
10609362325,焦虑症,焦虑症,焦虑症的本质（你也可以复制）,我焦虑好了10几年了！一辈子不复发！你要找到本质！接下来对你一辈子都有帮助！ 如果你现在很痛苦，那么说明你的焦虑症还没有好。什么是焦虑症好呢？那就是不痛苦。怎么不痛苦呢？接下来我要用一段文字啊，让你知道啊，为什么会得焦虑症，那么焦虑症怎么好啊？这一系列的问题！ 首先我们知道焦虑症的话和抑郁症它是其实是一样的，只是说焦虑症它是有躯体症状。嗯，那么我们可以分为两种啊，一种的话是心理上的焦虑啊，另一种是躯体,"标题：焦虑症的本质（你也可以复制）

正文：我焦虑好了10几年了！一辈子不复发！你要找到本质！接下来对你一辈子都有帮助！ 如果你现在很痛苦，那么说明你的焦虑症还没有好。什么是焦虑症好呢？那就是不痛苦。怎么不痛苦呢？接下来我要用一段文字啊，让你知道啊，为什么会得焦虑症，那么焦虑症怎么好啊？这一系列的问题！ 首先我们知道焦虑症的话和抑郁症它是其实是一样的，只是说焦虑症它是有躯体症状。嗯，那么我们可以分为两种啊，一种的话是心理上的焦虑啊，另一种是躯体",,https://tieba.baidu.com/p/10609362325,matched,pending_review,,来源存疑样本；已抓到列表摘要正文；仅作人工复核池，勿直接并入正式训练集,uncertain_redirect_review_pool.csv
10610952949,焦虑症,焦虑症,各位大神们你们好,焦虑症13年了。。好了几年。。。去年因为身体原因复发了。。。。现在每天胡思乱想。。。头脑发晕。。。感觉要疯了。。。吃药感觉不怎么管用。。。每天一百个念头。。。担心害怕。。。我真的怕我坚持不下去。。。。希望病友们给些帮助。。。,"标题：各位大神们你们好

正文：焦虑症13年了。。好了几年。。。去年因为身体原因复发了。。。。现在每天胡思乱想。。。头脑发晕。。。感觉要疯了。。。吃药感觉不怎么管用。。。每天一百个念头。。。担心害怕。。。我真的怕我坚持不下去。。。。希望病友们给些帮助。。。",,https://tieba.baidu.com/p/10610952949,matched,pending_review,,来源存疑样本；已抓到列表摘要正文；仅作人工复核池，勿直接并入正式训练集,uncertain_redirect_round3_pool.csv
10611220546,焦虑症,焦虑症,躯体症的第三年,2024年年初第一次躯体症，发生在商场排队结账时，那一瞬间突然脑袋发蒙，浑身紧绷，脖子僵硬发抖。那个时候并不知道自己怎么了，照样出去。一个人去宠物医院跟医生面对面，眼神闪躲，浑身无力，落荒而逃。去图书馆对面坐人了，感觉很大的压迫感，还是那些症状，落荒而逃。4月份于是去了精神医院，做了测试题和心电图，脑电图，说是急性焦虑症，开了劳拉西泮。而劳拉西泮只在一些场景吃过。 同年9月份开学，高铁准备下车，所有人站在,"标题：躯体症的第三年

正文：2024年年初第一次躯体症，发生在商场排队结账时，那一瞬间突然脑袋发蒙，浑身紧绷，脖子僵硬发抖。那个时候并不知道自己怎么了，照样出去。一个人去宠物医院跟医生面对面，眼神闪躲，浑身无力，落荒而逃。去图书馆对面坐人了，感觉很大的压迫感，还是那些症状，落荒而逃。4月份于是去了精神医院，做了测试题和心电图，脑电图，说是急性焦虑症，开了劳拉西泮。而劳拉西泮只在一些场景吃过。 同年9月份开学，高铁准备下车，所有人站在",,https://tieba.baidu.com/p/10611220546,matched,pending_review,,来源存疑样本；已抓到列表摘要正文；仅作人工复核池，勿直接并入正式训练集,uncertain_redirect_round3_pool.csv
10612095312,焦虑症,焦虑症,今年2月份检查出来焦虑症惊恐障碍,一直不敢离开人也不敢上班 现在正吃中药调理呢 我也不想一直闲着想找个线上的工作挣点钱不能啥也不干 请问你们都是干什么工作的,"标题：今年2月份检查出来焦虑症惊恐障碍

正文：一直不敢离开人也不敢上班 现在正吃中药调理呢 我也不想一直闲着想找个线上的工作挣点钱不能啥也不干 请问你们都是干什么工作的",,https://tieba.baidu.com/p/10612095312,matched,pending_review,,来源存疑样本；已抓到列表摘要正文；仅作人工复核池，勿直接并入正式训练集,uncertain_redirect_round3_pool.csv
10612745736,焦虑症,焦虑症,大家看看我该怎么办？,我现在很纠结一件事。我大四要毕业了，正在找工作。家里可以给我找一个1万多的工作，但是这个工作没什么门槛，导致身边的人都是亲戚带亲戚，朋友带朋友。好处是我的家人，我的朋友都在这里。正所谓有妈的地方就是家，我在这里其实挺开心的。还有一份工作是浙石化的一面已经过了。浙石化稳定但是亲戚朋友都不在身边，我一个人在一个鱼山岛上。感觉太过于寂寞了，而且还要倒班，我该怎么办？,"标题：大家看看我该怎么办？

正文：我现在很纠结一件事。我大四要毕业了，正在找工作。家里可以给我找一个1万多的工作，但是这个工作没什么门槛，导致身边的人都是亲戚带亲戚，朋友带朋友。好处是我的家人，我的朋友都在这里。正所谓有妈的地方就是家，我在这里其实挺开心的。还有一份工作是浙石化的一面已经过了。浙石化稳定但是亲戚朋友都不在身边，我一个人在一个鱼山岛上。感觉太过于寂寞了，而且还要倒班，我该怎么办？",,https://tieba.baidu.com/p/10612745736,matched,pending_review,,来源存疑样本；已抓到列表摘要正文；仅作人工复核池，勿直接并入正式训练集,uncertain_redirect_round3_pool.csv
10613638837,焦虑症,焦虑症,焦虑会导致眩晕吗？？？,焦虑症会导致眩晕吗？？？,"标题：焦虑会导致眩晕吗？？？

正文：焦虑症会导致眩晕吗？？？",,https://tieba.baidu.com/p/10613638837,matched,pending_review,,来源存疑样本；已抓到列表摘要正文；仅作人工复核池，勿直接并入正式训练集,uncertain_redirect_round3_pool.csv
10613744934,焦虑症,焦虑症,焦虑 先戒色（肾主恐生髓）,色是什么？ 色包括男女之事，世间万物消耗自己的能量的事物，都可以称之为色！ 戒色也就是戒除消耗自己的事情！消耗自己能量的事情少了！肾气就会慢慢恢复了！身体才会好起来！ 想要戒掉啥一起来聊聊！,"标题：焦虑 先戒色（肾主恐生髓）

正文：色是什么？ 色包括男女之事，世间万物消耗自己的能量的事物，都可以称之为色！ 戒色也就是戒除消耗自己的事情！消耗自己能量的事情少了！肾气就会慢慢恢复了！身体才会好起来！ 想要戒掉啥一起来聊聊！",,https://tieba.baidu.com/p/10613744934,matched,pending_review,,来源存疑样本；已抓到列表摘要正文；仅作人工复核池，勿直接并入正式训练集,uncertain_redirect_round2_pool.csv
10613793021,焦虑症,焦虑症,撑不住了啊，严重失眠，感觉全身都是病,全身超过二十种症状，非常难受，睡觉也睡不好，一直嗳气而且不停憋醒心脏也不舒服乱跳，有时候真的感觉快不行了随时可能猝死，做了很多检查没查出任何大问题，不想管了，七年了也没有吃药就吃吃谷维素好像有一点点用,"标题：撑不住了啊，严重失眠，感觉全身都是病

正文：全身超过二十种症状，非常难受，睡觉也睡不好，一直嗳气而且不停憋醒心脏也不舒服乱跳，有时候真的感觉快不行了随时可能猝死，做了很多检查没查出任何大问题，不想管了，七年了也没有吃药就吃吃谷维素好像有一点点用",,https://tieba.baidu.com/p/10613793021,matched,pending_review,,来源存疑样本；已抓到列表摘要正文；仅作人工复核池，勿直接并入正式训练集,uncertain_redirect_round3_pool.csv
10614296703,焦虑症,焦虑症,又熬穿了已经预想啦,果然一到节日buff就这样了，一宿又是睁眼到天亮，晚上一阵头昏沉了一下，一下就憋气感觉自己马上就要晕死过去，然后赶紧吃药，吃了好一点啦，可是睡不着，脑袋又开始播放幻灯片，直到天亮了，刚刚心脏像岔气一样痛，我有时真的再想到底要我怎么样才能好起来，但是后来又一想也许这辈子也好不了了吧，心情又不安了又开始委屈，原谅我又絮絮叨叨发泄，无人说，已经对自己没有办点办法，我只是想好好活着，像以前一样，不过回不到以前,"标题：又熬穿了已经预想啦

正文：果然一到节日buff就这样了，一宿又是睁眼到天亮，晚上一阵头昏沉了一下，一下就憋气感觉自己马上就要晕死过去，然后赶紧吃药，吃了好一点啦，可是睡不着，脑袋又开始播放幻灯片，直到天亮了，刚刚心脏像岔气一样痛，我有时真的再想到底要我怎么样才能好起来，但是后来又一想也许这辈子也好不了了吧，心情又不安了又开始委屈，原谅我又絮絮叨叨发泄，无人说，已经对自己没有办点办法，我只是想好好活着，像以前一样，不过回不到以前",,https://tieba.baidu.com/p/10614296703,matched,pending_review,,来源存疑样本；已抓到列表摘要正文；仅作人工复核池，勿直接并入正式训练集,uncertain_redirect_round3_pool.csv
10615488889,焦虑症,焦虑症,你们有没有濒死感,前几天躺十个小时睡不着然后去找我妈的时候在出租车上心脏那里突然很热感觉眼前一黑感觉要没了一样 到医院血压很高但抽血说没啥问题叫我去心理那边看 去那边看心脏那里很闷呼吸不上来感觉下一秒就要没然后做心电图也没啥事说是有抑郁焦虑啥的 这几天晚上就是睡不着药也吃了心脏那大部分时间都很闷时不时就疼很热还有左手很麻呼吸困难耳鸣头晕想吐 每次来这些就感觉要没了那种濒死感 我想问你们有我这种感觉吗有的话你们多久才恢复,"标题：你们有没有濒死感

正文：前几天躺十个小时睡不着然后去找我妈的时候在出租车上心脏那里突然很热感觉眼前一黑感觉要没了一样 到医院血压很高但抽血说没啥问题叫我去心理那边看 去那边看心脏那里很闷呼吸不上来感觉下一秒就要没然后做心电图也没啥事说是有抑郁焦虑啥的 这几天晚上就是睡不着药也吃了心脏那大部分时间都很闷时不时就疼很热还有左手很麻呼吸困难耳鸣头晕想吐 每次来这些就感觉要没了那种濒死感 我想问你们有我这种感觉吗有的话你们多久才恢复",,https://tieba.baidu.com/p/10615488889,matched,pending_review,,来源存疑样本；已抓到列表摘要正文；仅作人工复核池，勿直接并入正式训练集,uncertain_redirect_round3_pool.csv
10615797515,焦虑症,焦虑症,5个月不到，我焦虑症躯体化痊愈了！,不靠西药，靠自己强大的意志力！ 濒死感没有了，睡前害怕发抖没有了，呼吸困难没有了！ 以此广而告之！你们也要有信心痊愈！,"标题：5个月不到，我焦虑症躯体化痊愈了！

正文：不靠西药，靠自己强大的意志力！ 濒死感没有了，睡前害怕发抖没有了，呼吸困难没有了！ 以此广而告之！你们也要有信心痊愈！",,https://tieba.baidu.com/p/10615797515,matched,pending_review,,来源存疑样本；已抓到列表摘要正文；仅作人工复核池，勿直接并入正式训练集,uncertain_redirect_round3_pool.csv
10618064015,焦虑症,焦虑症,头晕又开始了,最近一段时间有十天半个月了这个头晕，刚开始的时候不厉害就是晚上不吃饭的时候会突然头晕以为低血糖吃点东西缓解，晚上吃了饭后就好多了，后来就一整天一会头晕一会好点，我以为颈椎又错位了，因为一整天长时间低头看手机去复位后过了一天头晕减轻，我以为好了，结果又过了一天去厕所起身的时候突然加重头晕不敢动，不真实感，走路不稳感觉下一秒都要晕过去，说话有气无力不知道自己在说什么，那天还在干活需要讲话我脑子懵懵的实,"标题：头晕又开始了

正文：最近一段时间有十天半个月了这个头晕，刚开始的时候不厉害就是晚上不吃饭的时候会突然头晕以为低血糖吃点东西缓解，晚上吃了饭后就好多了，后来就一整天一会头晕一会好点，我以为颈椎又错位了，因为一整天长时间低头看手机去复位后过了一天头晕减轻，我以为好了，结果又过了一天去厕所起身的时候突然加重头晕不敢动，不真实感，走路不稳感觉下一秒都要晕过去，说话有气无力不知道自己在说什么，那天还在干活需要讲话我脑子懵懵的实",,https://tieba.baidu.com/p/10618064015,matched,pending_review,,来源存疑样本；已抓到列表摘要正文；仅作人工复核池，勿直接并入正式训练集,uncertain_redirect_round2_pool.csv
10618203569,焦虑症,焦虑症,你们有谁痊愈的吗？无论是吃药或者自己调节的,就是能完全恢复到没有发作之前的那样，白天不会总感觉哪里怪怪的，晚上眼睛也没有畏光。我的主治医师给我开了舍曲林但是不给我开草酸艾司西酞普兰，我个人觉得我的焦虑更严重，睡眠问题比较严重，但是我觉得医生偏偏要觉得我抑郁强迫严重，说真的我不是很认可他的想法 。因为之前给我开盐酸曲锉酮的时候，一开始让我晚上吃完饭吃，等到晚上10点多要睡觉的时候药物已经没有什么效果了，然后对我等我失眠一点作用没有，后来还是有一次,"标题：你们有谁痊愈的吗？无论是吃药或者自己调节的

正文：就是能完全恢复到没有发作之前的那样，白天不会总感觉哪里怪怪的，晚上眼睛也没有畏光。我的主治医师给我开了舍曲林但是不给我开草酸艾司西酞普兰，我个人觉得我的焦虑更严重，睡眠问题比较严重，但是我觉得医生偏偏要觉得我抑郁强迫严重，说真的我不是很认可他的想法 。因为之前给我开盐酸曲锉酮的时候，一开始让我晚上吃完饭吃，等到晚上10点多要睡觉的时候药物已经没有什么效果了，然后对我等我失眠一点作用没有，后来还是有一次",,https://tieba.baidu.com/p/10618203569,matched,pending_review,,来源存疑样本；已抓到列表摘要正文；仅作人工复核池，勿直接并入正式训练集,uncertain_redirect_round3_pool.csv
10619846712,焦虑症,焦虑症,服💊6周了，迷茫中记录一下自己的症状。,吃药已经6周，26年6月7日 早晨吃药以后，去公园里晒太阳顺便散步快走，大概一个小时，头有点懵，但比之前好一些，耳鸣比前几天有所减轻，但感觉新增了症状，对声音非常敏感，包扩稍微大点的说话声、咳嗽、物体碰撞大点的声音等等，让我很是心慌和烦躁，但走在马路上那些背景噪音反而觉得还好。另外做一些动作或下意识扶着东西的时候，会心里一惊。走路时一种说不出来很不舒服的感觉，应该是心慌，极度的心慌，但我没有太理会，烦归烦,"标题：服💊6周了，迷茫中记录一下自己的症状。

正文：吃药已经6周，26年6月7日 早晨吃药以后，去公园里晒太阳顺便散步快走，大概一个小时，头有点懵，但比之前好一些，耳鸣比前几天有所减轻，但感觉新增了症状，对声音非常敏感，包扩稍微大点的说话声、咳嗽、物体碰撞大点的声音等等，让我很是心慌和烦躁，但走在马路上那些背景噪音反而觉得还好。另外做一些动作或下意识扶着东西的时候，会心里一惊。走路时一种说不出来很不舒服的感觉，应该是心慌，极度的心慌，但我没有太理会，烦归烦",,https://tieba.baidu.com/p/10619846712,matched,pending_review,,来源存疑样本；已抓到列表摘要正文；仅作人工复核池，勿直接并入正式训练集,uncertain_redirect_review_pool.csv
10622703332,焦虑症,焦虑症,本人男39岁之前不吃药半年走出焦虑 现在又来了,最近焦虑症又犯了，手脚发麻走路困难，一走路感觉碰到神经一样，有没有一样的聊聊，睡眠也差，之前好不容易恢复了，现在又反复了，真的想死的心都有， 欢迎交流，留下你的联系方式一起走出焦虑,"标题：本人男39岁之前不吃药半年走出焦虑 现在又来了

正文：最近焦虑症又犯了，手脚发麻走路困难，一走路感觉碰到神经一样，有没有一样的聊聊，睡眠也差，之前好不容易恢复了，现在又反复了，真的想死的心都有， 欢迎交流，留下你的联系方式一起走出焦虑",,https://tieba.baidu.com/p/10622703332,matched,pending_review,,来源存疑样本；已抓到列表摘要正文；仅作人工复核池，勿直接并入正式训练集,uncertain_redirect_round3_pool.csv
10624271530,焦虑症,焦虑症,想分享一下我的经历,现在我已经没啥大问题了，虽然蛮焦虑的，但没有之前那样焦虑的很厉害，而且躯体化症状基本没有或者 说没啥太大的，也就失眠之类的（这算躯体化吗） 我很久之前就经常担心这个担心哪个的，在去年4月底，心里受到了一点伤害，大概在去年5月初（之后省略去年这两个字），那天下午在那睡了一觉，醒了之后脑子里面一直有个奇怪的画面，有种略微害怕的感觉，也不知道是为啥，可能是我想寻求刺激吧，我就在那里一直重复想这个画面，想了一,"标题：想分享一下我的经历

正文：现在我已经没啥大问题了，虽然蛮焦虑的，但没有之前那样焦虑的很厉害，而且躯体化症状基本没有或者 说没啥太大的，也就失眠之类的（这算躯体化吗） 我很久之前就经常担心这个担心哪个的，在去年4月底，心里受到了一点伤害，大概在去年5月初（之后省略去年这两个字），那天下午在那睡了一觉，醒了之后脑子里面一直有个奇怪的画面，有种略微害怕的感觉，也不知道是为啥，可能是我想寻求刺激吧，我就在那里一直重复想这个画面，想了一",,https://tieba.baidu.com/p/10624271530,matched,pending_review,,来源存疑样本；已抓到列表摘要正文；仅作人工复核池，勿直接并入正式训练集,uncertain_redirect_round3_pool.csv
10624634988,焦虑症,焦虑症,感觉整个世界抛弃了我！说出你的感受,这个光鲜世界的背面，总有人在悄悄难过 我们活在一个看起来格外耀眼的世界里。 人人步履匆匆，笑容体面，生活被包装得光鲜明亮。 可很少有人看见，世界是多维的。 在那些热闹与光鲜背后，藏着无数不为人知的情绪与孤独。 有人外表平静，内心早已溃不成军； 有人努力微笑，却被焦虑、压抑、委屈日夜缠绕； 有人渴望被理解、被拥抱，却始终找不到一个，可以无条件接纳、无条件倾听自己的人。 你不必一直坚强，不必事事硬扛，更不必把所,"标题：感觉整个世界抛弃了我！说出你的感受

正文：这个光鲜世界的背面，总有人在悄悄难过 我们活在一个看起来格外耀眼的世界里。 人人步履匆匆，笑容体面，生活被包装得光鲜明亮。 可很少有人看见，世界是多维的。 在那些热闹与光鲜背后，藏着无数不为人知的情绪与孤独。 有人外表平静，内心早已溃不成军； 有人努力微笑，却被焦虑、压抑、委屈日夜缠绕； 有人渴望被理解、被拥抱，却始终找不到一个，可以无条件接纳、无条件倾听自己的人。 你不必一直坚强，不必事事硬扛，更不必把所",,https://tieba.baidu.com/p/10624634988,matched,pending_review,,来源存疑样本；已抓到列表摘要正文；仅作人工复核池，勿直接并入正式训练集,uncertain_redirect_round3_pool.csv
10625337893,焦虑症,焦虑症,大家都是怎么买药的，只能直接线下去问诊吗？,我社交恐惧也有点严重，就没有线上的方法吗？,"标题：大家都是怎么买药的，只能直接线下去问诊吗？

正文：我社交恐惧也有点严重，就没有线上的方法吗？",,https://tieba.baidu.com/p/10625337893,matched,pending_review,,来源存疑样本；已抓到列表摘要正文；仅作人工复核池，勿直接并入正式训练集,uncertain_redirect_round3_pool.csv
10625839103,焦虑症,焦虑症,我感觉自己有焦虑症，每天都害怕出什么事情,中年了 前几年焦虑孩子身高，现在不焦虑了，因为长到理想身高了。 最近焦虑孩子学习，焦虑被班主任叫去学校。孩子成绩不错，但班主任不省心，专门针对家长。想要拿指标到校，怕成绩低，怕班主任设置障碍，各种焦虑 然后，焦虑家庭关系，老公和他爸不和，我只要说一句他爸的好话，就拉脸，有一次因某个事情甚至摔东西。其他事情如果反对他，无论何种场景，他都会不高兴，我认为他有精神类的疾病，无法与人合理沟通，只是没去确诊。,"标题：我感觉自己有焦虑症，每天都害怕出什么事情

正文：中年了 前几年焦虑孩子身高，现在不焦虑了，因为长到理想身高了。 最近焦虑孩子学习，焦虑被班主任叫去学校。孩子成绩不错，但班主任不省心，专门针对家长。想要拿指标到校，怕成绩低，怕班主任设置障碍，各种焦虑 然后，焦虑家庭关系，老公和他爸不和，我只要说一句他爸的好话，就拉脸，有一次因某个事情甚至摔东西。其他事情如果反对他，无论何种场景，他都会不高兴，我认为他有精神类的疾病，无法与人合理沟通，只是没去确诊。",,https://tieba.baidu.com/p/10625839103,matched,pending_review,,来源存疑样本；已抓到列表摘要正文；仅作人工复核池，勿直接并入正式训练集,uncertain_redirect_review_pool.csv
2321555736,焦虑症,焦虑症,请问焦虑症有手脚发麻的吧友吗？,年前几天就有手脚发麻的症状了，好紧张呀，总以为是脑梗的先照,"标题：请问焦虑症有手脚发麻的吧友吗？

正文：年前几天就有手脚发麻的症状了，好紧张呀，总以为是脑梗的先照",,https://tieba.baidu.com/p/2321555736,matched,pending_review,,来源存疑样本；已抓到列表摘要正文；仅作人工复核池，勿直接并入正式训练集,uncertain_redirect_round3_pool.csv
4213131629,焦虑症,焦虑症,康复的过来人，希望能帮大家一起修心，共勉！,感恩焦虑，因为焦虑我获得了更多，生活也更幸福。来个镇楼图吧先，小孩子都有如此勇气，更何况我们？,"标题：康复的过来人，希望能帮大家一起修心，共勉！

正文：感恩焦虑，因为焦虑我获得了更多，生活也更幸福。来个镇楼图吧先，小孩子都有如此勇气，更何况我们？",,https://tieba.baidu.com/p/4213131629,matched,pending_review,,来源存疑样本；已抓到列表摘要正文；仅作人工复核池，勿直接并入正式训练集,uncertain_redirect_round3_pool.csv
5253602956,焦虑症,焦虑症,性格超外向，为什么还会得焦虑症,第一次发病是2013年4月，那年25岁，去丽江，上玉龙雪山坐在缆车里，突然感到心慌焦虑，恐惧不安，手抖，我以为是高原反应，拼命地喷氧气吸氧(一次性氧气罐)，也没能缓解，被吊在半空中，下又下不来，上也不会很快上去，缆车很慢，缆车里放着那首《彩云之南》，直到现在听到还是会立刻联想到当时在缆车内的欲罢不能，莫名的恐惧感又来了……上了山立刻去山顶的医务室吸氧，抱着氧气枕吸着氧被工作人员送下山，当时发病特别害怕自己客死,"标题：性格超外向，为什么还会得焦虑症

正文：第一次发病是2013年4月，那年25岁，去丽江，上玉龙雪山坐在缆车里，突然感到心慌焦虑，恐惧不安，手抖，我以为是高原反应，拼命地喷氧气吸氧(一次性氧气罐)，也没能缓解，被吊在半空中，下又下不来，上也不会很快上去，缆车很慢，缆车里放着那首《彩云之南》，直到现在听到还是会立刻联想到当时在缆车内的欲罢不能，莫名的恐惧感又来了……上了山立刻去山顶的医务室吸氧，抱着氧气枕吸着氧被工作人员送下山，当时发病特别害怕自己客死",,https://tieba.baidu.com/p/5253602956,matched,pending_review,,来源存疑样本；已抓到列表摘要正文；仅作人工复核池，勿直接并入正式训练集,uncertain_redirect_round3_pool.csv
5466968847,焦虑症,焦虑症,有没有人鼻子过度通气吸气刺痛全是凉气直达喉咙的？,几天前晚上洗完澡突然感到左鼻翼有压迫感，就感觉被人用手压住的感觉，第二天就开始右侧鼻子吸气发凉，刺痛，然后凉气直达喉咙，喉咙干疼干燥，上颚发凉，有时连胸腔也感觉有凉气散不出去，而且感到胸闷，在有暖气的屋里吸空气也感到干凉，躺在床上用被子捂着可以缓解一些，感觉鼻子失去了加温加湿功能，而且鼻子根部摸上去也干冷发凉，双眼也很凉，连带到面部也很凉，鼻涕几乎没有了，现在24小时都得用棉球堵住鼻孔，不然感觉气流,"标题：有没有人鼻子过度通气吸气刺痛全是凉气直达喉咙的？

正文：几天前晚上洗完澡突然感到左鼻翼有压迫感，就感觉被人用手压住的感觉，第二天就开始右侧鼻子吸气发凉，刺痛，然后凉气直达喉咙，喉咙干疼干燥，上颚发凉，有时连胸腔也感觉有凉气散不出去，而且感到胸闷，在有暖气的屋里吸空气也感到干凉，躺在床上用被子捂着可以缓解一些，感觉鼻子失去了加温加湿功能，而且鼻子根部摸上去也干冷发凉，双眼也很凉，连带到面部也很凉，鼻涕几乎没有了，现在24小时都得用棉球堵住鼻孔，不然感觉气流",,https://tieba.baidu.com/p/5466968847,matched,pending_review,,来源存疑样本；已抓到列表摘要正文；仅作人工复核池，勿直接并入正式训练集,uncertain_redirect_round3_pool.csv
5875008108,焦虑症,焦虑症,"有焦友带药怀孕的嘛？太痛苦了,发现怀孕后焦虑症复发,真的特别","有焦友带药怀孕的嘛？太痛苦了,发现怀孕后焦虑症复发,真的特别想要这个孩子,还不能断药,现在怀孕40多天一直在吃舍曲林每天一片和哇流平1/4片","有焦友带药怀孕的嘛？太痛苦了,发现怀孕后焦虑症复发,真的特别想要这个孩子,还不能断药,现在怀孕40多天一直在吃舍曲林每天一片和哇流平1/4片",,https://tieba.baidu.com/p/5875008108,matched,pending_review,,来源存疑样本；已抓到列表摘要正文；仅作人工复核池，勿直接并入正式训练集,uncertain_redirect_round3_pool.csv
6115734862,焦虑症,焦虑症,开个帖子专注于焦虑症的治疗,开个帖子专注于焦虑症的治疗,开个帖子专注于焦虑症的治疗,,https://tieba.baidu.com/p/6115734862,matched,pending_review,,来源存疑样本；已抓到列表摘要正文；仅作人工复核池，勿直接并入正式训练集,uncertain_redirect_round3_pool.csv
6577077838,焦虑症,焦虑症,各位吧友好，医生给我开的盐酸帕罗西丁，吃了几个月感觉好多了，,各位吧友好，医生给我开的盐酸帕罗西丁，吃了几个月感觉好多了，最近想停药，可是一停就出现症状，就是动一下大脑会有电击感，如果形容精神感觉是平稳的一条线，就会出现突然跳跃一下的感觉，请问各位吧友有这种情况吗，有，该怎么解决呢？祝大家都有个好心态，早日康复。,各位吧友好，医生给我开的盐酸帕罗西丁，吃了几个月感觉好多了，最近想停药，可是一停就出现症状，就是动一下大脑会有电击感，如果形容精神感觉是平稳的一条线，就会出现突然跳跃一下的感觉，请问各位吧友有这种情况吗，有，该怎么解决呢？祝大家都有个好心态，早日康复。,,https://tieba.baidu.com/p/6577077838,matched,pending_review,,来源存疑样本；已抓到列表摘要正文；仅作人工复核池，勿直接并入正式训练集,uncertain_redirect_round3_pool.csv
6848678090,焦虑症,焦虑症,不知不觉进贴吧已经6年多了我12年得病，现在8年了期间就好了,不知不觉进贴吧已经6年多了 我12年得病，现在8年了 期间就好了几个月 要是论症状，我可以说是这个贴吧的标本 做的检查估计也是这个贴吧最多的 去的急诊 去的各地医院 北京 上海 各大医院全去了 各地急诊车都做了 每个地方都惊恐发作过 以前天天急诊，动不动血压就200多 什么药也吃了，没啥作用 频死感，好多了 现在就是血压高，头发紧，心脏发紧 天天如此，每天范一次 我别的都能接受，就是心脏受不了 跟以前不一样了……,"标题：不知不觉进贴吧已经6年多了我12年得病，现在8年了期间就好了

正文：不知不觉进贴吧已经6年多了 我12年得病，现在8年了 期间就好了几个月 要是论症状，我可以说是这个贴吧的标本 做的检查估计也是这个贴吧最多的 去的急诊 去的各地医院 北京 上海 各大医院全去了 各地急诊车都做了 每个地方都惊恐发作过 以前天天急诊，动不动血压就200多 什么药也吃了，没啥作用 频死感，好多了 现在就是血压高，头发紧，心脏发紧 天天如此，每天范一次 我别的都能接受，就是心脏受不了 跟以前不一样了……",,https://tieba.baidu.com/p/6848678090,matched,pending_review,,来源存疑样本；已抓到列表摘要正文；仅作人工复核池，勿直接并入正式训练集,uncertain_redirect_round3_pool.csv
7185595418,焦虑症,焦虑症,究竟是脊髓颈椎病！焦虑症！还是pppd？,18年十月份开始突然头晕！然后每天都昏昏沉沉，不清醒！不真实感！头重脚轻！颈椎僵硬发紧！走路要扶着头才舒服点！各种检查！核磁！医生能想到的都做了！没啥大问题！症状持续了四个多月！吃了强力定眩片！明显好转！不晕了！只有脖子不舒服！19年3月去上班了！四月六号突然晕的感觉又来了！而且站都站不住！就是很晕！不是天旋地转！也不恶心呕吐！然后就出现了很多新症状！走路开始踩棉花感！脚下没有根儿似的！走路很费力！要绷,"标题：究竟是脊髓颈椎病！焦虑症！还是pppd？

正文：18年十月份开始突然头晕！然后每天都昏昏沉沉，不清醒！不真实感！头重脚轻！颈椎僵硬发紧！走路要扶着头才舒服点！各种检查！核磁！医生能想到的都做了！没啥大问题！症状持续了四个多月！吃了强力定眩片！明显好转！不晕了！只有脖子不舒服！19年3月去上班了！四月六号突然晕的感觉又来了！而且站都站不住！就是很晕！不是天旋地转！也不恶心呕吐！然后就出现了很多新症状！走路开始踩棉花感！脚下没有根儿似的！走路很费力！要绷",,https://tieba.baidu.com/p/7185595418,matched,pending_review,,来源存疑样本；已抓到列表摘要正文；仅作人工复核池，勿直接并入正式训练集,uncertain_redirect_round3_pool.csv
7196138272,焦虑症,焦虑症,躯体症状明显，总担心不好的事情，今天是吃舍曲林的第二天,去年九月，我开始了我的进修生涯！来到的是一个肿瘤专科医院！然后看到的都是不好的事情！从去年12月9号开始，我就出现了咽部和食管的异物感，我就开始害怕，觉得自己像是得了食管癌！想着家里才一岁半的孩子，我就天天哭！然后把老公从家折腾到了我进修的医院，陪我做了胃镜，除了一点慢性胃炎，食管和咽部都没有问题！可是，这种症状一直在，我还是每天都很紧张，焦虑，不明白都没事，为什么还是这么难受.然后开始消化不良，整天,"标题：躯体症状明显，总担心不好的事情，今天是吃舍曲林的第二天

正文：去年九月，我开始了我的进修生涯！来到的是一个肿瘤专科医院！然后看到的都是不好的事情！从去年12月9号开始，我就出现了咽部和食管的异物感，我就开始害怕，觉得自己像是得了食管癌！想着家里才一岁半的孩子，我就天天哭！然后把老公从家折腾到了我进修的医院，陪我做了胃镜，除了一点慢性胃炎，食管和咽部都没有问题！可是，这种症状一直在，我还是每天都很紧张，焦虑，不明白都没事，为什么还是这么难受.然后开始消化不良，整天",,https://tieba.baidu.com/p/7196138272,matched,pending_review,,来源存疑样本；已抓到列表摘要正文；仅作人工复核池，勿直接并入正式训练集,uncertain_redirect_round3_pool.csv
8516150393,焦虑症,焦虑症,右上腹拉扯感 焦虑疑病严重,身体一有不舒服都往不好的想 。快疯了。。。近来是右上腹靠剑突有拉扯感 不痛 躺着就没感觉 会有气体 肠鸣 热敷或拔罐下 屁就很多放了 感觉就舒服点 。。大便拉不尽 有时候肛门胀 有点跳痛。几天就又会有拉扯感 整个人除了肠镜 都检查了 。真的很受折磨 也很痛苦 想去做肠镜 又很害怕 睡眠不好 又每天乱想 情绪快崩溃了 怎么活得这么艰难 经济又跟不上 。。,"标题：右上腹拉扯感 焦虑疑病严重

正文：身体一有不舒服都往不好的想 。快疯了。。。近来是右上腹靠剑突有拉扯感 不痛 躺着就没感觉 会有气体 肠鸣 热敷或拔罐下 屁就很多放了 感觉就舒服点 。。大便拉不尽 有时候肛门胀 有点跳痛。几天就又会有拉扯感 整个人除了肠镜 都检查了 。真的很受折磨 也很痛苦 想去做肠镜 又很害怕 睡眠不好 又每天乱想 情绪快崩溃了 怎么活得这么艰难 经济又跟不上 。。",,https://tieba.baidu.com/p/8516150393,matched,pending_review,,来源存疑样本；已抓到列表摘要正文；仅作人工复核池，勿直接并入正式训练集,uncertain_redirect_round3_pool.csv
8549712134,焦虑症,焦虑症,盘点一下焦虑给自己安的病,焦虑的躯体化表现：头疼，头晕，头沉，乏力，没精神，食欲不振，手麻，脚麻，全身游走性刺痛，肩颈痛，腰痛，脖子紧，手抖，出汗，盗汗，手心发热，四肢发冷，身体震颤，脸紧，脸油，心慌，心悸，怕冷，心跳很快，心前区不适，胸闷，胸口闷痛，肋间神经痛，呼吸过度，喉咙堵塞感，喉咙异物感，老想打嗝，横膈膜痉挛打嗝，恶心，烧心，反酸，呕吐，吃饱饭就心慌，舌头麻，舌头冰凉刺痛感，口干，口苦，口水分泌增多，全身肌肉紧张，,"标题：盘点一下焦虑给自己安的病

正文：焦虑的躯体化表现：头疼，头晕，头沉，乏力，没精神，食欲不振，手麻，脚麻，全身游走性刺痛，肩颈痛，腰痛，脖子紧，手抖，出汗，盗汗，手心发热，四肢发冷，身体震颤，脸紧，脸油，心慌，心悸，怕冷，心跳很快，心前区不适，胸闷，胸口闷痛，肋间神经痛，呼吸过度，喉咙堵塞感，喉咙异物感，老想打嗝，横膈膜痉挛打嗝，恶心，烧心，反酸，呕吐，吃饱饭就心慌，舌头麻，舌头冰凉刺痛感，口干，口苦，口水分泌增多，全身肌肉紧张，",,https://tieba.baidu.com/p/8549712134,matched,pending_review,,来源存疑样本；已抓到列表摘要正文；仅作人工复核池，勿直接并入正式训练集,uncertain_redirect_round3_pool.csv
8790495256,焦虑症,焦虑症,30岁出头，每天都担心会严重心律失常猝死,请问有吧友跟我一样的症状吗？心脏有时候会突然咯噔一下，不疼，但是那一秒感觉提不上气，并且那一刻能明显感觉到心脏的跳动。有时候平躺侧躺准备睡觉，也会突然这样，甚至严重的时候会持续好几秒，感觉心率失常了，喘不过气，我一下就吓到起床，然后心跳加快，惊恐发作，濒死感，几分钟恢复正常。后来查了下，有可能是早搏或者房颤，总不可能是室颤吧？那个应该是会晕倒要命的。我发作了好多次了，严重的时候都是咯噔几下，喘不过,"标题：30岁出头，每天都担心会严重心律失常猝死

正文：请问有吧友跟我一样的症状吗？心脏有时候会突然咯噔一下，不疼，但是那一秒感觉提不上气，并且那一刻能明显感觉到心脏的跳动。有时候平躺侧躺准备睡觉，也会突然这样，甚至严重的时候会持续好几秒，感觉心率失常了，喘不过气，我一下就吓到起床，然后心跳加快，惊恐发作，濒死感，几分钟恢复正常。后来查了下，有可能是早搏或者房颤，总不可能是室颤吧？那个应该是会晕倒要命的。我发作了好多次了，严重的时候都是咯噔几下，喘不过",,https://tieba.baidu.com/p/8790495256,matched,pending_review,,来源存疑样本；已抓到列表摘要正文；仅作人工复核池，勿直接并入正式训练集,uncertain_redirect_round3_pool.csv
9084446541,焦虑症,焦虑症,停药四年了，回来看看，顺带回答吧友提问,2017年末惊恐发作开始，各种疑病，心脏，胃，肝，疑心梗，疑脑梗，疑大病，疑疑难杂症，疑抑郁症，疑精分，恐艾，恐狂，恐癌，熬到2018年夏天，扛不住了，去医院，确诊重度焦虑重度抑郁中度强迫，开始吃药，吃了半年时间，期间包括适应期，稳定期，减量期，然后停药，开始戒药反应，大概半年时间，戒药反应消失，不真实感消失，躯体大多数消失，心理上退出焦虑状态，偶尔还有几个躯体，不过烈度很低，没有感觉，不害怕，没有重新掉入,"标题：停药四年了，回来看看，顺带回答吧友提问

正文：2017年末惊恐发作开始，各种疑病，心脏，胃，肝，疑心梗，疑脑梗，疑大病，疑疑难杂症，疑抑郁症，疑精分，恐艾，恐狂，恐癌，熬到2018年夏天，扛不住了，去医院，确诊重度焦虑重度抑郁中度强迫，开始吃药，吃了半年时间，期间包括适应期，稳定期，减量期，然后停药，开始戒药反应，大概半年时间，戒药反应消失，不真实感消失，躯体大多数消失，心理上退出焦虑状态，偶尔还有几个躯体，不过烈度很低，没有感觉，不害怕，没有重新掉入",,https://tieba.baidu.com/p/9084446541,matched,pending_review,,来源存疑样本；已抓到列表摘要正文；仅作人工复核池，勿直接并入正式训练集,uncertain_redirect_round2_pool.csv
9104220032,焦虑症,焦虑症,焦虑症复发了,2010.12.1第一次惊恐，当时并不知道那是惊恐。直到2019.8月这期间差不多接近十年的时间每天都是在不舒服的情况下生活，期间也有很多次的惊恐，担心，害怕，疑病，无数次的去医院后医生都说没事，越这样越觉得不对。再后来的一次惊恐醒来后人直接感觉都要晕倒了，在那之后我才知道有一种病叫焦虑症，那是我第一次正面的看待，也看到无数的人和我一样，当时心里平衡不少。所以决定去医院看病，那个药实在难受，刚开始很抗拒，但是看见有网,"标题：焦虑症复发了

正文：2010.12.1第一次惊恐，当时并不知道那是惊恐。直到2019.8月这期间差不多接近十年的时间每天都是在不舒服的情况下生活，期间也有很多次的惊恐，担心，害怕，疑病，无数次的去医院后医生都说没事，越这样越觉得不对。再后来的一次惊恐醒来后人直接感觉都要晕倒了，在那之后我才知道有一种病叫焦虑症，那是我第一次正面的看待，也看到无数的人和我一样，当时心里平衡不少。所以决定去医院看病，那个药实在难受，刚开始很抗拒，但是看见有网",,https://tieba.baidu.com/p/9104220032,matched,pending_review,,来源存疑样本；已抓到列表摘要正文；仅作人工复核池，勿直接并入正式训练集,uncertain_redirect_round3_pool.csv
9182859699,焦虑症,焦虑症,因为害怕死亡得了焦虑症,我今年升的高2因为害怕死亡这件事得了焦虑症不知道有没有抑郁但是情绪非常低落不想跟人说话只想睡觉和一个人待着本人是个学生上学的同时也在练体育项目但是现在自从想到了自己终有一天会死之后就得了焦虑症我很恐惧很害怕和家人或者朋友一起出去吃饭和打篮球也变得心不在焉感觉一切都没有意义既然我迟早会死那我活着有什么意义这种情况我已经一个月了有没有和我一样的朋友或者有知道缓解办法的兄弟,"标题：因为害怕死亡得了焦虑症

正文：我今年升的高2因为害怕死亡这件事得了焦虑症不知道有没有抑郁但是情绪非常低落不想跟人说话只想睡觉和一个人待着本人是个学生上学的同时也在练体育项目但是现在自从想到了自己终有一天会死之后就得了焦虑症我很恐惧很害怕和家人或者朋友一起出去吃饭和打篮球也变得心不在焉感觉一切都没有意义既然我迟早会死那我活着有什么意义这种情况我已经一个月了有没有和我一样的朋友或者有知道缓解办法的兄弟",,https://tieba.baidu.com/p/9182859699,matched,pending_review,,来源存疑样本；已抓到列表摘要正文；仅作人工复核池，勿直接并入正式训练集,uncertain_redirect_round3_pool.csv
9659261080,焦虑症,焦虑症,发个贴看看有没有跟我一样的呀。,最近开始紧张到现在已经有两个月了，每天就是怕得了什么重病，没有安全感，恨不得住医院里面去，头晕头疼昏昏沉沉的，怀疑自己脑梗脑出血，脖子后也僵硬，怀疑自己是颈椎病供血不足啥啥的，咽喉异物感总感觉有痰一样，还咳不出来，也不敢使劲怕气不够用，胸闷气短，有时需要深呼吸缓解，前段时间感觉要窒息了一样，最近呼吸这一块有很大改善，不怎么深呼吸了，腹部左侧不舒服，坐着或者躺着尤其是躺下，膝盖加小腿说痒不是痒说疼不,"标题：发个贴看看有没有跟我一样的呀。

正文：最近开始紧张到现在已经有两个月了，每天就是怕得了什么重病，没有安全感，恨不得住医院里面去，头晕头疼昏昏沉沉的，怀疑自己脑梗脑出血，脖子后也僵硬，怀疑自己是颈椎病供血不足啥啥的，咽喉异物感总感觉有痰一样，还咳不出来，也不敢使劲怕气不够用，胸闷气短，有时需要深呼吸缓解，前段时间感觉要窒息了一样，最近呼吸这一块有很大改善，不怎么深呼吸了，腹部左侧不舒服，坐着或者躺着尤其是躺下，膝盖加小腿说痒不是痒说疼不",,https://tieba.baidu.com/p/9659261080,matched,pending_review,,来源存疑样本；已抓到列表摘要正文；仅作人工复核池，勿直接并入正式训练集,uncertain_redirect_round3_pool.csv
9746425651,焦虑症,焦虑症,时隔两年焦虑症再次复发，记录舍曲林服药过程。,最近因为经济压力比较大，十几天前出现肩膀后背和牙齿隐痛，担心不典型心绞痛，不可自拔，之后出现心窝处发慌，心率变快，其实躯体症状不严重，但是焦虑情绪和抑郁情绪和疑病思想比较重，吃饭根本没胃口，然后查出血脂有点高，医生建议心脏造影，我没做，先吃舍曲林看看，昨天晚上开始服药，舍曲林+倍他乐克+阿托伐他汀。,"标题：时隔两年焦虑症再次复发，记录舍曲林服药过程。

正文：最近因为经济压力比较大，十几天前出现肩膀后背和牙齿隐痛，担心不典型心绞痛，不可自拔，之后出现心窝处发慌，心率变快，其实躯体症状不严重，但是焦虑情绪和抑郁情绪和疑病思想比较重，吃饭根本没胃口，然后查出血脂有点高，医生建议心脏造影，我没做，先吃舍曲林看看，昨天晚上开始服药，舍曲林+倍他乐克+阿托伐他汀。",,https://tieba.baidu.com/p/9746425651,matched,pending_review,,来源存疑样本；已抓到列表摘要正文；仅作人工复核池，勿直接并入正式训练集,uncertain_redirect_round3_pool.csv
9828487370,焦虑症,焦虑症,国内来士普换成土耳其版的可以吗,本人焦虑症，医生一直开的是国内版的来士普，最近刷pdd刷到土耳其版本和欧版的，价格和国内的相差太大了，想问问大家一直吃国内版的，换成土耳其版或者欧版的可以吗？,"标题：国内来士普换成土耳其版的可以吗

正文：本人焦虑症，医生一直开的是国内版的来士普，最近刷pdd刷到土耳其版本和欧版的，价格和国内的相差太大了，想问问大家一直吃国内版的，换成土耳其版或者欧版的可以吗？",,https://tieba.baidu.com/p/9828487370,matched,pending_review,,来源存疑样本；已抓到列表摘要正文；仅作人工复核池，勿直接并入正式训练集,uncertain_redirect_round3_pool.csv
9916738167,焦虑症,焦虑症,有吃米那普仑的朋友们吗,帕罗西汀吃了十几年估计是耐药了，今年总是好好坏坏不稳定。医生给换了米那普仑，对这个药不太了解，有吃米那普仑的朋友们没，一起交流下吃药感受,"标题：有吃米那普仑的朋友们吗

正文：帕罗西汀吃了十几年估计是耐药了，今年总是好好坏坏不稳定。医生给换了米那普仑，对这个药不太了解，有吃米那普仑的朋友们没，一起交流下吃药感受",,https://tieba.baidu.com/p/9916738167,matched,pending_review,,来源存疑样本；已抓到列表摘要正文；仅作人工复核池，勿直接并入正式训练集,uncertain_redirect_round3_pool.csv
10143841390,疑病症,疑病症,不知道是疑病症还是身体出现问题了，百度一下全身癌症,随着癌症的增加又没有根治性和治愈率也低复发率高，我焦虑了，孩子还小，老人没有尽孝道，哪里一不舒服我就特别焦虑怕是大病，我怕检查，因为我有点胖就吃减肥药，我十几岁就查出来乳腺增生，后面时不时的疼开始恐乳腺，后面鼓起勇气去做了彩超，连乳腺增生都不见了，后面胃疼，反酸，干呕，又开始恐了，到2023年鼓起勇气去做了个胃镜，有个息肉0.4✖️0.4，非萎缩性胃炎伴胆汁返流，娃娃吃母乳没有割，做的是普通的胃镜，后面左边腹,"标题：不知道是疑病症还是身体出现问题了，百度一下全身癌症

正文：随着癌症的增加又没有根治性和治愈率也低复发率高，我焦虑了，孩子还小，老人没有尽孝道，哪里一不舒服我就特别焦虑怕是大病，我怕检查，因为我有点胖就吃减肥药，我十几岁就查出来乳腺增生，后面时不时的疼开始恐乳腺，后面鼓起勇气去做了彩超，连乳腺增生都不见了，后面胃疼，反酸，干呕，又开始恐了，到2023年鼓起勇气去做了个胃镜，有个息肉0.4✖️0.4，非萎缩性胃炎伴胆汁返流，娃娃吃母乳没有割，做的是普通的胃镜，后面左边腹",,https://tieba.baidu.com/p/10143841390,matched,pending_review,,来源存疑样本；已抓到列表摘要正文；仅作人工复核池，勿直接并入正式训练集,uncertain_redirect_round4_pool.csv
10544505211,疑病症,疑病症,化疗之后身体太虚，蛋白质咋补才有效啊？,化疗之后身体太虚，蛋白质咋补才有效啊？,化疗之后身体太虚，蛋白质咋补才有效啊？,,https://tieba.baidu.com/p/10544505211,matched,pending_review,,来源存疑样本；已抓到列表摘要正文；仅作人工复核池，勿直接并入正式训练集,uncertain_redirect_round4_pool.csv
10587666357,疑病症,疑病症,无偿帮助脱恐,脱恐几年了，没想到这个吧还在，可以无偿帮助，希望能帮你们走出来,"标题：无偿帮助脱恐

正文：脱恐几年了，没想到这个吧还在，可以无偿帮助，希望能帮你们走出来",,https://tieba.baidu.com/p/10587666357,matched,pending_review,,来源存疑样本；已抓到列表摘要正文；仅作人工复核池，勿直接并入正式训练集,uncertain_redirect_round4_pool.csv
10608075289,疑病症,疑病症,拥有一颗赤诚的心，就拥有了朋友,拥有一颗赤诚的心，就拥有了朋友；拥有一颗善良的心，就拥有了慈悲；拥有慈悲的时候，就拥有了佛性。财富是一种寄存，因为不能把它带走；荣誉是一道光亮，没有办法永远留住；成功是一种硕果，无法四季都品尝甜味；生命是一个过程，无法让它停止；多说一点祝福的话，可以让别人感激你终身。平凡才是伟大的，坚强才是长久的，人的慈悲才是永恒的。想活得更长一点，首先，要帮助别人；第二，拥有每一天知足快乐，就拥有了自己生命的长,拥有一颗赤诚的心，就拥有了朋友；拥有一颗善良的心，就拥有了慈悲；拥有慈悲的时候，就拥有了佛性。财富是一种寄存，因为不能把它带走；荣誉是一道光亮，没有办法永远留住；成功是一种硕果，无法四季都品尝甜味；生命是一个过程，无法让它停止；多说一点祝福的话，可以让别人感激你终身。平凡才是伟大的，坚强才是长久的，人的慈悲才是永恒的。想活得更长一点，首先，要帮助别人；第二，拥有每一天知足快乐，就拥有了自己生命的长,,https://tieba.baidu.com/p/10608075289,matched,pending_review,,来源存疑样本；已抓到列表摘要正文；仅作人工复核池，勿直接并入正式训练集,uncertain_redirect_round4_pool.csv
10615752559,疑病症,疑病症,求大佬看看,大便时拉出来这个东西，是什么,"标题：求大佬看看

正文：大便时拉出来这个东西，是什么",,https://tieba.baidu.com/p/10615752559,matched,pending_review,,来源存疑样本；已抓到列表摘要正文；仅作人工复核池，勿直接并入正式训练集,uncertain_redirect_round4_pool.csv
10623543989,疑病症,疑病症,7月份去北京全面检查,症状典型的不能在典型了，7月份去北京全面检查，看看到底是不是淀粉样变性，今年就要拉开帷幕了，,症状典型的不能在典型了，7月份去北京全面检查，看看到底是不是淀粉样变性，今年就要拉开帷幕了，,,https://tieba.baidu.com/p/10623543989,matched,pending_review,,来源存疑样本；已抓到列表摘要正文；仅作人工复核池，勿直接并入正式训练集,uncertain_redirect_round4_pool.csv
10624580436,疑病症,疑病症,关于疑病症,人活于世，就是要以一个不怕死的心态活着，如果你处处怕死，那么你这一生必定活的痛苦，活的恐惧，必定前怕狼后怕虎，一生一事无成。,"标题：关于疑病症

正文：人活于世，就是要以一个不怕死的心态活着，如果你处处怕死，那么你这一生必定活的痛苦，活的恐惧，必定前怕狼后怕虎，一生一事无成。",,https://tieba.baidu.com/p/10624580436,matched,pending_review,,来源存疑样本；已抓到列表摘要正文；仅作人工复核池，勿直接并入正式训练集,uncertain_redirect_round4_pool.csv
6988373817,疑病症,疑病症,疑病症是强迫症和焦虑症的结合体,疑病症是强迫症和焦虑症的结合体,疑病症是强迫症和焦虑症的结合体,,https://tieba.baidu.com/p/6988373817,matched,pending_review,,来源存疑样本；已抓到列表摘要正文；仅作人工复核池，勿直接并入正式训练集,uncertain_redirect_round4_pool.csv
10205734959,研究生,研究生,帮鼠鼠选一下工作好么,鼠鼠最近拿了三个offer，有两个在逼着我签三方，大家能不能帮帮我到底选哪个,"标题：帮鼠鼠选一下工作好么

正文：鼠鼠最近拿了三个offer，有两个在逼着我签三方，大家能不能帮帮我到底选哪个",,https://tieba.baidu.com/p/10205734959,matched,pending_review,,来源存疑样本；已抓到列表摘要正文；仅作人工复核池，勿直接并入正式训练集,uncertain_redirect_round5_pool.csv
10275142162,研究生,研究生,研一开学两个月快三个月,今天小导找我，问我为什么不做实验为什么不和本科生交流（他之前让我带本科生搞大学生创业大赛），我说我不知道要做实验（因为我不是搞化学的，我本科是电子的，鬼知道读了研让我搞什么钙钛矿），然后就开始各种push，什么你不做实验，没有数据，怎么去写论文，我说你不是说这是大学生创业的吗？甚至连论文写出来都是给大学生的，我又拿不到好处关我啥事，貌似把他激怒了，研一开学两个月就和我来了句你这样是会延毕的，我笑了，要,"标题：研一开学两个月快三个月

正文：今天小导找我，问我为什么不做实验为什么不和本科生交流（他之前让我带本科生搞大学生创业大赛），我说我不知道要做实验（因为我不是搞化学的，我本科是电子的，鬼知道读了研让我搞什么钙钛矿），然后就开始各种push，什么你不做实验，没有数据，怎么去写论文，我说你不是说这是大学生创业的吗？甚至连论文写出来都是给大学生的，我又拿不到好处关我啥事，貌似把他激怒了，研一开学两个月就和我来了句你这样是会延毕的，我笑了，要",,https://tieba.baidu.com/p/10275142162,matched,pending_review,,来源存疑样本；已抓到列表摘要正文；仅作人工复核池，勿直接并入正式训练集,uncertain_redirect_round5_pool.csv
10293510709,研究生,研究生,小鼠是某双非自动化类专业大一，很好奇为什么说读研比考研累,虽然听是这么听了，但我还是不明白，究竟累在什么地方。如果有好心的研究生✌🏻路过能不能给我讲讲，如果工科读研会累在什么地方？工科譬如计算机，控制类也会做实验一整天熬在实验室里面吗？也要读一堆英文论文吗？导师会给你讲解吗还是自己弄懒得管你那种。。。 小鼠对读研这块还是没什么概念捏，有没有路过的好心人讲一讲 附我最近去吃的餐厅镇楼,"标题：小鼠是某双非自动化类专业大一，很好奇为什么说读研比考研累

正文：虽然听是这么听了，但我还是不明白，究竟累在什么地方。如果有好心的研究生✌🏻路过能不能给我讲讲，如果工科读研会累在什么地方？工科譬如计算机，控制类也会做实验一整天熬在实验室里面吗？也要读一堆英文论文吗？导师会给你讲解吗还是自己弄懒得管你那种。。。 小鼠对读研这块还是没什么概念捏，有没有路过的好心人讲一讲 附我最近去吃的餐厅镇楼",,https://tieba.baidu.com/p/10293510709,matched,pending_review,,来源存疑样本；已抓到列表摘要正文；仅作人工复核池，勿直接并入正式训练集,uncertain_redirect_round5_pool.csv
10334017843,研究生,研究生,本人研一，某211读研,由于课题组小导十分压榨，早九晚十，一周七天，本人受不了了，想找工作退学，目前已经找了一个工作，想要退学;但是提出退学以后，大导说不要轻易放弃研究生身份，建议我换个导师继续读，父母说想读书就换导师读，不想读就退学工作，怎么办，好纠结，我怕找不到可以接收我的导师，最终还是留在原课题组，那还不如死了，有没有大哥给点建议,"标题：本人研一，某211读研

正文：由于课题组小导十分压榨，早九晚十，一周七天，本人受不了了，想找工作退学，目前已经找了一个工作，想要退学;但是提出退学以后，大导说不要轻易放弃研究生身份，建议我换个导师继续读，父母说想读书就换导师读，不想读就退学工作，怎么办，好纠结，我怕找不到可以接收我的导师，最终还是留在原课题组，那还不如死了，有没有大哥给点建议",,https://tieba.baidu.com/p/10334017843,matched,pending_review,,来源存疑样本；已抓到列表摘要正文；仅作人工复核池，勿直接并入正式训练集,uncertain_redirect_round5_pool.csv
10356633922,研究生,研究生,学长学姐们，考研失败了，接下来该怎么办,像刚刚，我爸我妈又吵架啦～我妈逼着我考硕士，考博士，我爸让我继续工作，把这个家庭都弄了砸锅砸碗，屁股尿流的。 我也不知道该怎么选，但是我也没有加入他们的争吵。只是安安静静的做自己的事儿，心平气和地和他们沟通 才新年第一天，就这样，以后的364天该怎么过,"标题：学长学姐们，考研失败了，接下来该怎么办

正文：像刚刚，我爸我妈又吵架啦～我妈逼着我考硕士，考博士，我爸让我继续工作，把这个家庭都弄了砸锅砸碗，屁股尿流的。 我也不知道该怎么选，但是我也没有加入他们的争吵。只是安安静静的做自己的事儿，心平气和地和他们沟通 才新年第一天，就这样，以后的364天该怎么过",,https://tieba.baidu.com/p/10356633922,matched,pending_review,,来源存疑样本；已抓到列表摘要正文；仅作人工复核池，勿直接并入正式训练集,uncertain_redirect_round5_pool.csv
10392798337,研究生,研究生,本科生准备发论文导师想拿一作,rt，本人是一个大三本科生，上学期进了个实验室想着发篇论文考研复试有帮助。呆到现在快8个月，现在准备发一篇a会（虽然大概率中不了），整个过程导师除了提供两张卡和每周一次的组会还有现在可能在帮我的论文把把关，其他什么都没做。idea和实验包括论文都是我一个人搞的。想着搞出一篇论文不管是对考研复试还是毕业论文都有帮助。现在一句话把一作给他，国外期刊又没通讯作者的说法，真的好不甘心。想问问大家这个文章我二作的话，,"标题：本科生准备发论文导师想拿一作

正文：rt，本人是一个大三本科生，上学期进了个实验室想着发篇论文考研复试有帮助。呆到现在快8个月，现在准备发一篇a会（虽然大概率中不了），整个过程导师除了提供两张卡和每周一次的组会还有现在可能在帮我的论文把把关，其他什么都没做。idea和实验包括论文都是我一个人搞的。想着搞出一篇论文不管是对考研复试还是毕业论文都有帮助。现在一句话把一作给他，国外期刊又没通讯作者的说法，真的好不甘心。想问问大家这个文章我二作的话，",,https://tieba.baidu.com/p/10392798337,matched,pending_review,,来源存疑样本；已抓到列表摘要正文；仅作人工复核池，勿直接并入正式训练集,uncertain_redirect_round5_pool.csv
10514044136,研究生,研究生,请问大家是读研痛苦还是工作痛苦,女生，浙大工科，本科在读，未来也计划继续读研。上了大学之后，常常陷入一种无力的痛苦，专业课难度大，想努力却找不到节奏，越卷越迷茫，内驱力越来越低。身边也没什么能支撑自己往前走的力量，一想到未来还要读研，就很担心自己会撑不住，甚至陷入抑郁。目前这个阶级是，学习的苦，不是课本上的。会有人说为什么这样想，承担的业力痛苦不一样，不一样的苦，不一样的感受，对事业也没兴趣，只想享受人生，没有生存压力，也就缺乏,"标题：请问大家是读研痛苦还是工作痛苦

正文：女生，浙大工科，本科在读，未来也计划继续读研。上了大学之后，常常陷入一种无力的痛苦，专业课难度大，想努力却找不到节奏，越卷越迷茫，内驱力越来越低。身边也没什么能支撑自己往前走的力量，一想到未来还要读研，就很担心自己会撑不住，甚至陷入抑郁。目前这个阶级是，学习的苦，不是课本上的。会有人说为什么这样想，承担的业力痛苦不一样，不一样的苦，不一样的感受，对事业也没兴趣，只想享受人生，没有生存压力，也就缺乏",,https://tieba.baidu.com/p/10514044136,matched,pending_review,,来源存疑样本；已抓到列表摘要正文；仅作人工复核池，勿直接并入正式训练集,uncertain_redirect_round5_pool.csv
10550668506,研究生,研究生,大论文写完了，分享一下我的中国好导师,一转眼硕士三年就要结束了，回望过去的三年简直如同爽文一般，现在想来都觉得不可思议，很大程度上都要归功于我的导师，顺便回忆一下过去三年的美好生活，下面细说,"标题：大论文写完了，分享一下我的中国好导师

正文：一转眼硕士三年就要结束了，回望过去的三年简直如同爽文一般，现在想来都觉得不可思议，很大程度上都要归功于我的导师，顺便回忆一下过去三年的美好生活，下面细说",,https://tieba.baidu.com/p/10550668506,matched,pending_review,,来源存疑样本；已抓到列表摘要正文；仅作人工复核池，勿直接并入正式训练集,uncertain_redirect_round5_pool.csv
10550679597,研究生,研究生,快毕业了，盘点一下我读研期间遇到的逆天室友,慢更,"标题：快毕业了，盘点一下我读研期间遇到的逆天室友

正文：慢更",,https://tieba.baidu.com/p/10550679597,matched,pending_review,,来源存疑样本；已抓到列表摘要正文；仅作人工复核池，勿直接并入正式训练集,uncertain_redirect_round5_pool.csv
10555143909,研究生,研究生,双非的硕有什么读的价值吗？,我最近在想这个事，我本人二本，考的是一个北方的双一流的硕，但不是那个双一流专业的硕，专业是控制科学与工程，评级只有c加，想问问要是读了在天津能找个说点过去的工作吗？,"标题：双非的硕有什么读的价值吗？

正文：我最近在想这个事，我本人二本，考的是一个北方的双一流的硕，但不是那个双一流专业的硕，专业是控制科学与工程，评级只有c加，想问问要是读了在天津能找个说点过去的工作吗？",,https://tieba.baidu.com/p/10555143909,matched,pending_review,,来源存疑样本；已抓到列表摘要正文；仅作人工复核池，勿直接并入正式训练集,uncertain_redirect_round5_pool.csv
10569620530,研究生,研究生,谁懂混了个硕士，水平还不如大专,本科专业电子科学技术，一级学科，学的很杂很多，什么嵌入式，单片机fpga，半导体啥的都学。但是我当时主要倾向找fpga方向工作，后面迷迷糊糊地选择考研。当时我堂哥给我说射频方向不错，就考了电磁场专业，结果学什么天线，微波等，都是没接触过的新的东西。但是我导师给我的研究方向是材料，我想着找工作就自学射频吧，好不容易找了个硬件岗，入职了才发现要画pcb，要设计原理图，也就是我本科学的单片机嵌入式那些，但是我现在的水,"标题：谁懂混了个硕士，水平还不如大专

正文：本科专业电子科学技术，一级学科，学的很杂很多，什么嵌入式，单片机fpga，半导体啥的都学。但是我当时主要倾向找fpga方向工作，后面迷迷糊糊地选择考研。当时我堂哥给我说射频方向不错，就考了电磁场专业，结果学什么天线，微波等，都是没接触过的新的东西。但是我导师给我的研究方向是材料，我想着找工作就自学射频吧，好不容易找了个硬件岗，入职了才发现要画pcb，要设计原理图，也就是我本科学的单片机嵌入式那些，但是我现在的水",,https://tieba.baidu.com/p/10569620530,matched,pending_review,,来源存疑样本；已抓到列表摘要正文；仅作人工复核池，勿直接并入正式训练集,uncertain_redirect_round5_pool.csv
10591487082,研究生,研究生,研究生生涯回忆贴,#(吐舌) #(吐舌) #(吐舌),"标题：研究生生涯回忆贴

正文：#(吐舌) #(吐舌) #(吐舌)",,https://tieba.baidu.com/p/10591487082,matched,pending_review,,来源存疑样本；已抓到列表摘要正文；仅作人工复核池，勿直接并入正式训练集,uncertain_redirect_round5_pool.csv
10595192234,研究生,研究生,研究生的生活都是什么呀,本人是高中生，印象里的研究生就是专心致志做研究的，比如说你选数学啥的，就是沉浸在数字几何的世界里，真实的研究生生活是什么样啊，？,"标题：研究生的生活都是什么呀

正文：本人是高中生，印象里的研究生就是专心致志做研究的，比如说你选数学啥的，就是沉浸在数字几何的世界里，真实的研究生生活是什么样啊，？",,https://tieba.baidu.com/p/10595192234,matched,pending_review,,来源存疑样本；已抓到列表摘要正文；仅作人工复核池，勿直接并入正式训练集,uncertain_redirect_round5_pool.csv
10596846951,研究生,研究生,导师风评很差能光速退学吗,小登今年今年ip某2大三，准备考研的同时联系了一个导师做比赛，想要混个奖。 结果认识不到12小时就被那个导师各种贬低、爆粗口、push和PUA，就差跳起来扒开我的嘴往里面拉了。 反正最后就是受不了了，马上撒丫子跑路。 现在对考研这个事情有点动摇了，研究生的导师都这么恐怖吗？ 如果到时候考研分到的导师不好，是不是应该光速退学先找份工作。,"标题：导师风评很差能光速退学吗

正文：小登今年今年ip某2大三，准备考研的同时联系了一个导师做比赛，想要混个奖。 结果认识不到12小时就被那个导师各种贬低、爆粗口、push和PUA，就差跳起来扒开我的嘴往里面拉了。 反正最后就是受不了了，马上撒丫子跑路。 现在对考研这个事情有点动摇了，研究生的导师都这么恐怖吗？ 如果到时候考研分到的导师不好，是不是应该光速退学先找份工作。",,https://tieba.baidu.com/p/10596846951,matched,pending_review,,来源存疑样本；已抓到列表摘要正文；仅作人工复核池，勿直接并入正式训练集,uncertain_redirect_round5_pool.csv
10598826690,研究生,研究生,如何找放养型导师,楼主考研就像混个学历然后上班去，不想被压榨死，想要自由的时间，请问吧里大佬们如何判断一个导师是不是放养型的,"标题：如何找放养型导师

正文：楼主考研就像混个学历然后上班去，不想被压榨死，想要自由的时间，请问吧里大佬们如何判断一个导师是不是放养型的",,https://tieba.baidu.com/p/10598826690,matched,pending_review,,来源存疑样本；已抓到列表摘要正文；仅作人工复核池，勿直接并入正式训练集,uncertain_redirect_round5_pool.csv
10599257617,研究生,研究生,有点小紧张,兄弟姐妹们，今天拟录取了，之前联系的导师让我晚上去跟他和另外两个联系他的同学一起吃个饭，可能还有师兄师姐。现在有点紧张，想问问大家有没有什么说话做事的建议，感谢感谢,"标题：有点小紧张

正文：兄弟姐妹们，今天拟录取了，之前联系的导师让我晚上去跟他和另外两个联系他的同学一起吃个饭，可能还有师兄师姐。现在有点紧张，想问问大家有没有什么说话做事的建议，感谢感谢",,https://tieba.baidu.com/p/10599257617,matched,pending_review,,来源存疑样本；已抓到列表摘要正文；仅作人工复核池，勿直接并入正式训练集,uncertain_redirect_round5_pool.csv
10600542655,研究生,研究生,有人和我课题组一样畜牲的吗……,课题组之前一般每周一次组会，其实这样习惯了也还好吧，平时也基本不push，此之前感觉我们组也还行。但是最近发生的事真让我忍不住开骂了：上上周当时突然说不开组会我还暗自窃喜居然能歇一周，结果上周我都准备好汇报内容了又突然说不开，结果这周遇上清明节突然说开组会什么畜牲行为，清明节啊大哥…………说开组会……这什么畜牲行为啊…………平时不开节假日开这种行为我真的无法理解啊，有谁和我一样清明节当天开组会的吗……,"标题：有人和我课题组一样畜牲的吗……

正文：课题组之前一般每周一次组会，其实这样习惯了也还好吧，平时也基本不push，此之前感觉我们组也还行。但是最近发生的事真让我忍不住开骂了：上上周当时突然说不开组会我还暗自窃喜居然能歇一周，结果上周我都准备好汇报内容了又突然说不开，结果这周遇上清明节突然说开组会什么畜牲行为，清明节啊大哥…………说开组会……这什么畜牲行为啊…………平时不开节假日开这种行为我真的无法理解啊，有谁和我一样清明节当天开组会的吗……",,https://tieba.baidu.com/p/10600542655,matched,pending_review,,来源存疑样本；已抓到列表摘要正文；仅作人工复核池，勿直接并入正式训练集,uncertain_redirect_round5_pool.csv
10601545853,研究生,研究生,不想去实验室，可以不去吗？,我一个人在校外租房子，特别安静，写论文效率更高，实验室太吵了，没啥效率,"标题：不想去实验室，可以不去吗？

正文：我一个人在校外租房子，特别安静，写论文效率更高，实验室太吵了，没啥效率",,https://tieba.baidu.com/p/10601545853,matched,pending_review,,来源存疑样本；已抓到列表摘要正文；仅作人工复核池，勿直接并入正式训练集,uncertain_redirect_round5_pool.csv
10604500604,研究生,研究生,想问问各位研究生们,读研真的有这么恐怖吗，最近看贴吧，感觉很多人想退学 ，压力大生活痛苦，比高中都累，给我真吓哭了。,"标题：想问问各位研究生们

正文：读研真的有这么恐怖吗，最近看贴吧，感觉很多人想退学 ，压力大生活痛苦，比高中都累，给我真吓哭了。",,https://tieba.baidu.com/p/10604500604,matched,pending_review,,来源存疑样本；已抓到列表摘要正文；仅作人工复核池，勿直接并入正式训练集,uncertain_redirect_round5_pool.csv
10607010967,研究生,研究生,年轻硕导可以读吗,调剂联系了个老师，双非理工院校，一个年轻的30来岁的女老师，加微信聊了感觉还可以，看她履历本硕博都是9，我对名校有滤镜，以后读博老师能给推荐吗,"标题：年轻硕导可以读吗

正文：调剂联系了个老师，双非理工院校，一个年轻的30来岁的女老师，加微信聊了感觉还可以，看她履历本硕博都是9，我对名校有滤镜，以后读博老师能给推荐吗",,https://tieba.baidu.com/p/10607010967,matched,pending_review,,来源存疑样本；已抓到列表摘要正文；仅作人工复核池，勿直接并入正式训练集,uncertain_redirect_round5_pool.csv
10607547492,研究生,研究生,原来读研是真的会遇到这种老师😒,抢一作已经不是第一次出现了，包括师兄姐们也是一样发文章永远只能二作，别人基本都有一作拿，到我们这你想都不要想，这次还拿我找科研辅导的事威胁我，我是真的无语，他平时又不指导又要成果，不发就不让毕业 还有一点就是妇唱夫随，一个唱红脸一个唱白脸他俩的学生没有一个是自愿主动联系他们的，都被骗了。 学生都要对他们有价值，才能过得乐滋滋，但是我就是比较混的人，啥也不会，感觉待下去要被骂死被pua，而且我很敏感，他们,"标题：原来读研是真的会遇到这种老师😒

正文：抢一作已经不是第一次出现了，包括师兄姐们也是一样发文章永远只能二作，别人基本都有一作拿，到我们这你想都不要想，这次还拿我找科研辅导的事威胁我，我是真的无语，他平时又不指导又要成果，不发就不让毕业 还有一点就是妇唱夫随，一个唱红脸一个唱白脸他俩的学生没有一个是自愿主动联系他们的，都被骗了。 学生都要对他们有价值，才能过得乐滋滋，但是我就是比较混的人，啥也不会，感觉待下去要被骂死被pua，而且我很敏感，他们",,https://tieba.baidu.com/p/10607547492,matched,pending_review,,来源存疑样本；已抓到列表摘要正文；仅作人工复核池，勿直接并入正式训练集,uncertain_redirect_round5_pool.csv
10608681656,研究生,研究生,研究生换导师求助,因为刚入学对研究生科研生活不懂，加上自己刚开始不懂人情世故，老师给安排的师兄不想带我，老师对我印象很差 还说我要是再这样就让我自己换课题组，虽然如此，因为我也知道组里老师都喜欢说这句话，但是后面每次拿这个压人，搞得我都不想找老师，自己课题也没推进，昨天跟老师摊牌，老师说不管我了，她负责签字就行，但是走了后我早知道找导师那么难，我该怎么办呀，原课题组已经回不去了,"标题：研究生换导师求助

正文：因为刚入学对研究生科研生活不懂，加上自己刚开始不懂人情世故，老师给安排的师兄不想带我，老师对我印象很差 还说我要是再这样就让我自己换课题组，虽然如此，因为我也知道组里老师都喜欢说这句话，但是后面每次拿这个压人，搞得我都不想找老师，自己课题也没推进，昨天跟老师摊牌，老师说不管我了，她负责签字就行，但是走了后我早知道找导师那么难，我该怎么办呀，原课题组已经回不去了",,https://tieba.baidu.com/p/10608681656,matched,pending_review,,来源存疑样本；已抓到列表摘要正文；仅作人工复核池，勿直接并入正式训练集,uncertain_redirect_round5_pool.csv
10609497620,研究生,研究生,硕士毕业后发现高中知识是真的很重要有没有懂的,毕业后在一家私立学校当高中生物老师，目前快一年了。这高中生物知识边教边回顾，才发现里面尤其实验部分的内容特别详实，从实验步骤到注意事项吊打大部分论文。 我读研的时候做的微生物相关内容，当初刚开始做实验之前看了很多论文但真到自己上手做的时候始终有种两眼一抹黑的感觉，总结的实验步骤这里那里都有点问题，而且描述的不直观，得靠自己上手摸索或者请教师兄才行。但是高中教材的实验里就没有这样的问题，步骤非常清晰,"标题：硕士毕业后发现高中知识是真的很重要有没有懂的

正文：毕业后在一家私立学校当高中生物老师，目前快一年了。这高中生物知识边教边回顾，才发现里面尤其实验部分的内容特别详实，从实验步骤到注意事项吊打大部分论文。 我读研的时候做的微生物相关内容，当初刚开始做实验之前看了很多论文但真到自己上手做的时候始终有种两眼一抹黑的感觉，总结的实验步骤这里那里都有点问题，而且描述的不直观，得靠自己上手摸索或者请教师兄才行。但是高中教材的实验里就没有这样的问题，步骤非常清晰",,https://tieba.baidu.com/p/10609497620,matched,pending_review,,来源存疑样本；已抓到列表摘要正文；仅作人工复核池，勿直接并入正式训练集,uncertain_redirect_round5_pool.csv
10609844874,研究生,研究生,放假回来迟两个小时被导师指着骂,研一 家里老人身体不适了 清明假期回去几天看看 家比较远要十几个小时动车 实验室要求收假那天8:30之前到 老师问有没有不能准时到的 我说一声我早十点后才能到 被老师当场指着骂 日常说说我啥的我都忍了 但这次我想问这种情况是什么大错吗 至于指着骂我吗？想换老师或者退学,"标题：放假回来迟两个小时被导师指着骂

正文：研一 家里老人身体不适了 清明假期回去几天看看 家比较远要十几个小时动车 实验室要求收假那天8:30之前到 老师问有没有不能准时到的 我说一声我早十点后才能到 被老师当场指着骂 日常说说我啥的我都忍了 但这次我想问这种情况是什么大错吗 至于指着骂我吗？想换老师或者退学",,https://tieba.baidu.com/p/10609844874,matched,pending_review,,来源存疑样本；已抓到列表摘要正文；仅作人工复核池，勿直接并入正式训练集,uncertain_redirect_round5_pool.csv
10610223146,研究生,研究生,关于研究生课题组作息,目前研0，我导师告诉我课题组早上8：30打卡，晚上8-9点回，上六休一，这个作息正常吗,"标题：关于研究生课题组作息

正文：目前研0，我导师告诉我课题组早上8：30打卡，晚上8-9点回，上六休一，这个作息正常吗",,https://tieba.baidu.com/p/10610223146,matched,pending_review,,来源存疑样本；已抓到列表摘要正文；仅作人工复核池，勿直接并入正式训练集,uncertain_redirect_round5_pool.csv
10611199611,研究生,研究生,求助，横向项目多的导师能去吗,这个导师主动联系我，说他手底下有很多军工相关的横向项目，还说参加这些项目对我以后找工作有帮助，可以当实习经历用。这是真的吗在网上看到人说横向项目不好，有没有大佬帮我分析一下（PS:我是专硕）,"标题：求助，横向项目多的导师能去吗

正文：这个导师主动联系我，说他手底下有很多军工相关的横向项目，还说参加这些项目对我以后找工作有帮助，可以当实习经历用。这是真的吗在网上看到人说横向项目不好，有没有大佬帮我分析一下（PS:我是专硕）",,https://tieba.baidu.com/p/10611199611,matched,pending_review,,来源存疑样本；已抓到列表摘要正文；仅作人工复核池，勿直接并入正式训练集,uncertain_redirect_round5_pool.csv
10611210386,研究生,研究生,高中毕业生想考研,大佬们，高中毕业混了两年社会，不甘心就这么沉沉浮浮，想要自考本科，然后以非全本科身份报考研究生，目前知识储备其他学科都是初中水平，高中因为身体原因几乎都没怎么学习，只有数学在高一考过几次140+，但是后面因为身体原因也彻底摆烂，一点没学，英语更是小学水平都没有，目前想法是备考个三四年，想考个985或211研究生，是不是有点异想天开了,"标题：高中毕业生想考研

正文：大佬们，高中毕业混了两年社会，不甘心就这么沉沉浮浮，想要自考本科，然后以非全本科身份报考研究生，目前知识储备其他学科都是初中水平，高中因为身体原因几乎都没怎么学习，只有数学在高一考过几次140+，但是后面因为身体原因也彻底摆烂，一点没学，英语更是小学水平都没有，目前想法是备考个三四年，想考个985或211研究生，是不是有点异想天开了",,https://tieba.baidu.com/p/10611210386,matched,pending_review,,来源存疑样本；已抓到列表摘要正文；仅作人工复核池，勿直接并入正式训练集,uncertain_redirect_round5_pool.csv
10611486469,研究生,研究生,说错话了怎么办,lz今年研一。今天上导师的课，下课的时候同桌先是说导师很优秀，然后问我导师要求这么严格（每个月要求提交一篇5000字小论文以及日常各种任务），我为什么还选这个导师，我回答说这样可以锻炼自己。其实到这里是没有任何问题的。 但可能是因为上了一整天课的原因，加上导师知识面太广了，听完课脑袋有点懵懵的，然后就说了句蠢话：“还有一个原因就是我之前被好几个老师拒了”。直到回到寝室发现老师没回我消息我才联想起来这回事儿,"标题：说错话了怎么办

正文：lz今年研一。今天上导师的课，下课的时候同桌先是说导师很优秀，然后问我导师要求这么严格（每个月要求提交一篇5000字小论文以及日常各种任务），我为什么还选这个导师，我回答说这样可以锻炼自己。其实到这里是没有任何问题的。 但可能是因为上了一整天课的原因，加上导师知识面太广了，听完课脑袋有点懵懵的，然后就说了句蠢话：“还有一个原因就是我之前被好几个老师拒了”。直到回到寝室发现老师没回我消息我才联想起来这回事儿",,https://tieba.baidu.com/p/10611486469,matched,pending_review,,来源存疑样本；已抓到列表摘要正文；仅作人工复核池，勿直接并入正式训练集,uncertain_redirect_round5_pool.csv
10612841830,研究生,研究生,求助一下各位,联系了一个导师，发完邮件没多会就给我打电话，问我读不读博，还要提前当牛马，这种怎么拒,"标题：求助一下各位

正文：联系了一个导师，发完邮件没多会就给我打电话，问我读不读博，还要提前当牛马，这种怎么拒",,https://tieba.baidu.com/p/10612841830,matched,pending_review,,来源存疑样本；已抓到列表摘要正文；仅作人工复核池，勿直接并入正式训练集,uncertain_redirect_round5_pool.csv
10615158848,研究生,研究生,导师求助各位,我考的是学硕，我联系了我们学院的一个副院长，然后他加了我的微信，跟我打电话聊了一些，这个副院长我听学院很多学生说比较有实力，对学生也挺好，但收的基本上都是保研或者考验前几名，他没打算要我，但是把我推荐给了另外一个导师，他说这个导师让他帮忙筛选学生啥的，这个老师比较忙，也不怎么问，横向比较多，属于那种偏放养的，但听那个副院长说让我提前学习啥的，后面会给我推一个研二的学长让我跟他提前学习啥的，让我忙完,"标题：导师求助各位

正文：我考的是学硕，我联系了我们学院的一个副院长，然后他加了我的微信，跟我打电话聊了一些，这个副院长我听学院很多学生说比较有实力，对学生也挺好，但收的基本上都是保研或者考验前几名，他没打算要我，但是把我推荐给了另外一个导师，他说这个导师让他帮忙筛选学生啥的，这个老师比较忙，也不怎么问，横向比较多，属于那种偏放养的，但听那个副院长说让我提前学习啥的，后面会给我推一个研二的学长让我跟他提前学习啥的，让我忙完",,https://tieba.baidu.com/p/10615158848,matched,pending_review,,来源存疑样本；已抓到列表摘要正文；仅作人工复核池，勿直接并入正式训练集,uncertain_redirect_round5_pool.csv
10616719582,研究生,研究生,求助 研0选导师,楼主今年成功上岸华5，目前有两个老师备选。第一位是个快退休的老头，应该是不放实习，但给钱多，组里应该主要做横向吧，问题是问组里的学长，近几年只有一个硕士毕业，其他的都转博士了，学长给的理由是组里本校生多，他们比较爱读博；第二位是个年轻的，愿意放实习，补助稍微少点，但是方向比较偏。 想问一下各位吧u，给出一些看法，尤其是第一个老头那组，会不会是因为硕士毕业不成被迫转博的，因为老头也不是学术很强的那种，二,"标题：求助 研0选导师

正文：楼主今年成功上岸华5，目前有两个老师备选。第一位是个快退休的老头，应该是不放实习，但给钱多，组里应该主要做横向吧，问题是问组里的学长，近几年只有一个硕士毕业，其他的都转博士了，学长给的理由是组里本校生多，他们比较爱读博；第二位是个年轻的，愿意放实习，补助稍微少点，但是方向比较偏。 想问一下各位吧u，给出一些看法，尤其是第一个老头那组，会不会是因为硕士毕业不成被迫转博的，因为老头也不是学术很强的那种，二",,https://tieba.baidu.com/p/10616719582,matched,pending_review,,来源存疑样本；已抓到列表摘要正文；仅作人工复核池，勿直接并入正式训练集,uncertain_redirect_round5_pool.csv
10616834829,研究生,研究生,选导师和调剂总结,选导师 1，学长学姐的评价是最关键的，找人品好的 2，导师很牛怎么样没用，项目多的不是好事——学长学姐的评价是最关键的 3，不要找push的——有些人觉得push的好毕业，放养的不好毕业，纯扯淡，好不好毕业和这个没关系，push的反而经常更难毕业，有时间可以去实习，搞小论文大论文也要花时间的 4，不要管读博那些事，不要说为了接下来有机会读博，所以我现在怎么怎么样，哪怕双非导师给你画饼，我很多学生都去985读博，大概率不是画饼是,"标题：选导师和调剂总结

正文：选导师 1，学长学姐的评价是最关键的，找人品好的 2，导师很牛怎么样没用，项目多的不是好事——学长学姐的评价是最关键的 3，不要找push的——有些人觉得push的好毕业，放养的不好毕业，纯扯淡，好不好毕业和这个没关系，push的反而经常更难毕业，有时间可以去实习，搞小论文大论文也要花时间的 4，不要管读博那些事，不要说为了接下来有机会读博，所以我现在怎么怎么样，哪怕双非导师给你画饼，我很多学生都去985读博，大概率不是画饼是",,https://tieba.baidu.com/p/10616834829,matched,pending_review,,来源存疑样本；已抓到列表摘要正文；仅作人工复核池，勿直接并入正式训练集,uncertain_redirect_round5_pool.csv
10616875784,研究生,研究生,读博会比硕士找工作提升大很多吗,楼主双非本硕，目前考虑要不要读博士,"标题：读博会比硕士找工作提升大很多吗

正文：楼主双非本硕，目前考虑要不要读博士",,https://tieba.baidu.com/p/10616875784,matched,pending_review,,来源存疑样本；已抓到列表摘要正文；仅作人工复核池，勿直接并入正式训练集,uncertain_redirect_round5_pool.csv
10618389674,研究生,研究生,关于读博的老生常谈【剧透】,1. 读博又称赌博，不论国内外都是大坑。赌赢了毕业你这辈子可以在名字前加dr.，自称对某领域的理解达到了哲学范畴。赌输了你就浪费了几年时间。 “相当于你这几年什么也没做嘛” 2. 另外如果你不是何凯明，那么哪怕赌赢了也很可能是惨胜。 3. 你的活导师不可能帮你做，因为你才是世界上最懂这个项目的。你每天所有时间都扑在一个细分的不能再细分的领域上，不懂反而是怪事。 4. 都说导师是你的老板没错，但是实际上导师又不是你老板，他,"标题：关于读博的老生常谈【剧透】

正文：1. 读博又称赌博，不论国内外都是大坑。赌赢了毕业你这辈子可以在名字前加dr.，自称对某领域的理解达到了哲学范畴。赌输了你就浪费了几年时间。 “相当于你这几年什么也没做嘛” 2. 另外如果你不是何凯明，那么哪怕赌赢了也很可能是惨胜。 3. 你的活导师不可能帮你做，因为你才是世界上最懂这个项目的。你每天所有时间都扑在一个细分的不能再细分的领域上，不懂反而是怪事。 4. 都说导师是你的老板没错，但是实际上导师又不是你老板，他",,https://tieba.baidu.com/p/10618389674,matched,pending_review,,来源存疑样本；已抓到列表摘要正文；仅作人工复核池，勿直接并入正式训练集,uncertain_redirect_round5_pool.csv
10618550622,研究生,研究生,草草选了导师,lz考的电子信息，老师主要做通信和信号处理，出了拟录取后就在联系导师，到昨天为止联系了八位老师，有的没名额，有的不回，一位之前初试出分后联系好的老师，但在拟录取第二天联系时也给我说没名额了，明明自己复试后的综合成绩还挺靠前的，不知道是不是自己联系的太晚了。 由于担心最后谁也联系不上，然后被分配到口碑很差没人选的那几位老师里，于是今天联系了一位存在感好像比较低的年轻老师，虽然这位老师是九几年的大不了我十,"标题：草草选了导师

正文：lz考的电子信息，老师主要做通信和信号处理，出了拟录取后就在联系导师，到昨天为止联系了八位老师，有的没名额，有的不回，一位之前初试出分后联系好的老师，但在拟录取第二天联系时也给我说没名额了，明明自己复试后的综合成绩还挺靠前的，不知道是不是自己联系的太晚了。 由于担心最后谁也联系不上，然后被分配到口碑很差没人选的那几位老师里，于是今天联系了一位存在感好像比较低的年轻老师，虽然这位老师是九几年的大不了我十",,https://tieba.baidu.com/p/10618550622,matched,pending_review,,来源存疑样本；已抓到列表摘要正文；仅作人工复核池，勿直接并入正式训练集,uncertain_redirect_round5_pool.csv
10618609173,研究生,研究生,组会前焦虑,混子读研是真的难受啊，lz导师是组里大导，基本就没有管我，lz研一组会是全组研一一起开，每月一次，研一上开组会都只有组里的小导在，所以汇报几篇文献就混过去了，这学期刚开学开组会大导就来了，直接就是被骂了，还说了组里有末位淘汰，以前压根没听说过，被骂完那周还想努努力学东西，看看文献，找了同方向的硕士文献看看，企图复现人家的仿真实验，由于我的方向研二没人做，想做实验就只能联系研三师兄，但是师兄没时间，但是,"标题：组会前焦虑

正文：混子读研是真的难受啊，lz导师是组里大导，基本就没有管我，lz研一组会是全组研一一起开，每月一次，研一上开组会都只有组里的小导在，所以汇报几篇文献就混过去了，这学期刚开学开组会大导就来了，直接就是被骂了，还说了组里有末位淘汰，以前压根没听说过，被骂完那周还想努努力学东西，看看文献，找了同方向的硕士文献看看，企图复现人家的仿真实验，由于我的方向研二没人做，想做实验就只能联系研三师兄，但是师兄没时间，但是",,https://tieba.baidu.com/p/10618609173,matched,pending_review,,来源存疑样本；已抓到列表摘要正文；仅作人工复核池，勿直接并入正式训练集,uncertain_redirect_round5_pool.csv
10619607123,研究生,研究生,各位考上研了的能否说一下，在读研期间能否有工资啊，有大概是多,各位考上研了的能否说一下，在读研期间能否有工资啊，有大概是多少？还听说奖学金是覆盖学费的,各位考上研了的能否说一下，在读研期间能否有工资啊，有大概是多少？还听说奖学金是覆盖学费的,,https://tieba.baidu.com/p/10619607123,matched,pending_review,,来源存疑样本；已抓到列表摘要正文；仅作人工复核池，勿直接并入正式训练集,uncertain_redirect_round5_pool.csv
10619713493,研究生,研究生,研0️⃣联系导师,初试成绩还可以，复试表现比较差，但还是拟录取了。前几天联系了一个导师，加他微信后说联系他的人很多，不确定能招哪几个，所以拉了一个群，在里面发些资料让我们自主学习，开学前再来次“复试”，才决定要哪些人。准备联系其他导师，但是我所知且仅知的的另外一个导师也是这样，只能等分配了吗,"标题：研0️⃣联系导师

正文：初试成绩还可以，复试表现比较差，但还是拟录取了。前几天联系了一个导师，加他微信后说联系他的人很多，不确定能招哪几个，所以拉了一个群，在里面发些资料让我们自主学习，开学前再来次“复试”，才决定要哪些人。准备联系其他导师，但是我所知且仅知的的另外一个导师也是这样，只能等分配了吗",,https://tieba.baidu.com/p/10619713493,matched,pending_review,,来源存疑样本；已抓到列表摘要正文；仅作人工复核池，勿直接并入正式训练集,uncertain_redirect_round5_pool.csv
10620988936,研究生,研究生,22岁的我站在人生的路口,我原本规划好了接下来的节奏：4-5月把驾照彻底考完，五月顺利完成毕业论文答辩，紧接着六月赶回老家找一份实习，一直做到八月份。可眼下各类信息杂乱无章，我反复琢磨了近一周，非但没有理清思路，反倒陷入了深深的迷茫。 这段时间，我陆续向BAT等头部大厂投递了实习简历，却全都石沉大海，没有丝毫回音。经济学里总说“沉没成本不参与决策”，可我实实在在投入了大把时间和精力，却没有换来一丁点正向收益，感觉自己一直在不断投入,"标题：22岁的我站在人生的路口

正文：我原本规划好了接下来的节奏：4-5月把驾照彻底考完，五月顺利完成毕业论文答辩，紧接着六月赶回老家找一份实习，一直做到八月份。可眼下各类信息杂乱无章，我反复琢磨了近一周，非但没有理清思路，反倒陷入了深深的迷茫。 这段时间，我陆续向BAT等头部大厂投递了实习简历，却全都石沉大海，没有丝毫回音。经济学里总说“沉没成本不参与决策”，可我实实在在投入了大把时间和精力，却没有换来一丁点正向收益，感觉自己一直在不断投入",,https://tieba.baidu.com/p/10620988936,matched,pending_review,,来源存疑样本；已抓到列表摘要正文；仅作人工复核池，勿直接并入正式训练集,uncertain_redirect_round5_pool.csv
10622172721,研究生,研究生,研二下，进度慢，难受,rt，3月份开学之后找小导汇报了课题进展，小导人性格很好，平常也不会骂我啥的，就是昨天汇报的时候提醒我说课题想的不太深入，做的都是一些浮于表面的东西，让我抓紧时间，再回去好好想想过几天做个大纲发给她再沟通。我的课题没有实验，而且课题内容也很泛很空。哎，一直郁闷到现在，吧友们能给我支支招么,"标题：研二下，进度慢，难受

正文：rt，3月份开学之后找小导汇报了课题进展，小导人性格很好，平常也不会骂我啥的，就是昨天汇报的时候提醒我说课题想的不太深入，做的都是一些浮于表面的东西，让我抓紧时间，再回去好好想想过几天做个大纲发给她再沟通。我的课题没有实验，而且课题内容也很泛很空。哎，一直郁闷到现在，吧友们能给我支支招么",,https://tieba.baidu.com/p/10622172721,matched,pending_review,,来源存疑样本；已抓到列表摘要正文；仅作人工复核池，勿直接并入正式训练集,uncertain_redirect_round5_pool.csv
10622642328,研究生,研究生,导师方向和最终就业联系大吗,rt，我考到一个南京控制的学校，联系一个导师是搞机器手算法和机器视觉+深度学习的，学校不是92感觉这个跟了就业不太好，要不要跟呢 ，学长说是放实习，毕业要满足学校+一个专利,"标题：导师方向和最终就业联系大吗

正文：rt，我考到一个南京控制的学校，联系一个导师是搞机器手算法和机器视觉+深度学习的，学校不是92感觉这个跟了就业不太好，要不要跟呢 ，学长说是放实习，毕业要满足学校+一个专利",,https://tieba.baidu.com/p/10622642328,matched,pending_review,,来源存疑样本；已抓到列表摘要正文；仅作人工复核池，勿直接并入正式训练集,uncertain_redirect_round5_pool.csv
10622844230,研究生,研究生,辛苦研究五年的课题被他们抢走了 该怎么办,研究了五年的课题，被同组博士后师兄截胡抢先发表了。课题进展我只给导师汇报过，找他对质时，他先是装傻，随后直接摊牌，要求我把课题让给他的博士后。 这个课题是我自费找科研辅导老师帮忙推的，眼看所有工作完成、只差发表，却被自己人摆了一道，五年心血付诸东流。 我一个小小博士生根本无力抗衡…… 原本希望合作发表、争取一作满足毕业条件，如今彻底没了指望，我现在只想维护自己的权益。 接下来准备向学校学术委员会申诉维,"标题：辛苦研究五年的课题被他们抢走了 该怎么办

正文：研究了五年的课题，被同组博士后师兄截胡抢先发表了。课题进展我只给导师汇报过，找他对质时，他先是装傻，随后直接摊牌，要求我把课题让给他的博士后。 这个课题是我自费找科研辅导老师帮忙推的，眼看所有工作完成、只差发表，却被自己人摆了一道，五年心血付诸东流。 我一个小小博士生根本无力抗衡…… 原本希望合作发表、争取一作满足毕业条件，如今彻底没了指望，我现在只想维护自己的权益。 接下来准备向学校学术委员会申诉维",,https://tieba.baidu.com/p/10622844230,matched,pending_review,,来源存疑样本；已抓到列表摘要正文；仅作人工复核池，勿直接并入正式训练集,uncertain_redirect_round5_pool.csv
10622881656,研究生,研究生,双非发论文可以在北京92面试中加分吗？,双非二本大一计科，目标就是北京那堆北字头的不歧视双非的92 今天我的docter和我说，要带我本科（我觉得是大三前）发个sci，对复试加分吗 可能需要逃课干活什么的，不过我目前的学习成本是大概一年~ 求教各位了,"标题：双非发论文可以在北京92面试中加分吗？

正文：双非二本大一计科，目标就是北京那堆北字头的不歧视双非的92 今天我的docter和我说，要带我本科（我觉得是大三前）发个sci，对复试加分吗 可能需要逃课干活什么的，不过我目前的学习成本是大概一年~ 求教各位了",,https://tieba.baidu.com/p/10622881656,matched,pending_review,,来源存疑样本；已抓到列表摘要正文；仅作人工复核池，勿直接并入正式训练集,uncertain_redirect_round5_pool.csv
10622988850,研究生,研究生,请问这个一导和二导是什么意思,我联系了一个导师说让我选他做二导问他什么意思他也不回我了到现在也没搞明白,"标题：请问这个一导和二导是什么意思

正文：我联系了一个导师说让我选他做二导问他什么意思他也不回我了到现在也没搞明白",,https://tieba.baidu.com/p/10622988850,matched,pending_review,,来源存疑样本；已抓到列表摘要正文；仅作人工复核池，勿直接并入正式训练集,uncertain_redirect_round5_pool.csv
10623333599,研究生,研究生,工科研究方向到底重要吗,🐭🐭今年刚上岸一个双非硕控制，最近一直在找导师，虽然我感觉我已经算快的，但是无人机方向已经被占满了，剩下的导师都大多数是偏控制理论的，有一些都没实物，想问问大家这个研究方向该如何取舍，会不会找个有实物的好一点，就业的话区别会不会很大，最近选不到心仪的方向实在是焦虑,"标题：工科研究方向到底重要吗

正文：🐭🐭今年刚上岸一个双非硕控制，最近一直在找导师，虽然我感觉我已经算快的，但是无人机方向已经被占满了，剩下的导师都大多数是偏控制理论的，有一些都没实物，想问问大家这个研究方向该如何取舍，会不会找个有实物的好一点，就业的话区别会不会很大，最近选不到心仪的方向实在是焦虑",,https://tieba.baidu.com/p/10623333599,matched,pending_review,,来源存疑样本；已抓到列表摘要正文；仅作人工复核池，勿直接并入正式训练集,uncertain_redirect_round5_pool.csv
10623568795,研究生,研究生,硕士大论文工作量问题,楼主是研二下，通信计算机类的，大论文第一个点的工作量做得比较扎实，中了一篇一区top。 第二个点想混一混了，实在不想搞太多了 (不想做黑奴了)。 后面写大论文可能第二个点的工作量和第一个点不怎么对等 (第一部分公式，实验图表这类的都要多一些)。 想问问大家这种情况，后面盲审、答辩会不会影响比较大？,"标题：硕士大论文工作量问题

正文：楼主是研二下，通信计算机类的，大论文第一个点的工作量做得比较扎实，中了一篇一区top。 第二个点想混一混了，实在不想搞太多了 (不想做黑奴了)。 后面写大论文可能第二个点的工作量和第一个点不怎么对等 (第一部分公式，实验图表这类的都要多一些)。 想问问大家这种情况，后面盲审、答辩会不会影响比较大？",,https://tieba.baidu.com/p/10623568795,matched,pending_review,,来源存疑样本；已抓到列表摘要正文；仅作人工复核池，勿直接并入正式训练集,uncertain_redirect_round5_pool.csv
10624048479,研究生,研究生,研究生遇到负责导师的概率有多大？,rt，本人还在本科，最近因为论文而焦虑。主要是本人大学期间找老师带项目，奈何实验、设计要自己找网上信息去复现和做，导师只给了个课题就消失不见，甚至最后验收的时候都没接收和给过更改意见最后勉强及格了（优秀-良好-及格-不及格），找他签字他又挂职在外这学期不大回来，真的服气了… 本科虽然垃圾，有点疑问：研究生就是硕士博士遇到负责的（真的指导给思路给反馈的）概率很大吗？,"标题：研究生遇到负责导师的概率有多大？

正文：rt，本人还在本科，最近因为论文而焦虑。主要是本人大学期间找老师带项目，奈何实验、设计要自己找网上信息去复现和做，导师只给了个课题就消失不见，甚至最后验收的时候都没接收和给过更改意见最后勉强及格了（优秀-良好-及格-不及格），找他签字他又挂职在外这学期不大回来，真的服气了… 本科虽然垃圾，有点疑问：研究生就是硕士博士遇到负责的（真的指导给思路给反馈的）概率很大吗？",,https://tieba.baidu.com/p/10624048479,matched,pending_review,,来源存疑样本；已抓到列表摘要正文；仅作人工复核池，勿直接并入正式训练集,uncertain_redirect_round5_pool.csv
10624967379,研究生,研究生,也许我将不再烦恼.,研三上学期，我看着毕业要求上“须发表一篇SCI”那几个字，像一道越来越近的闸门。自己闷头写了四个月，收到的审稿意见整整三页，时间却在一天天倒数。犹豫很久后，我还是找了指导。真正让我下定决心的，是一次试听课—半小时，老师把我三个月都没看清的盲区全摊开了。这笔钱后来被清晰分解为：思路重塑、精读陪跑.“翻译”审稿意见，以及省下试错时间去补做了关键实验。回头看，它帮我在有限时间内，跨过了那道凭我自己就是跨不过,"标题：也许我将不再烦恼.

正文：研三上学期，我看着毕业要求上“须发表一篇SCI”那几个字，像一道越来越近的闸门。自己闷头写了四个月，收到的审稿意见整整三页，时间却在一天天倒数。犹豫很久后，我还是找了指导。真正让我下定决心的，是一次试听课—半小时，老师把我三个月都没看清的盲区全摊开了。这笔钱后来被清晰分解为：思路重塑、精读陪跑.“翻译”审稿意见，以及省下试错时间去补做了关键实验。回头看，它帮我在有限时间内，跨过了那道凭我自己就是跨不过",,https://tieba.baidu.com/p/10624967379,matched,pending_review,,来源存疑样本；已抓到列表摘要正文；仅作人工复核池，勿直接并入正式训练集,uncertain_redirect_round5_pool.csv
10625170259,研究生,研究生,小公司的实习有必要吗,我是四足机器人运控方向的，今天面了一个小公司，感觉没有成熟实习体系，没人带而且小公司履历感觉没啥含金量，有没有同方向老哥说一下，实习工资倒是挺高一天三百,"标题：小公司的实习有必要吗

正文：我是四足机器人运控方向的，今天面了一个小公司，感觉没有成熟实习体系，没人带而且小公司履历感觉没啥含金量，有没有同方向老哥说一下，实习工资倒是挺高一天三百",,https://tieba.baidu.com/p/10625170259,matched,pending_review,,来源存疑样本；已抓到列表摘要正文；仅作人工复核池，勿直接并入正式训练集,uncertain_redirect_round5_pool.csv
10625763902,研究生,研究生,学长学姐们你们好，研0暑假应该怎么安排呢,想去实习，公司会要暑假只实习两个半月的人吗。学长学姐学习顺利,"标题：学长学姐们你们好，研0暑假应该怎么安排呢

正文：想去实习，公司会要暑假只实习两个半月的人吗。学长学姐学习顺利",,https://tieba.baidu.com/p/10625763902,matched,pending_review,,来源存疑样本；已抓到列表摘要正文；仅作人工复核池，勿直接并入正式训练集,uncertain_redirect_round5_pool.csv
10625789759,研究生,研究生,真的免费考研英语历年真题+解析网页链接,真的免费考研英语历年真题+解析网页链接,真的免费考研英语历年真题+解析网页链接,,https://tieba.baidu.com/p/10625789759,matched,pending_review,,来源存疑样本；已抓到列表摘要正文；仅作人工复核池，勿直接并入正式训练集,uncertain_redirect_round5_pool.csv
10625821597,研究生,研究生,今年调剂太快了！,还是第一志愿一次上岸好！ 2027考研，广东高校辅导专业课➕复试,"标题：今年调剂太快了！

正文：还是第一志愿一次上岸好！ 2027考研，广东高校辅导专业课➕复试",,https://tieba.baidu.com/p/10625821597,matched,pending_review,,来源存疑样本；已抓到列表摘要正文；仅作人工复核池，勿直接并入正式训练集,uncertain_redirect_round5_pool.csv
10625823188,研究生,研究生,硕士论文盲审,学校双非，文科专业，做了访谈和问卷，全员送审，好奇双非层次的盲审严吗？和导师一起修改过好几次，最后字数居然达到了十万字，最后同意提交了，但是导师说研究还是粗糙。求各位大佬分享，好慌,"标题：硕士论文盲审

正文：学校双非，文科专业，做了访谈和问卷，全员送审，好奇双非层次的盲审严吗？和导师一起修改过好几次，最后字数居然达到了十万字，最后同意提交了，但是导师说研究还是粗糙。求各位大佬分享，好慌",,https://tieba.baidu.com/p/10625823188,matched,pending_review,,来源存疑样本；已抓到列表摘要正文；仅作人工复核池，勿直接并入正式训练集,uncertain_redirect_round5_pool.csv
8292086408,研究生,研究生,万能的吧友们，这老师什么滴干活,#(小乖) #(小乖) #(小乖),"标题：万能的吧友们，这老师什么滴干活

正文：#(小乖) #(小乖) #(小乖)",,https://tieba.baidu.com/p/8292086408,matched,pending_review,,来源存疑样本；已抓到列表摘要正文；仅作人工复核池，勿直接并入正式训练集,uncertain_redirect_round5_pool.csv
9172871375,研究生,研究生,要不要退学 求助求助求助！,要不要退学求助求助求助！！ 本人99年男生，理学化学专业，一直没有自己的规划，工作2年多后选择考研最终调剂了一个省外双非，家里主要希望自己能考公或者当个老师，自己确实也有这些想法，开学半月发现自己根本静不下心，又分到了一个不喜欢的方向，面对文献还有各种有机试剂味道，有点后悔，同龄人有些已经结婚有了自己家庭，我也有点憩回去接着搞钱了，跟家里说的话大概率应该会不同意。到底要坚持三年，还是要怎样。,"标题：要不要退学 求助求助求助！

正文：要不要退学求助求助求助！！ 本人99年男生，理学化学专业，一直没有自己的规划，工作2年多后选择考研最终调剂了一个省外双非，家里主要希望自己能考公或者当个老师，自己确实也有这些想法，开学半月发现自己根本静不下心，又分到了一个不喜欢的方向，面对文献还有各种有机试剂味道，有点后悔，同龄人有些已经结婚有了自己家庭，我也有点憩回去接着搞钱了，跟家里说的话大概率应该会不同意。到底要坚持三年，还是要怎样。",,https://tieba.baidu.com/p/9172871375,matched,pending_review,,来源存疑样本；已抓到列表摘要正文；仅作人工复核池，勿直接并入正式训练集,uncertain_redirect_round5_pool.csv
9220843821,研究生,研究生,吧友们怎么学习的,首先说明，本人身体不好，考研累垮了现在还没缓过来，精力不行。 早八目前一节，然后课基本上都是上午第二节和下午满。不水的课程很难，学不懂，水课还光点名答题。 早上八点半起床（不是八点半醒），晚上11点半开始睡觉，基本上是0点之后睡着，一天天可以说是睡不够。 一般是晚上去工位。（选了一个养老导师，没有项目，但是需要每周组会汇报一周的学习进展。） 晚上两三个小时学点专业知识和学学仿真软件。 以上都是理想情况，不一,"标题：吧友们怎么学习的

正文：首先说明，本人身体不好，考研累垮了现在还没缓过来，精力不行。 早八目前一节，然后课基本上都是上午第二节和下午满。不水的课程很难，学不懂，水课还光点名答题。 早上八点半起床（不是八点半醒），晚上11点半开始睡觉，基本上是0点之后睡着，一天天可以说是睡不够。 一般是晚上去工位。（选了一个养老导师，没有项目，但是需要每周组会汇报一周的学习进展。） 晚上两三个小时学点专业知识和学学仿真软件。 以上都是理想情况，不一",,https://tieba.baidu.com/p/9220843821,matched,pending_review,,来源存疑样本；已抓到列表摘要正文；仅作人工复核池，勿直接并入正式训练集,uncertain_redirect_round5_pool.csv
9511302802,研究生,研究生,研一下马上开学,老登叫我写这学期的计划表，写着写着就不想读了，fw双非研究生，专硕还要被要求发小论文。大三时，本科室友开始学嵌入式c++，我开始准备考研。我胆子小，考了本校。室友找了在家乡的工作，两个c++，一个没联系。现在时不时问问他们，我是真羡慕啊。感觉考研和选这个老登是真的sb，现在想到这真想打自己，研一上时不时就郁闷，可是想想这些都是自己的选择，是自己第一次和第二次做的大决定，感觉全错。只能说fw人生的fw选择。这个老登当,"标题：研一下马上开学

正文：老登叫我写这学期的计划表，写着写着就不想读了，fw双非研究生，专硕还要被要求发小论文。大三时，本科室友开始学嵌入式c++，我开始准备考研。我胆子小，考了本校。室友找了在家乡的工作，两个c++，一个没联系。现在时不时问问他们，我是真羡慕啊。感觉考研和选这个老登是真的sb，现在想到这真想打自己，研一上时不时就郁闷，可是想想这些都是自己的选择，是自己第一次和第二次做的大决定，感觉全错。只能说fw人生的fw选择。这个老登当",,https://tieba.baidu.com/p/9511302802,matched,pending_review,,来源存疑样本；已抓到列表摘要正文；仅作人工复核池，勿直接并入正式训练集,uncertain_redirect_round5_pool.csv
9807102283,研究生,研究生,研二下，才这点进度对吗？？？,导师放养，自己摸爬滚打，现在的进度： 1.考公（没准备） 2.六级（准备中） 3.组会（重在参与） 4.小论文(研一花1.5找人辅导我写的，已经发出去录用了 5.大论文（也是找人辅导我写的，刚刚写开题） 每天都在想“我能毕业吗？”和“我能一切顺利吗”，真的不想延毕，想一切按照我的想法顺利进行下去,"标题：研二下，才这点进度对吗？？？

正文：导师放养，自己摸爬滚打，现在的进度： 1.考公（没准备） 2.六级（准备中） 3.组会（重在参与） 4.小论文(研一花1.5找人辅导我写的，已经发出去录用了 5.大论文（也是找人辅导我写的，刚刚写开题） 每天都在想“我能毕业吗？”和“我能一切顺利吗”，真的不想延毕，想一切按照我的想法顺利进行下去",,https://tieba.baidu.com/p/9807102283,matched,pending_review,,来源存疑样本；已抓到列表摘要正文；仅作人工复核池，勿直接并入正式训练集,uncertain_redirect_round5_pool.csv
9819046518,研究生,研究生,终于毕业了，各位来锐评一下我的小导,前置条件：俩导师，一个大导一个小导，这里吐槽小导。小导师是男的，大我十来岁，在我研一时刚入组。我在我大导师的分配下，由小导师指导平时的科研任务。 一开始我觉得这个人情商巨低，而且喜欢没话找话。研一时不在同一个校区，所以与他接触不多，仅仅局限于线上沟通，只是感觉这个人特别没有边界感，喜欢在早上七八点，网上十一二点，周六周天等已经明确告诉他我不在实验室，或者要休息的时间找我给他工作，后来更是在腊月二十,"标题：终于毕业了，各位来锐评一下我的小导

正文：前置条件：俩导师，一个大导一个小导，这里吐槽小导。小导师是男的，大我十来岁，在我研一时刚入组。我在我大导师的分配下，由小导师指导平时的科研任务。 一开始我觉得这个人情商巨低，而且喜欢没话找话。研一时不在同一个校区，所以与他接触不多，仅仅局限于线上沟通，只是感觉这个人特别没有边界感，喜欢在早上七八点，网上十一二点，周六周天等已经明确告诉他我不在实验室，或者要休息的时间找我给他工作，后来更是在腊月二十",,https://tieba.baidu.com/p/9819046518,matched,pending_review,,来源存疑样本；已抓到列表摘要正文；仅作人工复核池，勿直接并入正式训练集,uncertain_redirect_round5_pool.csv
9891955210,研究生,研究生,研究生读不下去就退学，不折磨自己,奉劝那些想退学的兄弟，别口嗨，读不下去就退学，别折磨自己，楼主当时也是跟风考研，后面感觉折磨就退学了。,"标题：研究生读不下去就退学，不折磨自己

正文：奉劝那些想退学的兄弟，别口嗨，读不下去就退学，别折磨自己，楼主当时也是跟风考研，后面感觉折磨就退学了。",,https://tieba.baidu.com/p/9891955210,matched,pending_review,,来源存疑样本；已抓到列表摘要正文；仅作人工复核池，勿直接并入正式训练集,uncertain_redirect_round5_pool.csv
10506548444,社交恐惧,社交恐惧,社交恐惧症的自救心理指南及答疑帖,社交恐惧症是和人接触与交流，感到紧张不自然，特别是认识但不熟的人。还有就是比自己优秀的人，和喜欢的异性。担心别人发现自己的缺点与不足，也担心别人看出自己不正常。为此掩饰和伪装自己，然后就是怕自己暴露，这会让当事人更加恐惧。严重的还会觉得别人在针对和羞辱自己，为此感到恐惧、屈辱和愤怒，想要反击别人。再严重了就会发展成被钟情妄想，觉得别人在关注和暗恋自己。或被害妄想，觉得有人在监视和迫害自己。,"标题：社交恐惧症的自救心理指南及答疑帖

正文：社交恐惧症是和人接触与交流，感到紧张不自然，特别是认识但不熟的人。还有就是比自己优秀的人，和喜欢的异性。担心别人发现自己的缺点与不足，也担心别人看出自己不正常。为此掩饰和伪装自己，然后就是怕自己暴露，这会让当事人更加恐惧。严重的还会觉得别人在针对和羞辱自己，为此感到恐惧、屈辱和愤怒，想要反击别人。再严重了就会发展成被钟情妄想，觉得别人在关注和暗恋自己。或被害妄想，觉得有人在监视和迫害自己。",,https://tieba.baidu.com/p/10506548444,matched,pending_review,,来源存疑样本；已抓到列表摘要正文；仅作人工复核池，勿直接并入正式训练集,uncertain_redirect_round2_pool.csv
10595205238,社交恐惧,社交恐惧,找个好友，克服对视恐惧,对视恐惧，想找个成都本地好友练习眼神，来个好心人救救我，或者互相救赎,"标题：找个好友，克服对视恐惧

正文：对视恐惧，想找个成都本地好友练习眼神，来个好心人救救我，或者互相救赎",,https://tieba.baidu.com/p/10595205238,matched,pending_review,,来源存疑样本；已抓到列表摘要正文；仅作人工复核池，勿直接并入正式训练集,uncertain_redirect_round2_pool.csv
10598722352,社交恐惧,社交恐惧,医院秘密。,用余光管住别人。张力。听而共情。,"标题：医院秘密。

正文：用余光管住别人。张力。听而共情。",,https://tieba.baidu.com/p/10598722352,matched,pending_review,,来源存疑样本；已抓到列表摘要正文；仅作人工复核池，勿直接并入正式训练集,uncertain_redirect_round2_pool.csv
10599378926,社交恐惧,社交恐惧,社恐找工作，我在郑州,本人在郑州，抑郁社恐多年，想找一份工作养活自己，能提供工作的留言或私信我，谢谢,"标题：社恐找工作，我在郑州

正文：本人在郑州，抑郁社恐多年，想找一份工作养活自己，能提供工作的留言或私信我，谢谢",,https://tieba.baidu.com/p/10599378926,matched,pending_review,,来源存疑样本；已抓到列表摘要正文；仅作人工复核池，勿直接并入正式训练集,uncertain_redirect_round2_pool.csv
10604316573,社交恐惧,社交恐惧,有没有现实没朋友家里蹲的姐妹交友？,可以当网络好友，一起玩游戏聊天，熟悉后试着语音聊天，离得近的可以一起找工作上班，可以一起逛街、爬山什么的，一起慢慢改变,"标题：有没有现实没朋友家里蹲的姐妹交友？

正文：可以当网络好友，一起玩游戏聊天，熟悉后试着语音聊天，离得近的可以一起找工作上班，可以一起逛街、爬山什么的，一起慢慢改变",,https://tieba.baidu.com/p/10604316573,matched,pending_review,,来源存疑样本；已抓到列表摘要正文；仅作人工复核池，勿直接并入正式训练集,uncertain_redirect_round2_pool.csv
10611758655,社交恐惧,社交恐惧,超级大智慧。,与思想和感觉共情。,"标题：超级大智慧。

正文：与思想和感觉共情。",,https://tieba.baidu.com/p/10611758655,matched,pending_review,,来源存疑样本；已抓到列表摘要正文；仅作人工复核池，勿直接并入正式训练集,uncertain_redirect_round2_pool.csv
6007606012,社交恐惧,社交恐惧,社恐辅导专题,社恐辅导专题,社恐辅导专题,,https://tieba.baidu.com/p/6007606012,matched,pending_review,,来源存疑样本；已抓到列表摘要正文；仅作人工复核池，勿直接并入正式训练集,uncertain_redirect_round2_pool.csv
9264712387,社交恐惧,社交恐惧,社交恐惧症等心理问题答疑帖,我学生时代和刚步入社会也有很严重的社交恐惧症，在康复后深入学习各大心理学流派的几十种心理疗法，经过不断的实践和研究，形成了自己的理论体系和方法，走上了心理咨询师的道路。2012年加入中国心理卫生协会森田疗法专业委员会成为委员，后来改到总会。从事心理咨询也有十几年了，帮助无数人走出心理困境。擅长社交恐惧症、强迫症、焦虑症和疑病症的心理疗愈，有问题可以直接在评论区提问，有问必回。,"标题：社交恐惧症等心理问题答疑帖

正文：我学生时代和刚步入社会也有很严重的社交恐惧症，在康复后深入学习各大心理学流派的几十种心理疗法，经过不断的实践和研究，形成了自己的理论体系和方法，走上了心理咨询师的道路。2012年加入中国心理卫生协会森田疗法专业委员会成为委员，后来改到总会。从事心理咨询也有十几年了，帮助无数人走出心理困境。擅长社交恐惧症、强迫症、焦虑症和疑病症的心理疗愈，有问题可以直接在评论区提问，有问必回。",,https://tieba.baidu.com/p/9264712387,matched,pending_review,,来源存疑样本；已抓到列表摘要正文；仅作人工复核池，勿直接并入正式训练集,uncertain_redirect_round2_pool.csv
9943430287,社交恐惧,社交恐惧,徐州的有吗，本人女,本人已婚，有徐州的女性控友吗,"标题：徐州的有吗，本人女

正文：本人已婚，有徐州的女性控友吗",,https://tieba.baidu.com/p/9943430287,matched,pending_review,,来源存疑样本；已抓到列表摘要正文；仅作人工复核池，勿直接并入正式训练集,uncertain_redirect_round2_pool.csv
10029653966,社交焦虑,社交焦虑,揭开焦虑的“基因密码”：分离性焦虑障碍的遗传真相与精准检测,一、引言：焦虑的隐秘面纱 每个孩子都会经历与父母短暂分离的不适，但如果分离引发的是持续、剧烈、超越年龄发展水平的恐惧情绪，甚至影响到了孩子的正常生活与社交，这可能就不再是“黏人”那么简单。我们称这种状况为——分离性焦虑障碍（Separation Anxiety Disorder，SAD）。 分离性焦虑障碍常被误解为性格问题或教育方式不当的产物，实际上，它是一种可被明确诊断、具有神经生物学基础的精神障碍，尤其在儿童与青少年中发病率高达4%-5%。,"标题：揭开焦虑的“基因密码”：分离性焦虑障碍的遗传真相与精准检测

正文：一、引言：焦虑的隐秘面纱 每个孩子都会经历与父母短暂分离的不适，但如果分离引发的是持续、剧烈、超越年龄发展水平的恐惧情绪，甚至影响到了孩子的正常生活与社交，这可能就不再是“黏人”那么简单。我们称这种状况为——分离性焦虑障碍（Separation Anxiety Disorder，SAD）。 分离性焦虑障碍常被误解为性格问题或教育方式不当的产物，实际上，它是一种可被明确诊断、具有神经生物学基础的精神障碍，尤其在儿童与青少年中发病率高达4%-5%。",,https://tieba.baidu.com/p/10029653966,matched,pending_review,,来源存疑样本；已抓到列表摘要正文；仅作人工复核池，勿直接并入正式训练集,uncertain_redirect_round3_pool.csv
10510525124,社交焦虑,社交焦虑,回避型人格障碍克服社交恐惧?,从最小社交场景开始渐进暴露 我的邻居小赵就是这样，他很不喜欢参加一些人多的活动，所以我们帮他克服这种社交恐惧时，首先要做的就是不逼他参加多人活动，可能有时候就只有我们两个人聊天，而且会选一些特别轻松的话题。 比如最近追的剧，听的音乐，想去什么地方旅游，在整个聊天过程中，我们的氛围非常轻松，我也不会追问很多问题。如果他不想继续聊下去，我就会重新换话题。后来我也会主动找一些聊得来的朋友过来和他聊天，让他,"标题：回避型人格障碍克服社交恐惧?

正文：从最小社交场景开始渐进暴露 我的邻居小赵就是这样，他很不喜欢参加一些人多的活动，所以我们帮他克服这种社交恐惧时，首先要做的就是不逼他参加多人活动，可能有时候就只有我们两个人聊天，而且会选一些特别轻松的话题。 比如最近追的剧，听的音乐，想去什么地方旅游，在整个聊天过程中，我们的氛围非常轻松，我也不会追问很多问题。如果他不想继续聊下去，我就会重新换话题。后来我也会主动找一些聊得来的朋友过来和他聊天，让他",,https://tieba.baidu.com/p/10510525124,matched,pending_review,,来源存疑样本；已抓到列表摘要正文；仅作人工复核池，勿直接并入正式训练集,uncertain_redirect_round3_pool.csv
2549274903,社交焦虑,社交焦虑,社交焦虑,社交焦虑的心理咨询服务项目。项目承担单位：哈尔滨医科大学大庆校区心理咨询中心。该中心研究专长：社交焦虑的心理机制及治疗。目前对成年及青少年进,社交焦虑的心理咨询服务项目。项目承担单位：哈尔滨医科大学大庆校区心理咨询中心。该中心研究专长：社交焦虑的心理机制及治疗。目前对成年及青少年进,,https://tieba.baidu.com/p/2549274903,matched,pending_review,,来源存疑样本；已抓到列表摘要正文；仅作人工复核池，勿直接并入正式训练集,uncertain_redirect_round3_pool.csv
4636949526,社交焦虑,社交焦虑,对视恐惧 大家都吃什么药？死的心都有了,,对视恐惧 大家都吃什么药？死的心都有了,,https://tieba.baidu.com/p/4636949526,matched,pending_review,,来源存疑样本；已抓到列表摘要正文；仅作人工复核池，勿直接并入正式训练集,uncertain_redirect_round3_pool.csv
6041693754,社交焦虑,社交焦虑,找一个同样社恐的人，互相帮助，我的QQ2504230070,找一个同样社恐的人，互相帮助，我的QQ2504230070 微信taozi1olaf。无论男女或年龄，也不需要聊太多，哪怕偶尔留个言都可以,找一个同样社恐的人，互相帮助，我的QQ2504230070 微信taozi1olaf。无论男女或年龄，也不需要聊太多，哪怕偶尔留个言都可以,,https://tieba.baidu.com/p/6041693754,matched,pending_review,,来源存疑样本；已抓到列表摘要正文；仅作人工复核池，勿直接并入正式训练集,uncertain_redirect_round3_pool.csv
6757884540,社交焦虑,社交焦虑,你觉得的、你认为的、就是你以为的吗-社交焦虑,"01什么是社交焦虑? “社交技能没有得到充分发展的个体,就像刚踏上异乡土地的旅人。他们不懂当地的语言,无法融入当地的生活。”心理学家菲利普·津巴多这样描述社交焦虑者。 我们在临床工作中,反复听到那些有人际困难的病人诉说:“我觉得他们之间好像有一种我不能理解的暗语”。他们有一些我不明白的规则。每当处在一群人中,我总觉得自己是特别笨拙的那个——我只是尽量假装和掩饰不让别人觉察我的笨拙。 首先我们要明确的是,社交焦虑与","标题：你觉得的、你认为的、就是你以为的吗-社交焦虑

正文：01什么是社交焦虑? “社交技能没有得到充分发展的个体,就像刚踏上异乡土地的旅人。他们不懂当地的语言,无法融入当地的生活。”心理学家菲利普·津巴多这样描述社交焦虑者。 我们在临床工作中,反复听到那些有人际困难的病人诉说:“我觉得他们之间好像有一种我不能理解的暗语”。他们有一些我不明白的规则。每当处在一群人中,我总觉得自己是特别笨拙的那个——我只是尽量假装和掩饰不让别人觉察我的笨拙。 首先我们要明确的是,社交焦虑与",,https://tieba.baidu.com/p/6757884540,matched,pending_review,,来源存疑样本；已抓到列表摘要正文；仅作人工复核池，勿直接并入正式训练集,uncertain_redirect_round3_pool.csv
7603004285,社交焦虑,社交焦虑,什么是社交焦虑？如何测试社恐社焦和社死？,社交焦虑(Social Anxiety)也成为社交障碍、社交焦虑症、社交恐惧症等，社交焦虑是一种心理疾病，在与他人交往的过程中，自我感觉不舒服，不自然，焦虑紧张和恐惧的心理。 对于社交焦虑的人来说，总是在逃避他人的目光，与人对视则可能产生脸红、冒汗和心慌的生理性症状。社交焦虑症者大多会采用逃避的方式来应对，因此跟回避型人格障碍产生交叉。 社交焦虑症测试 http://www.xmcs.cn/x/lsas 社交焦虑症量表 Lsas用于评估分析测试人的社交焦虑状况，,"标题：什么是社交焦虑？如何测试社恐社焦和社死？

正文：社交焦虑(Social Anxiety)也成为社交障碍、社交焦虑症、社交恐惧症等，社交焦虑是一种心理疾病，在与他人交往的过程中，自我感觉不舒服，不自然，焦虑紧张和恐惧的心理。 对于社交焦虑的人来说，总是在逃避他人的目光，与人对视则可能产生脸红、冒汗和心慌的生理性症状。社交焦虑症者大多会采用逃避的方式来应对，因此跟回避型人格障碍产生交叉。 社交焦虑症测试 http://www.xmcs.cn/x/lsas 社交焦虑症量表 Lsas用于评估分析测试人的社交焦虑状况，",,https://tieba.baidu.com/p/7603004285,matched,pending_review,,来源存疑样本；已抓到列表摘要正文；仅作人工复核池，勿直接并入正式训练集,uncertain_redirect_round3_pool.csv
8893947926,社交焦虑,社交焦虑,大龄单身女社恐了，80后90后的大龄社恐都可以出来聊聊,,大龄单身女社恐了，80后90后的大龄社恐都可以出来聊聊,,https://tieba.baidu.com/p/8893947926,matched,pending_review,,来源存疑样本；已抓到列表摘要正文；仅作人工复核池，勿直接并入正式训练集,uncertain_redirect_round3_pool.csv
8952873503,社交焦虑,社交焦虑,女生，91的，社恐蛮严重，在成都，想找个同样社恐的男朋友,,女生，91的，社恐蛮严重，在成都，想找个同样社恐的男朋友,,https://tieba.baidu.com/p/8952873503,matched,pending_review,,来源存疑样本；已抓到列表摘要正文；仅作人工复核池，勿直接并入正式训练集,uncertain_redirect_round3_pool.csv
9636161428,社交焦虑,社交焦虑,与社交焦虑障碍相关的关键基因,现代基因组研究（包括GWAS）揭示了多个与社交焦虑障碍（SAD）相关的基因，这些基因大多涉及神经递质的合成、分泌和信号转导通路。 1. SLC6A4（5-HTT）： 该基因编码5-羟色胺转运体，影响脑内血清素（5-HT）的再摄取。其基因多态性5-HTTLPR短等位基因被证实与更高的社交焦虑风险相关。 2. COMT（儿茶酚-O-甲基转移酶）： 该酶影响多巴胺的降解过程。COMT基因的Val158Met多态性影响个体在应对压力和调节情绪中的表现。 3. BDNF（脑源性神经营养因子）： BDNF在,"标题：与社交焦虑障碍相关的关键基因

正文：现代基因组研究（包括GWAS）揭示了多个与社交焦虑障碍（SAD）相关的基因，这些基因大多涉及神经递质的合成、分泌和信号转导通路。 1. SLC6A4（5-HTT）： 该基因编码5-羟色胺转运体，影响脑内血清素（5-HT）的再摄取。其基因多态性5-HTTLPR短等位基因被证实与更高的社交焦虑风险相关。 2. COMT（儿茶酚-O-甲基转移酶）： 该酶影响多巴胺的降解过程。COMT基因的Val158Met多态性影响个体在应对压力和调节情绪中的表现。 3. BDNF（脑源性神经营养因子）： BDNF在",,https://tieba.baidu.com/p/9636161428,matched,pending_review,,来源存疑样本；已抓到列表摘要正文；仅作人工复核池，勿直接并入正式训练集,uncertain_redirect_round3_pool.csv
10323317779,社交障碍,社交障碍,状态有些差就是,也没好过 主要是处理不了，该处理的事,"标题：状态有些差就是

正文：也没好过 主要是处理不了，该处理的事",,https://tieba.baidu.com/p/10323317779,matched,pending_review,,来源存疑样本；已抓到列表摘要正文；仅作人工复核池，勿直接并入正式训练集,uncertain_redirect_round4_pool.csv
10393707427,社交障碍,社交障碍,有没有社恐男生的，,聊聊天，加个微信，,"标题：有没有社恐男生的，

正文：聊聊天，加个微信，",,https://tieba.baidu.com/p/10393707427,matched,pending_review,,来源存疑样本；已抓到列表摘要正文；仅作人工复核池，勿直接并入正式训练集,uncertain_redirect_round4_pool.csv
10437525864,社交障碍,社交障碍,[公告]关于撤销 Dali3210 吧主管理权限的说明,经核实吧主Dali3210 未通过普通吧主考核。违反《百度贴吧吧主制度》第八章规定https://tieba.baidu.com/tb/system.html#cnt08 ，无法在建设 社交障碍吧 内容上、言论导向上发挥应有的模范带头作用。故撤销其吧主管理权限。百度贴吧管理组,"标题：[公告]关于撤销 Dali3210 吧主管理权限的说明

正文：经核实吧主Dali3210 未通过普通吧主考核。违反《百度贴吧吧主制度》第八章规定https://tieba.baidu.com/tb/system.html#cnt08 ，无法在建设 社交障碍吧 内容上、言论导向上发挥应有的模范带头作用。故撤销其吧主管理权限。百度贴吧管理组",,https://tieba.baidu.com/p/10437525864,matched,pending_review,,来源存疑样本；已抓到列表摘要正文；仅作人工复核池，勿直接并入正式训练集,uncertain_redirect_round4_pool.csv
5290151774,社交障碍,社交障碍,你好，我是心里疾病患者，患病许,你好，我是心里疾病患者，患病许多年，29岁男，极度自卑和自我否定，小时候遭受侮辱，殴打，校园暴力,你好，我是心里疾病患者，患病许多年，29岁男，极度自卑和自我否定，小时候遭受侮辱，殴打，校园暴力,,https://tieba.baidu.com/p/5290151774,matched,pending_review,,来源存疑样本；已抓到列表摘要正文；仅作人工复核池，勿直接并入正式训练集,uncertain_redirect_round4_pool.csv
5294580973,社交障碍,社交障碍,吧里有在中山市的朋友吗？😊在中,吧里有在中山市的朋友吗？😊在中山市的社恐朋友，是不是也跟我一样想尽早走出社恐，过上正常的社交,吧里有在中山市的朋友吗？😊在中山市的社恐朋友，是不是也跟我一样想尽早走出社恐，过上正常的社交,,https://tieba.baidu.com/p/5294580973,matched,pending_review,,来源存疑样本；已抓到列表摘要正文；仅作人工复核池，勿直接并入正式训练集,uncertain_redirect_round4_pool.csv
5351349823,社交障碍,社交障碍,我今年29岁。身高155公分，小时候因为某些原因。染上了手淫,我今年29岁。身高155公分，小时候因为某些原因。染上了手淫习惯，那个时候的我，自卑，胆小懦弱，学会了撸。也有瘾，造成现在这种悲剧，而且我智商，情商。社交，口才都不行，人们都说身高不行，能力补，可惜我矮矬穷，能力智力不行，真的觉得悲哀到极点。觉得自己一无是处，没有任何优点。这真是人生的悲哀。,我今年29岁。身高155公分，小时候因为某些原因。染上了手淫习惯，那个时候的我，自卑，胆小懦弱，学会了撸。也有瘾，造成现在这种悲剧，而且我智商，情商。社交，口才都不行，人们都说身高不行，能力补，可惜我矮矬穷，能力智力不行，真的觉得悲哀到极点。觉得自己一无是处，没有任何优点。这真是人生的悲哀。,,https://tieba.baidu.com/p/5351349823,matched,pending_review,,来源存疑样本；已抓到列表摘要正文；仅作人工复核池，勿直接并入正式训练集,uncertain_redirect_round4_pool.csv
5555224700,社交障碍,社交障碍,本人是个**，因为自负，好友都弃我而去，只希望能找个朋友，不,本人是个**，因为自负，好友都弃我而去，只希望能找个朋友，不管你是谁！！！,本人是个**，因为自负，好友都弃我而去，只希望能找个朋友，不管你是谁！！！,,https://tieba.baidu.com/p/5555224700,matched,pending_review,,来源存疑样本；已抓到列表摘要正文；仅作人工复核池，勿直接并入正式训练集,uncertain_redirect_round4_pool.csv
5665195524,社交障碍,社交障碍,有在深圳的吧友吗？有空一起耍啊，摈弃社交障碍，让我们的生活多,有在深圳的吧友吗？有空一起耍啊， 摈弃社交障碍，让我们的生活多一点阳光，,"标题：有在深圳的吧友吗？有空一起耍啊，摈弃社交障碍，让我们的生活多

正文：有在深圳的吧友吗？有空一起耍啊， 摈弃社交障碍，让我们的生活多一点阳光，",,https://tieba.baidu.com/p/5665195524,matched,pending_review,,来源存疑样本；已抓到列表摘要正文；仅作人工复核池，勿直接并入正式训练集,uncertain_redirect_round4_pool.csv
6332611752,社交障碍,社交障碍,认知疗法,如果让一个从无神经症的人告诉你 认知问题那等于让你知道了更加难受恐惧 本来我们恐惧症的人就是知道不好又不敢做 就是内心太恐惧 我也是患有社交障碍 恐惧症的人抑郁症的人 只是没发疯 最近出门兼职过得好累 今晚喝了很多酒 才来这里说 别听毒鸡汤 我听多了现在更恐惧 想杀人想死 想打人 因为我还有精神病 只是不严重,"标题：认知疗法

正文：如果让一个从无神经症的人告诉你 认知问题那等于让你知道了更加难受恐惧 本来我们恐惧症的人就是知道不好又不敢做 就是内心太恐惧 我也是患有社交障碍 恐惧症的人抑郁症的人 只是没发疯 最近出门兼职过得好累 今晚喝了很多酒 才来这里说 别听毒鸡汤 我听多了现在更恐惧 想杀人想死 想打人 因为我还有精神病 只是不严重",,https://tieba.baidu.com/p/6332611752,matched,pending_review,,来源存疑样本；已抓到列表摘要正文；仅作人工复核池，勿直接并入正式训练集,uncertain_redirect_round4_pool.csv
6348681232,社交障碍,社交障碍,过年有愿意来江苏这边一起找工作上班的女生吗？00后。,过年有愿意来江苏这边一起找工作上班的女生吗？00后。,过年有愿意来江苏这边一起找工作上班的女生吗？00后。,,https://tieba.baidu.com/p/6348681232,matched,pending_review,,来源存疑样本；已抓到列表摘要正文；仅作人工复核池，勿直接并入正式训练集,uncertain_redirect_round4_pool.csv
10018458024,社恐,社恐,有没有在深圳打算找工作的，我过几天从厂里离职，可以陪你一起找,刚进这个贴吧，看了吧友的帖子，深有同感，希望能做一点力所能及的事情。 准备从富士康离职，然后边跑外卖边留意工作，如果害怕和人交流的话，可以交给我，也可以帮你避一避一些工作的坑，,"标题：有没有在深圳打算找工作的，我过几天从厂里离职，可以陪你一起找

正文：刚进这个贴吧，看了吧友的帖子，深有同感，希望能做一点力所能及的事情。 准备从富士康离职，然后边跑外卖边留意工作，如果害怕和人交流的话，可以交给我，也可以帮你避一避一些工作的坑，",,https://tieba.baidu.com/p/10018458024,matched,pending_review,,来源存疑样本；已抓到列表摘要正文；仅作人工复核池，勿直接并入正式训练集,uncertain_redirect_round3_pool.csv
10086615183,社恐,社恐,蹲子又要出门挑战副本了！,今年蹲在家里面加起来已经14年多了 家里让我出门赚点钱 我也想赚点钱，到时候弄一台好电脑 今年试了一下直播，温州老兄给我的主机 试了两个月多 也赚不了钱，原来不是想直播的，只是想代练一下游戏 没人找代练 后来主机自动重启了，然后就坏掉了 应该是主板问题 以后在买看看 明天10月1号到中秋节过完，就准备出门挑战了 我最不喜欢拉着行李到处跑来跑去的 箱子里面也没什么衣服，主要是床上的睡觉用品 蹲着蹲着的时间过得好快 上班的时,"标题：蹲子又要出门挑战副本了！

正文：今年蹲在家里面加起来已经14年多了 家里让我出门赚点钱 我也想赚点钱，到时候弄一台好电脑 今年试了一下直播，温州老兄给我的主机 试了两个月多 也赚不了钱，原来不是想直播的，只是想代练一下游戏 没人找代练 后来主机自动重启了，然后就坏掉了 应该是主板问题 以后在买看看 明天10月1号到中秋节过完，就准备出门挑战了 我最不喜欢拉着行李到处跑来跑去的 箱子里面也没什么衣服，主要是床上的睡觉用品 蹲着蹲着的时间过得好快 上班的时",,https://tieba.baidu.com/p/10086615183,matched,pending_review,,来源存疑样本；已抓到列表摘要正文；仅作人工复核池，勿直接并入正式训练集,uncertain_redirect_round3_pool.csv
10155295383,社恐,社恐,建了个社恐群欢迎大家加入,一起 聊天 交流 分享 倾诉 讨论 好好生活,"标题：建了个社恐群欢迎大家加入

正文：一起 聊天 交流 分享 倾诉 讨论 好好生活",,https://tieba.baidu.com/p/10155295383,matched,pending_review,,来源存疑样本；已抓到列表摘要正文；仅作人工复核池，勿直接并入正式训练集,uncertain_redirect_round3_pool.csv
10275389766,社恐,社恐,聊天帖。。,因为平常工作原因。只有碎片化时间。现实没有朋友。社恐。社交兴趣，心有余而力不足。我不奢求能交到朋友 如果看到此贴的你，能否在这帖子下面给我留言我看到一定回。日常或者随便什么都可以。我喜欢二次元。平常有空就听听歌，推一下gal 祝看到此贴的你天天开心,"标题：聊天帖。。

正文：因为平常工作原因。只有碎片化时间。现实没有朋友。社恐。社交兴趣，心有余而力不足。我不奢求能交到朋友 如果看到此贴的你，能否在这帖子下面给我留言我看到一定回。日常或者随便什么都可以。我喜欢二次元。平常有空就听听歌，推一下gal 祝看到此贴的你天天开心",,https://tieba.baidu.com/p/10275389766,matched,pending_review,,来源存疑样本；已抓到列表摘要正文；仅作人工复核池，勿直接并入正式训练集,uncertain_redirect_round3_pool.csv
10291331093,社恐,社恐,有点无聊，你们都在哪,,有点无聊，你们都在哪,,https://tieba.baidu.com/p/10291331093,matched,pending_review,,来源存疑样本；已抓到列表摘要正文；仅作人工复核池，勿直接并入正式训练集,uncertain_redirect_round3_pool.csv
10424274209,社恐,社恐,有人愿意加入我们的微信群吗🥺🥺🥺,我打算建一个分享日常和聊天的微信群，我以前也进过很多群，但是和我想象的不太一样，我想着能自己建一个群，可以听听大家的烦心事和日常，如果你不爱社交也可以在我们群里听听别人讲的故事，可以有一个地方供给我们给这无聊的生活添加哪怕一点点的乐趣,"标题：有人愿意加入我们的微信群吗🥺🥺🥺

正文：我打算建一个分享日常和聊天的微信群，我以前也进过很多群，但是和我想象的不太一样，我想着能自己建一个群，可以听听大家的烦心事和日常，如果你不爱社交也可以在我们群里听听别人讲的故事，可以有一个地方供给我们给这无聊的生活添加哪怕一点点的乐趣",,https://tieba.baidu.com/p/10424274209,matched,pending_review,,来源存疑样本；已抓到列表摘要正文；仅作人工复核池，勿直接并入正式训练集,uncertain_redirect_round3_pool.csv
10477003561,社恐,社恐,什么工作适合社恐,把工作辞了，年后又要找工作了,"标题：什么工作适合社恐

正文：把工作辞了，年后又要找工作了",,https://tieba.baidu.com/p/10477003561,matched,pending_review,,来源存疑样本；已抓到列表摘要正文；仅作人工复核池，勿直接并入正式训练集,uncertain_redirect_round3_pool.csv
10495633886,社恐,社恐,中老年社恐群招人啦,加了几个群，基本上，都是年轻人在玩，我这个大叔的年纪有点格格不入啊。。。 现在招其他的大叔大妈，年纪在30以上的，都可以来叙叙旧，唠唠嗑。 对了，当然要是社恐啊。 少用一些时髦的网络语言，讲文明守礼貌，其它没什么要求 👗耗在10楼公布,"标题：中老年社恐群招人啦

正文：加了几个群，基本上，都是年轻人在玩，我这个大叔的年纪有点格格不入啊。。。 现在招其他的大叔大妈，年纪在30以上的，都可以来叙叙旧，唠唠嗑。 对了，当然要是社恐啊。 少用一些时髦的网络语言，讲文明守礼貌，其它没什么要求 👗耗在10楼公布",,https://tieba.baidu.com/p/10495633886,matched,pending_review,,来源存疑样本；已抓到列表摘要正文；仅作人工复核池，勿直接并入正式训练集,uncertain_redirect_round3_pool.csv
10506847154,社恐,社恐,意外刷到这个吧了,看到有人在里面发了好多日常，我也想试试看，记录一些社恐人会干的事情。(看看能坚持多久) 初四去湿地公园拍的,"标题：意外刷到这个吧了

正文：看到有人在里面发了好多日常，我也想试试看，记录一些社恐人会干的事情。(看看能坚持多久) 初四去湿地公园拍的",,https://tieba.baidu.com/p/10506847154,matched,pending_review,,来源存疑样本；已抓到列表摘要正文；仅作人工复核池，勿直接并入正式训练集,uncertain_redirect_round3_pool.csv
10524882042,社恐,社恐,有谁跟我一样，一个朋友也没有,大一返校了，没人跟我一起玩，三个舍友都是跟我完全相反的现充，个个肤白貌美，开朗外向，朋友众多。而我呢，毫无社交，上完课就是窝在被窝里，藏在床帘内沉迷在电子产品中。每天晚上都是我早早地上床，因为我在下面桌子上玩无所适从，总感觉她们瞧不起我，觉得我很丑，为了避免这种目光，我只好爬到床上掩住自己，瑟缩在我的舒适圈内。,"标题：有谁跟我一样，一个朋友也没有

正文：大一返校了，没人跟我一起玩，三个舍友都是跟我完全相反的现充，个个肤白貌美，开朗外向，朋友众多。而我呢，毫无社交，上完课就是窝在被窝里，藏在床帘内沉迷在电子产品中。每天晚上都是我早早地上床，因为我在下面桌子上玩无所适从，总感觉她们瞧不起我，觉得我很丑，为了避免这种目光，我只好爬到床上掩住自己，瑟缩在我的舒适圈内。",,https://tieba.baidu.com/p/10524882042,matched,pending_review,,来源存疑样本；已抓到列表摘要正文；仅作人工复核池，勿直接并入正式训练集,uncertain_redirect_round3_pool.csv
10526538171,社恐,社恐,明天去上海打工了,以后这就当我的打工记录贴吧！,"标题：明天去上海打工了

正文：以后这就当我的打工记录贴吧！",,https://tieba.baidu.com/p/10526538171,matched,pending_review,,来源存疑样本；已抓到列表摘要正文；仅作人工复核池，勿直接并入正式训练集,uncertain_redirect_round3_pool.csv
10535266823,社恐,社恐,有没有一起出来找工作的，东莞或深圳。,在家蹲了好久，现在出来啥也不会，身体也瘦弱。,"标题：有没有一起出来找工作的，东莞或深圳。

正文：在家蹲了好久，现在出来啥也不会，身体也瘦弱。",,https://tieba.baidu.com/p/10535266823,matched,pending_review,,来源存疑样本；已抓到列表摘要正文；仅作人工复核池，勿直接并入正式训练集,uncertain_redirect_round3_pool.csv
10539450835,社恐,社恐,兄弟们，楼主感觉很慌,lz自从高中就只和那几个兄弟玩，大学考了三本的财务，没有去上，在外打工了一年，也就是说4年没怎么和陌生人说过话了，年纪也快有19了，就想着拜了个师傅学技术，是花钱的，在师傅店里有4个人，说实话有点慌，但是男孩子这样不好，要大大方方的，所以我准备重新锻炼我的语言和心理能力，如图是师傅,"标题：兄弟们，楼主感觉很慌

正文：lz自从高中就只和那几个兄弟玩，大学考了三本的财务，没有去上，在外打工了一年，也就是说4年没怎么和陌生人说过话了，年纪也快有19了，就想着拜了个师傅学技术，是花钱的，在师傅店里有4个人，说实话有点慌，但是男孩子这样不好，要大大方方的，所以我准备重新锻炼我的语言和心理能力，如图是师傅",,https://tieba.baidu.com/p/10539450835,matched,pending_review,,来源存疑样本；已抓到列表摘要正文；仅作人工复核池，勿直接并入正式训练集,uncertain_redirect_round3_pool.csv
10546570271,社恐,社恐,找搭子一起工作,有同在深圳的女恐友吗，一起去找工作呀自己一个人好难受,"标题：找搭子一起工作

正文：有同在深圳的女恐友吗，一起去找工作呀自己一个人好难受",,https://tieba.baidu.com/p/10546570271,matched,pending_review,,来源存疑样本；已抓到列表摘要正文；仅作人工复核池，勿直接并入正式训练集,uncertain_redirect_round3_pool.csv
10551706091,社恐,社恐,出发去冒险了,祖国这么大，不去看看吗？ 出了点意外重新出发。 在家美美睡了一觉。早上九点。 想要不让人看见就不要选择白天出门,"标题：出发去冒险了

正文：祖国这么大，不去看看吗？ 出了点意外重新出发。 在家美美睡了一觉。早上九点。 想要不让人看见就不要选择白天出门",,https://tieba.baidu.com/p/10551706091,matched,pending_review,,来源存疑样本；已抓到列表摘要正文；仅作人工复核池，勿直接并入正式训练集,uncertain_redirect_round3_pool.csv
10554186326,社恐,社恐,相亲被家里人管着，控制欲极强，啥事都要盯着你做,这次相亲估计又要搞砸了，家里人尽帮倒忙，到时候又怪我没做好,"标题：相亲被家里人管着，控制欲极强，啥事都要盯着你做

正文：这次相亲估计又要搞砸了，家里人尽帮倒忙，到时候又怪我没做好",,https://tieba.baidu.com/p/10554186326,matched,pending_review,,来源存疑样本；已抓到列表摘要正文；仅作人工复核池，勿直接并入正式训练集,uncertain_redirect_round3_pool.csv
10557052682,社恐,社恐,。。。。。,社恐，不敢说话，不敢出门，连聊天都怕打扰到别人。每天躲在家里，无聊又麻木，不期待被爱，只希望别被嫌弃。如果你也一样，我们就安安静静待着，不说话也行。社交对我来说太痛苦了，人多会慌，说话会怕，连主动发消息都要鼓起全部勇气。长期家里蹲，孤独成常态，没力气讨好，没力气假装快乐。找个同样丧、同样社恐的人，一起烂在安静里。我很没用，社恐，自卑，敏感，胆小。一社交就紧张，一说话就出错，所以干脆把自己关起来。没,"标题：。。。。。

正文：社恐，不敢说话，不敢出门，连聊天都怕打扰到别人。每天躲在家里，无聊又麻木，不期待被爱，只希望别被嫌弃。如果你也一样，我们就安安静静待着，不说话也行。社交对我来说太痛苦了，人多会慌，说话会怕，连主动发消息都要鼓起全部勇气。长期家里蹲，孤独成常态，没力气讨好，没力气假装快乐。找个同样丧、同样社恐的人，一起烂在安静里。我很没用，社恐，自卑，敏感，胆小。一社交就紧张，一说话就出错，所以干脆把自己关起来。没",,https://tieba.baidu.com/p/10557052682,matched,pending_review,,来源存疑样本；已抓到列表摘要正文；仅作人工复核池，勿直接并入正式训练集,uncertain_redirect_round3_pool.csv
10557968005,社恐,社恐,相亲贴，普通人一个,95 河南 信阳小县城 男 大专 工资6k。175cm 72kg（持续减肥中），年底打算买辆车去跑网约车。,"标题：相亲贴，普通人一个

正文：95 河南 信阳小县城 男 大专 工资6k。175cm 72kg（持续减肥中），年底打算买辆车去跑网约车。",,https://tieba.baidu.com/p/10557968005,matched,pending_review,,来源存疑样本；已抓到列表摘要正文；仅作人工复核池，勿直接并入正式训练集,uncertain_redirect_round3_pool.csv
10559559767,社恐,社恐,90后老社恐，不敢出去找工作,90后老社恐，不敢出去找工作，现在一个人住在旅馆！有没有在深圳的社恐，一起去找工作，我一个人不敢去啊,90后老社恐，不敢出去找工作，现在一个人住在旅馆！有没有在深圳的社恐，一起去找工作，我一个人不敢去啊,,https://tieba.baidu.com/p/10559559767,matched,pending_review,,来源存疑样本；已抓到列表摘要正文；仅作人工复核池，勿直接并入正式训练集,uncertain_redirect_round3_pool.csv
10560886528,社恐,社恐,熬夜使人憔悴,随便发发，尽量少熬夜吧,"标题：熬夜使人憔悴

正文：随便发发，尽量少熬夜吧",,https://tieba.baidu.com/p/10560886528,matched,pending_review,,来源存疑样本；已抓到列表摘要正文；仅作人工复核池，勿直接并入正式训练集,uncertain_redirect_round3_pool.csv
10562493206,社恐,社恐,你们会不会觉得活着好累啊，生下来就是受苦的,痛苦死了，不知道怎么摆脱，想紫砂又觉得很中二，也没那个勇气。 像楼主现在已经工作了，虽然工资还挺高的，但还是觉得特别痛苦，工作压力大同事还有贱人沙比。但是我也知道哪怕离职跳槽了，再找别的工作也会遇到别的奇葩人和奇葩事……好烦啊，不知道活着图个啥，我其实没什么追求，也没什么朋友，跟家里人都不怎么亲近，甚至可以说讨厌人类厌恶人性，跟这个世界没什么关联，真不知道我生存的意义是啥,"标题：你们会不会觉得活着好累啊，生下来就是受苦的

正文：痛苦死了，不知道怎么摆脱，想紫砂又觉得很中二，也没那个勇气。 像楼主现在已经工作了，虽然工资还挺高的，但还是觉得特别痛苦，工作压力大同事还有贱人沙比。但是我也知道哪怕离职跳槽了，再找别的工作也会遇到别的奇葩人和奇葩事……好烦啊，不知道活着图个啥，我其实没什么追求，也没什么朋友，跟家里人都不怎么亲近，甚至可以说讨厌人类厌恶人性，跟这个世界没什么关联，真不知道我生存的意义是啥",,https://tieba.baidu.com/p/10562493206,matched,pending_review,,来源存疑样本；已抓到列表摘要正文；仅作人工复核池，勿直接并入正式训练集,uncertain_redirect_round3_pool.csv
10563584477,社恐,社恐,社恐。感觉没有办法融入社会了。,今天去了一趟学校，之前一直由于身体问题在家养病。出发的前一天开始失眠，害怕和人交流，害怕被注视。我不明白为什么吃了药我还是无法摆脱社恐。 体检回来之后很艰难地睡着了。将近三十个小时没睡，睡眠却出奇的浅。睡到一半的时候被幻听吵醒，总觉得好像有人在说话、听不清。那时候我想，也许过一会就好了，但是幻听最后的消失还是因为被吵的受不了，猛地回头确认了没有人才停下的。 我记得我做了噩梦。噩梦的内容忘记了。一整天,"标题：社恐。感觉没有办法融入社会了。

正文：今天去了一趟学校，之前一直由于身体问题在家养病。出发的前一天开始失眠，害怕和人交流，害怕被注视。我不明白为什么吃了药我还是无法摆脱社恐。 体检回来之后很艰难地睡着了。将近三十个小时没睡，睡眠却出奇的浅。睡到一半的时候被幻听吵醒，总觉得好像有人在说话、听不清。那时候我想，也许过一会就好了，但是幻听最后的消失还是因为被吵的受不了，猛地回头确认了没有人才停下的。 我记得我做了噩梦。噩梦的内容忘记了。一整天",,https://tieba.baidu.com/p/10563584477,matched,pending_review,,来源存疑样本；已抓到列表摘要正文；仅作人工复核池，勿直接并入正式训练集,uncertain_redirect_round3_pool.csv
10571620636,社恐,社恐,90年社恐男，想找个能相守一生的人，不玩恋爱游戏,我是一名90年的社恐男生，身高173，长相普通，母胎单身，目前在工厂做普工，有一定存款，家里有车但我不会开也不打算学，月收入5k。生活里我不抽烟、不喝酒、不嫖不赌，是个习惯了简单清净的人。 我是回避型人格，同时受强迫症、抑郁症、焦虑症的困扰，所以对人际关系会比较敏感，警惕性也会高一些。平时的爱好很简单：听听音乐、刷刷B站、爬山看海、逛公园散步，逛街也只是走走看看，很少买东西。我不喜欢跟人攀比，也没有太多社交需,"标题：90年社恐男，想找个能相守一生的人，不玩恋爱游戏

正文：我是一名90年的社恐男生，身高173，长相普通，母胎单身，目前在工厂做普工，有一定存款，家里有车但我不会开也不打算学，月收入5k。生活里我不抽烟、不喝酒、不嫖不赌，是个习惯了简单清净的人。 我是回避型人格，同时受强迫症、抑郁症、焦虑症的困扰，所以对人际关系会比较敏感，警惕性也会高一些。平时的爱好很简单：听听音乐、刷刷B站、爬山看海、逛公园散步，逛街也只是走走看看，很少买东西。我不喜欢跟人攀比，也没有太多社交需",,https://tieba.baidu.com/p/10571620636,matched,pending_review,,来源存疑样本；已抓到列表摘要正文；仅作人工复核池，勿直接并入正式训练集,uncertain_redirect_round3_pool.csv
10573750819,社恐,社恐,大家都在做什么工作？,唉，不敢出门找工作，怕在外面顶不住压力不小心哭出来，累点没关系，但特别害怕笨手笨脚导致被骂，大家现在都在做什么工作，让我参考参考,"标题：大家都在做什么工作？

正文：唉，不敢出门找工作，怕在外面顶不住压力不小心哭出来，累点没关系，但特别害怕笨手笨脚导致被骂，大家现在都在做什么工作，让我参考参考",,https://tieba.baidu.com/p/10573750819,matched,pending_review,,来源存疑样本；已抓到列表摘要正文；仅作人工复核池，勿直接并入正式训练集,uncertain_redirect_round3_pool.csv
10576355224,社恐,社恐,老员工不好好带我怎么办,"楼主入职一家模塑厂质检，白班一个男质检，一个女质检，可是他们根本不好好教，一问就说已经讲过了，不耐烦，还吼：""这个还要人教啊""，全靠自学，还不停的压力，贬低我，怎么办……。我上了10天班。那个女的逼走了4个新人，男的逼走了二个新人，太恶心了，我该怎么办，工作流程还是不太懂，老员工不好好教，还不停的精神攻击怎么办，我感觉也要跑路了求救吧友。","标题：老员工不好好带我怎么办

正文：楼主入职一家模塑厂质检，白班一个男质检，一个女质检，可是他们根本不好好教，一问就说已经讲过了，不耐烦，还吼：""这个还要人教啊""，全靠自学，还不停的压力，贬低我，怎么办……。我上了10天班。那个女的逼走了4个新人，男的逼走了二个新人，太恶心了，我该怎么办，工作流程还是不太懂，老员工不好好教，还不停的精神攻击怎么办，我感觉也要跑路了求救吧友。",,https://tieba.baidu.com/p/10576355224,matched,pending_review,,来源存疑样本；已抓到列表摘要正文；仅作人工复核池，勿直接并入正式训练集,uncertain_redirect_round3_pool.csv
10577799419,社恐,社恐,得了社恐之后,得了社恐之后 我是见人就躲 遇事就要逃 预期一起上班的人 半生不熟更不行了 基本不怎么说话 半路遇到都是能躲就躲 见领导更害怕了 也是能躲就躲 是战战兢兢，如履薄冰 生活过成潜伏了 到处是敌人,得了社恐之后 我是见人就躲 遇事就要逃 预期一起上班的人 半生不熟更不行了 基本不怎么说话 半路遇到都是能躲就躲 见领导更害怕了 也是能躲就躲 是战战兢兢，如履薄冰 生活过成潜伏了 到处是敌人,,https://tieba.baidu.com/p/10577799419,matched,pending_review,,来源存疑样本；已抓到列表摘要正文；仅作人工复核池，勿直接并入正式训练集,uncertain_redirect_round3_pool.csv
10580304916,社恐,社恐,自言自语自律贴—,,自言自语自律贴—,,https://tieba.baidu.com/p/10580304916,matched,pending_review,,来源存疑样本；已抓到列表摘要正文；仅作人工复核池，勿直接并入正式训练集,uncertain_redirect_round3_pool.csv
10580410269,社恐,社恐,死要面子活受罪，社恐人太难受了,我第一次摆摊因为害羞社恐 有人来了我假装是顾客，他问我老板呢？我说不知道应该上厕所去了，那个人硬生生在我眼皮底下偷走一瓶椰奶我到最后没说过一句话。唉，第一次摆摊就劝退了我，心里压力太大了，我见不得人回家只能偷偷的藏起来哭，都不敢哭太大声，我好憋屈，好难受,"标题：死要面子活受罪，社恐人太难受了

正文：我第一次摆摊因为害羞社恐 有人来了我假装是顾客，他问我老板呢？我说不知道应该上厕所去了，那个人硬生生在我眼皮底下偷走一瓶椰奶我到最后没说过一句话。唉，第一次摆摊就劝退了我，心里压力太大了，我见不得人回家只能偷偷的藏起来哭，都不敢哭太大声，我好憋屈，好难受",,https://tieba.baidu.com/p/10580410269,matched,pending_review,,来源存疑样本；已抓到列表摘要正文；仅作人工复核池，勿直接并入正式训练集,uncertain_redirect_round3_pool.csv
10589014653,社恐,社恐,帮我看看我是不是变态👀,事情是这样的，楼主是个社恐，所以在学校旁边租房子住。 我住在一楼，楼上不知道是二楼还是三楼住着一个女生，经常在一楼楼道口抽烟。 今天中午我放学回来，看到女生又在那里抽烟，她离开后，旁边留下一根烟头，我纠结了很久，下午放学回来把烟头捡走了。,"标题：帮我看看我是不是变态👀

正文：事情是这样的，楼主是个社恐，所以在学校旁边租房子住。 我住在一楼，楼上不知道是二楼还是三楼住着一个女生，经常在一楼楼道口抽烟。 今天中午我放学回来，看到女生又在那里抽烟，她离开后，旁边留下一根烟头，我纠结了很久，下午放学回来把烟头捡走了。",,https://tieba.baidu.com/p/10589014653,matched,pending_review,,来源存疑样本；已抓到列表摘要正文；仅作人工复核池，勿直接并入正式训练集,uncertain_redirect_round3_pool.csv
10589445167,社恐,社恐,张雪峰是不是饮食引起的猝死啊,真有钱啊 这一顿得300左右？因为他是有钱人 他不会点拼好饭 只会点大品牌的外卖 什么绿茶餐厅 这种单价很高的外卖,"标题：张雪峰是不是饮食引起的猝死啊

正文：真有钱啊 这一顿得300左右？因为他是有钱人 他不会点拼好饭 只会点大品牌的外卖 什么绿茶餐厅 这种单价很高的外卖",,https://tieba.baidu.com/p/10589445167,matched,pending_review,,来源存疑样本；已抓到列表摘要正文；仅作人工复核池，勿直接并入正式训练集,uncertain_redirect_round3_pool.csv
10590885406,社恐,社恐,张雪峰的死因 就是这一大桌子菜 你们可能不信,,张雪峰的死因 就是这一大桌子菜 你们可能不信,,https://tieba.baidu.com/p/10590885406,matched,pending_review,,来源存疑样本；已抓到列表摘要正文；仅作人工复核池，勿直接并入正式训练集,uncertain_redirect_round3_pool.csv
10591937302,社恐,社恐,社恐怎么交朋友？,平时没朋友，认识不到人怎么办,"标题：社恐怎么交朋友？

正文：平时没朋友，认识不到人怎么办",,https://tieba.baidu.com/p/10591937302,matched,pending_review,,来源存疑样本；已抓到列表摘要正文；仅作人工复核池，勿直接并入正式训练集,uncertain_redirect_round3_pool.csv
10593359986,社恐,社恐,主体性强的人会不会有人嫉妒想偷走？,楼下一个男的老是盯着我，感觉见不得别人过得好，想抢走我的主体性，主体性强的人很讨厌被当成客体盯着。,"标题：主体性强的人会不会有人嫉妒想偷走？

正文：楼下一个男的老是盯着我，感觉见不得别人过得好，想抢走我的主体性，主体性强的人很讨厌被当成客体盯着。",,https://tieba.baidu.com/p/10593359986,matched,pending_review,,来源存疑样本；已抓到列表摘要正文；仅作人工复核池，勿直接并入正式训练集,uncertain_redirect_round3_pool.csv
10594341454,社恐,社恐,唉，社恐漂亮女生的悲哀！,社恐漂亮没地位的女生很容易被猥亵，我在工厂打螺丝暗恋了两年的女生 去年被组长骚扰了，她20左右太文静内向了 感觉很社恐，做啥都低着头害羞 但长的特别好看，走路旁边过都有小香风，大波浪头很御姐会穿搭 感觉她平时不爱说话很文静的一个女孩整天低着头，好几个老哥都喜欢她，我也经常半夜夜班偷看她，确实好养眼，感觉她这气质就不属于工厂里的，组长有事没事经常去找她说话，开黄腔，她都不敢拒绝组长，一味的埋着头尴尬苦笑，组,"标题：唉，社恐漂亮女生的悲哀！

正文：社恐漂亮没地位的女生很容易被猥亵，我在工厂打螺丝暗恋了两年的女生 去年被组长骚扰了，她20左右太文静内向了 感觉很社恐，做啥都低着头害羞 但长的特别好看，走路旁边过都有小香风，大波浪头很御姐会穿搭 感觉她平时不爱说话很文静的一个女孩整天低着头，好几个老哥都喜欢她，我也经常半夜夜班偷看她，确实好养眼，感觉她这气质就不属于工厂里的，组长有事没事经常去找她说话，开黄腔，她都不敢拒绝组长，一味的埋着头尴尬苦笑，组",,https://tieba.baidu.com/p/10594341454,matched,pending_review,,来源存疑样本；已抓到列表摘要正文；仅作人工复核池，勿直接并入正式训练集,uncertain_redirect_round3_pool.csv
10595595596,社恐,社恐,对不起，看到被讨厌难过的文字，我总是喘不过气，浑身发颤难受,我一直哭一直哭，我一直在哭，我呼吸不过来，喘不过气，我好难受，我发病了 对不起对不起对不起对不起对不起，和有和我交友过的朋友道歉问了两个和我接触过朋友，都说我平常负能太多，太消极，负能爆炸了我老是说那些活着没意思，说自己有病，总是询问别人自己是不是正常人，对不起对不起，这样会影响别人的心情，我精神状态不稳定 现实也是经常说这样的话，每天说的最多的就是“好想跳了”“好想离开那样的话” 对不起对不起对不起,"标题：对不起，看到被讨厌难过的文字，我总是喘不过气，浑身发颤难受

正文：我一直哭一直哭，我一直在哭，我呼吸不过来，喘不过气，我好难受，我发病了 对不起对不起对不起对不起对不起，和有和我交友过的朋友道歉问了两个和我接触过朋友，都说我平常负能太多，太消极，负能爆炸了我老是说那些活着没意思，说自己有病，总是询问别人自己是不是正常人，对不起对不起，这样会影响别人的心情，我精神状态不稳定 现实也是经常说这样的话，每天说的最多的就是“好想跳了”“好想离开那样的话” 对不起对不起对不起",,https://tieba.baidu.com/p/10595595596,matched,pending_review,,来源存疑样本；已抓到列表摘要正文；仅作人工复核池，勿直接并入正式训练集,uncertain_redirect_round3_pool.csv
10596296656,社恐,社恐,老哥们 你们社恐会不会 ⭐压抑啊 ？每天晚上我都想👩🏻,想到睡不着,"标题：老哥们 你们社恐会不会 ⭐压抑啊 ？每天晚上我都想👩🏻

正文：想到睡不着",,https://tieba.baidu.com/p/10596296656,matched,pending_review,,来源存疑样本；已抓到列表摘要正文；仅作人工复核池，勿直接并入正式训练集,uncertain_redirect_round3_pool.csv
10597441909,社恐,社恐,我的父母是两头善良的恶魔！,我的父母从不认输，从不认错，什么都要跟我讲赢，直到我无话可说。 我的社恐、自卑、胆小，不是天生的。是被这样一次次“讲赢”出来的。 父母应该是我的安全港，但他们却成了我人生中第一个、也是最严格的辩论对手。家不在是讲爱的地方，成了讲理、讲输赢的战场。而我从未赢过。 我永远都是“错”的那一方，也形成一种深入骨髓的信念： 1. 我的感受不重要”（因为每次我想表达情绪，都会被纠正或否定） 2. 我的想法是错的”（因为无论,"标题：我的父母是两头善良的恶魔！

正文：我的父母从不认输，从不认错，什么都要跟我讲赢，直到我无话可说。 我的社恐、自卑、胆小，不是天生的。是被这样一次次“讲赢”出来的。 父母应该是我的安全港，但他们却成了我人生中第一个、也是最严格的辩论对手。家不在是讲爱的地方，成了讲理、讲输赢的战场。而我从未赢过。 我永远都是“错”的那一方，也形成一种深入骨髓的信念： 1. 我的感受不重要”（因为每次我想表达情绪，都会被纠正或否定） 2. 我的想法是错的”（因为无论",,https://tieba.baidu.com/p/10597441909,matched,pending_review,,来源存疑样本；已抓到列表摘要正文；仅作人工复核池，勿直接并入正式训练集,uncertain_redirect_round3_pool.csv
10598130177,社恐,社恐,有想结婚的妹妹吗,被父母催了，本人男97年，想做一个同样因为小时候被人霸凌还有一些先天的原因导致现在自卑社恐没朋友，连门都不想出的那种，从来没谈过恋爱。父母买了一套新房如果我结婚的话就是我的。兴趣是看剧看动漫，目标是想存钱过躺平 m低欲望生活，如果有人能陪我一起出门的话我应该会更勇敢一些，想找一个同样想法的结婚，我对另一半没有什么要求。,"标题：有想结婚的妹妹吗

正文：被父母催了，本人男97年，想做一个同样因为小时候被人霸凌还有一些先天的原因导致现在自卑社恐没朋友，连门都不想出的那种，从来没谈过恋爱。父母买了一套新房如果我结婚的话就是我的。兴趣是看剧看动漫，目标是想存钱过躺平 m低欲望生活，如果有人能陪我一起出门的话我应该会更勇敢一些，想找一个同样想法的结婚，我对另一半没有什么要求。",,https://tieba.baidu.com/p/10598130177,matched,pending_review,,来源存疑样本；已抓到列表摘要正文；仅作人工复核池，勿直接并入正式训练集,uncertain_redirect_round3_pool.csv
10600433665,社恐,社恐,社恐活着真累啊,玛德，为啥人会有社恐这种症状，人多的地方不敢去，能做到的事害怕搞砸，喜欢的异性害怕被嫌弃不敢去表白，路上遇到好看的女生也不好意思加怕被拒，喜欢的地方不好意思拍照怕被人看到，想要改变社恐发现自己害怕出丑，搞得我现在21长了一个还可以的脸居然一次手也没牵过，恋爱也没谈过，手机里除了游戏和聊天截图连几张自拍和景象照片都没有，过年回家一趟居然跟亲戚吃个饭都能感到社恐不好意思说话，要是人真有下辈子，还是社恐剧,"标题：社恐活着真累啊

正文：玛德，为啥人会有社恐这种症状，人多的地方不敢去，能做到的事害怕搞砸，喜欢的异性害怕被嫌弃不敢去表白，路上遇到好看的女生也不好意思加怕被拒，喜欢的地方不好意思拍照怕被人看到，想要改变社恐发现自己害怕出丑，搞得我现在21长了一个还可以的脸居然一次手也没牵过，恋爱也没谈过，手机里除了游戏和聊天截图连几张自拍和景象照片都没有，过年回家一趟居然跟亲戚吃个饭都能感到社恐不好意思说话，要是人真有下辈子，还是社恐剧",,https://tieba.baidu.com/p/10600433665,matched,pending_review,,来源存疑样本；已抓到列表摘要正文；仅作人工复核池，勿直接并入正式训练集,uncertain_redirect_round3_pool.csv
10600916813,社恐,社恐,怎么去讨好女性？,在社恐吧探讨这个问题，其实不是说完全没有意义。因为大部分社恐男缺乏异性。 首先，女性跟男性比，更挑剔、更注重细节，有的更不好说话。最最最重要的是，很多女性好像不缺男人。一个长得还过得去的女性，她说，我招招手就有男人过来。这句话呢，不算假。所以呢，一些女性对男的可以择优录取。 社恐男面对这些，首先他就怕了。其实女人又不吃人。那你怕女人的背后逻辑是什么？说白了，就是你接纳不了女性的这些特性。为啥你找女社,"标题：怎么去讨好女性？

正文：在社恐吧探讨这个问题，其实不是说完全没有意义。因为大部分社恐男缺乏异性。 首先，女性跟男性比，更挑剔、更注重细节，有的更不好说话。最最最重要的是，很多女性好像不缺男人。一个长得还过得去的女性，她说，我招招手就有男人过来。这句话呢，不算假。所以呢，一些女性对男的可以择优录取。 社恐男面对这些，首先他就怕了。其实女人又不吃人。那你怕女人的背后逻辑是什么？说白了，就是你接纳不了女性的这些特性。为啥你找女社",,https://tieba.baidu.com/p/10600916813,matched,pending_review,,来源存疑样本；已抓到列表摘要正文；仅作人工复核池，勿直接并入正式训练集,uncertain_redirect_round3_pool.csv
10602454247,社恐,社恐,又躺了一天23岁了从19岁开始,我是不是完哦y以后应该怎么办啊越来越焦虑了，可是现在和社会脱节太久了我自已已经不知道应该干什么了从生病到现在一直一个人，不回家，也不交朋友，每天就是自己,"标题：又躺了一天23岁了从19岁开始

正文：我是不是完哦y以后应该怎么办啊越来越焦虑了，可是现在和社会脱节太久了我自已已经不知道应该干什么了从生病到现在一直一个人，不回家，也不交朋友，每天就是自己",,https://tieba.baidu.com/p/10602454247,matched,pending_review,,来源存疑样本；已抓到列表摘要正文；仅作人工复核池，勿直接并入正式训练集,uncertain_redirect_round3_pool.csv
10604679836,社恐,社恐,长期不接触女性的心理危害。,上天为什么把人分为男人和女人？就是要他们相互吸引，相互去了解对方。我们每一个人都很难到本自具足的境界。 女性身上有我们男性缺乏的一面，我说的是思维方式，包括处事方式。而这对我们大部分男性来讲，非常重要。如果你长期不接触女性，你心理上这些缺失的东西，就会无形的在影响着你。,"标题：长期不接触女性的心理危害。

正文：上天为什么把人分为男人和女人？就是要他们相互吸引，相互去了解对方。我们每一个人都很难到本自具足的境界。 女性身上有我们男性缺乏的一面，我说的是思维方式，包括处事方式。而这对我们大部分男性来讲，非常重要。如果你长期不接触女性，你心理上这些缺失的东西，就会无形的在影响着你。",,https://tieba.baidu.com/p/10604679836,matched,pending_review,,来源存疑样本；已抓到列表摘要正文；仅作人工复核池，勿直接并入正式训练集,uncertain_redirect_round3_pool.csv
10608304310,社恐,社恐,社恐可以做什么工作？,,社恐可以做什么工作？,,https://tieba.baidu.com/p/10608304310,matched,pending_review,,来源存疑样本；已抓到列表摘要正文；仅作人工复核池，勿直接并入正式训练集,uncertain_redirect_round3_pool.csv
10608477942,社恐,社恐,有同样经历的宝子聊聊自己是怎么走出去的吗？,本人非常在意别人的眼光，即使一直告诉自己别人根本不在意自己，但心里就是会不自主的去重复与别人的对话然后去想自己说的话有没有冒犯到别人，或者觉得别人对自己是不是有哪些不满，就连公交车上如果与谁目光不小心对视了一下，然后就会感觉很别扭强迫告诉自己不要去看别人。但是眼光就是忍不住去在意，别人是不是觉得我在偷看他，我真的知道别人其实根本不在意我的目光，但就是心里忍不住去想。我就算强迫自己去看手机下意识的余,"标题：有同样经历的宝子聊聊自己是怎么走出去的吗？

正文：本人非常在意别人的眼光，即使一直告诉自己别人根本不在意自己，但心里就是会不自主的去重复与别人的对话然后去想自己说的话有没有冒犯到别人，或者觉得别人对自己是不是有哪些不满，就连公交车上如果与谁目光不小心对视了一下，然后就会感觉很别扭强迫告诉自己不要去看别人。但是眼光就是忍不住去在意，别人是不是觉得我在偷看他，我真的知道别人其实根本不在意我的目光，但就是心里忍不住去想。我就算强迫自己去看手机下意识的余",,https://tieba.baidu.com/p/10608477942,matched,pending_review,,来源存疑样本；已抓到列表摘要正文；仅作人工复核池，勿直接并入正式训练集,uncertain_redirect_round3_pool.csv
10610518664,社恐,社恐,好久没来社恐吧呢,年纪越大，看贴吧都没兴趣了，要么肯定一发也是发的负面消息吧,"标题：好久没来社恐吧呢

正文：年纪越大，看贴吧都没兴趣了，要么肯定一发也是发的负面消息吧",,https://tieba.baidu.com/p/10610518664,matched,pending_review,,来源存疑样本；已抓到列表摘要正文；仅作人工复核池，勿直接并入正式训练集,uncertain_redirect_round3_pool.csv
10611906269,社恐,社恐,误删了了好友还能找回吗,有没有认识她的,"标题：误删了了好友还能找回吗

正文：有没有认识她的",,https://tieba.baidu.com/p/10611906269,matched,pending_review,,来源存疑样本；已抓到列表摘要正文；仅作人工复核池，勿直接并入正式训练集,uncertain_redirect_round3_pool.csv
10615405408,社恐,社恐,转眼在超市干2个多月了,,转眼在超市干2个多月了,,https://tieba.baidu.com/p/10615405408,matched,pending_review,,来源存疑样本；已抓到列表摘要正文；仅作人工复核池，勿直接并入正式训练集,uncertain_redirect_round3_pool.csv
10615410165,社恐,社恐,别人以为我高深莫测，其实只是社恐内向,老规矩一楼送度娘防止吞帖子,"标题：别人以为我高深莫测，其实只是社恐内向

正文：老规矩一楼送度娘防止吞帖子",,https://tieba.baidu.com/p/10615410165,matched,pending_review,,来源存疑样本；已抓到列表摘要正文；仅作人工复核池，勿直接并入正式训练集,uncertain_redirect_round3_pool.csv
10615527309,社恐,社恐,社恐上了四天班,完全不敢和人说话，还被老员工欺负，昨天是清明节的前一天，客流量很多，4，5车垃圾全是我扔的，东西也是我收进去的，我以为上班就应该是分工合作的，结果倒完垃圾傻眼了，这货什么事也不干，在那里和人聊天看我上来了说她要下班了，仓库的地让我来拖，可问题是我也要下班了呀，都让我做，我又社恐不敢和她说话那个老女人一直咄咄逼人的骂我，我现在好想辞职可是还要还助学贷,"标题：社恐上了四天班

正文：完全不敢和人说话，还被老员工欺负，昨天是清明节的前一天，客流量很多，4，5车垃圾全是我扔的，东西也是我收进去的，我以为上班就应该是分工合作的，结果倒完垃圾傻眼了，这货什么事也不干，在那里和人聊天看我上来了说她要下班了，仓库的地让我来拖，可问题是我也要下班了呀，都让我做，我又社恐不敢和她说话那个老女人一直咄咄逼人的骂我，我现在好想辞职可是还要还助学贷",,https://tieba.baidu.com/p/10615527309,matched,pending_review,,来源存疑样本；已抓到列表摘要正文；仅作人工复核池，勿直接并入正式训练集,uncertain_redirect_round3_pool.csv
10616473085,社恐,社恐,我邻居有一个80多岁的老太太。,天天坐在门口晒太阳，看上去颤颤巍巍的，我从来没跟她说过一句话。但是我每次路过的时候，我都在想，这个老太太她曾经也是个可爱的小姑娘，她也有过自己的青春，她整天的坐在那里，她会不会回忆自己小时候的一些事情？她会不会回忆自己的爸爸妈妈？她会不会回忆自己曾经的一些往事？在生命快要走到尽头的时候，他对这个世界有什么样的感受？ 我在想，我们应该怎样度过我们的人生？,"标题：我邻居有一个80多岁的老太太。

正文：天天坐在门口晒太阳，看上去颤颤巍巍的，我从来没跟她说过一句话。但是我每次路过的时候，我都在想，这个老太太她曾经也是个可爱的小姑娘，她也有过自己的青春，她整天的坐在那里，她会不会回忆自己小时候的一些事情？她会不会回忆自己的爸爸妈妈？她会不会回忆自己曾经的一些往事？在生命快要走到尽头的时候，他对这个世界有什么样的感受？ 我在想，我们应该怎样度过我们的人生？",,https://tieba.baidu.com/p/10616473085,matched,pending_review,,来源存疑样本；已抓到列表摘要正文；仅作人工复核池，勿直接并入正式训练集,uncertain_redirect_round3_pool.csv
10616588777,社恐,社恐,自律！起来！干！,,自律！起来！干！,,https://tieba.baidu.com/p/10616588777,matched,pending_review,,来源存疑样本；已抓到列表摘要正文；仅作人工复核池，勿直接并入正式训练集,uncertain_redirect_round3_pool.csv
10616800820,社恐,社恐,sos救救,有人可以帮助我练习说话吗？宅太久了，感觉自己已经不像正常人了，出门买东西都不敢说话,"标题：sos救救

正文：有人可以帮助我练习说话吗？宅太久了，感觉自己已经不像正常人了，出门买东西都不敢说话",,https://tieba.baidu.com/p/10616800820,matched,pending_review,,来源存疑样本；已抓到列表摘要正文；仅作人工复核池，勿直接并入正式训练集,uncertain_redirect_round3_pool.csv
10618101026,社恐,社恐,感觉很不舒服，刚发现家里客厅被爸妈装了个监控,不知道为什么我居然有种很恶心的感觉,"标题：感觉很不舒服，刚发现家里客厅被爸妈装了个监控

正文：不知道为什么我居然有种很恶心的感觉",,https://tieba.baidu.com/p/10618101026,matched,pending_review,,来源存疑样本；已抓到列表摘要正文；仅作人工复核池，勿直接并入正式训练集,uncertain_redirect_round3_pool.csv
10618162047,社恐,社恐,人生的意义是什么呢,时至今日 我总算找到了一个真正的答案,"标题：人生的意义是什么呢

正文：时至今日 我总算找到了一个真正的答案",,https://tieba.baidu.com/p/10618162047,matched,pending_review,,来源存疑样本；已抓到列表摘要正文；仅作人工复核池，勿直接并入正式训练集,uncertain_redirect_round3_pool.csv
10619997971,社恐,社恐,现阶段你们理想中的生活是怎么样的,,现阶段你们理想中的生活是怎么样的,,https://tieba.baidu.com/p/10619997971,matched,pending_review,,来源存疑样本；已抓到列表摘要正文；仅作人工复核池，勿直接并入正式训练集,uncertain_redirect_round3_pool.csv
10620899003,社恐,社恐,现在还在找工作,有没有在宁波的姐妹一起找 一个人社恐不想出门,"标题：现在还在找工作

正文：有没有在宁波的姐妹一起找 一个人社恐不想出门",,https://tieba.baidu.com/p/10620899003,matched,pending_review,,来源存疑样本；已抓到列表摘要正文；仅作人工复核池，勿直接并入正式训练集,uncertain_redirect_round3_pool.csv
10621987751,社恐,社恐,涨了1斤半 饮食得控制了,包子 以后不吃 烧饼 不吃 韭菜盒子不吃 饺子不吃 蛋糕不吃 糖三角不吃 猪头肉只吃一片 混沌不吃 面条本来就不爱吃 油条油饼更不能吃,"标题：涨了1斤半 饮食得控制了

正文：包子 以后不吃 烧饼 不吃 韭菜盒子不吃 饺子不吃 蛋糕不吃 糖三角不吃 猪头肉只吃一片 混沌不吃 面条本来就不爱吃 油条油饼更不能吃",,https://tieba.baidu.com/p/10621987751,matched,pending_review,,来源存疑样本；已抓到列表摘要正文；仅作人工复核池，勿直接并入正式训练集,uncertain_redirect_round3_pool.csv
10623940041,社恐,社恐,在一个没办法及时寻求帮助的时候社恐如何生存,几年前我也得社恐甚至有心理疾病，无法正常和人正常对视和说话。甚至正常流程排队站在那里都不好意思跟前台说话。在外面一直低着头不敢抬头。一碰到没见过没做的事就跟天塌了一样。 首先不要怕丢人。没关系啊说的那些话给自己维权首先踏出一步才能越做越好。人就是要一点点进步的。第一次坐外地公交我很蒙圈不知道要去平台搜索，翻来覆去用双平台付款码幸好没有挨骂从那学会信息搜索。后面有了第一次自己坐地铁，怎么辨别方向，第,"标题：在一个没办法及时寻求帮助的时候社恐如何生存

正文：几年前我也得社恐甚至有心理疾病，无法正常和人正常对视和说话。甚至正常流程排队站在那里都不好意思跟前台说话。在外面一直低着头不敢抬头。一碰到没见过没做的事就跟天塌了一样。 首先不要怕丢人。没关系啊说的那些话给自己维权首先踏出一步才能越做越好。人就是要一点点进步的。第一次坐外地公交我很蒙圈不知道要去平台搜索，翻来覆去用双平台付款码幸好没有挨骂从那学会信息搜索。后面有了第一次自己坐地铁，怎么辨别方向，第",,https://tieba.baidu.com/p/10623940041,matched,pending_review,,来源存疑样本；已抓到列表摘要正文；仅作人工复核池，勿直接并入正式训练集,uncertain_redirect_round3_pool.csv
10624039856,社恐,社恐,吧友们好，我算是个智力低下的人,我很笨 从小就笨 小时候被嘲笑我现在大学也没有朋友 怎么办呢 现在觉得自己智力低是因为（从成年就开始兼职，因为家里没钱）我没有一个工作是超过一个月的，因为我学不会干不好老被开除 笨也没有办法改变 ，出了社会更害怕生存不下去 我是民办专科 ，据我所知我初中就听不懂理科类的课了,"标题：吧友们好，我算是个智力低下的人

正文：我很笨 从小就笨 小时候被嘲笑我现在大学也没有朋友 怎么办呢 现在觉得自己智力低是因为（从成年就开始兼职，因为家里没钱）我没有一个工作是超过一个月的，因为我学不会干不好老被开除 笨也没有办法改变 ，出了社会更害怕生存不下去 我是民办专科 ，据我所知我初中就听不懂理科类的课了",,https://tieba.baidu.com/p/10624039856,matched,pending_review,,来源存疑样本；已抓到列表摘要正文；仅作人工复核池，勿直接并入正式训练集,uncertain_redirect_round3_pool.csv
10624544594,社恐,社恐,如果说我没有办法在这里就研成的话！,如果说我一直止步不前的话！,"标题：如果说我没有办法在这里就研成的话！

正文：如果说我一直止步不前的话！",,https://tieba.baidu.com/p/10624544594,matched,pending_review,,来源存疑样本；已抓到列表摘要正文；仅作人工复核池，勿直接并入正式训练集,uncertain_redirect_round3_pool.csv
10624710680,社恐,社恐,直接干大地？,,直接干大地？,,https://tieba.baidu.com/p/10624710680,matched,pending_review,,来源存疑样本；已抓到列表摘要正文；仅作人工复核池，勿直接并入正式训练集,uncertain_redirect_round3_pool.csv
10624988034,社恐,社恐,我有一个想法，有人不想工作的吗？来做我代驾,现在开着车在外边打工，开车也能开就是视力不太好。有一个想法能不能找一个代驾每年给五千，吃住我全包。不是每天开，可能半个月都不开一次。比如说车停时间长了，长期放着不开怕不好，你就帮我启动溜两圈这样。其余时间你自己支配，相当于一个小助理。,"标题：我有一个想法，有人不想工作的吗？来做我代驾

正文：现在开着车在外边打工，开车也能开就是视力不太好。有一个想法能不能找一个代驾每年给五千，吃住我全包。不是每天开，可能半个月都不开一次。比如说车停时间长了，长期放着不开怕不好，你就帮我启动溜两圈这样。其余时间你自己支配，相当于一个小助理。",,https://tieba.baidu.com/p/10624988034,matched,pending_review,,来源存疑样本；已抓到列表摘要正文；仅作人工复核池，勿直接并入正式训练集,uncertain_redirect_round3_pool.csv
10625347514,社恐,社恐,有一起找工作的恐友吗,蹲一个恐友，目前在惠州，准备进厂，有没有一起的,"标题：有一起找工作的恐友吗

正文：蹲一个恐友，目前在惠州，准备进厂，有没有一起的",,https://tieba.baidu.com/p/10625347514,matched,pending_review,,来源存疑样本；已抓到列表摘要正文；仅作人工复核池，勿直接并入正式训练集,uncertain_redirect_round3_pool.csv
10625801502,社恐,社恐,社恐找女朋友，有吗？包吃包住,,社恐找女朋友，有吗？包吃包住,,https://tieba.baidu.com/p/10625801502,matched,pending_review,,来源存疑样本；已抓到列表摘要正文；仅作人工复核池，勿直接并入正式训练集,uncertain_redirect_round3_pool.csv
4582897152,社恐,社恐,涉交恐惧的主要根源是---对自我的关注太高,1，自己对自己的关注太高 2，认为别人也都关注着你 3，什么事第一想到的是我怎么了，别人会怎么看我 4，而事实是，人们都只关心自己，很少关注他人 5，所以，你的事没人注意，只是你自己太敏感,"标题：涉交恐惧的主要根源是---对自我的关注太高

正文：1，自己对自己的关注太高 2，认为别人也都关注着你 3，什么事第一想到的是我怎么了，别人会怎么看我 4，而事实是，人们都只关心自己，很少关注他人 5，所以，你的事没人注意，只是你自己太敏感",,https://tieba.baidu.com/p/4582897152,matched,pending_review,,来源存疑样本；已抓到列表摘要正文；仅作人工复核池，勿直接并入正式训练集,uncertain_redirect_round3_pool.csv
6833022303,社恐,社恐,社恐的我，该何去何从，长期记录,社恐的我，该何去何从，长期记录,社恐的我，该何去何从，长期记录,,https://tieba.baidu.com/p/6833022303,matched,pending_review,,来源存疑样本；已抓到列表摘要正文；仅作人工复核池，勿直接并入正式训练集,uncertain_redirect_round3_pool.csv
7745734109,社恐,社恐,读书的时候因为社恐，经常被欺负，导致很自卑。,一直沉浸在二次元中，看动漫，玩游戏，没什么朋友。直到大学毕业后，才知道我爸在深圳有五套房子留给我，我就开始没那么自卑了，在工作中遇到的同事基本都是比较友善的，所以逐渐摆脱了社恐。,"标题：读书的时候因为社恐，经常被欺负，导致很自卑。

正文：一直沉浸在二次元中，看动漫，玩游戏，没什么朋友。直到大学毕业后，才知道我爸在深圳有五套房子留给我，我就开始没那么自卑了，在工作中遇到的同事基本都是比较友善的，所以逐渐摆脱了社恐。",,https://tieba.baidu.com/p/7745734109,matched,pending_review,,来源存疑样本；已抓到列表摘要正文；仅作人工复核池，勿直接并入正式训练集,uncertain_redirect_round3_pool.csv
8402461287,社恐,社恐,我从小学一直喜欢到现在的明星居然是gv演员,#(啊) #(啊) #(啊),"标题：我从小学一直喜欢到现在的明星居然是gv演员

正文：#(啊) #(啊) #(啊)",,https://tieba.baidu.com/p/8402461287,matched,pending_review,,来源存疑样本；已抓到列表摘要正文；仅作人工复核池，勿直接并入正式训练集,uncertain_redirect_round3_pool.csv
8405223322,社恐,社恐,活着好难啊家人们,陆续找了几份工都是因为头发长受到歧视，同样的岗位，女的长头发就行，男的就不行。还说人家是女的你是吗？这到底是为什么，中华男性留长发几千年的历史，不过百年时间。,"标题：活着好难啊家人们

正文：陆续找了几份工都是因为头发长受到歧视，同样的岗位，女的长头发就行，男的就不行。还说人家是女的你是吗？这到底是为什么，中华男性留长发几千年的历史，不过百年时间。",,https://tieba.baidu.com/p/8405223322,matched,pending_review,,来源存疑样本；已抓到列表摘要正文；仅作人工复核池，勿直接并入正式训练集,uncertain_redirect_round3_pool.csv
8426777561,社恐,社恐,放弃自己了,因为不爱和人打交道，大学毕业后就一直没有工作，整天躺在家里除了吃饭睡觉就是刷视频看剧，幻想着自己很有钱能过上怎样的生活，妈妈从最开始催我出去找对象找工作，到现在冷暴力每天和我交流不超过五句话，饭做好了都不叫我，因为躺久了整个人都很颓废的样子，就更没有自信出去，感觉自己是个累赘，懒到底算了。,"标题：放弃自己了

正文：因为不爱和人打交道，大学毕业后就一直没有工作，整天躺在家里除了吃饭睡觉就是刷视频看剧，幻想着自己很有钱能过上怎样的生活，妈妈从最开始催我出去找对象找工作，到现在冷暴力每天和我交流不超过五句话，饭做好了都不叫我，因为躺久了整个人都很颓废的样子，就更没有自信出去，感觉自己是个累赘，懒到底算了。",,https://tieba.baidu.com/p/8426777561,matched,pending_review,,来源存疑样本；已抓到列表摘要正文；仅作人工复核池，勿直接并入正式训练集,uncertain_redirect_round3_pool.csv
8674269200,社恐,社恐,记录一个社恐的日常,首先本人女，资深社恐很多年 很多时候都是一个人 渴望被关注 却是一个小透明一只,"标题：记录一个社恐的日常

正文：首先本人女，资深社恐很多年 很多时候都是一个人 渴望被关注 却是一个小透明一只",,https://tieba.baidu.com/p/8674269200,matched,pending_review,,来源存疑样本；已抓到列表摘要正文；仅作人工复核池，勿直接并入正式训练集,uncertain_redirect_round3_pool.csv
9083023453,社恐,社恐,上班真辛苦，打不完，根本打不完,挂了一下午了,"标题：上班真辛苦，打不完，根本打不完

正文：挂了一下午了",,https://tieba.baidu.com/p/9083023453,matched,pending_review,,来源存疑样本；已抓到列表摘要正文；仅作人工复核池，勿直接并入正式训练集,uncertain_redirect_round3_pool.csv
9162571377,社恐,社恐,没有完成任务就送礼物,,没有完成任务就送礼物,,https://tieba.baidu.com/p/9162571377,matched,pending_review,,来源存疑样本；已抓到列表摘要正文；仅作人工复核池，勿直接并入正式训练集,uncertain_redirect_round3_pool.csv
9456030058,社恐,社恐,来人一起碎碎念,,来人一起碎碎念,,https://tieba.baidu.com/p/9456030058,matched,pending_review,,来源存疑样本；已抓到列表摘要正文；仅作人工复核池，勿直接并入正式训练集,uncertain_redirect_round3_pool.csv
9732253069,社恐,社恐,我需要一份工作 最好是在北京,有人可以给我介绍或安排个工作吗 帮帮我 只要能够帮助到我 我为你做任何事情都可以 什么都听你的 一直跟随陪伴于你左右 谢谢了 我说一下我个人情况吧 我叫赵安 男 今年25岁 净身高178cm 体重50kg 近视眼 我只有高中学历 我家条件很不好 虽然是在北京 但我家是农村的 叫大庄科村 然后父母的话 都是农民 都生着病 妈妈是类风性湿关节炎 骨头缝都疼 所以当时就没有在继续念书 我性格非常的内向腼腆 感觉融入不了这个社会 就因为太老实 吃了很多哑巴,"标题：我需要一份工作 最好是在北京

正文：有人可以给我介绍或安排个工作吗 帮帮我 只要能够帮助到我 我为你做任何事情都可以 什么都听你的 一直跟随陪伴于你左右 谢谢了 我说一下我个人情况吧 我叫赵安 男 今年25岁 净身高178cm 体重50kg 近视眼 我只有高中学历 我家条件很不好 虽然是在北京 但我家是农村的 叫大庄科村 然后父母的话 都是农民 都生着病 妈妈是类风性湿关节炎 骨头缝都疼 所以当时就没有在继续念书 我性格非常的内向腼腆 感觉融入不了这个社会 就因为太老实 吃了很多哑巴",,https://tieba.baidu.com/p/9732253069,matched,pending_review,,来源存疑样本；已抓到列表摘要正文；仅作人工复核池，勿直接并入正式训练集,uncertain_redirect_round3_pool.csv
9754159244,社恐,社恐,有在深圳的女宝宝吗？免费收留女宝宝,没有女宝宝男的也行，一双筷子的事，不嫌弃生活差就行,"标题：有在深圳的女宝宝吗？免费收留女宝宝

正文：没有女宝宝男的也行，一双筷子的事，不嫌弃生活差就行",,https://tieba.baidu.com/p/9754159244,matched,pending_review,,来源存疑样本；已抓到列表摘要正文；仅作人工复核池，勿直接并入正式训练集,uncertain_redirect_round3_pool.csv
9818290324,社恐,社恐,估计没有人和我一样？整天躲在家里，就 像蹲监狱一样,九三年的，我今年32，人生中经历了过几 次转折点，又内向既社恐，也不怎么爱说话 了，整天躲在屋里，差不多吧半个月，一个 月不出门，除了吃喝上厕所，平时就抱着手 机无聊的刷抖音，每天都是在迷 茫中度过一天又一天，这样的生活实在太难 受了，既孤独又无聊，没有朋友的滋味，又 渴望有朋友，怎样才能逃出这种现象，要不 然感觉自己随时都快崩溃疯掉了,"标题：估计没有人和我一样？整天躲在家里，就 像蹲监狱一样

正文：九三年的，我今年32，人生中经历了过几 次转折点，又内向既社恐，也不怎么爱说话 了，整天躲在屋里，差不多吧半个月，一个 月不出门，除了吃喝上厕所，平时就抱着手 机无聊的刷抖音，每天都是在迷 茫中度过一天又一天，这样的生活实在太难 受了，既孤独又无聊，没有朋友的滋味，又 渴望有朋友，怎样才能逃出这种现象，要不 然感觉自己随时都快崩溃疯掉了",,https://tieba.baidu.com/p/9818290324,matched,pending_review,,来源存疑样本；已抓到列表摘要正文；仅作人工复核池，勿直接并入正式训练集,uncertain_redirect_round3_pool.csv
9865925370,社恐,社恐,这个吧有在深圳的女生吗,,这个吧有在深圳的女生吗,,https://tieba.baidu.com/p/9865925370,matched,pending_review,,来源存疑样本；已抓到列表摘要正文；仅作人工复核池，勿直接并入正式训练集,uncertain_redirect_round3_pool.csv
9917525686,社恐,社恐,目前社恐群五十多人，我是群主，女生，如果你也是社恐可以进来聊天,如果想进，就评论区告诉我，我私发你群号，以后还是会不停招人，群主是超级大社恐，不上班，不想面对人，在家天天就玩手机，除了必要基本不出门。群员也都是一堆社恐。,"标题：目前社恐群五十多人，我是群主，女生，如果你也是社恐可以进来聊天

正文：如果想进，就评论区告诉我，我私发你群号，以后还是会不停招人，群主是超级大社恐，不上班，不想面对人，在家天天就玩手机，除了必要基本不出门。群员也都是一堆社恐。",,https://tieba.baidu.com/p/9917525686,matched,pending_review,,来源存疑样本；已抓到列表摘要正文；仅作人工复核池，勿直接并入正式训练集,uncertain_redirect_round3_pool.csv
9984657749,社恐,社恐,真的难受了,今天是我上班的第二天，我真的不知道干嘛，也超级害怕和人交流啊,"标题：真的难受了

正文：今天是我上班的第二天，我真的不知道干嘛，也超级害怕和人交流啊",,https://tieba.baidu.com/p/9984657749,matched,pending_review,,来源存疑样本；已抓到列表摘要正文；仅作人工复核池，勿直接并入正式训练集,uncertain_redirect_round3_pool.csv
10064040985,答辩,答辩,机械类的BS课题解析与指导,机械类的毕设课题一般分：1，机械产品类，各种结构设计2，模具类，各种冲压，注塑，压铸，修边，整形等3，工艺及专用夹具。以上都是属于比较经典的课题。友情提醒：某鱼某宝上的什么团队，工作室，白菜价的都是卖模板的中街，那些能忽悠答应包过的基本也是片子，注意避坑！,"标题：机械类的BS课题解析与指导

正文：机械类的毕设课题一般分：1，机械产品类，各种结构设计2，模具类，各种冲压，注塑，压铸，修边，整形等3，工艺及专用夹具。以上都是属于比较经典的课题。友情提醒：某鱼某宝上的什么团队，工作室，白菜价的都是卖模板的中街，那些能忽悠答应包过的基本也是片子，注意避坑！",,https://tieba.baidu.com/p/10064040985,matched,pending_review,,来源存疑样本；已抓到列表摘要正文；仅作人工复核池，勿直接并入正式训练集,uncertain_redirect_round5_pool.csv
10191570600,答辩,答辩,求帮忙填写调查问卷,各位大哥大姐学长学姐学弟学妹好，我那个答辩需要30多人填的调查问卷 内容大概是会计专业大数据课程设置、想法什么的实在是不知道怎么凑三四十人填，特来求救 网页链接 猫咪镇图,"标题：求帮忙填写调查问卷

正文：各位大哥大姐学长学姐学弟学妹好，我那个答辩需要30多人填的调查问卷 内容大概是会计专业大数据课程设置、想法什么的实在是不知道怎么凑三四十人填，特来求救 网页链接 猫咪镇图",,https://tieba.baidu.com/p/10191570600,matched,pending_review,,来源存疑样本；已抓到列表摘要正文；仅作人工复核池，勿直接并入正式训练集,uncertain_redirect_round5_pool.csv
10208606738,答辩,答辩,#毕业答辩#项目不太懂 有大佬帮忙讲解一下吗,有没有懂前后端分离的大佬求救求救！！！,"标题：#毕业答辩#项目不太懂 有大佬帮忙讲解一下吗

正文：有没有懂前后端分离的大佬求救求救！！！",,https://tieba.baidu.com/p/10208606738,matched,pending_review,,来源存疑样本；已抓到列表摘要正文；仅作人工复核池，勿直接并入正式训练集,uncertain_redirect_round5_pool.csv
10249702926,答辩,答辩,明天就要答辩了，好紧张，求祝福,,明天就要答辩了，好紧张，求祝福,,https://tieba.baidu.com/p/10249702926,matched,pending_review,,来源存疑样本；已抓到列表摘要正文；仅作人工复核池，勿直接并入正式训练集,uncertain_redirect_round5_pool.csv
10466747605,答辩,答辩,求助，计算机毕设的实际项目和论文题目不是很相关,系统包括了题目，但是我为了这个核心功能延申了很多。就好比题目是学生选课系统，但是系统实际不止选课功能，还有学生管理，老师管理，课程管理。就显的这个选课不突出。这个有问题吗,"标题：求助，计算机毕设的实际项目和论文题目不是很相关

正文：系统包括了题目，但是我为了这个核心功能延申了很多。就好比题目是学生选课系统，但是系统实际不止选课功能，还有学生管理，老师管理，课程管理。就显的这个选课不突出。这个有问题吗",,https://tieba.baidu.com/p/10466747605,matched,pending_review,,来源存疑样本；已抓到列表摘要正文；仅作人工复核池，勿直接并入正式训练集,uncertain_redirect_round5_pool.csv
8429961580,答辩,答辩,急急急，求解,明天答辩，导师偷偷给了我两个问题，如何抓取身份证？仿真结果说明了什么问题，有没有大哥能给个答案,"标题：急急急，求解

正文：明天答辩，导师偷偷给了我两个问题，如何抓取身份证？仿真结果说明了什么问题，有没有大哥能给个答案",,https://tieba.baidu.com/p/8429961580,matched,pending_review,,来源存疑样本；已抓到列表摘要正文；仅作人工复核池，勿直接并入正式训练集,uncertain_redirect_round5_pool.csv
9246501243,答辩,答辩,租机逾期被仲裁，如何答辩,租机逾期被仲裁，如何答辩，求大神指点，谢谢,租机逾期被仲裁，如何答辩，求大神指点，谢谢,,https://tieba.baidu.com/p/9246501243,matched,pending_review,,来源存疑样本；已抓到列表摘要正文；仅作人工复核池，勿直接并入正式训练集,uncertain_redirect_round5_pool.csv
9677130470,答辩,答辩,求求求求求,计算机专业答辩怎么答啊 需要演示PPT和程序 怎么弄啊,"标题：求求求求求

正文：计算机专业答辩怎么答啊 需要演示PPT和程序 怎么弄啊",,https://tieba.baidu.com/p/9677130470,matched,pending_review,,来源存疑样本；已抓到列表摘要正文；仅作人工复核池，勿直接并入正式训练集,uncertain_redirect_round5_pool.csv
9722976401,答辩,答辩,答辩老师故意刁难，一直不给过，怎么办？,,答辩老师故意刁难，一直不给过，怎么办？,,https://tieba.baidu.com/p/9722976401,matched,pending_review,,来源存疑样本；已抓到列表摘要正文；仅作人工复核池，勿直接并入正式训练集,uncertain_redirect_round5_pool.csv
9722980304,答辩,答辩,论文答辩老师说不行，指导老师说可以，这该咋办？听谁的？,,论文答辩老师说不行，指导老师说可以，这该咋办？听谁的？,,https://tieba.baidu.com/p/9722980304,matched,pending_review,,来源存疑样本；已抓到列表摘要正文；仅作人工复核池，勿直接并入正式训练集,uncertain_redirect_round5_pool.csv
10158897264,考研,考研,卡尔被评论鼓动,退学五站了,"标题：卡尔被评论鼓动

正文：退学五站了",,https://tieba.baidu.com/p/10158897264,matched,pending_review,,来源存疑样本；已抓到列表摘要正文；仅作人工复核池，勿直接并入正式训练集,uncertain_redirect_round3_pool.csv
10307406998,考研,考研,最后三天了，吧友什么状态?,楼主完全学不进去了，今天就写了一套专业课模拟，然后晚上爽打斗魂。 目前数学张四平均100多一点，专业课还行三套模拟平均120比往年平均分高一截了；英二客观题大概50/60的均分，最低一年47，最高56，都说最难的25年写了一百一十分钟51.5，但是写作和翻译给ai打分只有18-22的样子，不知道京区会不会更低；政治是十天多速通，背诵手册浏览了一遍，肖一千二刷了部分错题，肖四平均30，肖八平均25，真题平均30，大题准备根帕拉迪宇和大牙的抄材料,"标题：最后三天了，吧友什么状态?

正文：楼主完全学不进去了，今天就写了一套专业课模拟，然后晚上爽打斗魂。 目前数学张四平均100多一点，专业课还行三套模拟平均120比往年平均分高一截了；英二客观题大概50/60的均分，最低一年47，最高56，都说最难的25年写了一百一十分钟51.5，但是写作和翻译给ai打分只有18-22的样子，不知道京区会不会更低；政治是十天多速通，背诵手册浏览了一遍，肖一千二刷了部分错题，肖四平均30，肖八平均25，真题平均30，大题准备根帕拉迪宇和大牙的抄材料",,https://tieba.baidu.com/p/10307406998,matched,pending_review,,来源存疑样本；已抓到列表摘要正文；仅作人工复核池，勿直接并入正式训练集,uncertain_redirect_round3_pool.csv
10314660442,考研,考研,回顾这一年,为了缓解考前焦虑，每个人说一个自己备考这一年踩过的坑,"标题：回顾这一年

正文：为了缓解考前焦虑，每个人说一个自己备考这一年踩过的坑",,https://tieba.baidu.com/p/10314660442,matched,pending_review,,来源存疑样本；已抓到列表摘要正文；仅作人工复核池，勿直接并入正式训练集,uncertain_redirect_academic_review_pool.csv
10342264651,考研,考研,给27考研的小登一个忠心劝告,考研不是光学习；先是生活，然后才是学习。 你原来生活里占据重要地位的东西，不要在考研的过程中因为盲目追求分数而丢弃掉，尤其是游戏。 很多人说考研要戒游戏，这个真的太吃亏了，尤其是对于我这种一天游戏占据大部分时间的人来说。考研期间基本上打枪直接没碰，二游只清体力，娱乐最多只能打打王者了，因为太累打不动枪 后果就是，现在考完了，我的游戏技术基本上一点不剩了，以前一起组排的车队，我重新回来只能拖后腿； 队友,"标题：给27考研的小登一个忠心劝告

正文：考研不是光学习；先是生活，然后才是学习。 你原来生活里占据重要地位的东西，不要在考研的过程中因为盲目追求分数而丢弃掉，尤其是游戏。 很多人说考研要戒游戏，这个真的太吃亏了，尤其是对于我这种一天游戏占据大部分时间的人来说。考研期间基本上打枪直接没碰，二游只清体力，娱乐最多只能打打王者了，因为太累打不动枪 后果就是，现在考完了，我的游戏技术基本上一点不剩了，以前一起组排的车队，我重新回来只能拖后腿； 队友",,https://tieba.baidu.com/p/10342264651,matched,pending_review,,来源存疑样本；已抓到列表摘要正文；仅作人工复核池，勿直接并入正式训练集,uncertain_redirect_round3_pool.csv
10509909206,考研,考研,考研真是这个世界上最烂的考试,rt，兄弟们 今天出分不太可能了，我想说一下考研真的很恶心，理由如下，大家可以补充，吐槽向,"标题：考研真是这个世界上最烂的考试

正文：rt，兄弟们 今天出分不太可能了，我想说一下考研真的很恶心，理由如下，大家可以补充，吐槽向",,https://tieba.baidu.com/p/10509909206,matched,pending_review,,来源存疑样本；已抓到列表摘要正文；仅作人工复核池，勿直接并入正式训练集,uncertain_redirect_academic_review_pool.csv
10510731887,考研,考研,考研450分和rmb450万你选哪个,#(呵呵) #(呵呵) #(呵呵),"标题：考研450分和rmb450万你选哪个

正文：#(呵呵) #(呵呵) #(呵呵)",,https://tieba.baidu.com/p/10510731887,matched,pending_review,,来源存疑样本；已抓到列表摘要正文；仅作人工复核池，勿直接并入正式训练集,uncertain_redirect_academic_review_pool.csv
10521215196,考研,考研,一战11408经验贴,咱是双非科班，这次的成绩超出了预期，本来只估的380 先总体说一下成绩情况政治应该是34+30，英一应该是47+30，数学错了两个选填，408错了5道选择 这次的成绩数学没达到预期，其他的都超过了预期 下面更各个科目的经验，供大家参考一下,"标题：一战11408经验贴

正文：咱是双非科班，这次的成绩超出了预期，本来只估的380 先总体说一下成绩情况政治应该是34+30，英一应该是47+30，数学错了两个选填，408错了5道选择 这次的成绩数学没达到预期，其他的都超过了预期 下面更各个科目的经验，供大家参考一下",,https://tieba.baidu.com/p/10521215196,matched,pending_review,,来源存疑样本；已抓到列表摘要正文；仅作人工复核池，勿直接并入正式训练集,uncertain_redirect_round3_pool.csv
10522718723,考研,考研,为啥今年考研分数都那么高,27考研小登怎么看着今年92热门工科专业普遍都400＋了，那么吓人，小登通信的，看的几个211热门院校包括杭电重邮普遍的390或380，部分211 390以下连复试资格都没有，直接吓哭了，不是说今年专业课普遍变难了吗，公共课再难不会提高那么多分吧，而且英一数一难度在那分数也普遍比去年高很多，直接给我吓哭了本来还想冲冲的，这考研咋考啊,"标题：为啥今年考研分数都那么高

正文：27考研小登怎么看着今年92热门工科专业普遍都400＋了，那么吓人，小登通信的，看的几个211热门院校包括杭电重邮普遍的390或380，部分211 390以下连复试资格都没有，直接吓哭了，不是说今年专业课普遍变难了吗，公共课再难不会提高那么多分吧，而且英一数一难度在那分数也普遍比去年高很多，直接给我吓哭了本来还想冲冲的，这考研咋考啊",,https://tieba.baidu.com/p/10522718723,matched,pending_review,,来源存疑样本；已抓到列表摘要正文；仅作人工复核池，勿直接并入正式训练集,uncertain_redirect_round3_pool.csv
10524361948,考研,考研,考研失败了，我该怎么办,考研一战22408，这一年我卖掉了游戏平板，还花了好几万报了个考研班，最终却是这个结果。 考试： 考完政治英语，我觉得我能上70分，结果这两科才50多。考数学当晚没睡着，考数学时感觉脑子都不带转的，后面三道大题全是白的，定积分应用，微分方程，线代大题完全无从下手一点也不会。408考场上选择题做了一个小时40分钟，大题代码题没做没时间了就交卷了。 备考： 这一年我80%的时间都用在了408的复习上，数学每天只复习2个小时甚至不到，,"标题：考研失败了，我该怎么办

正文：考研一战22408，这一年我卖掉了游戏平板，还花了好几万报了个考研班，最终却是这个结果。 考试： 考完政治英语，我觉得我能上70分，结果这两科才50多。考数学当晚没睡着，考数学时感觉脑子都不带转的，后面三道大题全是白的，定积分应用，微分方程，线代大题完全无从下手一点也不会。408考场上选择题做了一个小时40分钟，大题代码题没做没时间了就交卷了。 备考： 这一年我80%的时间都用在了408的复习上，数学每天只复习2个小时甚至不到，",,https://tieba.baidu.com/p/10524361948,matched,pending_review,,来源存疑样本；已抓到列表摘要正文；仅作人工复核池，勿直接并入正式训练集,uncertain_redirect_academic_review_pool.csv
10526953605,考研,考研,没有比计算机更完美的专业了吧,进可大厂追逐财富自由，退可考公考编工作生活平衡，其他专业要么上限比不了计算机，要么下限被计算机吊打。举个例子，看我主页另一个帖子里的医学生有多羡慕计算机就知道了，医学生普遍认为医学博士不如计算机本科，医学硕士不如计算机大专，计算机赚几年的钱比医学生一辈子赚的都多。 质疑的请回答以下几个问题： 1.计算机就是版本t0，计算机都不行了还有啥专业可以的 2.计算机进不了大厂纯粹不好好努力，双非都有不少进大厂的，进不,"标题：没有比计算机更完美的专业了吧

正文：进可大厂追逐财富自由，退可考公考编工作生活平衡，其他专业要么上限比不了计算机，要么下限被计算机吊打。举个例子，看我主页另一个帖子里的医学生有多羡慕计算机就知道了，医学生普遍认为医学博士不如计算机本科，医学硕士不如计算机大专，计算机赚几年的钱比医学生一辈子赚的都多。 质疑的请回答以下几个问题： 1.计算机就是版本t0，计算机都不行了还有啥专业可以的 2.计算机进不了大厂纯粹不好好努力，双非都有不少进大厂的，进不",,https://tieba.baidu.com/p/10526953605,matched,pending_review,,来源存疑样本；已抓到列表摘要正文；仅作人工复核池，勿直接并入正式训练集,uncertain_redirect_round3_pool.csv
10528608919,考研,考研,傻瓜都能学会的考研数学教程,鼠鼠是浙江人，高考不像他们全国卷的经历了22年数学的惨案，但就算是小小浙江卷也才考了90。不过今年数二还是考了150，而且在9月份学校改考，从数一改成了数二。我认为考研数学的关键就在于做题，听谁的课都没太大影响，多做点题就好了。教程仅供参考，适合“脑子不太聪明”的宝宝体质，楼下见图。#焚诀来了！考研经验速速收藏！##时间紧任务重，复试焚诀爆爆爆！#,"标题：傻瓜都能学会的考研数学教程

正文：鼠鼠是浙江人，高考不像他们全国卷的经历了22年数学的惨案，但就算是小小浙江卷也才考了90。不过今年数二还是考了150，而且在9月份学校改考，从数一改成了数二。我认为考研数学的关键就在于做题，听谁的课都没太大影响，多做点题就好了。教程仅供参考，适合“脑子不太聪明”的宝宝体质，楼下见图。#焚诀来了！考研经验速速收藏！##时间紧任务重，复试焚诀爆爆爆！#",,https://tieba.baidu.com/p/10528608919,matched,pending_review,,来源存疑样本；已抓到列表摘要正文；仅作人工复核池，勿直接并入正式训练集,uncertain_redirect_round3_pool.csv
10529373877,考研,考研,【西交应统409经验】天下英雄如过江之鲫，人中龙凤尚且举步维艰,天下英雄如过江之鲫，人中龙凤尚且举步维艰。 我等无天赋之人，在考研形式如此严峻的今天，如何才能夺取考试的胜利，考上心仪的院校？ 本经验贴适用：低考高、跨分段、无天赋之人 大致分四个部分：前言背景、流程、建议、尾声。 文章很长，劳驾各位慢慢观看。,"标题：【西交应统409经验】天下英雄如过江之鲫，人中龙凤尚且举步维艰

正文：天下英雄如过江之鲫，人中龙凤尚且举步维艰。 我等无天赋之人，在考研形式如此严峻的今天，如何才能夺取考试的胜利，考上心仪的院校？ 本经验贴适用：低考高、跨分段、无天赋之人 大致分四个部分：前言背景、流程、建议、尾声。 文章很长，劳驾各位慢慢观看。",,https://tieba.baidu.com/p/10529373877,matched,pending_review,,来源存疑样本；已抓到列表摘要正文；仅作人工复核池，勿直接并入正式训练集,uncertain_redirect_academic_review_pool.csv
10542869574,考研,考研,26考研经验分享--不要把梦想埋没,前言：我是26年的考生，11408总分406，其中政治71，英语87，数学133，专业课115分，近来在天天图书馆忍受准备复试与等待导师回复的煎熬，赋闲之中就想着把自己过去这一年考研的经验分享分享。有能复制的地方，供大家借鉴；有踩坑的地方，供大家避免；有争议的地方，也可以供大家讨论，集思广益。目前打算分几个篇章来写一写，主要是四科的学习，平时心理的调整，院校的抉择与楼主自己的一些心路历程。如果有问题的，也欢迎提问，我会在自,"标题：26考研经验分享--不要把梦想埋没

正文：前言：我是26年的考生，11408总分406，其中政治71，英语87，数学133，专业课115分，近来在天天图书馆忍受准备复试与等待导师回复的煎熬，赋闲之中就想着把自己过去这一年考研的经验分享分享。有能复制的地方，供大家借鉴；有踩坑的地方，供大家避免；有争议的地方，也可以供大家讨论，集思广益。目前打算分几个篇章来写一写，主要是四科的学习，平时心理的调整，院校的抉择与楼主自己的一些心路历程。如果有问题的，也欢迎提问，我会在自",,https://tieba.baidu.com/p/10542869574,matched,pending_review,,来源存疑样本；已抓到列表摘要正文；仅作人工复核池，勿直接并入正式训练集,uncertain_redirect_academic_review_pool.csv
10567834687,考研,考研,想问问26考研是学硕炸一点还是专硕,想问问26考研是学硕分比以往高得多还是专硕分高得多啊，27考研不会也是这么炸吧,"标题：想问问26考研是学硕炸一点还是专硕

正文：想问问26考研是学硕分比以往高得多还是专硕分高得多啊，27考研不会也是这么炸吧",,https://tieba.baidu.com/p/10567834687,matched,pending_review,,来源存疑样本；已抓到列表摘要正文；仅作人工复核池，勿直接并入正式训练集,uncertain_redirect_round3_pool.csv
10581626267,考研,考研,复试被逆袭了110名，差0.1分拟录取,已死,"标题：复试被逆袭了110名，差0.1分拟录取

正文：已死",,https://tieba.baidu.com/p/10581626267,matched,pending_review,,来源存疑样本；已抓到列表摘要正文；仅作人工复核池，勿直接并入正式训练集,uncertain_redirect_round3_pool.csv
10583693894,考研,考研,初试高分被刷其实很正常,我已经毕业，硕士在行政楼当了2年助教。现在感觉唯分数论是非常不好的学生思维。对于学校来说，只有初试第一被刷会比较麻烦，jyb会来查复试录像啥的。所以，大多数情况下，初试高分被刷，就是单纯的复试表现不行，没老师看上你，或者名额已经满了，你是去当分母的。因此选学校(准确来说是学院，学院对于招生有较大的权利)比较关键，有些学校习惯只要没看上的就刷。有些学校会把一志愿都招进去，没人要就随机分配导师。年年都有初试完,"标题：初试高分被刷其实很正常

正文：我已经毕业，硕士在行政楼当了2年助教。现在感觉唯分数论是非常不好的学生思维。对于学校来说，只有初试第一被刷会比较麻烦，jyb会来查复试录像啥的。所以，大多数情况下，初试高分被刷，就是单纯的复试表现不行，没老师看上你，或者名额已经满了，你是去当分母的。因此选学校(准确来说是学院，学院对于招生有较大的权利)比较关键，有些学校习惯只要没看上的就刷。有些学校会把一志愿都招进去，没人要就随机分配导师。年年都有初试完",,https://tieba.baidu.com/p/10583693894,matched,pending_review,,来源存疑样本；已抓到列表摘要正文；仅作人工复核池，勿直接并入正式训练集,uncertain_redirect_round3_pool.csv
10589542417,考研,考研,目前大一下，双非二本，目标北大软微408软工，有什么备考建议吗,如题，转专业失败了，专业能源化学，本科是非常差的公办二本，打算29考研跨考到北大软微，期末高数满分(每天都有在自学)，英语词汇量已经1w6了(红宝书去年全部背完了)，政治大三再背，408搜集到的资料打算买王道4本，求助大佬们现在备考408的计划，不怕吃苦，随便指点，感谢大哥！,"标题：目前大一下，双非二本，目标北大软微408软工，有什么备考建议吗

正文：如题，转专业失败了，专业能源化学，本科是非常差的公办二本，打算29考研跨考到北大软微，期末高数满分(每天都有在自学)，英语词汇量已经1w6了(红宝书去年全部背完了)，政治大三再背，408搜集到的资料打算买王道4本，求助大佬们现在备考408的计划，不怕吃苦，随便指点，感谢大哥！",,https://tieba.baidu.com/p/10589542417,matched,pending_review,,来源存疑样本；已抓到列表摘要正文；仅作人工复核池，勿直接并入正式训练集,uncertain_redirect_round3_pool.csv
10592555999,考研,考研,双非真的有报的必要吗,一些普通的双非过了国家线就能上，甚至一志愿也招不满，这类双非出来对自身真的有提升吗？楼主本科是普通的地方二本院校，打算考研升一档报个双非一本，考的081000，但是这个专业一志愿报考的人数一只手数的出来，复试还是线上复试，因为本科过度摆烂，也不敢报太好的学校，但是思考要花费3年的时间去读又害怕三年后没什么提升,"标题：双非真的有报的必要吗

正文：一些普通的双非过了国家线就能上，甚至一志愿也招不满，这类双非出来对自身真的有提升吗？楼主本科是普通的地方二本院校，打算考研升一档报个双非一本，考的081000，但是这个专业一志愿报考的人数一只手数的出来，复试还是线上复试，因为本科过度摆烂，也不敢报太好的学校，但是思考要花费3年的时间去读又害怕三年后没什么提升",,https://tieba.baidu.com/p/10592555999,matched,pending_review,,来源存疑样本；已抓到列表摘要正文；仅作人工复核池，勿直接并入正式训练集,uncertain_redirect_round3_pool.csv
10596359555,考研,考研,我已急哭，06年的小姑娘已经研究生上岸，04年的我还要重读大三,今年我妈收了两个研究生，都是06年的。而我还要重读大三，早知道当年不选数学了,"标题：我已急哭，06年的小姑娘已经研究生上岸，04年的我还要重读大三

正文：今年我妈收了两个研究生，都是06年的。而我还要重读大三，早知道当年不选数学了",,https://tieba.baidu.com/p/10596359555,matched,pending_review,,来源存疑样本；已抓到列表摘要正文；仅作人工复核池，勿直接并入正式训练集,uncertain_redirect_round3_pool.csv
10598519699,考研,考研,山大初试第一被刷(完整名单),山东大学物理第一被刷，学院肯定是做好准备了。这波我觉得没啥阴暗的内幕。仔细看就会发现，被刷的人英语成绩与拟录取的人，至少都差了20分，上岸的全是80+。被刷的人，除一人外，英语都只有60+。加上他的复试表现也不好，就拿了69，明显就是根本没导师想过要捞，具体的复试情况是怎么样就不知道了。我只能说非常可惜。但正如我上一个帖子想表达的一样，不是初试高分就一定稳，复试要看东西太复杂了。我申北大博的时候，面试被博导问,"标题：山大初试第一被刷(完整名单)

正文：山东大学物理第一被刷，学院肯定是做好准备了。这波我觉得没啥阴暗的内幕。仔细看就会发现，被刷的人英语成绩与拟录取的人，至少都差了20分，上岸的全是80+。被刷的人，除一人外，英语都只有60+。加上他的复试表现也不好，就拿了69，明显就是根本没导师想过要捞，具体的复试情况是怎么样就不知道了。我只能说非常可惜。但正如我上一个帖子想表达的一样，不是初试高分就一定稳，复试要看东西太复杂了。我申北大博的时候，面试被博导问",,https://tieba.baidu.com/p/10598519699,matched,pending_review,,来源存疑样本；已抓到列表摘要正文；仅作人工复核池，勿直接并入正式训练集,uncertain_redirect_round3_pool.csv
10600416791,考研,考研,有无老资历说一下常年黑榜的学校和具体情况,lz目前考虑的都是江浙沪一带的211及以下，主要是南京那几个，但是比较怕踩雷,"标题：有无老资历说一下常年黑榜的学校和具体情况

正文：lz目前考虑的都是江浙沪一带的211及以下，主要是南京那几个，但是比较怕踩雷",,https://tieba.baidu.com/p/10600416791,matched,pending_review,,来源存疑样本；已抓到列表摘要正文；仅作人工复核池，勿直接并入正式训练集,uncertain_redirect_round3_pool.csv
10601640509,考研,考研,谁造谣初试401，复试84是兰大最高分的？,兰大确实不喜欢双非，这点是公认的事实；该考生初复试分也不低，被淘汰心里不平衡有怀疑也能理解。但是罔顾事实，夸大其词将落榜考生包装成所谓初复试第一，来放大兰大的罪状，这又是何居心？你要骂也起码也拿事实来骂吧？ 吧里还有搬运所谓本人阐述的帖子，他说了自己的荣誉，说了自己的面试，就是没澄清自己并非网上谣传的初复试第一，任外面谣言满天飞听之任之，是想博眼球博同情，还是想携舆论之势逼兰大就范？ 我是兰大硕，双,"标题：谁造谣初试401，复试84是兰大最高分的？

正文：兰大确实不喜欢双非，这点是公认的事实；该考生初复试分也不低，被淘汰心里不平衡有怀疑也能理解。但是罔顾事实，夸大其词将落榜考生包装成所谓初复试第一，来放大兰大的罪状，这又是何居心？你要骂也起码也拿事实来骂吧？ 吧里还有搬运所谓本人阐述的帖子，他说了自己的荣誉，说了自己的面试，就是没澄清自己并非网上谣传的初复试第一，任外面谣言满天飞听之任之，是想博眼球博同情，还是想携舆论之势逼兰大就范？ 我是兰大硕，双",,https://tieba.baidu.com/p/10601640509,matched,pending_review,,来源存疑样本；已抓到列表摘要正文；仅作人工复核池，勿直接并入正式训练集,uncertain_redirect_academic_review_pool.csv
10601781004,考研,考研,双非最慈祥的母亲是哪位？,对双非慈祥的92有哪些,"标题：双非最慈祥的母亲是哪位？

正文：对双非慈祥的92有哪些",,https://tieba.baidu.com/p/10601781004,matched,pending_review,,来源存疑样本；已抓到列表摘要正文；仅作人工复核池，勿直接并入正式训练集,uncertain_redirect_academic_review_pool.csv
10601913555,考研,考研,二战老登说说英语备考经验,前情提要，本人英语一直很差非常差，高考时成功拿下84分好成绩 四级426，六级一直没过，一战时英一狂砍38分美美下岸，二战从八月开始准备直接翻身目前已一志愿上岸。当然我知道这个分在吧里各位大佬眼里是不够看，毕竟今年也是撞着题简单了才有的这个成绩，但是我认为我的底子和最终实现的成绩对于其他英语很差并且对自己抱有怀疑的兄弟姐妹们是一个很好的参考，于是斗胆也来开贴讲讲自己的经验了。,"标题：二战老登说说英语备考经验

正文：前情提要，本人英语一直很差非常差，高考时成功拿下84分好成绩 四级426，六级一直没过，一战时英一狂砍38分美美下岸，二战从八月开始准备直接翻身目前已一志愿上岸。当然我知道这个分在吧里各位大佬眼里是不够看，毕竟今年也是撞着题简单了才有的这个成绩，但是我认为我的底子和最终实现的成绩对于其他英语很差并且对自己抱有怀疑的兄弟姐妹们是一个很好的参考，于是斗胆也来开贴讲讲自己的经验了。",,https://tieba.baidu.com/p/10601913555,matched,pending_review,,来源存疑样本；已抓到列表摘要正文；仅作人工复核池，勿直接并入正式训练集,uncertain_redirect_round3_pool.csv
10606869649,考研,考研,[经验贴] 京区数一英一400+回馈吧友,终于拟录取➕选好导师了，能闲下来分享一下经验,"标题：[经验贴] 京区数一英一400+回馈吧友

正文：终于拟录取➕选好导师了，能闲下来分享一下经验",,https://tieba.baidu.com/p/10606869649,matched,pending_review,,来源存疑样本；已抓到列表摘要正文；仅作人工复核池，勿直接并入正式训练集,uncertain_redirect_round3_pool.csv
10607100158,考研,考研,终于结束了，双非二本上岸c9,科大真的是双非最慈祥的母亲,"标题：终于结束了，双非二本上岸c9

正文：科大真的是双非最慈祥的母亲",,https://tieba.baidu.com/p/10607100158,matched,pending_review,,来源存疑样本；已抓到列表摘要正文；仅作人工复核池，勿直接并入正式训练集,uncertain_redirect_academic_review_pool.csv
10608270465,考研,考研,网上双非逆袭985的这么多，为什么我身边遇不到一个,甚至连中上的211都很少见,"标题：网上双非逆袭985的这么多，为什么我身边遇不到一个

正文：甚至连中上的211都很少见",,https://tieba.baidu.com/p/10608270465,matched,pending_review,,来源存疑样本；已抓到列表摘要正文；仅作人工复核池，勿直接并入正式训练集,uncertain_redirect_round3_pool.csv
10608428441,考研,考研,如何评价我初试第一441复试被斩杀,复试差2.2分及格被斩了,"标题：如何评价我初试第一441复试被斩杀

正文：复试差2.2分及格被斩了",,https://tieba.baidu.com/p/10608428441,matched,pending_review,,来源存疑样本；已抓到列表摘要正文；仅作人工复核池，勿直接并入正式训练集,uncertain_redirect_academic_review_pool.csv
10608459732,考研,考研,复试被刷了，求调剂推荐,本科是211希望也能调个2,"标题：复试被刷了，求调剂推荐

正文：本科是211希望也能调个2",,https://tieba.baidu.com/p/10608459732,matched,pending_review,,来源存疑样本；已抓到列表摘要正文；仅作人工复核池，勿直接并入正式训练集,uncertain_redirect_round3_pool.csv
10610196498,考研,考研,既然今年大部分院校都在爆爆爆，但我发现一个神秘规律啊,我寻思大伙都是工学，你们挨个都爆了，学硕爆了专硕也爆了，9爆了2爆了双非也爆了，怎么我看这么久没有我们土木的事情呢，我们土木今年怎么和隐身一样，被工科大爆炸炸飞了没影了吗,"标题：既然今年大部分院校都在爆爆爆，但我发现一个神秘规律啊

正文：我寻思大伙都是工学，你们挨个都爆了，学硕爆了专硕也爆了，9爆了2爆了双非也爆了，怎么我看这么久没有我们土木的事情呢，我们土木今年怎么和隐身一样，被工科大爆炸炸飞了没影了吗",,https://tieba.baidu.com/p/10610196498,matched,pending_review,,来源存疑样本；已抓到列表摘要正文；仅作人工复核池，勿直接并入正式训练集,uncertain_redirect_round3_pool.csv
10610462873,考研,考研,双非，一战哈工大机械380下岸，二战想换个学校有推荐的吗？,大致情况英语一70+数一120+，政治和专业课考的挺差。自认为还有点提升空间。希望大佬指导下。,"标题：双非，一战哈工大机械380下岸，二战想换个学校有推荐的吗？

正文：大致情况英语一70+数一120+，政治和专业课考的挺差。自认为还有点提升空间。希望大佬指导下。",,https://tieba.baidu.com/p/10610462873,matched,pending_review,,来源存疑样本；已抓到列表摘要正文；仅作人工复核池，勿直接并入正式训练集,uncertain_redirect_round3_pool.csv
10610764483,考研,考研,百尺竿头......功亏一篑。,0.12分。唉。,"标题：百尺竿头......功亏一篑。

正文：0.12分。唉。",,https://tieba.baidu.com/p/10610764483,matched,pending_review,,来源存疑样本；已抓到列表摘要正文；仅作人工复核池，勿直接并入正式训练集,uncertain_redirect_academic_review_pool.csv
10610815538,考研,考研,楼主考了个双非，有必要去上吗？,本来是二本，报考的时候觉得自己能力不太行，报了个双非，确实上岸了，081000，一志愿都没招满。有必要去上吗？还是再考一年，考个92,"标题：楼主考了个双非，有必要去上吗？

正文：本来是二本，报考的时候觉得自己能力不太行，报了个双非，确实上岸了，081000，一志愿都没招满。有必要去上吗？还是再考一年，考个92",,https://tieba.baidu.com/p/10610815538,matched,pending_review,,来源存疑样本；已抓到列表摘要正文；仅作人工复核池，勿直接并入正式训练集,uncertain_redirect_round3_pool.csv
10611980728,考研,考研,尊重所有考9的烙铁,lz26双非考研 今年丑陋上岸某9 身边有211考9被刷，也有好双非高分考9，排名在有效排名内被刷，硬要说确实是运气不好，选择大于努力了，有些朋友报的专业等额复试，复试表现很差也录取了。差额复试最直观的感受就是复试压力太大了，初试能靠自己努力学习，但是复试很多准备的东西，根本不知道老师会怎么问，无法预测，大部分9真的很吃复试表现，而就那十多分钟根本不能完全反应你的水平，再算上紧张的因素，复试就只能赌老师会不会问到,"标题：尊重所有考9的烙铁

正文：lz26双非考研 今年丑陋上岸某9 身边有211考9被刷，也有好双非高分考9，排名在有效排名内被刷，硬要说确实是运气不好，选择大于努力了，有些朋友报的专业等额复试，复试表现很差也录取了。差额复试最直观的感受就是复试压力太大了，初试能靠自己努力学习，但是复试很多准备的东西，根本不知道老师会怎么问，无法预测，大部分9真的很吃复试表现，而就那十多分钟根本不能完全反应你的水平，再算上紧张的因素，复试就只能赌老师会不会问到",,https://tieba.baidu.com/p/10611980728,matched,pending_review,,来源存疑样本；已抓到列表摘要正文；仅作人工复核池，勿直接并入正式训练集,uncertain_redirect_round3_pool.csv
10612758757,考研,考研,为什么父母总要闹到不愉快才肯罢手,上岸了，爸妈非要请亲朋好友吃饭，真的很无语，已经说了俩次不要办，非要弄，到底为啥啊，感觉一点不尊重我啊，好像我这个研是为了给他们长脸考的，有时候也是明明不要，非要问好几次，都说不要结果还是弄了，说实话感觉好多压力都是来自父母,"标题：为什么父母总要闹到不愉快才肯罢手

正文：上岸了，爸妈非要请亲朋好友吃饭，真的很无语，已经说了俩次不要办，非要弄，到底为啥啊，感觉一点不尊重我啊，好像我这个研是为了给他们长脸考的，有时候也是明明不要，非要问好几次，都说不要结果还是弄了，说实话感觉好多压力都是来自父母",,https://tieba.baidu.com/p/10612758757,matched,pending_review,,来源存疑样本；已抓到列表摘要正文；仅作人工复核池，勿直接并入正式训练集,uncertain_redirect_round3_pool.csv
10614339596,考研,考研,感觉自己这辈子已经没啥出息了,二战失败，累死累活半年多就换来这么个结局，这几天一直在考虑要不要去重开,"标题：感觉自己这辈子已经没啥出息了

正文：二战失败，累死累活半年多就换来这么个结局，这几天一直在考虑要不要去重开",,https://tieba.baidu.com/p/10614339596,matched,pending_review,,来源存疑样本；已抓到列表摘要正文；仅作人工复核池，勿直接并入正式训练集,uncertain_redirect_round3_pool.csv
10614698221,考研,考研,双一流到底算什么生态位,鼠是双一流本科，不知道双一流是不是和双非一个生态位🤔🤔，总感觉双一流大家都没怎么提及🥲🥲，感觉会不会和92差距很大😭😭,"标题：双一流到底算什么生态位

正文：鼠是双一流本科，不知道双一流是不是和双非一个生态位🤔🤔，总感觉双一流大家都没怎么提及🥲🥲，感觉会不会和92差距很大😭😭",,https://tieba.baidu.com/p/10614698221,matched,pending_review,,来源存疑样本；已抓到列表摘要正文；仅作人工复核池，勿直接并入正式训练集,uncertain_redirect_round3_pool.csv
10615944860,考研,考研,拟录取之后可以做些什么？,前几天收到二战拟录取之后，每天都在睡觉休息，但是感觉心里还是很焦虑，大伙儿打算在这接近五个月的时间里做些什么事来提升自己？ 早龙镇楼,"标题：拟录取之后可以做些什么？

正文：前几天收到二战拟录取之后，每天都在睡觉休息，但是感觉心里还是很焦虑，大伙儿打算在这接近五个月的时间里做些什么事来提升自己？ 早龙镇楼",,https://tieba.baidu.com/p/10615944860,matched,pending_review,,来源存疑样本；已抓到列表摘要正文；仅作人工复核池，勿直接并入正式训练集,uncertain_redirect_round3_pool.csv
10616246669,考研,考研,兄弟们好像不太对,图片是江苏某211复试后老师归还我简历时里面有一张手稿，才发现是面试评判分数，本来我感觉没考上是自己的原因，现在感觉不太好说了,"标题：兄弟们好像不太对

正文：图片是江苏某211复试后老师归还我简历时里面有一张手稿，才发现是面试评判分数，本来我感觉没考上是自己的原因，现在感觉不太好说了",,https://tieba.baidu.com/p/10616246669,matched,pending_review,,来源存疑样本；已抓到列表摘要正文；仅作人工复核池，勿直接并入正式训练集,uncertain_redirect_round3_pool.csv
10617016451,考研,考研,有必要请吗,我考上某985大学研究生了，室友让我请他们吃饭庆祝一下，要请吗？我想请又不想请的，不想请是因为之前我备考的时候他们在宿舍打牌，打到凌晨一两点，影响我休息，没有帮助过我什么，还因此吵过架。午休也是吵得很，后来我都不回宿舍在图书馆趴桌子上睡觉。想请是觉得大学都要结束了，大家同学一场，好像也没有必要把关系搞得太差，我也不知道咋办,"标题：有必要请吗

正文：我考上某985大学研究生了，室友让我请他们吃饭庆祝一下，要请吗？我想请又不想请的，不想请是因为之前我备考的时候他们在宿舍打牌，打到凌晨一两点，影响我休息，没有帮助过我什么，还因此吵过架。午休也是吵得很，后来我都不回宿舍在图书馆趴桌子上睡觉。想请是觉得大学都要结束了，大家同学一场，好像也没有必要把关系搞得太差，我也不知道咋办",,https://tieba.baidu.com/p/10617016451,matched,pending_review,,来源存疑样本；已抓到列表摘要正文；仅作人工复核池，勿直接并入正式训练集,uncertain_redirect_academic_review_pool.csv
10617154366,考研,考研,大佬来给点建议。读研or工作or三战,本人河北出身，大学爽玩了四年，真的爽，无项目无科研无竞赛，四级飘过六级没过，本科重修一科补考三科，大四了有点急想考个研看看，结果玩到考研前一天，耻辱下岸，就数学政治过了国家线，英语专业课都很烂。毕设做完，家里人想让再考一次，当时校招也没走。再考一次，考本校341分控制工程。结果学校大涨分365。可能题简单，数一英一都还行，就是专业课又炸了，就考80分，学校自命题今年出题也没有太老套，我还是学的不深。 本科🌸,"标题：大佬来给点建议。读研or工作or三战

正文：本人河北出身，大学爽玩了四年，真的爽，无项目无科研无竞赛，四级飘过六级没过，本科重修一科补考三科，大四了有点急想考个研看看，结果玩到考研前一天，耻辱下岸，就数学政治过了国家线，英语专业课都很烂。毕设做完，家里人想让再考一次，当时校招也没走。再考一次，考本校341分控制工程。结果学校大涨分365。可能题简单，数一英一都还行，就是专业课又炸了，就考80分，学校自命题今年出题也没有太老套，我还是学的不深。 本科🌸",,https://tieba.baidu.com/p/10617154366,matched,pending_review,,来源存疑样本；已抓到列表摘要正文；仅作人工复核池，勿直接并入正式训练集,uncertain_redirect_round3_pool.csv
10617885237,考研,考研,要不要二战😭,🐭🐭双飞一本一战东南大学化学复试三无被干了，真不是很想去调剂，现在想读个数学转战材料化工换个差一点的985考一下，有没有大佬给点建议啊😭😭,"标题：要不要二战😭

正文：🐭🐭双飞一本一战东南大学化学复试三无被干了，真不是很想去调剂，现在想读个数学转战材料化工换个差一点的985考一下，有没有大佬给点建议啊😭😭",,https://tieba.baidu.com/p/10617885237,matched,pending_review,,来源存疑样本；已抓到列表摘要正文；仅作人工复核池，勿直接并入正式训练集,uncertain_redirect_academic_review_pool.csv
10620144607,考研,考研,26考研数学一150交流贴,首先感谢贴吧很多大佬的经验贴，这些经验贴伴随我的备考始终，为我明确考研努力的方向做了很重要的作用。 本贴从3个角度全面剖析考研，分别为题，课，真题与模拟卷。这三个为重点，其它点根据个人而异，可能不同，但基本不会影响最后成绩。此贴为个人观点，如有不同，恳请原谅。,"标题：26考研数学一150交流贴

正文：首先感谢贴吧很多大佬的经验贴，这些经验贴伴随我的备考始终，为我明确考研努力的方向做了很重要的作用。 本贴从3个角度全面剖析考研，分别为题，课，真题与模拟卷。这三个为重点，其它点根据个人而异，可能不同，但基本不会影响最后成绩。此贴为个人观点，如有不同，恳请原谅。",,https://tieba.baidu.com/p/10620144607,matched,pending_review,,来源存疑样本；已抓到列表摘要正文；仅作人工复核池，勿直接并入正式训练集,uncertain_redirect_round3_pool.csv
10620448037,考研,考研,华东师大一考生落选后举报复试第一,近日，华东师范大学2026年硕士复试落榜考生王先生举报综合成绩第1的4号考生在候考室翻阅纸质材料，涉嫌违规。4月7日，华东师大研究生招生办公室工作人员回应称，此事正在调查中。 今年39岁的王先生是江西人，曾是一名地产从业者，他决定考研为自己争取一次“突围”的机会，白天兼职，晚上刷题。以初试第8名的成绩进入华东师范大学设计学院2026年硕士研究生复试，复试成绩排名第2，综合成绩第6。根据华东师大设计学院招生计划（5人），他,"标题：华东师大一考生落选后举报复试第一

正文：近日，华东师范大学2026年硕士复试落榜考生王先生举报综合成绩第1的4号考生在候考室翻阅纸质材料，涉嫌违规。4月7日，华东师大研究生招生办公室工作人员回应称，此事正在调查中。 今年39岁的王先生是江西人，曾是一名地产从业者，他决定考研为自己争取一次“突围”的机会，白天兼职，晚上刷题。以初试第8名的成绩进入华东师范大学设计学院2026年硕士研究生复试，复试成绩排名第2，综合成绩第6。根据华东师大设计学院招生计划（5人），他",,https://tieba.baidu.com/p/10620448037,matched,pending_review,,来源存疑样本；已抓到列表摘要正文；仅作人工复核池，勿直接并入正式训练集,uncertain_redirect_academic_review_pool.csv
10620539604,考研,考研,卡尔五战武大被刷，初试370领先第七名70多分,原因是机试0分，复试综合不及格。不得不说武大还是很公平的，卡尔这种五战跨考二本，口语分和面试分都没有特别低。只能说怒其不争，哀其不幸。,"标题：卡尔五战武大被刷，初试370领先第七名70多分

正文：原因是机试0分，复试综合不及格。不得不说武大还是很公平的，卡尔这种五战跨考二本，口语分和面试分都没有特别低。只能说怒其不争，哀其不幸。",,https://tieba.baidu.com/p/10620539604,matched,pending_review,,来源存疑样本；已抓到列表摘要正文；仅作人工复核池，勿直接并入正式训练集,uncertain_redirect_round3_pool.csv
10620611309,考研,考研,听说卡尔被刷了 机试爆零,,听说卡尔被刷了 机试爆零,,https://tieba.baidu.com/p/10620611309,matched,pending_review,,来源存疑样本；已抓到列表摘要正文；仅作人工复核池，勿直接并入正式训练集,uncertain_redirect_academic_review_pool.csv
10620636227,考研,考研,卡尔vs六战,你们知道吗,"标题：卡尔vs六战

正文：你们知道吗",,https://tieba.baidu.com/p/10620636227,matched,pending_review,,来源存疑样本；已抓到列表摘要正文；仅作人工复核池，勿直接并入正式训练集,uncertain_redirect_round3_pool.csv
10620775076,考研,考研,为什么我的不一样,#(怒),"标题：为什么我的不一样

正文：#(怒)",,https://tieba.baidu.com/p/10620775076,matched,pending_review,,来源存疑样本；已抓到列表摘要正文；仅作人工复核池，勿直接并入正式训练集,uncertain_redirect_round3_pool.csv
10621104168,考研,考研,分享双非三无一战上岸华五工科的平民打法,先开个坑，教大家如何不用天赋debuff拉满上岸华五,"标题：分享双非三无一战上岸华五工科的平民打法

正文：先开个坑，教大家如何不用天赋debuff拉满上岸华五",,https://tieba.baidu.com/p/10621104168,matched,pending_review,,来源存疑样本；已抓到列表摘要正文；仅作人工复核池，勿直接并入正式训练集,uncertain_redirect_academic_review_pool.csv
10621374021,考研,考研,双非上岸985（双非乐园）经验贴（机械类）,先介绍一下我自己吧，我燕大本，二战上岸东北大学。一战报的燕大，努力学了一年的理力最后只拿了65遗憾下岸（不要报燕大，不要报一切学长说过专业课压分的学校，真的会变得不幸，到时候一压连调剂都没地方去。想报的可以加我****，包括我自己的例子我能举出一大堆。） 首先还是先说一下择校，9总归是9，2说破了大天也是2，我不认为东大比北邮之类的顶2强，但北邮之类的难度嘿嘿（北邮我不太了解，今年北交学硕复试线360，东大复试线320，,"标题：双非上岸985（双非乐园）经验贴（机械类）

正文：先介绍一下我自己吧，我燕大本，二战上岸东北大学。一战报的燕大，努力学了一年的理力最后只拿了65遗憾下岸（不要报燕大，不要报一切学长说过专业课压分的学校，真的会变得不幸，到时候一压连调剂都没地方去。想报的可以加我****，包括我自己的例子我能举出一大堆。） 首先还是先说一下择校，9总归是9，2说破了大天也是2，我不认为东大比北邮之类的顶2强，但北邮之类的难度嘿嘿（北邮我不太了解，今年北交学硕复试线360，东大复试线320，",,https://tieba.baidu.com/p/10621374021,matched,pending_review,,来源存疑样本；已抓到列表摘要正文；仅作人工复核池，勿直接并入正式训练集,uncertain_redirect_round3_pool.csv
10621407782,考研,考研,考研暂停 我爸中奖了,也是服了自己，我爸不上班天天在彩票站研究走势图，我还取笑他，结果真的让他了一注双色球1000万，他打的复式票，好像是16块，当天晚上爸就带我们去买帽子衣服什么的，想着第二天领奖的时候怕被拍到让人认出来，说好了，领完给我200万自己买房买车，可以不上学不考研，但是要找个简单的班上。结果第二天领的时候工作人员要我爸捐一点出去，我爸不想捐，工作人员很强势，我们就吵起来了，吵的越来越厉害，最后把我吵醒了，图书馆好冷,"标题：考研暂停 我爸中奖了

正文：也是服了自己，我爸不上班天天在彩票站研究走势图，我还取笑他，结果真的让他了一注双色球1000万，他打的复式票，好像是16块，当天晚上爸就带我们去买帽子衣服什么的，想着第二天领奖的时候怕被拍到让人认出来，说好了，领完给我200万自己买房买车，可以不上学不考研，但是要找个简单的班上。结果第二天领的时候工作人员要我爸捐一点出去，我爸不想捐，工作人员很强势，我们就吵起来了，吵的越来越厉害，最后把我吵醒了，图书馆好冷",,https://tieba.baidu.com/p/10621407782,matched,pending_review,,来源存疑样本；已抓到列表摘要正文；仅作人工复核池，勿直接并入正式训练集,uncertain_redirect_round3_pool.csv
10622155598,考研,考研,我发现了一个考研bug,今天早上我去看了一下调剂系统，发现很多双飞都有调剂名额，那为什么考生要一志愿考这些双非呢？怎么不直接就是考11考一个很好学校，就算没考上也能调剂去双非为什么要一志愿报双非来浪费自己一次冲好学校的机会呢？,"标题：我发现了一个考研bug

正文：今天早上我去看了一下调剂系统，发现很多双飞都有调剂名额，那为什么考生要一志愿考这些双非呢？怎么不直接就是考11考一个很好学校，就算没考上也能调剂去双非为什么要一志愿报双非来浪费自己一次冲好学校的机会呢？",,https://tieba.baidu.com/p/10622155598,matched,pending_review,,来源存疑样本；已抓到列表摘要正文；仅作人工复核池，勿直接并入正式训练集,uncertain_redirect_round3_pool.csv
10622877521,考研,考研,考研上华五与高考上华五哪个有含金量,,考研上华五与高考上华五哪个有含金量,,https://tieba.baidu.com/p/10622877521,matched,pending_review,,来源存疑样本；已抓到列表摘要正文；仅作人工复核池，勿直接并入正式训练集,uncertain_redirect_round3_pool.csv
10623234392,考研,考研,问问双非歧视大还是跨考歧视大,小登求助😭😭😭,"标题：问问双非歧视大还是跨考歧视大

正文：小登求助😭😭😭",,https://tieba.baidu.com/p/10623234392,matched,pending_review,,来源存疑样本；已抓到列表摘要正文；仅作人工复核池，勿直接并入正式训练集,uncertain_redirect_round3_pool.csv
10623710424,考研,考研,数一英一 二战 能动 上岸东南大学经验贴,数一英一 二战 能动 上岸东南大学经验贴 一战290，二战390 本贴为个人总结一战二战经验 本人自认为是均衡型，二战时数学，专业课，考研笔试，复试，均在120分或者稍微多一两分。 首先是最重要的身体方面，身体是革命的本钱。我个人在一战的时候考研前两天发两天烧，最后烧刚退就上考场，考前两天可以说完全没看书，没写题。二战的时候七月因为贪图凉快，咳嗽一个月，对我个人的备考影响不小；在考研那两天的时候，因为早上喝了一口冷水,数一英一 二战 能动 上岸东南大学经验贴 一战290，二战390 本贴为个人总结一战二战经验 本人自认为是均衡型，二战时数学，专业课，考研笔试，复试，均在120分或者稍微多一两分。 首先是最重要的身体方面，身体是革命的本钱。我个人在一战的时候考研前两天发两天烧，最后烧刚退就上考场，考前两天可以说完全没看书，没写题。二战的时候七月因为贪图凉快，咳嗽一个月，对我个人的备考影响不小；在考研那两天的时候，因为早上喝了一口冷水,,https://tieba.baidu.com/p/10623710424,matched,pending_review,,来源存疑样本；已抓到列表摘要正文；仅作人工复核池，勿直接并入正式训练集,uncertain_redirect_round3_pool.csv
10623756883,考研,考研,二本考研一战425上岸浙大电气,在我刚备考的时候，我也曾在贴吧里面找过相关的经验贴，我发现大家都很厉害。有9本上清华的，有双非上9的，各种各样的经验贴都很耀眼，但唯独少了二本上顶9的，于是也产生了自我怀疑，二本真的能考上985吗？那些说自己双非的，甚至高考都能比我高一百多分，于是最开始我在吧里问我的学校和二本差不多，那我有机会能考上湖南大学的电气吗？大多人都是鼓励，当然也有人质疑，但现在，我在浙大电气，于是，我来弥补吧里的一块空白 我这,"标题：二本考研一战425上岸浙大电气

正文：在我刚备考的时候，我也曾在贴吧里面找过相关的经验贴，我发现大家都很厉害。有9本上清华的，有双非上9的，各种各样的经验贴都很耀眼，但唯独少了二本上顶9的，于是也产生了自我怀疑，二本真的能考上985吗？那些说自己双非的，甚至高考都能比我高一百多分，于是最开始我在吧里问我的学校和二本差不多，那我有机会能考上湖南大学的电气吗？大多人都是鼓励，当然也有人质疑，但现在，我在浙大电气，于是，我来弥补吧里的一块空白 我这",,https://tieba.baidu.com/p/10623756883,matched,pending_review,,来源存疑样本；已抓到列表摘要正文；仅作人工复核池，勿直接并入正式训练集,uncertain_redirect_round3_pool.csv
10623856427,考研,考研,带复试有感而发,🐭🐭闲的没事在某鱼接了十几个哈工大计算机复试答疑的单子，感觉是一波三折。 先说结论:不要听信所谓的xx分稳了，尤其像哈工大这种初复试1:1还有斩杀线的学校，无论初试有多高都要认真对待复试，再学一个月要不了你的命 -------------------- 为什么一波三折呢，🐭🐭带的学生里面成绩都偏高，365+的，380+的，甚至好几个400+的。复试线出来前，我能猜到今年复试会很高（当然没想到这么高），对于几个400还来答疑一开始还挺不解的。当时的我也是,"标题：带复试有感而发

正文：🐭🐭闲的没事在某鱼接了十几个哈工大计算机复试答疑的单子，感觉是一波三折。 先说结论:不要听信所谓的xx分稳了，尤其像哈工大这种初复试1:1还有斩杀线的学校，无论初试有多高都要认真对待复试，再学一个月要不了你的命 -------------------- 为什么一波三折呢，🐭🐭带的学生里面成绩都偏高，365+的，380+的，甚至好几个400+的。复试线出来前，我能猜到今年复试会很高（当然没想到这么高），对于几个400还来答疑一开始还挺不解的。当时的我也是",,https://tieba.baidu.com/p/10623856427,matched,pending_review,,来源存疑样本；已抓到列表摘要正文；仅作人工复核池，勿直接并入正式训练集,uncertain_redirect_round3_pool.csv
10623856552,考研,考研,兄弟们，双非研究生毕业后的薪资情况怎么样,毕业后能月入1w吗，是不是还需要自学不少东西？,"标题：兄弟们，双非研究生毕业后的薪资情况怎么样

正文：毕业后能月入1w吗，是不是还需要自学不少东西？",,https://tieba.baidu.com/p/10623856552,matched,pending_review,,来源存疑样本；已抓到列表摘要正文；仅作人工复核池，勿直接并入正式训练集,uncertain_redirect_round3_pool.csv
10624251401,考研,考研,前排提醒，不要根据吧里上岸贴盲目择校，你没有你想象中那么强,虽然话说的很难听，但是事实就这样，现在算是26落幕27启程，不少人应该是刚择完校或者还在选择中，请一定要理智，请问不要看吧里大把的92，甚至不少华五在晒而凭借一股热血来选择自己未来这一年的努力方向。吧里很早就说过这个现象，能晒出来的基本都是高手，而遗憾落败者对于这件事基本都是沉默的，虽然有点身边统计学的意味，但是我周边同学92拉闸的真是不胜枚举，他们都是沉默的 还有我看不少人还说取其上得其中，这句话放在努力学,"标题：前排提醒，不要根据吧里上岸贴盲目择校，你没有你想象中那么强

正文：虽然话说的很难听，但是事实就这样，现在算是26落幕27启程，不少人应该是刚择完校或者还在选择中，请一定要理智，请问不要看吧里大把的92，甚至不少华五在晒而凭借一股热血来选择自己未来这一年的努力方向。吧里很早就说过这个现象，能晒出来的基本都是高手，而遗憾落败者对于这件事基本都是沉默的，虽然有点身边统计学的意味，但是我周边同学92拉闸的真是不胜枚举，他们都是沉默的 还有我看不少人还说取其上得其中，这句话放在努力学",,https://tieba.baidu.com/p/10624251401,matched,pending_review,,来源存疑样本；已抓到列表摘要正文；仅作人工复核池，勿直接并入正式训练集,uncertain_redirect_round2_pool.csv
10624751815,考研,考研,究竟还要不要三战?,楼主本科二本，考的22408，也是遗憾下岸了，但是春招找了一份工作，公司大概三四百人，干的车载测试，一个月加个班有6k，五险一金，双休，节假日照常，加班费一小时30。跟着做了一两个项目，接手带完了一个项目，工作很无聊，工资一般，想去干研发，但是了解到研发全是研究生，因此只有提升学历才能进研发，而且掌握的东西都好杂，C语言必须精通，嵌入式要会，Linux也要会，硬件要会一点，但是了解到工资比我高好几倍，吧友们我该怎么办,"标题：究竟还要不要三战?

正文：楼主本科二本，考的22408，也是遗憾下岸了，但是春招找了一份工作，公司大概三四百人，干的车载测试，一个月加个班有6k，五险一金，双休，节假日照常，加班费一小时30。跟着做了一两个项目，接手带完了一个项目，工作很无聊，工资一般，想去干研发，但是了解到研发全是研究生，因此只有提升学历才能进研发，而且掌握的东西都好杂，C语言必须精通，嵌入式要会，Linux也要会，硬件要会一点，但是了解到工资比我高好几倍，吧友们我该怎么办",,https://tieba.baidu.com/p/10624751815,matched,pending_review,,来源存疑样本；已抓到列表摘要正文；仅作人工复核池，勿直接并入正式训练集,uncertain_redirect_round3_pool.csv
10624954161,考研,考研,双非跨考一战上岸985电子信息,有问必答,"标题：双非跨考一战上岸985电子信息

正文：有问必答",,https://tieba.baidu.com/p/10624954161,matched,pending_review,,来源存疑样本；已抓到列表摘要正文；仅作人工复核池，勿直接并入正式训练集,uncertain_redirect_round3_pool.csv
10624994428,考研,考研,二战复试被刷,承接去年一战325分，二战一志愿9，085406，数二英二，初试400出头，初试和复试均充分准备，调剂没什么想去的。本科二本机械，下半年，打算在职三战或者工作一段时间，再辞职考。我考虑要不要换学校，换专业课，换为数一英一给自己调剂留一条退路。说实话，我应该二战就换成数一英一。有没有老资历给点建议,"标题：二战复试被刷

正文：承接去年一战325分，二战一志愿9，085406，数二英二，初试400出头，初试和复试均充分准备，调剂没什么想去的。本科二本机械，下半年，打算在职三战或者工作一段时间，再辞职考。我考虑要不要换学校，换专业课，换为数一英一给自己调剂留一条退路。说实话，我应该二战就换成数一英一。有没有老资历给点建议",,https://tieba.baidu.com/p/10624994428,matched,pending_review,,来源存疑样本；已抓到列表摘要正文；仅作人工复核池，勿直接并入正式训练集,uncertain_redirect_round3_pool.csv
10625208809,考研,考研,27考研择校贴-选择大于努力？,本人是26考研人，近期已拟录取，公示期已过，考研期间在本吧吸收了不少经验和教训，受益良多，看到吧内初试复习的经验帖较多，但是择校帖较少，再加上本人在去年这个时期也面临着择校的迷茫，但苦于在网络上找不到相关的经验和知识，因此为回馈吧友，尝试为27考研人写一个择校相关的帖子。 27考研的大家在这个时期，一定很迷茫，很可能只有一个或两个模糊的目标院校，不知道自己的真实实力，也不知道自己的实力是否匹配目标院校，可,"标题：27考研择校贴-选择大于努力？

正文：本人是26考研人，近期已拟录取，公示期已过，考研期间在本吧吸收了不少经验和教训，受益良多，看到吧内初试复习的经验帖较多，但是择校帖较少，再加上本人在去年这个时期也面临着择校的迷茫，但苦于在网络上找不到相关的经验和知识，因此为回馈吧友，尝试为27考研人写一个择校相关的帖子。 27考研的大家在这个时期，一定很迷茫，很可能只有一个或两个模糊的目标院校，不知道自己的真实实力，也不知道自己的实力是否匹配目标院校，可",,https://tieba.baidu.com/p/10625208809,matched,pending_review,,来源存疑样本；已抓到列表摘要正文；仅作人工复核池，勿直接并入正式训练集,uncertain_redirect_round3_pool.csv
10625335881,考研,考研,一战C2热门工科大结局,也是在大缩招和395分复试线下成功录取了初试就比复试线高了几分，好在凭借准备了三个多个月的笔试还有两天的面试成功翻盘了27小灯有问题都可以问可能会更新一些我在去年这个时候会焦虑的东西还有一些心得,"标题：一战C2热门工科大结局

正文：也是在大缩招和395分复试线下成功录取了初试就比复试线高了几分，好在凭借准备了三个多个月的笔试还有两天的面试成功翻盘了27小灯有问题都可以问可能会更新一些我在去年这个时候会焦虑的东西还有一些心得",,https://tieba.baidu.com/p/10625335881,matched,pending_review,,来源存疑样本；已抓到列表摘要正文；仅作人工复核池，勿直接并入正式训练集,uncertain_redirect_round3_pool.csv
10625438864,考研,考研,不想剪一路生花了你好👋南航,我备考的时候总想着，如果上岸了要在朋友圈发什么文案，狠狠装一把。没想到真的看到录取通知的时候，内心却没有想以前那么兴奋。窗外的天很蓝，风吹过来，什么都没有发生，一切还在继续，但有些东西却悄无声息地结束了。喜悦其实早就落地了。是在出结果那天晚上，我一个人住在酒店，盯着天花板，手机放在枕边。出成绩前我放了好运来，以为自己会哭，结果没有。大概是我的精力已经耗尽了，连眼泪都流不下来。后来调剂复试，等待，录,"标题：不想剪一路生花了你好👋南航

正文：我备考的时候总想着，如果上岸了要在朋友圈发什么文案，狠狠装一把。没想到真的看到录取通知的时候，内心却没有想以前那么兴奋。窗外的天很蓝，风吹过来，什么都没有发生，一切还在继续，但有些东西却悄无声息地结束了。喜悦其实早就落地了。是在出结果那天晚上，我一个人住在酒店，盯着天花板，手机放在枕边。出成绩前我放了好运来，以为自己会哭，结果没有。大概是我的精力已经耗尽了，连眼泪都流不下来。后来调剂复试，等待，录",,https://tieba.baidu.com/p/10625438864,matched,pending_review,,来源存疑样本；已抓到列表摘要正文；仅作人工复核池，勿直接并入正式训练集,uncertain_redirect_round3_pool.csv
10625566125,考研,考研,百度网盘开哪个会员好点,鼠鼠我准备考研，需要买一个百度网盘的会员，不知道开通普通VIP够不够用，谁可以来告诉一下鼠鼠。,"标题：百度网盘开哪个会员好点

正文：鼠鼠我准备考研，需要买一个百度网盘的会员，不知道开通普通VIP够不够用，谁可以来告诉一下鼠鼠。",,https://tieba.baidu.com/p/10625566125,matched,pending_review,,来源存疑样本；已抓到列表摘要正文；仅作人工复核池，勿直接并入正式训练集,uncertain_redirect_round3_pool.csv
10625604759,考研,考研,同学初试成绩P图造假 高分未进复试名单还在装,此人查完成绩就将成绩单发我，并且发给了很多人 。 天津大学(10056) 11408高达370多分 我们都是民办本科 408考了127 毕竟有成绩 我当时深信不疑 后来微信问他 他说复试寄了 结果第二天晚上 他走进我宿舍说考上了 但是专项计划不想去(?自相矛盾 而且专项计划是少骨和士兵计划 他两样都不沾) 我说给我看看名单 他说人工智能学院网站打不开 看不了(这可能就是他有恃无恐的理由) 结果我成功打开了 我把手机拿给他看 他随手翻了几下 就放下手机 出去接水,"标题：同学初试成绩P图造假 高分未进复试名单还在装

正文：此人查完成绩就将成绩单发我，并且发给了很多人 。 天津大学(10056) 11408高达370多分 我们都是民办本科 408考了127 毕竟有成绩 我当时深信不疑 后来微信问他 他说复试寄了 结果第二天晚上 他走进我宿舍说考上了 但是专项计划不想去(?自相矛盾 而且专项计划是少骨和士兵计划 他两样都不沾) 我说给我看看名单 他说人工智能学院网站打不开 看不了(这可能就是他有恃无恐的理由) 结果我成功打开了 我把手机拿给他看 他随手翻了几下 就放下手机 出去接水",,https://tieba.baidu.com/p/10625604759,matched,pending_review,,来源存疑样本；已抓到列表摘要正文；仅作人工复核池，勿直接并入正式训练集,uncertain_redirect_academic_review_pool.csv
10625632993,考研,考研,记录2026-2027我的考研日常,本2三无，考9控制0854，数二英二 数学红开到积分转蓝，现在跟🐙。开个贴记录一下每天的学习工作，相互监督相互鼓励,"标题：记录2026-2027我的考研日常

正文：本2三无，考9控制0854，数二英二 数学红开到积分转蓝，现在跟🐙。开个贴记录一下每天的学习工作，相互监督相互鼓励",,https://tieba.baidu.com/p/10625632993,matched,pending_review,,来源存疑样本；已抓到列表摘要正文；仅作人工复核池，勿直接并入正式训练集,uncertain_redirect_round3_pool.csv
10625688927,考研,考研,谢谢吧友们的安慰,虽然一志愿下岸了，但是调剂到哈工程了，也是个不错的选择,"标题：谢谢吧友们的安慰

正文：虽然一志愿下岸了，但是调剂到哈工程了，也是个不错的选择",,https://tieba.baidu.com/p/10625688927,matched,pending_review,,来源存疑样本；已抓到列表摘要正文；仅作人工复核池，勿直接并入正式训练集,uncertain_redirect_round3_pool.csv
10625706252,考研,考研,如何抉择？,如何抉择？现在研二，想为申博提前努力，导甚至连指导都没有，也没给其他帮助，所以我就找辅导发了两篇二区，先做好准备。 我没想到他让我加上师兄的名字，我并不想加，我自己自费找的辅导，所有的实验都是我独自完成，所有的数据也是我自己分析整理的，师兄和导一样没给过任何帮助。 无奈导态度强硬，我该答应吗？难道就一点办法都没有了吗？有人可以给点建议吗？我到底该怎么做呢... #研究生##硕士##读研##申博##sci#,如何抉择？现在研二，想为申博提前努力，导甚至连指导都没有，也没给其他帮助，所以我就找辅导发了两篇二区，先做好准备。 我没想到他让我加上师兄的名字，我并不想加，我自己自费找的辅导，所有的实验都是我独自完成，所有的数据也是我自己分析整理的，师兄和导一样没给过任何帮助。 无奈导态度强硬，我该答应吗？难道就一点办法都没有了吗？有人可以给点建议吗？我到底该怎么做呢... #研究生##硕士##读研##申博##sci#,,https://tieba.baidu.com/p/10625706252,matched,pending_review,,来源存疑样本；已抓到列表摘要正文；仅作人工复核池，勿直接并入正式训练集,uncertain_redirect_round3_pool.csv
10625742625,考研,考研,民办二本考普通双非能行吗,鼠鼠是个民办本科的大三生，鼠鼠还是有自知之明的，不去奢望什么211.985甚至好一点的双非都不敢想，大学期间也没拿过什么奖，参加过比赛，考研的目的也就是单纯为了提升一下学历，并没有想靠这个研究生的名头找工作，鼠鼠感觉努力一点还是有机会，所以想请问一下各位学长学姐，考研后面试的时候我这种民办三本的身份还有没有参加过比赛的经历会不会很容易被刷下去,"标题：民办二本考普通双非能行吗

正文：鼠鼠是个民办本科的大三生，鼠鼠还是有自知之明的，不去奢望什么211.985甚至好一点的双非都不敢想，大学期间也没拿过什么奖，参加过比赛，考研的目的也就是单纯为了提升一下学历，并没有想靠这个研究生的名头找工作，鼠鼠感觉努力一点还是有机会，所以想请问一下各位学长学姐，考研后面试的时候我这种民办三本的身份还有没有参加过比赛的经历会不会很容易被刷下去",,https://tieba.baidu.com/p/10625742625,matched,pending_review,,来源存疑样本；已抓到列表摘要正文；仅作人工复核池，勿直接并入正式训练集,uncertain_redirect_academic_review_pool.csv
10625750635,考研,考研,和老师联系了一段时间，老师说名额还没确定,老师相当于布置了个小作业，完成了一下，老师说看出来下了功夫的，不过还不能确定他有几个名额，等确定了有的话会告诉我的，最好再联系几个老师防止没名额了，这是在养鱼还是真的没确定名额呢,"标题：和老师联系了一段时间，老师说名额还没确定

正文：老师相当于布置了个小作业，完成了一下，老师说看出来下了功夫的，不过还不能确定他有几个名额，等确定了有的话会告诉我的，最好再联系几个老师防止没名额了，这是在养鱼还是真的没确定名额呢",,https://tieba.baidu.com/p/10625750635,matched,pending_review,,来源存疑样本；已抓到列表摘要正文；仅作人工复核池，勿直接并入正式训练集,uncertain_redirect_round3_pool.csv
10625752648,考研,考研,求专科上岸国科大教程,本人专科电气自动化本科汉语言打算考国科大，听说免学费（8000抵扣），想询问有没有学长有推荐的，我生物科学（理论）有基础/汉语言有基础/马克思理论有基础/有电工比赛和smt32，plc项目经历/有PCB实习经验等等不知道我要不要再多实习一年或者自考换电子信息（或者成考），然后再考？还是说我汉语言毕业考也可以，我不知道有没有学长们有没有初试复试过的知道机试啥的难不，听说科软机试过了大概率能进,"标题：求专科上岸国科大教程

正文：本人专科电气自动化本科汉语言打算考国科大，听说免学费（8000抵扣），想询问有没有学长有推荐的，我生物科学（理论）有基础/汉语言有基础/马克思理论有基础/有电工比赛和smt32，plc项目经历/有PCB实习经验等等不知道我要不要再多实习一年或者自考换电子信息（或者成考），然后再考？还是说我汉语言毕业考也可以，我不知道有没有学长们有没有初试复试过的知道机试啥的难不，听说科软机试过了大概率能进",,https://tieba.baidu.com/p/10625752648,matched,pending_review,,来源存疑样本；已抓到列表摘要正文；仅作人工复核池，勿直接并入正式训练集,uncertain_redirect_round3_pool.csv
10625789889,考研,考研,求吧友们求解一下择校问题,鄙人是四川省的，以后很想回四川成都工作，这边本科就读福州大学电子信息工程。想着是在川大或电子科大选一个学校做目标，后续根据学习情况作调整。肯定是考0854专硕的 就是很纠结，按道理来说川大的难度应该要比电子科大低很多，但我上岸电科学长说的是电科信通学院统考就能招将近300人，容错率非常大，还有电科还有很多个学院我都可以报。而且我看了近几年复录比电科确实比川大要好，川大电子信息学院每年大概招80人，感觉容错率不,"标题：求吧友们求解一下择校问题

正文：鄙人是四川省的，以后很想回四川成都工作，这边本科就读福州大学电子信息工程。想着是在川大或电子科大选一个学校做目标，后续根据学习情况作调整。肯定是考0854专硕的 就是很纠结，按道理来说川大的难度应该要比电子科大低很多，但我上岸电科学长说的是电科信通学院统考就能招将近300人，容错率非常大，还有电科还有很多个学院我都可以报。而且我看了近几年复录比电科确实比川大要好，川大电子信息学院每年大概招80人，感觉容错率不",,https://tieba.baidu.com/p/10625789889,matched,pending_review,,来源存疑样本；已抓到列表摘要正文；仅作人工复核池，勿直接并入正式训练集,uncertain_redirect_round3_pool.csv
10625830188,考研,考研,求助！二本天坑中外合办生物技术专业加色弱,有没有考研建议 目前大一 想跨考生物医学工程不限制色弱的研究方向 有没有前辈指条明路😭,"标题：求助！二本天坑中外合办生物技术专业加色弱

正文：有没有考研建议 目前大一 想跨考生物医学工程不限制色弱的研究方向 有没有前辈指条明路😭",,https://tieba.baidu.com/p/10625830188,matched,pending_review,,来源存疑样本；已抓到列表摘要正文；仅作人工复核池，勿直接并入正式训练集,uncertain_redirect_academic_review_pool.csv
10625853234,考研,考研,30讲高数基础的题目一做就是两三个小时怎么办,分析题目 自己做到看答案再梳理一遍，一讲就十几二十道题目，做完一个上午下午就过去了，感觉一直这样自己效率太慢了，大家有没有什么经验之谈帮帮lz,"标题：30讲高数基础的题目一做就是两三个小时怎么办

正文：分析题目 自己做到看答案再梳理一遍，一讲就十几二十道题目，做完一个上午下午就过去了，感觉一直这样自己效率太慢了，大家有没有什么经验之谈帮帮lz",,https://tieba.baidu.com/p/10625853234,matched,pending_review,,来源存疑样本；已抓到列表摘要正文；仅作人工复核池，勿直接并入正式训练集,uncertain_redirect_round3_pool.csv
7785973985,考研,考研,二本一战上岸山大，心力憔悴，也是没有白付出，跟做梦一样,如图,"标题：二本一战上岸山大，心力憔悴，也是没有白付出，跟做梦一样

正文：如图",,https://tieba.baidu.com/p/7785973985,matched,pending_review,,来源存疑样本；已抓到列表摘要正文；仅作人工复核池，勿直接并入正式训练集,uncertain_redirect_round3_pool.csv
8913288978,考研,考研,24英语一87分（59.5客观）经验贴（规划篇）,首先说一下我的英语底子还可以，六级裸考521，背了考研词汇又半裸考一次563，但是我觉得我的学习方法应该对所有水平的人都会有一定帮助 我是从3月开始的，先只背单词，按照艾宾浩斯遗忘曲线生成的表格严格背的，一天都没少背过，中途是最累的时候，早上要背红宝书2单元的新词，晚上要复习10个单元，一天总共花费1个多小时吧（我的高效率背单词方法后面开帖子详细说），然后一直到6月底，我把单词过了2遍（算下来应该是10遍，因为按遗忘,"标题：24英语一87分（59.5客观）经验贴（规划篇）

正文：首先说一下我的英语底子还可以，六级裸考521，背了考研词汇又半裸考一次563，但是我觉得我的学习方法应该对所有水平的人都会有一定帮助 我是从3月开始的，先只背单词，按照艾宾浩斯遗忘曲线生成的表格严格背的，一天都没少背过，中途是最累的时候，早上要背红宝书2单元的新词，晚上要复习10个单元，一天总共花费1个多小时吧（我的高效率背单词方法后面开帖子详细说），然后一直到6月底，我把单词过了2遍（算下来应该是10遍，因为按遗忘",,https://tieba.baidu.com/p/8913288978,matched,pending_review,,来源存疑样本；已抓到列表摘要正文；仅作人工复核池，勿直接并入正式训练集,uncertain_redirect_round3_pool.csv
9561676094,考研,考研,备考两星期求助,rt，lz二月底开始跟张宇三十讲，只看书不看课，学到中值定理和积分就开始头大，总喜欢一目十行，定理结论一看就会，做题就上不了手，眼高手低。于是想去看看张宇书上的课，发现时长有点长，所以来求教大佬们，基础三十讲的课有必要跟着看完吗，还是细细看书就够了。,"标题：备考两星期求助

正文：rt，lz二月底开始跟张宇三十讲，只看书不看课，学到中值定理和积分就开始头大，总喜欢一目十行，定理结论一看就会，做题就上不了手，眼高手低。于是想去看看张宇书上的课，发现时长有点长，所以来求教大佬们，基础三十讲的课有必要跟着看完吗，还是细细看书就够了。",,https://tieba.baidu.com/p/9561676094,matched,pending_review,,来源存疑样本；已抓到列表摘要正文；仅作人工复核池，勿直接并入正式训练集,uncertain_redirect_round3_pool.csv
9631826420,考研,考研,鼓励贴:择校别保守，考研比高考简单太多,亲身经历，高中6:30上课10下课，一周休半天，拼尽全力才考了个211计算机。 考研:一战上岸中九计算机，作息一天学习时间6h（算上摸鱼刷抖音时间）。本科经历三无。 在考研这个赛道，你高考时候觉得遥不可及的名校其实近在眼前。 北京区政英镇楼，更点择校经验。,"标题：鼓励贴:择校别保守，考研比高考简单太多

正文：亲身经历，高中6:30上课10下课，一周休半天，拼尽全力才考了个211计算机。 考研:一战上岸中九计算机，作息一天学习时间6h（算上摸鱼刷抖音时间）。本科经历三无。 在考研这个赛道，你高考时候觉得遥不可及的名校其实近在眼前。 北京区政英镇楼，更点择校经验。",,https://tieba.baidu.com/p/9631826420,matched,pending_review,,来源存疑样本；已抓到列表摘要正文；仅作人工复核池，勿直接并入正式训练集,uncertain_redirect_academic_review_pool.csv
10594965308,论文,论文,毕业论文用哪个ai写,毕业论文初稿马上要交了，究竟用哪个AI写好啊，有没有大神出来分享一下，网上看的眼花缭乱的,"标题：毕业论文用哪个ai写

正文：毕业论文初稿马上要交了，究竟用哪个AI写好啊，有没有大神出来分享一下，网上看的眼花缭乱的",,https://tieba.baidu.com/p/10594965308,matched,pending_review,,来源存疑样本；已抓到列表摘要正文；仅作人工复核池，勿直接并入正式训练集,uncertain_redirect_round5_pool.csv
10603351379,论文,论文,帮改论文格式有人接吗,,帮改论文格式有人接吗,,https://tieba.baidu.com/p/10603351379,matched,pending_review,,来源存疑样本；已抓到列表摘要正文；仅作人工复核池，勿直接并入正式训练集,uncertain_redirect_round5_pool.csv
10605386344,论文,论文,护理论文。。。,求一份护理论文的文档,"标题：护理论文。。。

正文：求一份护理论文的文档",,https://tieba.baidu.com/p/10605386344,matched,pending_review,,来源存疑样本；已抓到列表摘要正文；仅作人工复核池，勿直接并入正式训练集,uncertain_redirect_round5_pool.csv
10613232757,论文,论文,高铁论文的,高铁论文有接的吗，要全包，技术好的，有具体格式要求,"标题：高铁论文的

正文：高铁论文有接的吗，要全包，技术好的，有具体格式要求",,https://tieba.baidu.com/p/10613232757,matched,pending_review,,来源存疑样本；已抓到列表摘要正文；仅作人工复核池，勿直接并入正式训练集,uncertain_redirect_round5_pool.csv
10625153462,论文,论文,汉语言论文求助,本科汉语言文学有没有代修改的啊,"标题：汉语言论文求助

正文：本科汉语言文学有没有代修改的啊",,https://tieba.baidu.com/p/10625153462,matched,pending_review,,来源存疑样本；已抓到列表摘要正文；仅作人工复核池，勿直接并入正式训练集,uncertain_redirect_round5_pool.csv
10625329843,论文,论文,求专科论文,基于Spring boot的宠物寄领养系统论文有人写吗，三天写完，专业名词少一点，大专水平，查重率不高于30，带价来,"标题：求专科论文

正文：基于Spring boot的宠物寄领养系统论文有人写吗，三天写完，专业名词少一点，大专水平，查重率不高于30，带价来",,https://tieba.baidu.com/p/10625329843,matched,pending_review,,来源存疑样本；已抓到列表摘要正文；仅作人工复核池，勿直接并入正式训练集,uncertain_redirect_round5_pool.csv
10625506717,论文,论文,论文这个事真的别拖，我差点被自己坑死…,唉，真不是吓人，论文这个东西你不急的时候不觉得，一旦卡时间，真的能把人搞崩。 我就是典型拖到最后的那种。 本来早就该弄了，一直拖，觉得“到时候再说”，结果一到要用的时候，整个人直接懵了。 最开始是自己投，投了几次，基本没动静，有的连拒稿都不给你说一声，就那种石沉大海的感觉。 当时真的有点怀疑人生，还以为是自己写得太烂了，改来改去，折腾了挺久。 后面没办法，就开始到处搜，看各种“经验贴”“推荐”，越看越乱,"标题：论文这个事真的别拖，我差点被自己坑死…

正文：唉，真不是吓人，论文这个东西你不急的时候不觉得，一旦卡时间，真的能把人搞崩。 我就是典型拖到最后的那种。 本来早就该弄了，一直拖，觉得“到时候再说”，结果一到要用的时候，整个人直接懵了。 最开始是自己投，投了几次，基本没动静，有的连拒稿都不给你说一声，就那种石沉大海的感觉。 当时真的有点怀疑人生，还以为是自己写得太烂了，改来改去，折腾了挺久。 后面没办法，就开始到处搜，看各种“经验贴”“推荐”，越看越乱",,https://tieba.baidu.com/p/10625506717,matched,pending_review,,来源存疑样本；已抓到列表摘要正文；仅作人工复核池，勿直接并入正式训练集,uncertain_redirect_round5_pool.csv
10625574813,论文,论文,机械的有没有,有没有大神会写机械工程s,"标题：机械的有没有

正文：有没有大神会写机械工程s",,https://tieba.baidu.com/p/10625574813,matched,pending_review,,来源存疑样本；已抓到列表摘要正文；仅作人工复核池，勿直接并入正式训练集,uncertain_redirect_round5_pool.csv
10542064473,退学,退学,沉没成本不参与重大决策,我还是不够理性，不够坚定，才会造成这种局面,"标题：沉没成本不参与重大决策

正文：我还是不够理性，不够坚定，才会造成这种局面",,https://tieba.baidu.com/p/10542064473,matched,pending_review,,来源存疑样本；已抓到列表摘要正文；仅作人工复核池，勿直接并入正式训练集,uncertain_redirect_round6_pool.csv
10544257026,退学,退学,没办法了，求助,我是一个大一的大专学生，医学检验技术专业，现在有点读不下去的，想退学，去上班，每年学费加住宿费7000，学校和其他人关系也不太好，各方压力吧，不想读了，但是拿着中职学历，不知道以后会不会有出路，但是我觉得大专文凭也好不了哪去，朋友跟我说，有个大专文凭总比中专好，但是我真读不下去，想早一点出去赚钱，家里条件也不好，就只有姐姐赚钱，还要养两个孩子，爸爸年纪也大了，不知道怎么办了，大家能不能帮忙出点主意,"标题：没办法了，求助

正文：我是一个大一的大专学生，医学检验技术专业，现在有点读不下去的，想退学，去上班，每年学费加住宿费7000，学校和其他人关系也不太好，各方压力吧，不想读了，但是拿着中职学历，不知道以后会不会有出路，但是我觉得大专文凭也好不了哪去，朋友跟我说，有个大专文凭总比中专好，但是我真读不下去，想早一点出去赚钱，家里条件也不好，就只有姐姐赚钱，还要养两个孩子，爸爸年纪也大了，不知道怎么办了，大家能不能帮忙出点主意",,https://tieba.baidu.com/p/10544257026,matched,pending_review,,来源存疑样本；已抓到列表摘要正文；仅作人工复核池，勿直接并入正式训练集,uncertain_redirect_round6_pool.csv
10547737099,退学,退学,职高退不退学,我是一个17岁的职高生，因为受不了学校的军事化管理，早6玩9起来就要去跑早操，全面禁止手机进入校园，而且我在学校这几天每天都凌晨一点睡，宿舍里有很多打呼噜的，考虑退不退学，我现在想退学但是怕以后会后悔，但是又受不了学校的氛围，我该怎么办😭，求广大网友给我一个建议,"标题：职高退不退学

正文：我是一个17岁的职高生，因为受不了学校的军事化管理，早6玩9起来就要去跑早操，全面禁止手机进入校园，而且我在学校这几天每天都凌晨一点睡，宿舍里有很多打呼噜的，考虑退不退学，我现在想退学但是怕以后会后悔，但是又受不了学校的氛围，我该怎么办😭，求广大网友给我一个建议",,https://tieba.baidu.com/p/10547737099,matched,pending_review,,来源存疑样本；已抓到列表摘要正文；仅作人工复核池，勿直接并入正式训练集,uncertain_redirect_round6_pool.csv
10565131423,退学,退学,高中想退学打工，但是想要毕业证怎么办，,毕业证有什么用,"标题：高中想退学打工，但是想要毕业证怎么办，

正文：毕业证有什么用",,https://tieba.baidu.com/p/10565131423,matched,pending_review,,来源存疑样本；已抓到列表摘要正文；仅作人工复核池，勿直接并入正式训练集,uncertain_redirect_round6_pool.csv
10570931697,退学,退学,希望不要退学。,一本，学分不够，留级了。这学期如果还没挣够就要退学。其实只差三学分，但是上个学期一门课都没考，体育英语这种都没有去考试。我不知道为什么很想吐。抑郁焦虑。去医院开了药。导员说今天要和我妈聊。我希望他们不会告诉我爸妈我在吃药的事情，不过我妈应该早就知道我上了大学还在割手自残的事了。感觉学上的很失败。我好怕退学。如果退学了我该去哪里呢？不知道怎么面对我妈。我想吐。现在看到课本感觉想吐，脑子嗡嗡的。这两天,"标题：希望不要退学。

正文：一本，学分不够，留级了。这学期如果还没挣够就要退学。其实只差三学分，但是上个学期一门课都没考，体育英语这种都没有去考试。我不知道为什么很想吐。抑郁焦虑。去医院开了药。导员说今天要和我妈聊。我希望他们不会告诉我爸妈我在吃药的事情，不过我妈应该早就知道我上了大学还在割手自残的事了。感觉学上的很失败。我好怕退学。如果退学了我该去哪里呢？不知道怎么面对我妈。我想吐。现在看到课本感觉想吐，脑子嗡嗡的。这两天",,https://tieba.baidu.com/p/10570931697,matched,pending_review,,来源存疑样本；已抓到列表摘要正文；仅作人工复核池，勿直接并入正式训练集,uncertain_redirect_round6_pool.csv
10604758714,退学,退学,希望有懂的人能给我解答一下,我实在是不懂，我是高一退学，没有参加合格性考试，但是我希望和同龄人一起夏季高考（是明年的高考），所以去教育考试院报名了，但是他们说需要先报名高职分类，才能报名合格性考试，然后不参加高职分类去高考，但是我老是担心，因为上网看到的很多信息是高中学业水平考试社会人员可以直接报名，在考试院的官网条件也有社会考生，问的时候他们说是因为我要和同龄人一起高考就只能这样，我对这个很看重，高中退学就是因为融入不了环,"标题：希望有懂的人能给我解答一下

正文：我实在是不懂，我是高一退学，没有参加合格性考试，但是我希望和同龄人一起夏季高考（是明年的高考），所以去教育考试院报名了，但是他们说需要先报名高职分类，才能报名合格性考试，然后不参加高职分类去高考，但是我老是担心，因为上网看到的很多信息是高中学业水平考试社会人员可以直接报名，在考试院的官网条件也有社会考生，问的时候他们说是因为我要和同龄人一起高考就只能这样，我对这个很看重，高中退学就是因为融入不了环",,https://tieba.baidu.com/p/10604758714,matched,pending_review,,来源存疑样本；已抓到列表摘要正文；仅作人工复核池，勿直接并入正式训练集,uncertain_redirect_round6_pool.csv
6073907852,退学,退学,【【【已经退学，但想要高考怎么办？】】】干货分享,本人前公立学校新人老师一枚，现在在一个有爱的小微学社，因最喜欢的学生休学在家（应该不会在回到原学校读书了）但想要高考，所以我研究了一下全国和各省市的高考报名政策，并亲自和各地教育考试院/教育局/招生办确认过，惊喜的发现还是可以操作的，希望可以帮到大家！！！ 目前研究了【北京】、【上海】、【深圳】、【苏州（江苏）】、【南京（江苏）】、【石家庄】、【青海】等省份。如果大家感兴趣请顶起来，我会继续更新其他各,"标题：【【【已经退学，但想要高考怎么办？】】】干货分享

正文：本人前公立学校新人老师一枚，现在在一个有爱的小微学社，因最喜欢的学生休学在家（应该不会在回到原学校读书了）但想要高考，所以我研究了一下全国和各省市的高考报名政策，并亲自和各地教育考试院/教育局/招生办确认过，惊喜的发现还是可以操作的，希望可以帮到大家！！！ 目前研究了【北京】、【上海】、【深圳】、【苏州（江苏）】、【南京（江苏）】、【石家庄】、【青海】等省份。如果大家感兴趣请顶起来，我会继续更新其他各",,https://tieba.baidu.com/p/6073907852,matched,pending_review,,来源存疑样本；已抓到列表摘要正文；仅作人工复核池，勿直接并入正式训练集,uncertain_redirect_round6_pool.csv
7450676182,退学,退学,[公告]关于撤销 crc5201314 吧主管理权限的说明,经核实吧主crc5201314 未通过普通吧主考核。违反《百度贴吧吧主制度》第八章规定https://tieba.baidu.com/tb/system.html#cnt08 ，无法在建设 退学吧 内容上、言论导向上发挥应有的模范带头作用。故撤销其吧主管理权限。百度贴吧管理组,"标题：[公告]关于撤销 crc5201314 吧主管理权限的说明

正文：经核实吧主crc5201314 未通过普通吧主考核。违反《百度贴吧吧主制度》第八章规定https://tieba.baidu.com/tb/system.html#cnt08 ，无法在建设 退学吧 内容上、言论导向上发挥应有的模范带头作用。故撤销其吧主管理权限。百度贴吧管理组",,https://tieba.baidu.com/p/7450676182,matched,pending_review,,来源存疑样本；已抓到列表摘要正文；仅作人工复核池，勿直接并入正式训练集,uncertain_redirect_round6_pool.csv
8112539873,退学,退学,奉劝想退学的学弟学妹们不要退学,希望稍有耐心看我写的，写到哪算哪吧，我现在也算是过来人了，看你们一个个都想退不想退的，想想我读大学的时候那叫一个惨，我估计你们想退学的理由真的不算啥。没朋友，挂科，抑郁等等。我现在觉得这些比起我那时候遇到的真的不算什么。,"标题：奉劝想退学的学弟学妹们不要退学

正文：希望稍有耐心看我写的，写到哪算哪吧，我现在也算是过来人了，看你们一个个都想退不想退的，想想我读大学的时候那叫一个惨，我估计你们想退学的理由真的不算啥。没朋友，挂科，抑郁等等。我现在觉得这些比起我那时候遇到的真的不算什么。",,https://tieba.baidu.com/p/8112539873,matched,pending_review,,来源存疑样本；已抓到列表摘要正文；仅作人工复核池，勿直接并入正式训练集,uncertain_redirect_round6_pool.csv
10593254705,霸凌,霸凌,我也会嫉妒吗,从初中就遭受校园霸凌，一群人弄我一个整整三年每天都会活在无意识的恐惧里，逐渐感觉不到自己的存在。学习也垫底，对学习一窍不通。没有天赋，后来沉迷游戏和邪淫。。后来去打工，还是每天活在极度紧张里，怕自己做不好，怕别人说。情绪不稳定，还出现几次自杀倾向。即使做的很好，也怕万一哪天自己失去了力量。再也无法工作，被当做舍弃的工具。昼夜失眠，暴躁。后来住进了精神病医院，然后就吃药家里蹲。自己像个废物一样孱弱，,"标题：我也会嫉妒吗

正文：从初中就遭受校园霸凌，一群人弄我一个整整三年每天都会活在无意识的恐惧里，逐渐感觉不到自己的存在。学习也垫底，对学习一窍不通。没有天赋，后来沉迷游戏和邪淫。。后来去打工，还是每天活在极度紧张里，怕自己做不好，怕别人说。情绪不稳定，还出现几次自杀倾向。即使做的很好，也怕万一哪天自己失去了力量。再也无法工作，被当做舍弃的工具。昼夜失眠，暴躁。后来住进了精神病医院，然后就吃药家里蹲。自己像个废物一样孱弱，",,https://tieba.baidu.com/p/10593254705,matched,pending_review,,来源存疑样本；已抓到列表摘要正文；仅作人工复核池，勿直接并入正式训练集,uncertain_redirect_round3_pool.csv
10613387492,霸凌,霸凌,被造黄瑶怎么解决？,,被造黄瑶怎么解决？,,https://tieba.baidu.com/p/10613387492,matched,pending_review,,来源存疑样本；已抓到列表摘要正文；仅作人工复核池，勿直接并入正式训练集,uncertain_redirect_round3_pool.csv
10614492922,霸凌,霸凌,《若能重回三年级，千元学费换半生安宁》,真想回到三年级的暑假——那是我遭此后种种校霸与小人致伤毁容之前，最后的、也是最佳的一段预防期。若能重回那时，我一定拼尽全力劝说父母，让我去练武，去提升战力，去锻造社交的铠甲，从根子上将那场因校园霸凌而引发的惨剧彻底扼杀——当初只要花上千把块钱，练习一段时日的武术，此后于空余之际多加习练、持之以恒，便足以筑起一道护身的壁垒。若家人当年舍得这千把块的投入，又何至于酿成后来因校园霸凌而招致的那一连串惨重,"标题：《若能重回三年级，千元学费换半生安宁》

正文：真想回到三年级的暑假——那是我遭此后种种校霸与小人致伤毁容之前，最后的、也是最佳的一段预防期。若能重回那时，我一定拼尽全力劝说父母，让我去练武，去提升战力，去锻造社交的铠甲，从根子上将那场因校园霸凌而引发的惨剧彻底扼杀——当初只要花上千把块钱，练习一段时日的武术，此后于空余之际多加习练、持之以恒，便足以筑起一道护身的壁垒。若家人当年舍得这千把块的投入，又何至于酿成后来因校园霸凌而招致的那一连串惨重",,https://tieba.baidu.com/p/10614492922,matched,pending_review,,来源存疑样本；已抓到列表摘要正文；仅作人工复核池，勿直接并入正式训练集,uncertain_redirect_round3_pool.csv
10614582323,霸凌,霸凌,兄弟们求建议,大佬们怎么办，关于玩第五玩半天才发现对象号被恶意盗了，我叫了半天宝宝发现是个男的，隐私被视奸光了，好像是校园霸凌，但对象发现后决定容忍怎么办好无助#校园霸凌#,"标题：兄弟们求建议

正文：大佬们怎么办，关于玩第五玩半天才发现对象号被恶意盗了，我叫了半天宝宝发现是个男的，隐私被视奸光了，好像是校园霸凌，但对象发现后决定容忍怎么办好无助#校园霸凌#",,https://tieba.baidu.com/p/10614582323,matched,pending_review,,来源存疑样本；已抓到列表摘要正文；仅作人工复核池，勿直接并入正式训练集,uncertain_redirect_round3_pool.csv
10616249409,霸凌,霸凌,有没有石家庄同城遭遇过职场霸凌的看过来！！！,同城遭遇过或正在遭遇职场霸凌的，被孤立排挤诬陷造谣的，委屈无助无人能懂的，大家建个群，相互取暖，齐心协力团结互助，将反霸凌进行到底！！！,"标题：有没有石家庄同城遭遇过职场霸凌的看过来！！！

正文：同城遭遇过或正在遭遇职场霸凌的，被孤立排挤诬陷造谣的，委屈无助无人能懂的，大家建个群，相互取暖，齐心协力团结互助，将反霸凌进行到底！！！",,https://tieba.baidu.com/p/10616249409,matched,pending_review,,来源存疑样本；已抓到列表摘要正文；仅作人工复核池，勿直接并入正式训练集,uncertain_redirect_round3_pool.csv
10625340526,霸凌,霸凌,《斩断霉变过往，奔赴崭新未来：与校园霸凌和解的自我救赎》,我是该继续沉湎于当年那无数校霸施加的校园霸凌之痛，让苦涩的回忆一遍遍啃噬心神、消耗肝胆、碾碎热望，在自暴自弃中愈陷愈深、无可救药地沉沦下去；还是该决绝地斩断那些早已发霉的过往，抖落一身尘埃，昂首挺胸地奋起拼搏、锲而不舍，去拥抱那尚且崭新、尚且明亮、尚且值得奔赴的未来？,"标题：《斩断霉变过往，奔赴崭新未来：与校园霸凌和解的自我救赎》

正文：我是该继续沉湎于当年那无数校霸施加的校园霸凌之痛，让苦涩的回忆一遍遍啃噬心神、消耗肝胆、碾碎热望，在自暴自弃中愈陷愈深、无可救药地沉沦下去；还是该决绝地斩断那些早已发霉的过往，抖落一身尘埃，昂首挺胸地奋起拼搏、锲而不舍，去拥抱那尚且崭新、尚且明亮、尚且值得奔赴的未来？",,https://tieba.baidu.com/p/10625340526,matched,pending_review,,来源存疑样本；已抓到列表摘要正文；仅作人工复核池，勿直接并入正式训练集,uncertain_redirect_round3_pool.csv
10625845954,霸凌,霸凌,初中的霸凌毁了我的一生,我是06年的，我今天只是想说一下我自己的遭遇，因为我累了。我初中被霸凌了三年，那帮人抢我吃的，经常打我，老师也不管不顾，头被打破了也就说几句完事。老师就是畜生，政教处主任吴月辉不分黑白，经常殴打学生，我初二的数学老师倪须庆因为心情不好就能扇学生巴掌。我已经20岁了，我大学了，但是为什么我还是走不出来，我是抑郁症，但为什么只是轻度！我都想死了！累了，我真的累了，如果世界有正义，那么它为什么不救我。（初中,"标题：初中的霸凌毁了我的一生

正文：我是06年的，我今天只是想说一下我自己的遭遇，因为我累了。我初中被霸凌了三年，那帮人抢我吃的，经常打我，老师也不管不顾，头被打破了也就说几句完事。老师就是畜生，政教处主任吴月辉不分黑白，经常殴打学生，我初二的数学老师倪须庆因为心情不好就能扇学生巴掌。我已经20岁了，我大学了，但是为什么我还是走不出来，我是抑郁症，但为什么只是轻度！我都想死了！累了，我真的累了，如果世界有正义，那么它为什么不救我。（初中",,https://tieba.baidu.com/p/10625845954,matched,pending_review,,来源存疑样本；已抓到列表摘要正文；仅作人工复核池，勿直接并入正式训练集,uncertain_redirect_round3_pool.csv
8951291500,霸凌,霸凌,被霸凌的你们走出来了吗？,被霸凌到抑郁，一直走不出来，你们走出来了吗,"标题：被霸凌的你们走出来了吗？

正文：被霸凌到抑郁，一直走不出来，你们走出来了吗",,https://tieba.baidu.com/p/8951291500,matched,pending_review,,来源存疑样本；已抓到列表摘要正文；仅作人工复核池，勿直接并入正式训练集,uncertain_redirect_round3_pool.csv
9671255631,霸凌,霸凌,求 助,自从休学后几乎每天做噩梦已经两年了，每天都在服用抗抑郁药物，梦里都是她们的脸和笑声，我受不了了，每个深夜当我试图放松下来时，恨意就悄然而至，我曾那么开朗，学习成绩很好，专业也强，这就是我当时努力考上重高的报应么，高中把烂人留下，把我筛选出去了，到底何时才是尽头,"标题：求 助

正文：自从休学后几乎每天做噩梦已经两年了，每天都在服用抗抑郁药物，梦里都是她们的脸和笑声，我受不了了，每个深夜当我试图放松下来时，恨意就悄然而至，我曾那么开朗，学习成绩很好，专业也强，这就是我当时努力考上重高的报应么，高中把烂人留下，把我筛选出去了，到底何时才是尽头",,https://tieba.baidu.com/p/9671255631,matched,pending_review,,来源存疑样本；已抓到列表摘要正文；仅作人工复核池，勿直接并入正式训练集,uncertain_redirect_round3_pool.csv
10019825478,高考,高考,25岁想重新高考现实吗,本人18年参加高考，只考上了大专。说起来我中学时代成绩非常好，但到了高二，就不想学了，现在我觉得当时不想学的原因是我当时不知道考上好大学的重要性，纯粹是被家长逼着学习，现在我想重新高考，弥补我当时的遗憾。另外我想去读公费师范生，得付出多大努力才能实现？,"标题：25岁想重新高考现实吗

正文：本人18年参加高考，只考上了大专。说起来我中学时代成绩非常好，但到了高二，就不想学了，现在我觉得当时不想学的原因是我当时不知道考上好大学的重要性，纯粹是被家长逼着学习，现在我想重新高考，弥补我当时的遗憾。另外我想去读公费师范生，得付出多大努力才能实现？",,https://tieba.baidu.com/p/10019825478,matched,pending_review,,来源存疑样本；已抓到列表摘要正文；仅作人工复核池，勿直接并入正式训练集,uncertain_redirect_round4_pool.csv
10058041218,高考,高考,现在高三，该怎么努力,这次期初考成绩出来了，楼主也是想要努力一下，先说一下我们学校的情况吧，一本率大概70%，然后每年985大概有10个不到，211大概90几个，现在想努努力冲一下省内211，该怎么努力。括号里是赋分和校排,"标题：现在高三，该怎么努力

正文：这次期初考成绩出来了，楼主也是想要努力一下，先说一下我们学校的情况吧，一本率大概70%，然后每年985大概有10个不到，211大概90几个，现在想努努力冲一下省内211，该怎么努力。括号里是赋分和校排",,https://tieba.baidu.com/p/10058041218,matched,pending_review,,来源存疑样本；已抓到列表摘要正文；仅作人工复核池，勿直接并入正式训练集,uncertain_redirect_round4_pool.csv
10156576121,高考,高考,想要玩手机又想要好好学习怎么办,主要是晚上会玩到比较晚，中午不睡觉，还有就是英语差不想学英语，理科好，但是没有好到不需要英语，因为我英语只有60多分（高中）,"标题：想要玩手机又想要好好学习怎么办

正文：主要是晚上会玩到比较晚，中午不睡觉，还有就是英语差不想学英语，理科好，但是没有好到不需要英语，因为我英语只有60多分（高中）",,https://tieba.baidu.com/p/10156576121,matched,pending_review,,来源存疑样本；已抓到列表摘要正文；仅作人工复核池，勿直接并入正式训练集,uncertain_redirect_round4_pool.csv
10303822992,高考,高考,有没有社会考生啊？,高一退学了，想走社会考生这条路，有没有一起的,"标题：有没有社会考生啊？

正文：高一退学了，想走社会考生这条路，有没有一起的",,https://tieba.baidu.com/p/10303822992,matched,pending_review,,来源存疑样本；已抓到列表摘要正文；仅作人工复核池，勿直接并入正式训练集,uncertain_redirect_round4_pool.csv
10363424401,高考,高考,好好学习，好好加油，考个公办二本。,如果你考个民办三本，那要比公办二本多花1到2倍的学费。所以大家加油，加油，努力。,"标题：好好学习，好好加油，考个公办二本。

正文：如果你考个民办三本，那要比公办二本多花1到2倍的学费。所以大家加油，加油，努力。",,https://tieba.baidu.com/p/10363424401,matched,pending_review,,来源存疑样本；已抓到列表摘要正文；仅作人工复核池，勿直接并入正式训练集,uncertain_redirect_round4_pool.csv
10386719305,高考,高考,后悔选择的大学和专业怎么办,"我现在是西南大学法学院的学生，前几天偶然看见了哈工大的录取分数线，文科基本都能上，还多了几分，现在很后悔，感觉当时没有做出正确的选择，差一点点就能上C9,985的，现在却是在一个法学专业不好的学校","标题：后悔选择的大学和专业怎么办

正文：我现在是西南大学法学院的学生，前几天偶然看见了哈工大的录取分数线，文科基本都能上，还多了几分，现在很后悔，感觉当时没有做出正确的选择，差一点点就能上C9,985的，现在却是在一个法学专业不好的学校",,https://tieba.baidu.com/p/10386719305,matched,pending_review,,来源存疑样本；已抓到列表摘要正文；仅作人工复核池，勿直接并入正式训练集,uncertain_redirect_round4_pool.csv
10463211221,高考,高考,废物的碎碎念,笨人高一高二没有认真学习，成绩非常差。 高三第一次月考，只有445分 上一次月考，572分（赋分后） 笨人想冲一冲清华，目前高三上学期提升了127分，如果高三下能再提升127分，高考就是699分了。 请问一下，我有希望吗？,"标题：废物的碎碎念

正文：笨人高一高二没有认真学习，成绩非常差。 高三第一次月考，只有445分 上一次月考，572分（赋分后） 笨人想冲一冲清华，目前高三上学期提升了127分，如果高三下能再提升127分，高考就是699分了。 请问一下，我有希望吗？",,https://tieba.baidu.com/p/10463211221,matched,pending_review,,来源存疑样本；已抓到列表摘要正文；仅作人工复核池，勿直接并入正式训练集,uncertain_redirect_round4_pool.csv
10487761269,高考,高考,2026年高考生,这是这次期末考试成绩，高考想上600分，8u们能给些建议吗,"标题：2026年高考生

正文：这是这次期末考试成绩，高考想上600分，8u们能给些建议吗",,https://tieba.baidu.com/p/10487761269,matched,pending_review,,来源存疑样本；已抓到列表摘要正文；仅作人工复核池，勿直接并入正式训练集,uncertain_redirect_round4_pool.csv
10490813950,高考,高考,想上600，现在高三，还有机会吗（真心求教）,坐标广西 想上600分，本人现在总分在570飘摇 语文老是在100左右摇摆 数学稳定110左右 英语在128～132摇摆 物理在73～78摇摆 化学原始分是70左右，一般赋分以后在90左右 生物太差了😭赋完分才70多 真心求指点,"标题：想上600，现在高三，还有机会吗（真心求教）

正文：坐标广西 想上600分，本人现在总分在570飘摇 语文老是在100左右摇摆 数学稳定110左右 英语在128～132摇摆 物理在73～78摇摆 化学原始分是70左右，一般赋分以后在90左右 生物太差了😭赋完分才70多 真心求指点",,https://tieba.baidu.com/p/10490813950,matched,pending_review,,来源存疑样本；已抓到列表摘要正文；仅作人工复核池，勿直接并入正式训练集,uncertain_redirect_round4_pool.csv
10490858849,高考,高考,2026高考，如何提升自己,高三上学期期末大概能考这个分数，请问怎么才能做到高考500-520分左右，现在不知道数理化应该怎么办了，找不到方向，总感觉是有一股有劲没处使的感觉，而且我地理挺不稳定的，有时候能赋到90多，有时候只能赋分到70多，烦请各位朋友们指导，感谢,"标题：2026高考，如何提升自己

正文：高三上学期期末大概能考这个分数，请问怎么才能做到高考500-520分左右，现在不知道数理化应该怎么办了，找不到方向，总感觉是有一股有劲没处使的感觉，而且我地理挺不稳定的，有时候能赋到90多，有时候只能赋分到70多，烦请各位朋友们指导，感谢",,https://tieba.baidu.com/p/10490858849,matched,pending_review,,来源存疑样本；已抓到列表摘要正文；仅作人工复核池，勿直接并入正式训练集,uncertain_redirect_round4_pool.csv
10505405291,高考,高考,在北京3000块钱可以自己复读一年吗，目标就是保持去年的名次,先说一下lz现在的情况，2026应届高考生，北京某普通高中的高三学生，高考预估成绩570 我这辈子都不会在北京上大学的，不可能在离北京1000公里以内的地方上大学，但是父母和身边的人都劝我留在北京，因为我身体有点问题走路不方便，说话也有点不清楚 我怕父母会改我的高考志愿，我一所离北京1000公里以内的学校都不会报 但是万一真的有人给我改了志愿，被北京的学校录取了，我是绝对不会去上的，但也得给自己一条退路，那就是自己在北京找,"标题：在北京3000块钱可以自己复读一年吗，目标就是保持去年的名次

正文：先说一下lz现在的情况，2026应届高考生，北京某普通高中的高三学生，高考预估成绩570 我这辈子都不会在北京上大学的，不可能在离北京1000公里以内的地方上大学，但是父母和身边的人都劝我留在北京，因为我身体有点问题走路不方便，说话也有点不清楚 我怕父母会改我的高考志愿，我一所离北京1000公里以内的学校都不会报 但是万一真的有人给我改了志愿，被北京的学校录取了，我是绝对不会去上的，但也得给自己一条退路，那就是自己在北京找",,https://tieba.baidu.com/p/10505405291,matched,pending_review,,来源存疑样本；已抓到列表摘要正文；仅作人工复核池，勿直接并入正式训练集,uncertain_redirect_round4_pool.csv
10522468775,高考,高考,距离高考99天怎么提分,我是26届高考生，因为抑郁症在家呆了一年半，现在也去不了学校，只能在家自学，之前每天都在负面情绪中根本无法学习，我们这的本科线是410分上下我现在只有数学能蒙个6粉英语有基础但是词汇量不够有40多分语文在80上下政治地理我现在在听网课但是还没背能各科可以拿个四五十分左右历史有个30多，现在距离高考还有99天我想考个民办本科该怎么提分啊？,"标题：距离高考99天怎么提分

正文：我是26届高考生，因为抑郁症在家呆了一年半，现在也去不了学校，只能在家自学，之前每天都在负面情绪中根本无法学习，我们这的本科线是410分上下我现在只有数学能蒙个6粉英语有基础但是词汇量不够有40多分语文在80上下政治地理我现在在听网课但是还没背能各科可以拿个四五十分左右历史有个30多，现在距离高考还有99天我想考个民办本科该怎么提分啊？",,https://tieba.baidu.com/p/10522468775,matched,pending_review,,来源存疑样本；已抓到列表摘要正文；仅作人工复核池，勿直接并入正式训练集,uncertain_redirect_round4_pool.csv
10528061500,高考,高考,想问问大家大学休学有什么影响？,就是我现在是高三 二六年也就是今年六月份高考 离高考只剩96天 但我感觉我生理和心理都到极限了 顶多挺完这最后的一点高中生活 感觉就是每天都想吐 我的成绩因为高二下的时候腰间盘突出有点严重请假请了快半年 所以现在努力学完几个月之后成绩也就400多 所以我考虑可不可以考完报完大学之后直接休学一年啊😭我感觉我真的有点挺不下去了 感觉一直在考试，好崩溃 所以希望大家能帮我出出主意,"标题：想问问大家大学休学有什么影响？

正文：就是我现在是高三 二六年也就是今年六月份高考 离高考只剩96天 但我感觉我生理和心理都到极限了 顶多挺完这最后的一点高中生活 感觉就是每天都想吐 我的成绩因为高二下的时候腰间盘突出有点严重请假请了快半年 所以现在努力学完几个月之后成绩也就400多 所以我考虑可不可以考完报完大学之后直接休学一年啊😭我感觉我真的有点挺不下去了 感觉一直在考试，好崩溃 所以希望大家能帮我出出主意",,https://tieba.baidu.com/p/10528061500,matched,pending_review,,来源存疑样本；已抓到列表摘要正文；仅作人工复核池，勿直接并入正式训练集,uncertain_redirect_round4_pool.csv
10534746930,高考,高考,我到底要不要再复读一年,高二升高三那一年，我没怎么在意身体，拼了命地学，因为成绩一直下滑，那年暑假，我报了五科的辅导，制订了各种计划，早上六点起来学，一直到晚上十二点，几个辅导班，自习室，家里的书桌前面，我一直连轴转，一天是真学到了十二个小时。不过暑假最后的关头，我得了胃溃疡出血进了医院住了一个月修养一个月，出来后开始变得孤僻，开始自残，甚至说厌学了，我差点跳楼，刀片割过脖子，重物砸过自己，我爸妈查出我是压力太大的抑郁症,"标题：我到底要不要再复读一年

正文：高二升高三那一年，我没怎么在意身体，拼了命地学，因为成绩一直下滑，那年暑假，我报了五科的辅导，制订了各种计划，早上六点起来学，一直到晚上十二点，几个辅导班，自习室，家里的书桌前面，我一直连轴转，一天是真学到了十二个小时。不过暑假最后的关头，我得了胃溃疡出血进了医院住了一个月修养一个月，出来后开始变得孤僻，开始自残，甚至说厌学了，我差点跳楼，刀片割过脖子，重物砸过自己，我爸妈查出我是压力太大的抑郁症",,https://tieba.baidu.com/p/10534746930,matched,pending_review,,来源存疑样本；已抓到列表摘要正文；仅作人工复核池，勿直接并入正式训练集,uncertain_redirect_round4_pool.csv
10542155461,高考,高考,现在努力上公办本科还来得及吗？,我是一名高二学生，IP四川五线小县城学生，选科是纯理，本来想选文科的，但是被家里人逼着选的理，现在成绩非常糟糕。我想看看我还有没有上公办本科的机会，如果没有的话就算了（躺）,"标题：现在努力上公办本科还来得及吗？

正文：我是一名高二学生，IP四川五线小县城学生，选科是纯理，本来想选文科的，但是被家里人逼着选的理，现在成绩非常糟糕。我想看看我还有没有上公办本科的机会，如果没有的话就算了（躺）",,https://tieba.baidu.com/p/10542155461,matched,pending_review,,来源存疑样本；已抓到列表摘要正文；仅作人工复核池，勿直接并入正式训练集,uncertain_redirect_round4_pool.csv
10544344912,高考,高考,现在考大学真的比80年代更难么？,不要只看录取率，虽然80年代录取率低于现在但80年代没现在这么卷，80年代会解个一元二次方程就是学霸了，现在不会解一元二次方程连个高中都考不上，高考更是要求不带根号的一元二次方程要求在2min内解出否则高考时间来不及，高考一直是千军万马过独木桥，只是加了几根木头但千军万马之间的竞争更加激烈残酷，实际上岸难度甚至高于80年代,"标题：现在考大学真的比80年代更难么？

正文：不要只看录取率，虽然80年代录取率低于现在但80年代没现在这么卷，80年代会解个一元二次方程就是学霸了，现在不会解一元二次方程连个高中都考不上，高考更是要求不带根号的一元二次方程要求在2min内解出否则高考时间来不及，高考一直是千军万马过独木桥，只是加了几根木头但千军万马之间的竞争更加激烈残酷，实际上岸难度甚至高于80年代",,https://tieba.baidu.com/p/10544344912,matched,pending_review,,来源存疑样本；已抓到列表摘要正文；仅作人工复核池，勿直接并入正式训练集,uncertain_redirect_round4_pool.csv
10545153150,高考,高考,广东07大一退学复读可行吗,先说一下本人情况吧，25年高考语文89，数学106，日语128，物理82，化学94，生物75，考数学的时候特别紧张比自己的预期少了十几分吧，最后总分570多现在就读于广州某双非读数学专业 主包是这样想的，因为高中学的是日语，而且从小英语就特别差，中考英语只有50多分最终去了一个很一般的高中，这样的英语基础在大学基本和考研保研无缘了，况且数学这个专业也是特别的吃学历，如果只是本科学历基本都是只能当老师，所以就想着再高考一次搏个92,"标题：广东07大一退学复读可行吗

正文：先说一下本人情况吧，25年高考语文89，数学106，日语128，物理82，化学94，生物75，考数学的时候特别紧张比自己的预期少了十几分吧，最后总分570多现在就读于广州某双非读数学专业 主包是这样想的，因为高中学的是日语，而且从小英语就特别差，中考英语只有50多分最终去了一个很一般的高中，这样的英语基础在大学基本和考研保研无缘了，况且数学这个专业也是特别的吃学历，如果只是本科学历基本都是只能当老师，所以就想着再高考一次搏个92",,https://tieba.baidu.com/p/10545153150,matched,pending_review,,来源存疑样本；已抓到列表摘要正文；仅作人工复核池，勿直接并入正式训练集,uncertain_redirect_round4_pool.csv
10562179355,高考,高考,高三生求助，400多分想知道如何权衡单招和高考。,以下只是我想说的，不用回覆情绪内容。图中是老师的最近班主任的劝解。 从高三开始，我就陷入了一段漫长的停滞期——不断请假、跑医院、把自己关在家里。明明状态早已亮起红灯，却始终没有申请休学，只是任由时间在麻木中流淌。 那段日子，我做任何事都没有目的，连聊天都频频冷场。睡不着时吞下安眠药，又在深夜被苦涩的药味呛醒。从去年8月到现在，就这么浑浑噩噩地烂着。所幸最近状态有所好转，月底就要回校了，而22号又有单招考,"标题：高三生求助，400多分想知道如何权衡单招和高考。

正文：以下只是我想说的，不用回覆情绪内容。图中是老师的最近班主任的劝解。 从高三开始，我就陷入了一段漫长的停滞期——不断请假、跑医院、把自己关在家里。明明状态早已亮起红灯，却始终没有申请休学，只是任由时间在麻木中流淌。 那段日子，我做任何事都没有目的，连聊天都频频冷场。睡不着时吞下安眠药，又在深夜被苦涩的药味呛醒。从去年8月到现在，就这么浑浑噩噩地烂着。所幸最近状态有所好转，月底就要回校了，而22号又有单招考",,https://tieba.baidu.com/p/10562179355,matched,pending_review,,来源存疑样本；已抓到列表摘要正文；仅作人工复核池，勿直接并入正式训练集,uncertain_redirect_round4_pool.csv
10568578638,高考,高考,高二生熬夜求救🙁,我目前是高二下学期，因为之前贪玩基础没打好导致成绩很差，但是我本身在重点高中，我这学期就想着逆袭，我是走读生，自己一个人独居，现在每天9:00放学，洗完澡九点半，就开始学习，看网课，一直搞搞搞到12点，然后一点都不困，睡了又感觉可惜，刷视频刷到一两点，早上6:10分起床，上午就特别困，基本上听不进课，中午午睡后就又精神了 感觉最近气色差，虚，但是成绩确实提高了，兄弟们，我该怎么办，早睡我怕成绩上不去啊，但是这样,"标题：高二生熬夜求救🙁

正文：我目前是高二下学期，因为之前贪玩基础没打好导致成绩很差，但是我本身在重点高中，我这学期就想着逆袭，我是走读生，自己一个人独居，现在每天9:00放学，洗完澡九点半，就开始学习，看网课，一直搞搞搞到12点，然后一点都不困，睡了又感觉可惜，刷视频刷到一两点，早上6:10分起床，上午就特别困，基本上听不进课，中午午睡后就又精神了 感觉最近气色差，虚，但是成绩确实提高了，兄弟们，我该怎么办，早睡我怕成绩上不去啊，但是这样",,https://tieba.baidu.com/p/10568578638,matched,pending_review,,来源存疑样本；已抓到列表摘要正文；仅作人工复核池，勿直接并入正式训练集,uncertain_redirect_round4_pool.csv
10570728785,高考,高考,高中辍学现在想参加2027年高考，来得及吗？,高中在校就学不进去觉得浪费时间，于是就出去工作了，后来反应过来这样的话只能平平淡淡的过一辈子，想改变一下人生，但是因为好久没上学了，各科都要从初中学起，再补高中三年，也就是从零开始，想选物化生，现在反正是很有决心，但是也只能在家自学看网课，到27年高考还有一年多的时间能学完所有知识并考个不错的成绩吗,"标题：高中辍学现在想参加2027年高考，来得及吗？

正文：高中在校就学不进去觉得浪费时间，于是就出去工作了，后来反应过来这样的话只能平平淡淡的过一辈子，想改变一下人生，但是因为好久没上学了，各科都要从初中学起，再补高中三年，也就是从零开始，想选物化生，现在反正是很有决心，但是也只能在家自学看网课，到27年高考还有一年多的时间能学完所有知识并考个不错的成绩吗",,https://tieba.baidu.com/p/10570728785,matched,pending_review,,来源存疑样本；已抓到列表摘要正文；仅作人工复核池，勿直接并入正式训练集,uncertain_redirect_round4_pool.csv
10573836286,高考,高考,我是一名高一新生（物化生）,我上学期是在普高读的，这学期转到了重点高中去 我们原学校进度慢了一两章，三角函数，向量的一部分知识是自学的，这个学校的进度都比我们要快，而且学校的作业好多，根本就没有多少作业能够认真写完。开学考考的很差，向大家求助,"标题：我是一名高一新生（物化生）

正文：我上学期是在普高读的，这学期转到了重点高中去 我们原学校进度慢了一两章，三角函数，向量的一部分知识是自学的，这个学校的进度都比我们要快，而且学校的作业好多，根本就没有多少作业能够认真写完。开学考考的很差，向大家求助",,https://tieba.baidu.com/p/10573836286,matched,pending_review,,来源存疑样本；已抓到列表摘要正文；仅作人工复核池，勿直接并入正式训练集,uncertain_redirect_round4_pool.csv
10584599668,高考,高考,高三模考成绩波动大怎么办,坐标西安，政史地考生，从一模到八模最高考年级13，最低年级92，平均水平三十多名，年纪总共200个人。最近的八模从22退步到55 我觉得我个人能力问题占主要因素吧，各科的漏洞都太大太大了，现在我该怎么办啊从哪里开始提升。 除了数学能稳在90以上其他各科成绩都不稳定。 英语八模考了92一朝重回两年前的水平，从四模连着五次考试英语分数一直在退步。英语也一直在写套卷，英语要怎样提升啊 政治一直不太好，平均水平六十几分，感觉都背,"标题：高三模考成绩波动大怎么办

正文：坐标西安，政史地考生，从一模到八模最高考年级13，最低年级92，平均水平三十多名，年纪总共200个人。最近的八模从22退步到55 我觉得我个人能力问题占主要因素吧，各科的漏洞都太大太大了，现在我该怎么办啊从哪里开始提升。 除了数学能稳在90以上其他各科成绩都不稳定。 英语八模考了92一朝重回两年前的水平，从四模连着五次考试英语分数一直在退步。英语也一直在写套卷，英语要怎样提升啊 政治一直不太好，平均水平六十几分，感觉都背",,https://tieba.baidu.com/p/10584599668,matched,pending_review,,来源存疑样本；已抓到列表摘要正文；仅作人工复核池，勿直接并入正式训练集,uncertain_redirect_round4_pool.csv
10589813257,高考,高考,高一女，不想学习，有无其他出路,中考没考上普高，上的私立高中，本科率就是一个年级只能有个位数的人上本科，前途无望，天资愚钝，无心学习，可有其他出路,"标题：高一女，不想学习，有无其他出路

正文：中考没考上普高，上的私立高中，本科率就是一个年级只能有个位数的人上本科，前途无望，天资愚钝，无心学习，可有其他出路",,https://tieba.baidu.com/p/10589813257,matched,pending_review,,来源存疑样本；已抓到列表摘要正文；仅作人工复核池，勿直接并入正式训练集,uncertain_redirect_round4_pool.csv
10594219212,高考,高考,求各位在读大神推荐一些去高中化的大学,作为一名高三生，本人十分反感高中化的校园。我理解中的高中化大学校园：有校园跑，有早晚自习，工作日不能正常进出。求各位大神，理性推荐一些没有高中化，管理松弛的大学校园，无论什么档次，都麻烦推荐一下。这对我报考有参考意义，感谢🙏,"标题：求各位在读大神推荐一些去高中化的大学

正文：作为一名高三生，本人十分反感高中化的校园。我理解中的高中化大学校园：有校园跑，有早晚自习，工作日不能正常进出。求各位大神，理性推荐一些没有高中化，管理松弛的大学校园，无论什么档次，都麻烦推荐一下。这对我报考有参考意义，感谢🙏",,https://tieba.baidu.com/p/10594219212,matched,pending_review,,来源存疑样本；已抓到列表摘要正文；仅作人工复核池，勿直接并入正式训练集,uncertain_redirect_round4_pool.csv
10595272623,高考,高考,为什么高中这么难过，没有正反馈,高中现在很迷茫啊！成绩努力了也上不去。能不能给点建议,"标题：为什么高中这么难过，没有正反馈

正文：高中现在很迷茫啊！成绩努力了也上不去。能不能给点建议",,https://tieba.baidu.com/p/10595272623,matched,pending_review,,来源存疑样本；已抓到列表摘要正文；仅作人工复核池，勿直接并入正式训练集,uncertain_redirect_round4_pool.csv
10595617700,高考,高考,高三生求帮助,我先说一下我的基本情况，求大佬们指点一下，本人山东考生，学习小语种，一模493，语文100，数学83，俄语86，生物83，物理78，化学68现在有点焦虑，高考想考到580，但感觉有点不现实，就剩七十天了，特别是担心数学和俄语。我算过我要是想考到580，数学和外语需要考240，感觉有点高，数学属于都会点，简单题和中档题还行，但难题就一点不会，俄语上单词和语法都不行语文也咋滴，这次还算是好的，但我高考目标语文只是100，化学感觉做的时候,"标题：高三生求帮助

正文：我先说一下我的基本情况，求大佬们指点一下，本人山东考生，学习小语种，一模493，语文100，数学83，俄语86，生物83，物理78，化学68现在有点焦虑，高考想考到580，但感觉有点不现实，就剩七十天了，特别是担心数学和俄语。我算过我要是想考到580，数学和外语需要考240，感觉有点高，数学属于都会点，简单题和中档题还行，但难题就一点不会，俄语上单词和语法都不行语文也咋滴，这次还算是好的，但我高考目标语文只是100，化学感觉做的时候",,https://tieba.baidu.com/p/10595617700,matched,pending_review,,来源存疑样本；已抓到列表摘要正文；仅作人工复核池，勿直接并入正式训练集,uncertain_redirect_round4_pool.csv
10596148306,高考,高考,求大家建议,本人河南考生，走读生高考还有70天了，想考公办本科，但是感觉学习没动力不自律，看到别人玩也总想跟着玩。而且，我感觉学习很迷茫感觉学一天下来啥都没学到感觉很空。我该怎么办？最后考上公办本科吗？求建议啊！（这是河南一模成绩）,"标题：求大家建议

正文：本人河南考生，走读生高考还有70天了，想考公办本科，但是感觉学习没动力不自律，看到别人玩也总想跟着玩。而且，我感觉学习很迷茫感觉学一天下来啥都没学到感觉很空。我该怎么办？最后考上公办本科吗？求建议啊！（这是河南一模成绩）",,https://tieba.baidu.com/p/10596148306,matched,pending_review,,来源存疑样本；已抓到列表摘要正文；仅作人工复核池，勿直接并入正式训练集,uncertain_redirect_round4_pool.csv
10596325326,高考,高考,高三小登看到所有专业都已死直接吓晕了,学长学姐们能不能给我提点建议 本人选课物化生，学习还行，正常发挥的话中9（天大难开）应该有保障，如果发挥的比较好能够一下西交这一档学校（每次模拟考都考砸一科还回回不一样，看不到真实水平） 身体不算好但是也不算太差，想要读研进研究所（接受累一点但是不接受一直累或生活严重不规律，否则我可能会生病） 目前的痛点是高中物理学的比较一坨，做题没问题但是自己明显感觉到理解的不好，物理强相关专业课个人比较畏惧 想求教,"标题：高三小登看到所有专业都已死直接吓晕了

正文：学长学姐们能不能给我提点建议 本人选课物化生，学习还行，正常发挥的话中9（天大难开）应该有保障，如果发挥的比较好能够一下西交这一档学校（每次模拟考都考砸一科还回回不一样，看不到真实水平） 身体不算好但是也不算太差，想要读研进研究所（接受累一点但是不接受一直累或生活严重不规律，否则我可能会生病） 目前的痛点是高中物理学的比较一坨，做题没问题但是自己明显感觉到理解的不好，物理强相关专业课个人比较畏惧 想求教",,https://tieba.baidu.com/p/10596325326,matched,pending_review,,来源存疑样本；已抓到列表摘要正文；仅作人工复核池，勿直接并入正式训练集,uncertain_redirect_round4_pool.csv
10597754253,高考,高考,记录一下我最后70天的学习状态吧,希望朋友们多给点建议，lz成绩很差，自制力也不太行,"标题：记录一下我最后70天的学习状态吧

正文：希望朋友们多给点建议，lz成绩很差，自制力也不太行",,https://tieba.baidu.com/p/10597754253,matched,pending_review,,来源存疑样本；已抓到列表摘要正文；仅作人工复核池，勿直接并入正式训练集,uncertain_redirect_round4_pool.csv
10599442849,高考,高考,普通生想进公办大学一本，成绩很一般，有什么办法！,现在读书读不进去，不想在费劲做无用功，心灵鸡汤请绕开。要有可行的办法！,"标题：普通生想进公办大学一本，成绩很一般，有什么办法！

正文：现在读书读不进去，不想在费劲做无用功，心灵鸡汤请绕开。要有可行的办法！",,https://tieba.baidu.com/p/10599442849,matched,pending_review,,来源存疑样本；已抓到列表摘要正文；仅作人工复核池，勿直接并入正式训练集,uncertain_redirect_round4_pool.csv
10599496638,高考,高考,临近高考 学不下去了 怎么办？,马上快要高考了，题越刷越乱，分数卡在原地，明明知道再怎么逼自己也学不进去，只剩满心烦躁。可心里又放不下那个念头——想上公办本科，想有个正经的本科读。每天坐在教室里，看着别人有条不紊，自己越学越慌，越慌越不想学，陷入死循环。不想听大道理，不想被说“再拼一把”，也不想听任何鸡汤。只是单纯觉得，不甘心就这么去专科，不甘心三年最后只换来这样的结果。其实也明白，这条路走不通，或许还有别的方向。只是当下除了烦,"标题：临近高考 学不下去了 怎么办？

正文：马上快要高考了，题越刷越乱，分数卡在原地，明明知道再怎么逼自己也学不进去，只剩满心烦躁。可心里又放不下那个念头——想上公办本科，想有个正经的本科读。每天坐在教室里，看着别人有条不紊，自己越学越慌，越慌越不想学，陷入死循环。不想听大道理，不想被说“再拼一把”，也不想听任何鸡汤。只是单纯觉得，不甘心就这么去专科，不甘心三年最后只换来这样的结果。其实也明白，这条路走不通，或许还有别的方向。只是当下除了烦",,https://tieba.baidu.com/p/10599496638,matched,pending_review,,来源存疑样本；已抓到列表摘要正文；仅作人工复核池，勿直接并入正式训练集,uncertain_redirect_round4_pool.csv
10601442824,高考,高考,高考上本科真的好难啊,自家孩子，学习不好，问了一圈，除了走捐献一点办法都没有，捐献又太贵了。还有两个月，焦虑的工作没心情，晚上睡不着,"标题：高考上本科真的好难啊

正文：自家孩子，学习不好，问了一圈，除了走捐献一点办法都没有，捐献又太贵了。还有两个月，焦虑的工作没心情，晚上睡不着",,https://tieba.baidu.com/p/10601442824,matched,pending_review,,来源存疑样本；已抓到列表摘要正文；仅作人工复核池，勿直接并入正式训练集,uncertain_redirect_round4_pool.csv
10605212553,高考,高考,高中学习高中,能带你飞吗,"标题：高中学习高中

正文：能带你飞吗",,https://tieba.baidu.com/p/10605212553,matched,pending_review,,来源存疑样本；已抓到列表摘要正文；仅作人工复核池，勿直接并入正式训练集,uncertain_redirect_round4_pool.csv
10608361824,高考,高考,吧友们高三了极度偏科，实在没招了问问大专还有未来吗,本人高三，坐标宁波。末流普高，文科生，极度偏文理科很差。其实我文科基本语文英语都一百多，小三门八十左右照理来说能上个本科的，但是数学极差三四十，满分150 我是小学开始理科就差，五年级第一次不及格初中基本七八十。中考超常发挥113，上了个末流普高。上数学课就处于完全懵逼状态，最近在上网课勉勉强强模拟考考个五六十还是在蒙对的情况下。家里的经济实力不怎么允许我上民办。吧友们如果出省读二本可行吗？或者浙江的大专,"标题：吧友们高三了极度偏科，实在没招了问问大专还有未来吗

正文：本人高三，坐标宁波。末流普高，文科生，极度偏文理科很差。其实我文科基本语文英语都一百多，小三门八十左右照理来说能上个本科的，但是数学极差三四十，满分150 我是小学开始理科就差，五年级第一次不及格初中基本七八十。中考超常发挥113，上了个末流普高。上数学课就处于完全懵逼状态，最近在上网课勉勉强强模拟考考个五六十还是在蒙对的情况下。家里的经济实力不怎么允许我上民办。吧友们如果出省读二本可行吗？或者浙江的大专",,https://tieba.baidu.com/p/10608361824,matched,pending_review,,来源存疑样本；已抓到列表摘要正文；仅作人工复核池，勿直接并入正式训练集,uncertain_redirect_round4_pool.csv
10608463091,高考,高考,怎么快速提英语成绩,各位吧友，鄙人现在英语维持在六十分左右，一卷只有三四十，词汇量严重不足，还剩六十多天已经补不回来了，所以我搜了百度上的高考高频688背，这个请问管用吗？请问各位吧友还知道怎么能短时间快速提高英语成绩的变态方法吗，我想给我的英语提到一百分,"标题：怎么快速提英语成绩

正文：各位吧友，鄙人现在英语维持在六十分左右，一卷只有三四十，词汇量严重不足，还剩六十多天已经补不回来了，所以我搜了百度上的高考高频688背，这个请问管用吗？请问各位吧友还知道怎么能短时间快速提高英语成绩的变态方法吗，我想给我的英语提到一百分",,https://tieba.baidu.com/p/10608463091,matched,pending_review,,来源存疑样本；已抓到列表摘要正文；仅作人工复核池，勿直接并入正式训练集,uncertain_redirect_round4_pool.csv
10609996880,高考,高考,高中辍学，人生毁了吗?,如题，因病辍学，17岁在家待业，不甘心不想放弃，成绩在县中也还好，该怎么办，自学以社会生参加高考，还是自考本科，如果不提升学历学什么手艺？目前感受是时光虚度，计划是学学stablediffusion的ai绘画技术，和C++，刚看完行列式，还幻想学线性代数自考本科。绝望的我像是手持长矛冲向风车的唐吉柯德,"标题：高中辍学，人生毁了吗?

正文：如题，因病辍学，17岁在家待业，不甘心不想放弃，成绩在县中也还好，该怎么办，自学以社会生参加高考，还是自考本科，如果不提升学历学什么手艺？目前感受是时光虚度，计划是学学stablediffusion的ai绘画技术，和C++，刚看完行列式，还幻想学线性代数自考本科。绝望的我像是手持长矛冲向风车的唐吉柯德",,https://tieba.baidu.com/p/10609996880,matched,pending_review,,来源存疑样本；已抓到列表摘要正文；仅作人工复核池，勿直接并入正式训练集,uncertain_redirect_round4_pool.csv
10610206789,高考,高考,现在还学医的孩子和家长，可以直接哭死在厕所里了！,现在还学医的孩子和家长，可以直接哭死在厕所里了！,现在还学医的孩子和家长，可以直接哭死在厕所里了！,,https://tieba.baidu.com/p/10610206789,matched,pending_review,,来源存疑样本；已抓到列表摘要正文；仅作人工复核池，勿直接并入正式训练集,uncertain_redirect_round4_pool.csv
10610306875,高考,高考,13个月想从200到650有什么方法吗？,在高二下学期还有一个月就期中了但还是0基础还有望考650分吗？本人0基础，目前200分，坐标湖北，以前认为学习没用现在迷途知返，想上哈工大或者香港科技大学的计算机专业，不知道该怎么下手，有推荐的方法吗？孩子还有救吗？大神们帮帮孩子吧，真的后悔以前没有好好学习，现在迷途知返还来得及吗？,"标题：13个月想从200到650有什么方法吗？

正文：在高二下学期还有一个月就期中了但还是0基础还有望考650分吗？本人0基础，目前200分，坐标湖北，以前认为学习没用现在迷途知返，想上哈工大或者香港科技大学的计算机专业，不知道该怎么下手，有推荐的方法吗？孩子还有救吗？大神们帮帮孩子吧，真的后悔以前没有好好学习，现在迷途知返还来得及吗？",,https://tieba.baidu.com/p/10610306875,matched,pending_review,,来源存疑样本；已抓到列表摘要正文；仅作人工复核池，勿直接并入正式训练集,uncertain_redirect_round4_pool.csv
10611139697,高考,高考,鼠鼠的二诊。。我是不是废了😭,特控线487 本科线414 学了一个学期的数学，考了30 着莫办啊,"标题：鼠鼠的二诊。。我是不是废了😭

正文：特控线487 本科线414 学了一个学期的数学，考了30 着莫办啊",,https://tieba.baidu.com/p/10611139697,matched,pending_review,,来源存疑样本；已抓到列表摘要正文；仅作人工复核池，勿直接并入正式训练集,uncertain_redirect_round4_pool.csv
10611870513,高考,高考,求助，高三纯文300分60天如何提150分,距离高考还有64天，本人是一个普高纯文生，目前分数350想提到500，可行吗？,"标题：求助，高三纯文300分60天如何提150分

正文：距离高考还有64天，本人是一个普高纯文生，目前分数350想提到500，可行吗？",,https://tieba.baidu.com/p/10611870513,matched,pending_review,,来源存疑样本；已抓到列表摘要正文；仅作人工复核池，勿直接并入正式训练集,uncertain_redirect_round4_pool.csv
10613105372,高考,高考,距离高考64天，在此倾诉内心,现在距离高考64天。我是一名复读生，但再来一年我依旧没能克制对手机的沉迷，假期都荒废掉了。春节以后感觉状态下滑，每天都特别疲惫，压力很大，学习也是漫无目的，一直有梳理每科的知识点的知识导图，分析以往试卷明确漏洞的想法，但每天学校布置的完不成的任务，对刷题的追求，对整理知识点巨大任务无法下手的无力，以及对其他同学一举一动的关注而引起的焦虑裹挟着我，让我所有的计划全部落空，年前的豪言壮志，剑指清北的勇气,"标题：距离高考64天，在此倾诉内心

正文：现在距离高考64天。我是一名复读生，但再来一年我依旧没能克制对手机的沉迷，假期都荒废掉了。春节以后感觉状态下滑，每天都特别疲惫，压力很大，学习也是漫无目的，一直有梳理每科的知识点的知识导图，分析以往试卷明确漏洞的想法，但每天学校布置的完不成的任务，对刷题的追求，对整理知识点巨大任务无法下手的无力，以及对其他同学一举一动的关注而引起的焦虑裹挟着我，让我所有的计划全部落空，年前的豪言壮志，剑指清北的勇气",,https://tieba.baidu.com/p/10613105372,matched,pending_review,,来源存疑样本；已抓到列表摘要正文；仅作人工复核池，勿直接并入正式训练集,uncertain_redirect_round4_pool.csv
10613312935,高考,高考,我这个分应该先提哪个？,哪一科更好提分？ 距高考65天， 语文85 数学87 英语79 赋完分 物理45/61 地理62/73 历史65/76,"标题：我这个分应该先提哪个？

正文：哪一科更好提分？ 距高考65天， 语文85 数学87 英语79 赋完分 物理45/61 地理62/73 历史65/76",,https://tieba.baidu.com/p/10613312935,matched,pending_review,,来源存疑样本；已抓到列表摘要正文；仅作人工复核池，勿直接并入正式训练集,uncertain_redirect_round4_pool.csv
10614447778,高考,高考,求大家帮帮我！！,大家好，本人07年女生今年要高考。我是2023.3确诊重度抑郁+精神分裂的，后又做了30次电休克，在我的意志力和家人的支持下我有所好转，不管指标是不是严重，反正我心态好很多了。2024.9我返校学习，高一没有上课的我直接上的高二，尽管高二那年磕磕碰碰，但我遇到了一群很好的老师，我挺过来了。我的药从20多粒自行减到3粒，成绩也从400零几提到520多分，怎么看都是向好的迹象可是事情一切都变了，今年三月份我开始胃疼，后来又转为心脏痛，,"标题：求大家帮帮我！！

正文：大家好，本人07年女生今年要高考。我是2023.3确诊重度抑郁+精神分裂的，后又做了30次电休克，在我的意志力和家人的支持下我有所好转，不管指标是不是严重，反正我心态好很多了。2024.9我返校学习，高一没有上课的我直接上的高二，尽管高二那年磕磕碰碰，但我遇到了一群很好的老师，我挺过来了。我的药从20多粒自行减到3粒，成绩也从400零几提到520多分，怎么看都是向好的迹象可是事情一切都变了，今年三月份我开始胃疼，后来又转为心脏痛，",,https://tieba.baidu.com/p/10614447778,matched,pending_review,,来源存疑样本；已抓到列表摘要正文；仅作人工复核池，勿直接并入正式训练集,uncertain_redirect_round4_pool.csv
10614461664,高考,高考,求助！关于一个文科偏科生遇到了极端困境,我现在已经是处于离校自学状态了，现在数学还是60多分（二模），但是其他科目已经接近省内一本水平。我现在是想学数学但是又怕其他科因此受到影响，而且学数学一科难度比学其他科都大。想先把其他科冲并稳到一本线上但是又总是担心顾虑数学 我现在到底是先专心搞搞其他科搞上来之后利用二三十天突击一下数学，还是主磕数学最后二三十天其他科再缝缝补补，有点迷茫了。。。,"标题：求助！关于一个文科偏科生遇到了极端困境

正文：我现在已经是处于离校自学状态了，现在数学还是60多分（二模），但是其他科目已经接近省内一本水平。我现在是想学数学但是又怕其他科因此受到影响，而且学数学一科难度比学其他科都大。想先把其他科冲并稳到一本线上但是又总是担心顾虑数学 我现在到底是先专心搞搞其他科搞上来之后利用二三十天突击一下数学，还是主磕数学最后二三十天其他科再缝缝补补，有点迷茫了。。。",,https://tieba.baidu.com/p/10614461664,matched,pending_review,,来源存疑样本；已抓到列表摘要正文；仅作人工复核池，勿直接并入正式训练集,uncertain_redirect_round4_pool.csv
10615015602,高考,高考,求助：谢谢大家了,大家好，本人是一名小县城重高高二学生，因为自己从前的经历话说不清楚，人际交流能力很差，高二上学期的时候意识到了这个问题，开始注重与同学的关系，尽自己所能，但效果并不好，受到打击成绩猛掉(开学考班级前五，第三次月考时已经掉到后几名了)，上学期期末都没考就忍受不住休学了半个多月，期间只有高一时的很好的实习老师鼓励安慰我，现在下学期已经开学一个月了，也是住校生，在学校一天下来也讲不了一句话，明年就高考了很,"标题：求助：谢谢大家了

正文：大家好，本人是一名小县城重高高二学生，因为自己从前的经历话说不清楚，人际交流能力很差，高二上学期的时候意识到了这个问题，开始注重与同学的关系，尽自己所能，但效果并不好，受到打击成绩猛掉(开学考班级前五，第三次月考时已经掉到后几名了)，上学期期末都没考就忍受不住休学了半个多月，期间只有高一时的很好的实习老师鼓励安慰我，现在下学期已经开学一个月了，也是住校生，在学校一天下来也讲不了一句话，明年就高考了很",,https://tieba.baidu.com/p/10615015602,matched,pending_review,,来源存疑样本；已抓到列表摘要正文；仅作人工复核池，勿直接并入正式训练集,uncertain_redirect_round4_pool.csv
10615458333,高考,高考,连续三次模考数学不及格，不知道该往哪方向努力了,本人河南某不知名县高，高一高二包括高三上半期基本上600左右，数学110左右，最起码三年没不及格过，但是从高三下半学期开始三测包括最近两次模考数学都没及格，如果说偶尔一次我还可以接受，但连着三次我真是有点受不了了。我对数学一直都很喜欢，感觉自己实力也不差，但每次考试都因为非智力因素失很多分包括但不仅限于看错题，计算错，抄错数等等，所以没次考完对我的数学成绩都不是很满意，最开始因为这个问题我特别难受，有的时,"标题：连续三次模考数学不及格，不知道该往哪方向努力了

正文：本人河南某不知名县高，高一高二包括高三上半期基本上600左右，数学110左右，最起码三年没不及格过，但是从高三下半学期开始三测包括最近两次模考数学都没及格，如果说偶尔一次我还可以接受，但连着三次我真是有点受不了了。我对数学一直都很喜欢，感觉自己实力也不差，但每次考试都因为非智力因素失很多分包括但不仅限于看错题，计算错，抄错数等等，所以没次考完对我的数学成绩都不是很满意，最开始因为这个问题我特别难受，有的时",,https://tieba.baidu.com/p/10615458333,matched,pending_review,,来源存疑样本；已抓到列表摘要正文；仅作人工复核池，勿直接并入正式训练集,uncertain_redirect_round4_pool.csv
10615559661,高考,高考,救救孩子吧,复读一年成绩时好时坏，不稳定430–510浮动，六十天怎么办,"标题：救救孩子吧

正文：复读一年成绩时好时坏，不稳定430–510浮动，六十天怎么办",,https://tieba.baidu.com/p/10615559661,matched,pending_review,,来源存疑样本；已抓到列表摘要正文；仅作人工复核池，勿直接并入正式训练集,uncertain_redirect_round4_pool.csv
10615968426,高考,高考,求助|帮忙分析一下现在的问题,山东高二生，现在一直是重本线之上十分左右。语文基础好可以稳住一百零五左右。数学基础一般加上分科后老师教学方式偏散养导致经常勉强过重本线总是被理科战神拉大分。英语更不用说，从高一以来基本没几个单元的单词是背完的，现在基本文盲，听力最严重，一个很熟的单词在耳朵别上说好几遍都听不出来，但一看长啥样能认识，背起单词来每天回顾一遍一周之后不回顾用不了两天又会忘，语法还可以，每次基本也就80分左右。物理有点兴趣,"标题：求助|帮忙分析一下现在的问题

正文：山东高二生，现在一直是重本线之上十分左右。语文基础好可以稳住一百零五左右。数学基础一般加上分科后老师教学方式偏散养导致经常勉强过重本线总是被理科战神拉大分。英语更不用说，从高一以来基本没几个单元的单词是背完的，现在基本文盲，听力最严重，一个很熟的单词在耳朵别上说好几遍都听不出来，但一看长啥样能认识，背起单词来每天回顾一遍一周之后不回顾用不了两天又会忘，语法还可以，每次基本也就80分左右。物理有点兴趣",,https://tieba.baidu.com/p/10615968426,matched,pending_review,,来源存疑样本；已抓到列表摘要正文；仅作人工复核池，勿直接并入正式训练集,uncertain_redirect_round4_pool.csv
10617346215,高考,高考,广东高三生问一下,大概每次考试都高本科线30-40分左右，广州一模成绩如下 语文98 数学53 英语111 物理30 地理69 生物73 由于我们班学习氛围太差，下课就在刷大屏幕，上课睡觉的睡觉，看小说的看小说，lz想要认真学习但经常被影响，不得不自学 现在想要冲击一下公办本科，想问一下应该怎么做，有没有啥合适的教材推荐一下,"标题：广东高三生问一下

正文：大概每次考试都高本科线30-40分左右，广州一模成绩如下 语文98 数学53 英语111 物理30 地理69 生物73 由于我们班学习氛围太差，下课就在刷大屏幕，上课睡觉的睡觉，看小说的看小说，lz想要认真学习但经常被影响，不得不自学 现在想要冲击一下公办本科，想问一下应该怎么做，有没有啥合适的教材推荐一下",,https://tieba.baidu.com/p/10617346215,matched,pending_review,,来源存疑样本；已抓到列表摘要正文；仅作人工复核池，勿直接并入正式训练集,uncertain_redirect_round4_pool.csv
10617570595,高考,高考,娃儿今年高考，感觉好焦虑，也无从帮助,娃儿今年高考，在四川一所县城私立高中读书，本来是考上了本地县中，但是被忽悠到私立高中了（初中小学都在这个私立学校读），不晓得是教学质量不行还是娃儿本身的问题，现在小孩不想去学校上课，就想在家自学，他说在教室里学不进去，不想去学校，就在家自学上网课，天天在淘宝上买资料，你说他没努力吧又在学，始终上不去，成都一诊508分，成都二诊460分左右，作为大人好焦虑，有类似的吗？娃儿在努力成绩也提不上去？这是学校还是,"标题：娃儿今年高考，感觉好焦虑，也无从帮助

正文：娃儿今年高考，在四川一所县城私立高中读书，本来是考上了本地县中，但是被忽悠到私立高中了（初中小学都在这个私立学校读），不晓得是教学质量不行还是娃儿本身的问题，现在小孩不想去学校上课，就想在家自学，他说在教室里学不进去，不想去学校，就在家自学上网课，天天在淘宝上买资料，你说他没努力吧又在学，始终上不去，成都一诊508分，成都二诊460分左右，作为大人好焦虑，有类似的吗？娃儿在努力成绩也提不上去？这是学校还是",,https://tieba.baidu.com/p/10617570595,matched,pending_review,,来源存疑样本；已抓到列表摘要正文；仅作人工复核池，勿直接并入正式训练集,uncertain_redirect_round4_pool.csv
10617853449,高考,高考,高二学生 现在分数550左右 想要考上985 我应该怎么努力,坐标湖北 我语文成绩在70-110之间 总是大起大落 数学在90-130之间 以前考过129 但是现在到90分了 英语在100-120之间 这次月考考了117 物理在70-90之间 考不上90 常在75-85之间 化学裸分在60-80之间 有的时候考的好 有的时候考的很烂 选择题经常错很多 学不懂 经常错5个 生物裸分在60-85之间 有的时候考的好 有的时候考不好 而且现在选择题总错很多 我感觉对的题目很多都错了 有时候错1-2个 有时候就错6-9个 感觉不知道怎么办了 希望能给点建议 想要将分数提到63,"标题：高二学生 现在分数550左右 想要考上985 我应该怎么努力

正文：坐标湖北 我语文成绩在70-110之间 总是大起大落 数学在90-130之间 以前考过129 但是现在到90分了 英语在100-120之间 这次月考考了117 物理在70-90之间 考不上90 常在75-85之间 化学裸分在60-80之间 有的时候考的好 有的时候考的很烂 选择题经常错很多 学不懂 经常错5个 生物裸分在60-85之间 有的时候考的好 有的时候考不好 而且现在选择题总错很多 我感觉对的题目很多都错了 有时候错1-2个 有时候就错6-9个 感觉不知道怎么办了 希望能给点建议 想要将分数提到63",,https://tieba.baidu.com/p/10617853449,matched,pending_review,,来源存疑样本；已抓到列表摘要正文；仅作人工复核池，勿直接并入正式训练集,uncertain_redirect_round4_pool.csv
10617899796,高考,高考,高考落榜应该去S吗,本人从小到大都是一个很糟糕的家伙，长得又丑又胖，不讨人喜，没家教，性格差，不知道怎么与人好好相处，除了读书学习什么都不会，我现在什么都不想要了，读书读到现在，认为生命全部的价值就是高考考一个好大学找一份好工作，我的人生就这样乱糟糟的唯一一条明路就只有高考，如标题，我非常的担心我高考会落榜，像我这样糟糕的家伙不可能考得上自己心仪的大学的，为了不拖累家里人，我想了很多极端的方式，但是我就太懦弱了，始终,"标题：高考落榜应该去S吗

正文：本人从小到大都是一个很糟糕的家伙，长得又丑又胖，不讨人喜，没家教，性格差，不知道怎么与人好好相处，除了读书学习什么都不会，我现在什么都不想要了，读书读到现在，认为生命全部的价值就是高考考一个好大学找一份好工作，我的人生就这样乱糟糟的唯一一条明路就只有高考，如标题，我非常的担心我高考会落榜，像我这样糟糕的家伙不可能考得上自己心仪的大学的，为了不拖累家里人，我想了很多极端的方式，但是我就太懦弱了，始终",,https://tieba.baidu.com/p/10617899796,matched,pending_review,,来源存疑样本；已抓到列表摘要正文；仅作人工复核池，勿直接并入正式训练集,uncertain_redirect_round4_pool.csv
10618388742,高考,高考,高一生提前往后学,被学校里的同学搞的有点怕了，有人早就把高中数学学完（并且是学好的那种），让我感觉也有点小慌，也开始已经在听网课学习后面知识了，有没有提前学过的佬求指点，我现在提前学是先只学一遍概念再练习补弱吗？还是既要听基础知识，也要学习解题的方法等，学哪写哪的练习（感觉会很慢），是写一轮资料还是同步的资料呢，已经在压榨时间学了，而且想在数学之后搞搞其他科目，本人数学目前不算差，求指点,"标题：高一生提前往后学

正文：被学校里的同学搞的有点怕了，有人早就把高中数学学完（并且是学好的那种），让我感觉也有点小慌，也开始已经在听网课学习后面知识了，有没有提前学过的佬求指点，我现在提前学是先只学一遍概念再练习补弱吗？还是既要听基础知识，也要学习解题的方法等，学哪写哪的练习（感觉会很慢），是写一轮资料还是同步的资料呢，已经在压榨时间学了，而且想在数学之后搞搞其他科目，本人数学目前不算差，求指点",,https://tieba.baidu.com/p/10618388742,matched,pending_review,,来源存疑样本；已抓到列表摘要正文；仅作人工复核池，勿直接并入正式训练集,uncertain_redirect_round4_pool.csv
10618391696,高考,高考,距离高考 62 天,初入高中校园历历在目，班主任常说着高中的短暂你我都不以为然。初中时，看着遥远的高考，望着日复一日无尽的上学日子，全然黑暗，当下，高考竟真的到来了。 我是一个惰性极强的人，说难听些就是控制不了自己的废物。甚至在这个时间点，我却仍然不能做到全力以赴。我有目标，我想去实现，在看着目标遥不可及的同时仍然在无助地发呆，我不知道怎么办，只有完全沉浸在做题中时才能让痛苦暂时地不在我身边盘旋。 高三，我却深陷于感情,"标题：距离高考 62 天

正文：初入高中校园历历在目，班主任常说着高中的短暂你我都不以为然。初中时，看着遥远的高考，望着日复一日无尽的上学日子，全然黑暗，当下，高考竟真的到来了。 我是一个惰性极强的人，说难听些就是控制不了自己的废物。甚至在这个时间点，我却仍然不能做到全力以赴。我有目标，我想去实现，在看着目标遥不可及的同时仍然在无助地发呆，我不知道怎么办，只有完全沉浸在做题中时才能让痛苦暂时地不在我身边盘旋。 高三，我却深陷于感情",,https://tieba.baidu.com/p/10618391696,matched,pending_review,,来源存疑样本；已抓到列表摘要正文；仅作人工复核池，勿直接并入正式训练集,uncertain_redirect_round4_pool.csv
10619271383,高考,高考,各位学霸学长学姐大佬们求助,我现在因病居家自学 目前文科高二学校进度快一轮复习 政治选必二没学完 选必三完全没学 数学讲到了全概率公式 剩下学科都完了 我的文综非常好 赋分后一直是250➕ 但是主科很差 语文100 英语80到90 数学20到30 我现在对学习毫无头绪 不知道从哪开始 比方数学根本不知道是先把选必三学完还是直接一轮复习,"标题：各位学霸学长学姐大佬们求助

正文：我现在因病居家自学 目前文科高二学校进度快一轮复习 政治选必二没学完 选必三完全没学 数学讲到了全概率公式 剩下学科都完了 我的文综非常好 赋分后一直是250➕ 但是主科很差 语文100 英语80到90 数学20到30 我现在对学习毫无头绪 不知道从哪开始 比方数学根本不知道是先把选必三学完还是直接一轮复习",,https://tieba.baidu.com/p/10619271383,matched,pending_review,,来源存疑样本；已抓到列表摘要正文；仅作人工复核池，勿直接并入正式训练集,uncertain_redirect_round4_pool.csv
10619893196,高考,高考,离高考只剩61天了，分数怎么也上不去，我该怎么办,坐标山东，政史地考生，复读 第一年404，目前最高考到过484(一模) 语文122，数学60，英语76，政治72，历史71，地理83 之后花时间学了学英语，现在稳定90多分 高考目标560。数学目标90+，英语目标110+，政史地目标80+ 英语因为后来背单词，阅读七选五很多文章能看懂了也会做题了，语填能对4个左右，作文因为基础太差不会写句子，两篇作文加起来也就20多分 数学一直上不去，60多分水平。单选只能保证前5题，多选第1题，填空第1题，其他基本全靠蒙。大,"标题：离高考只剩61天了，分数怎么也上不去，我该怎么办

正文：坐标山东，政史地考生，复读 第一年404，目前最高考到过484(一模) 语文122，数学60，英语76，政治72，历史71，地理83 之后花时间学了学英语，现在稳定90多分 高考目标560。数学目标90+，英语目标110+，政史地目标80+ 英语因为后来背单词，阅读七选五很多文章能看懂了也会做题了，语填能对4个左右，作文因为基础太差不会写句子，两篇作文加起来也就20多分 数学一直上不去，60多分水平。单选只能保证前5题，多选第1题，填空第1题，其他基本全靠蒙。大",,https://tieba.baidu.com/p/10619893196,matched,pending_review,,来源存疑样本；已抓到列表摘要正文；仅作人工复核池，勿直接并入正式训练集,uncertain_redirect_round4_pool.csv
10620651869,高考,高考,距离高考61Ds,二模第一天，语文和数学。目前感觉难度不高。 语文客观题打下来挺顺的，有在刻意维持字迹的工整，前面的都还好，只有古诗文阅读依然一知半解。作文经过一波素材积累后感觉这次首先整体结构比较清晰，分段有呼吸感了，素材也更新了，结局把最近新学的忒修斯之船用上了。 数学难度过低，感觉这次拉不开档了，选填除了14题有难度其余无脑，数列概率都是公式题，几何有所创新，考察计算，可惜考试时候慌了，写错了坐标。圆曲有难度，爆,"标题：距离高考61Ds

正文：二模第一天，语文和数学。目前感觉难度不高。 语文客观题打下来挺顺的，有在刻意维持字迹的工整，前面的都还好，只有古诗文阅读依然一知半解。作文经过一波素材积累后感觉这次首先整体结构比较清晰，分段有呼吸感了，素材也更新了，结局把最近新学的忒修斯之船用上了。 数学难度过低，感觉这次拉不开档了，选填除了14题有难度其余无脑，数列概率都是公式题，几何有所创新，考察计算，可惜考试时候慌了，写错了坐标。圆曲有难度，爆",,https://tieba.baidu.com/p/10620651869,matched,pending_review,,来源存疑样本；已抓到列表摘要正文；仅作人工复核池，勿直接并入正式训练集,uncertain_redirect_round4_pool.csv
10620914616,高考,高考,宁夏高三生求助一下,本人目前340多，化学与生物是裸分，还没有赋分，两个月有机会上400吗？感觉希望渺茫啊,"标题：宁夏高三生求助一下

正文：本人目前340多，化学与生物是裸分，还没有赋分，两个月有机会上400吗？感觉希望渺茫啊",,https://tieba.baidu.com/p/10620914616,matched,pending_review,,来源存疑样本；已抓到列表摘要正文；仅作人工复核池，勿直接并入正式训练集,uncertain_redirect_round4_pool.csv
10621065518,高考,高考,女生应该学化工还是学电气,江苏人，现在高二下，510分左右（语106数50~75英120物40~55化75~85地90） 正常学高考预计570（数学提20物理提30语文提10英语提10）玩命学590-600分 现在考虑以下几个方向 ①辽宁石油化工大学的化学工程与工艺，570分 毕业有一半的概率去中石化（但是在北方的概率比较大）有一半的概率去一些小国企，一些私企 ②扬州大学的动物医学，580分 （没有什么国企能进，可以进牧原这种养猪场，很好找工作，工资也高，但是好苦逼啊） ③沈阳工程学院的电气，588分,"标题：女生应该学化工还是学电气

正文：江苏人，现在高二下，510分左右（语106数50~75英120物40~55化75~85地90） 正常学高考预计570（数学提20物理提30语文提10英语提10）玩命学590-600分 现在考虑以下几个方向 ①辽宁石油化工大学的化学工程与工艺，570分 毕业有一半的概率去中石化（但是在北方的概率比较大）有一半的概率去一些小国企，一些私企 ②扬州大学的动物医学，580分 （没有什么国企能进，可以进牧原这种养猪场，很好找工作，工资也高，但是好苦逼啊） ③沈阳工程学院的电气，588分",,https://tieba.baidu.com/p/10621065518,matched,pending_review,,来源存疑样本；已抓到列表摘要正文；仅作人工复核池，勿直接并入正式训练集,uncertain_redirect_round4_pool.csv
10621078674,高考,高考,女生想进国企应该学什么专业,同样的分数，应该学化工（可去中石化），还是学车辆工程（可以去中车），还是学电气（可去电网，但都是在北方），还是上司法大专（上岸了警察，上不了岸彻底挂壁）以上四个都是50%的概率上岸 俺是江苏人，高考估计考个580，往死里学600封顶了,"标题：女生想进国企应该学什么专业

正文：同样的分数，应该学化工（可去中石化），还是学车辆工程（可以去中车），还是学电气（可去电网，但都是在北方），还是上司法大专（上岸了警察，上不了岸彻底挂壁）以上四个都是50%的概率上岸 俺是江苏人，高考估计考个580，往死里学600封顶了",,https://tieba.baidu.com/p/10621078674,matched,pending_review,,来源存疑样本；已抓到列表摘要正文；仅作人工复核池，勿直接并入正式训练集,uncertain_redirect_round4_pool.csv
10623127794,高考,高考,高中没上过能考公办学校吗,高中没上过 现在没办法了 最后两个月能不能考个公办学上 大家有没有推荐的课 我家里本来很好 突然家里人出现一些变故 都希望我有个学上 希望大家解答,"标题：高中没上过能考公办学校吗

正文：高中没上过 现在没办法了 最后两个月能不能考个公办学上 大家有没有推荐的课 我家里本来很好 突然家里人出现一些变故 都希望我有个学上 希望大家解答",,https://tieba.baidu.com/p/10623127794,matched,pending_review,,来源存疑样本；已抓到列表摘要正文；仅作人工复核池，勿直接并入正式训练集,uncertain_redirect_round4_pool.csv
10623324519,高考,高考,浙大研究生：舟山事件发生的真相在哪里,浙江大学2023级计算机学院人工智能专业硕士研究生小王同学在2025年11月离开了我们。2025年5月17日在舟山党支部学习期间曾经发生轻生未果事件。那么，究竟什么原因导致事件的发生呢？除了舟山110报警记录了因学业问题导致焦虑抑郁的真实阐述以外，这场心理危机的出现绝非偶然。小王同学本科未毕业就被实验室安排帮阿里巴巴树树师兄做阿里工作任务两三个月，然后帮师兄师姐撰写论文，研一被安排自己独立撰写论文，因多次提出论文没有创新性,"标题：浙大研究生：舟山事件发生的真相在哪里

正文：浙江大学2023级计算机学院人工智能专业硕士研究生小王同学在2025年11月离开了我们。2025年5月17日在舟山党支部学习期间曾经发生轻生未果事件。那么，究竟什么原因导致事件的发生呢？除了舟山110报警记录了因学业问题导致焦虑抑郁的真实阐述以外，这场心理危机的出现绝非偶然。小王同学本科未毕业就被实验室安排帮阿里巴巴树树师兄做阿里工作任务两三个月，然后帮师兄师姐撰写论文，研一被安排自己独立撰写论文，因多次提出论文没有创新性",,https://tieba.baidu.com/p/10623324519,matched,pending_review,,来源存疑样本；已抓到列表摘要正文；仅作人工复核池，勿直接并入正式训练集,uncertain_redirect_round4_pool.csv
10623471212,高考,高考,社会考生只要通过合格考就能参加高考了吗,目前在山东潍坊，教育局电话打不通，所以才问问吧友,"标题：社会考生只要通过合格考就能参加高考了吗

正文：目前在山东潍坊，教育局电话打不通，所以才问问吧友",,https://tieba.baidu.com/p/10623471212,matched,pending_review,,来源存疑样本；已抓到列表摘要正文；仅作人工复核池，勿直接并入正式训练集,uncertain_redirect_round4_pool.csv
10623968959,高考,高考,哪怕复读三年也要上985,劝目前的高中生们，以目前的经济情况，哪怕复读三年冲985工科也是值得的，9文和其他的非9，以你们目前的竞争来看，几乎没有区别。,"标题：哪怕复读三年也要上985

正文：劝目前的高中生们，以目前的经济情况，哪怕复读三年冲985工科也是值得的，9文和其他的非9，以你们目前的竞争来看，几乎没有区别。",,https://tieba.baidu.com/p/10623968959,matched,pending_review,,来源存疑样本；已抓到列表摘要正文；仅作人工复核池，勿直接并入正式训练集,uncertain_redirect_round4_pool.csv
10624246198,高考,高考,一年时间可以上二本吗,27届考生高一中度抑郁在家两年没学习 一年时间能提多少分啊 想上一个公办二本但河北分数线要520-550了有没有机会可以达到或是需要再复读一年吗 现在首要的是不是要回学校啊好焦虑求解心结现在很怕觉得自己很笨学东西很难,"标题：一年时间可以上二本吗

正文：27届考生高一中度抑郁在家两年没学习 一年时间能提多少分啊 想上一个公办二本但河北分数线要520-550了有没有机会可以达到或是需要再复读一年吗 现在首要的是不是要回学校啊好焦虑求解心结现在很怕觉得自己很笨学东西很难",,https://tieba.baidu.com/p/10624246198,matched,pending_review,,来源存疑样本；已抓到列表摘要正文；仅作人工复核池，勿直接并入正式训练集,uncertain_redirect_round4_pool.csv
10624755332,高考,高考,别被名字骗了！这所“宝藏大学”，才是性价比逆天的“隐藏副本”,各位考生、家长，聊到选大学，你是不是满脑子都是北上广深？盯着那些名字听起来就“高大上”的综合类大学？今天，咱扒开名字的伪装，聊一所以“国”字当头，但实力被严重低估的“扫地僧”大学——中国矿业大学。 听到名字，先别划走！你心里是不是嘀咕：“矿大？是不是专门挖煤的？毕业后是不是要去山里？ 打住！这误会可太大了！让我用过来人的大实话，给你重新解码这所宝藏大学，看完你可能会觉得：“好家伙，差点错过一个亿！”,"标题：别被名字骗了！这所“宝藏大学”，才是性价比逆天的“隐藏副本”

正文：各位考生、家长，聊到选大学，你是不是满脑子都是北上广深？盯着那些名字听起来就“高大上”的综合类大学？今天，咱扒开名字的伪装，聊一所以“国”字当头，但实力被严重低估的“扫地僧”大学——中国矿业大学。 听到名字，先别划走！你心里是不是嘀咕：“矿大？是不是专门挖煤的？毕业后是不是要去山里？ 打住！这误会可太大了！让我用过来人的大实话，给你重新解码这所宝藏大学，看完你可能会觉得：“好家伙，差点错过一个亿！”",,https://tieba.baidu.com/p/10624755332,matched,pending_review,,来源存疑样本；已抓到列表摘要正文；仅作人工复核池，勿直接并入正式训练集,uncertain_redirect_round4_pool.csv
10625334187,高考,高考,各位朋友，我想询问一下,本人现高三，马上临近高考了，最近很是焦虑。凭借现在这个成绩只能上大专，但是大专有没有出路，混三年毕业后也是自己找工作，所以我想听听各位朋友的建议,"标题：各位朋友，我想询问一下

正文：本人现高三，马上临近高考了，最近很是焦虑。凭借现在这个成绩只能上大专，但是大专有没有出路，混三年毕业后也是自己找工作，所以我想听听各位朋友的建议",,https://tieba.baidu.com/p/10625334187,matched,pending_review,,来源存疑样本；已抓到列表摘要正文；仅作人工复核池，勿直接并入正式训练集,uncertain_redirect_round4_pool.csv
10625517624,高考,高考,现在在家自习，2个月提能100分吗,二模300分左右（赋完分），语文80多，数学30左右，英语50左右，理综你们能算出来。 现在我想的就是死抓基础，8u们能不能给个建议？ 我是一天抓一科，还是分配到三科上？ 我现在不求别的，只要能提到400分以上就满足了,"标题：现在在家自习，2个月提能100分吗

正文：二模300分左右（赋完分），语文80多，数学30左右，英语50左右，理综你们能算出来。 现在我想的就是死抓基础，8u们能不能给个建议？ 我是一天抓一科，还是分配到三科上？ 我现在不求别的，只要能提到400分以上就满足了",,https://tieba.baidu.com/p/10625517624,matched,pending_review,,来源存疑样本；已抓到列表摘要正文；仅作人工复核池，勿直接并入正式训练集,uncertain_redirect_round4_pool.csv
10625625607,高考,高考,高考倒计时59天|祝福天下学子轻松进入清华大学、北京大学,倒计时开始，高考在即，愿你乘风破浪，直挂云帆，未来可期！,"标题：高考倒计时59天|祝福天下学子轻松进入清华大学、北京大学

正文：倒计时开始，高考在即，愿你乘风破浪，直挂云帆，未来可期！",,https://tieba.baidu.com/p/10625625607,matched,pending_review,,来源存疑样本；已抓到列表摘要正文；仅作人工复核池，勿直接并入正式训练集,uncertain_redirect_round4_pool.csv
10625715576,高考,高考,23岁了才上本科。该怎么办？该读研究生吗？,一个小镇的做题家，21年高考，高考前因为失恋和叛逆没好好备考。但只差一本线9分，于是觉得自己也不是很差，所以复读一年。调剂去了某双一流化学类，觉得是天坑没前途，上大学又摆烂没能转专业，于是复读一年，而后因为钱的原因去了所不好的高中复读，期间又摆烂刚过本科线，父母很生气不让复读，于是就出来帮忙，一年后也就是25年决心回去复读，参加26年高考。如今也已经23岁。现在真的好迷茫。看着许多以前的同学一个个考研上了985我,"标题：23岁了才上本科。该怎么办？该读研究生吗？

正文：一个小镇的做题家，21年高考，高考前因为失恋和叛逆没好好备考。但只差一本线9分，于是觉得自己也不是很差，所以复读一年。调剂去了某双一流化学类，觉得是天坑没前途，上大学又摆烂没能转专业，于是复读一年，而后因为钱的原因去了所不好的高中复读，期间又摆烂刚过本科线，父母很生气不让复读，于是就出来帮忙，一年后也就是25年决心回去复读，参加26年高考。如今也已经23岁。现在真的好迷茫。看着许多以前的同学一个个考研上了985我",,https://tieba.baidu.com/p/10625715576,matched,pending_review,,来源存疑样本；已抓到列表摘要正文；仅作人工复核池，勿直接并入正式训练集,uncertain_redirect_round4_pool.csv
8977412551,高考,高考,这是高考吧违建水楼（,这里可以+6,"标题：这是高考吧违建水楼（

正文：这里可以+6",,https://tieba.baidu.com/p/8977412551,matched,pending_review,,来源存疑样本；已抓到列表摘要正文；仅作人工复核池，勿直接并入正式训练集,uncertain_redirect_round4_pool.csv
9106489534,高考,高考,高三了，真的要放下手机吗,或者说玩的话要控制到多长时间。本人从一年级开始就配备了自己的手机，初中有了自己的电脑，从小到大习惯了和电子产品相伴。小学基本散养，初中则是在学校赶完作业回家打游戏（平均时长上学日5h，周六日10h+）玩的最凶的时候一个月打了近500h。如今升入高三，日均时长已经压缩到了3h左右，自以为在学校的时间利用率比较高，很少参与聊天和社交活动（纯粹对八卦和他人琐事不感兴趣）。近来老师三令五申远离手机，我妈也有意采取强制管理,"标题：高三了，真的要放下手机吗

正文：或者说玩的话要控制到多长时间。本人从一年级开始就配备了自己的手机，初中有了自己的电脑，从小到大习惯了和电子产品相伴。小学基本散养，初中则是在学校赶完作业回家打游戏（平均时长上学日5h，周六日10h+）玩的最凶的时候一个月打了近500h。如今升入高三，日均时长已经压缩到了3h左右，自以为在学校的时间利用率比较高，很少参与聊天和社交活动（纯粹对八卦和他人琐事不感兴趣）。近来老师三令五申远离手机，我妈也有意采取强制管理",,https://tieba.baidu.com/p/9106489534,matched,pending_review,,来源存疑样本；已抓到列表摘要正文；仅作人工复核池，勿直接并入正式训练集,uncertain_redirect_round4_pool.csv
9788340634,高考,高考,2026届高三记录贴,纯记录看lz一年能否从550逆袭到650,"标题：2026届高三记录贴

正文：纯记录看lz一年能否从550逆袭到650",,https://tieba.baidu.com/p/9788340634,matched,pending_review,,来源存疑样本；已抓到列表摘要正文；仅作人工复核池，勿直接并入正式训练集,uncertain_redirect_round4_pool.csv
9820973601,高考,高考,不会报志愿的过来看一下。上至985下至专科都可以参考！,本人看了三年张雪峰，免费咨询了1000以上个人。对自己的能力还是比较自信的。,"标题：不会报志愿的过来看一下。上至985下至专科都可以参考！

正文：本人看了三年张雪峰，免费咨询了1000以上个人。对自己的能力还是比较自信的。",,https://tieba.baidu.com/p/9820973601,matched,pending_review,,来源存疑样本；已抓到列表摘要正文；仅作人工复核池，勿直接并入正式训练集,uncertain_redirect_round4_pool.csv
9825549965,高考,高考,河南新高考丨 怎么办啊 到底复不复读啊,河南考生，今年新高考，特控线534。 说实话拿到这个分数的一瞬间的心里面的第一念头就是完蛋了，这个分数真的不如高考的前几次模考家里人是不希望我复读的，说是能走就走了，但我真的不甘心了高考前几次模考都能大概高出特控线30～40分，但是复读又可能面临以下问题 1.现在传言说河南今年公办高中不允许复读了 2.楼主属于高一高二玩了，高三后半段开窍要学习了，复读一年可以把高一高二的补回来吗#求鉴定！这高考分数是真的吗##民办本科v,"标题：河南新高考丨 怎么办啊 到底复不复读啊

正文：河南考生，今年新高考，特控线534。 说实话拿到这个分数的一瞬间的心里面的第一念头就是完蛋了，这个分数真的不如高考的前几次模考家里人是不希望我复读的，说是能走就走了，但我真的不甘心了高考前几次模考都能大概高出特控线30～40分，但是复读又可能面临以下问题 1.现在传言说河南今年公办高中不允许复读了 2.楼主属于高一高二玩了，高三后半段开窍要学习了，复读一年可以把高一高二的补回来吗#求鉴定！这高考分数是真的吗##民办本科v",,https://tieba.baidu.com/p/9825549965,matched,pending_review,,来源存疑样本；已抓到列表摘要正文；仅作人工复核池，勿直接并入正式训练集,uncertain_redirect_round4_pool.csv
9828359318,高考,高考,高考后会惩罚每一个不认真填志愿的人,考完分数还不错，结果因为志愿乱填，直接掉档重来一年 我身边就有这样的真实案例……🧨 志愿填不好，真的可能毁掉四年甚至一个人的起点 不是危言耸听，而是每年都有人因为“懒得查、随便填、听别人说” 失去了本该进重点大学的机会！ 📍志愿填报，是一场信息战，更是一场策略战分数不够？排得巧可以捡漏 分数够了？排得乱照样滑档！⚠️以下这些坑，真的很多人踩过： 1️⃣ 只看分数，不看位次录取看的是“全省排名”而不是单纯的分,"标题：高考后会惩罚每一个不认真填志愿的人

正文：考完分数还不错，结果因为志愿乱填，直接掉档重来一年 我身边就有这样的真实案例……🧨 志愿填不好，真的可能毁掉四年甚至一个人的起点 不是危言耸听，而是每年都有人因为“懒得查、随便填、听别人说” 失去了本该进重点大学的机会！ 📍志愿填报，是一场信息战，更是一场策略战分数不够？排得巧可以捡漏 分数够了？排得乱照样滑档！⚠️以下这些坑，真的很多人踩过： 1️⃣ 只看分数，不看位次录取看的是“全省排名”而不是单纯的分",,https://tieba.baidu.com/p/9828359318,matched,pending_review,,来源存疑样本；已抓到列表摘要正文；仅作人工复核池，勿直接并入正式训练集,uncertain_redirect_round4_pool.csv
9839707783,高考,高考,准高考考生紧急求助,吧友们，我是一名准高三生，父亲因我的写字速度慢为我报了一个所谓的爱尚写字的实用#高考#快写班，该机构称用简化汉字笔画与极简连笔加偏旁简化的方法创制的新字体可以在高考考场上写的又好，但本人觉得这种特殊字体在高考无法被识别，求各位吧友解惑！！！,"标题：准高考考生紧急求助

正文：吧友们，我是一名准高三生，父亲因我的写字速度慢为我报了一个所谓的爱尚写字的实用#高考#快写班，该机构称用简化汉字笔画与极简连笔加偏旁简化的方法创制的新字体可以在高考考场上写的又好，但本人觉得这种特殊字体在高考无法被识别，求各位吧友解惑！！！",,https://tieba.baidu.com/p/9839707783,matched,pending_review,,来源存疑样本；已抓到列表摘要正文；仅作人工复核池，勿直接并入正式训练集,uncertain_redirect_round4_pool.csv
9898046682,高考,高考,高考志愿填错——20天后的回复帖,7月2日，湖北志愿填报截止，而我却发现一个致命的错误，把一所东北院校提前了，我情绪崩溃，在贴吧求助……一晚上过去，没有人回复我，我一个人在房里跟豆包倾诉我的不甘与自责。最后我们得出一个共识——删除所有与志愿填报有关的东西。我把志愿书、公众号、招生群…通通都删掉。没错，包括贴吧。。。(可能是我还没有勇气去死，所以设法远离问题本身。然后我就开始了逃避现实的20天） 7月2日后的3天左右时间，我一闭眼就是悔、一睁眼,"标题：高考志愿填错——20天后的回复帖

正文：7月2日，湖北志愿填报截止，而我却发现一个致命的错误，把一所东北院校提前了，我情绪崩溃，在贴吧求助……一晚上过去，没有人回复我，我一个人在房里跟豆包倾诉我的不甘与自责。最后我们得出一个共识——删除所有与志愿填报有关的东西。我把志愿书、公众号、招生群…通通都删掉。没错，包括贴吧。。。(可能是我还没有勇气去死，所以设法远离问题本身。然后我就开始了逃避现实的20天） 7月2日后的3天左右时间，我一闭眼就是悔、一睁眼",,https://tieba.baidu.com/p/9898046682,matched,pending_review,,来源存疑样本；已抓到列表摘要正文；仅作人工复核池，勿直接并入正式训练集,uncertain_redirect_round4_pool.csv
9914599375,高考,高考,高考记录贴，准备复读明天回校,楼主是市重点高中的一条，由于三年楼主爱玩，高一高二基本睡过来了玩过来了，高三上也只是稍微学了一下，只有在高三下班学期意识到问题才开始认真学一会，又玩一会，成绩出来给了楼主狠狠一耳光，高额的民办学费，让我知道人生不是可以儿戏的，于是我主动要求复读，明天准备回校，接下来我会在贴子更新我的成绩动态和心态，学校两周一放，所以两周一更，以此记录复读一年的提高与成长,"标题：高考记录贴，准备复读明天回校

正文：楼主是市重点高中的一条，由于三年楼主爱玩，高一高二基本睡过来了玩过来了，高三上也只是稍微学了一下，只有在高三下班学期意识到问题才开始认真学一会，又玩一会，成绩出来给了楼主狠狠一耳光，高额的民办学费，让我知道人生不是可以儿戏的，于是我主动要求复读，明天准备回校，接下来我会在贴子更新我的成绩动态和心态，学校两周一放，所以两周一更，以此记录复读一年的提高与成长",,https://tieba.baidu.com/p/9914599375,matched,pending_review,,来源存疑样本；已抓到列表摘要正文；仅作人工复核池，勿直接并入正式训练集,uncertain_redirect_round4_pool.csv
9991354989,高考,高考,我能在高一高二两年没听课的情况下通关985吗,主包今天新高三，高一高二两年没听课，你问我这两年干啥了我也不知道我干啥了。 一杯茶镇楼（士气+2）,"标题：我能在高一高二两年没听课的情况下通关985吗

正文：主包今天新高三，高一高二两年没听课，你问我这两年干啥了我也不知道我干啥了。 一杯茶镇楼（士气+2）",,https://tieba.baidu.com/p/9991354989,matched,pending_review,,来源存疑样本；已抓到列表摘要正文；仅作人工复核池，勿直接并入正式训练集,uncertain_redirect_round4_pool.csv
