priority_score,priority_reason,id,post_id,source,forum_name,title,content,text,post_url,current_labels,current_risk_level,current_risk_score,matched_keywords,confidence,human_labels,notes,split,review_status,previous_human_labels,manual_round_override,relabel_source,relabel_notes
,,810,5584678546,孤独吧,孤独,新认识个朋友搬我宿舍来住了，刚才她朋友打电话喊她出去唱歌了,新认识个朋友搬我宿舍来住了，刚才她朋友打电话喊她出去唱歌了,"标题：新认识个朋友搬我宿舍来住了，刚才她朋友打电话喊她出去唱歌了

正文：新认识个朋友搬我宿舍来住了，刚才她朋友打电话喊她出去唱歌了",https://tieba.baidu.com/p/5584678546,normal,low,,,0.29,,新增真实帖子；待人工补标,train,new_unreviewed,,,content_first_rule,rule:no_match
,,809,10612201373,孤独吧,孤独,找聊天对象,找聊天对象,"标题：找聊天对象

正文：找聊天对象",https://tieba.baidu.com/p/10612201373,normal,low,,,0.24,,新增真实帖子；待人工补标,train,new_unreviewed,,,content_first_rule,rule:content_info_only
,,808,10296484444,孤独吧,孤独,500份心理学方面书籍资料合集,500份心理学方面书籍资料合集,"标题：500份心理学方面书籍资料合集

正文：500份心理学方面书籍资料合集",https://tieba.baidu.com/p/10296484444,normal,low,,,0.23,,新增真实帖子；待人工补标,train,new_unreviewed,,,content_first_rule,rule:content_info_only
,,807,10608444118,孤独吧,孤独,这个点有人喝咖啡吗，我请你,这个点有人喝咖啡吗，我请你,"标题：这个点有人喝咖啡吗，我请你

正文：这个点有人喝咖啡吗，我请你",https://tieba.baidu.com/p/10608444118,abuse,low,12.1,model:abuse:0.55,0.55,,新增真实帖子；待人工补标,train,new_unreviewed,,,content_first_rule,rule:no_match
,,806,10587533259,孤独吧,孤独,一个能聊天的朋友都没了,一个能聊天的朋友都没了,"标题：一个能聊天的朋友都没了

正文：一个能聊天的朋友都没了",https://tieba.baidu.com/p/10587533259,normal,low,,model:social_withdrawal:0.39,0.39,social_withdrawal,新增真实帖子；按既有人工标准补标；标题证据较明确；请复核,train,supplemented_real_label,social_withdrawal,,content_first_rule,social_withdrawal:content
,,805,10588011064,孤独吧,孤独,好孤独啊宝宝,好孤独啊宝宝,"标题：好孤独啊宝宝

正文：好孤独啊宝宝",https://tieba.baidu.com/p/10588011064,abuse,low,11.6,"model:depression:0.32,model:social_withdrawal:0.42,model:abuse:0.53",0.53,,新增真实帖子；待人工补标,train,new_unreviewed,,,content_first_rule,rule:no_match
,,804,10604438535,孤独吧,孤独,有什么好的爱好推荐吗,有什么好的爱好推荐吗,"标题：有什么好的爱好推荐吗

正文：有什么好的爱好推荐吗",https://tieba.baidu.com/p/10604438535,normal,low,,model:academic_stress:0.30,0.3,,新增真实帖子；待人工补标,train,new_unreviewed,,,content_first_rule,rule:no_match
,,803,9409743475,孤独吧,孤独,孤独无药可救,孤独无药可救,"标题：孤独无药可救

正文：孤独无药可救",https://tieba.baidu.com/p/9409743475,abuse,low,11.9,model:abuse:0.54,0.54,,新增真实帖子；按既有人工标准补标；标题证据较明确；请复核,train,supplemented_real_label,social_withdrawal,,content_first_cleared_previous,rule:content_info_only
,,802,9864226212,孤独吧,孤独,史记231,史记231,"标题：史记231

正文：史记231",https://tieba.baidu.com/p/9864226212,normal,low,,,0.28,,新增真实帖子；待人工补标,train,new_unreviewed,,,content_first_rule,rule:no_match
,,801,10608275376,孤独吧,孤独,我讨厌孤独,我讨厌孤独,"标题：我讨厌孤独

正文：我讨厌孤独",https://tieba.baidu.com/p/10608275376,"depression,social_withdrawal,abuse",high,57.8,"model:depression:0.57,model:social_withdrawal:0.54,model:abuse:0.75",0.75,depression,新增真实帖子；待人工补标,test,new_unreviewed,depression,manual_review_candidates_v14_round1_normalized.csv,manual_validation_override,v17_validation_round1
,,800,10608591531,孤独吧,孤独,但我还是想等一个挚友。 懂我的沉默，陪我的碎碎念,但我还是想等一个挚友。 懂我的沉默，陪我的碎碎念,"标题：但我还是想等一个挚友。 懂我的沉默，陪我的碎碎念

正文：但我还是想等一个挚友。 懂我的沉默，陪我的碎碎念",https://tieba.baidu.com/p/10608591531,"depression,social_withdrawal,abuse",high,67.0,"model:depression:0.69,model:social_withdrawal:0.71,model:abuse:0.69",0.71,depression,新增真实帖子；待人工补标,train,new_unreviewed,depression,manual_review_candidates_v14_round1_normalized.csv,manual_override,manual_review_candidates_v14_round1_normalized.csv
,,799,10576481749,孤独吧,孤独,有一种人，也许很多人,有一种人，也许很多人,"标题：有一种人，也许很多人

正文：有一种人，也许很多人",https://tieba.baidu.com/p/10576481749,abuse,low,16.7,"model:depression:0.45,model:social_withdrawal:0.33,model:abuse:0.76",0.76,,新增真实帖子；待人工补标,train,new_unreviewed,,,content_first_rule,rule:no_match
,,798,10601409644,孤独吧,孤独,大家都是多少岁do的第一次？,大家都是多少岁do的第一次？,"标题：大家都是多少岁do的第一次？

正文：大家都是多少岁do的第一次？",https://tieba.baidu.com/p/10601409644,normal,low,,model:social_withdrawal:0.40,0.4,,新增真实帖子；待人工补标,train,new_unreviewed,,,content_first_rule,rule:no_match
,,797,10603115295,孤独吧,孤独,标题五个字吧,标题五个字吧,"标题：标题五个字吧

正文：标题五个字吧",https://tieba.baidu.com/p/10603115295,normal,low,,,0.27,,新增真实帖子；待人工补标,train,new_unreviewed,,,content_first_rule,rule:no_match
,,796,10404867156,孤独吧,孤独,如果有通话记录，那就删了第一个，,如果有通话记录，那就删了第一个，,"标题：如果有通话记录，那就删了第一个，

正文：如果有通话记录，那就删了第一个，",https://tieba.baidu.com/p/10404867156,normal,low,,"model:academic_stress:0.32,model:social_withdrawal:0.38",0.38,,新增真实帖子；待人工补标,train,new_unreviewed,,,content_first_rule,rule:content_info_only
,,795,10608941726,孤独吧,孤独,孤独是啥啊,孤独是啥啊,"标题：孤独是啥啊

正文：孤独是啥啊",https://tieba.baidu.com/p/10608941726,normal,low,,model:abuse:0.49,0.49,,新增真实帖子；待人工补标,train,new_unreviewed,,,content_first_rule,rule:no_match
,,794,10589754101,孤独吧,孤独,被霸凌被孤立,被霸凌被孤立,"标题：被霸凌被孤立

正文：被霸凌被孤立",https://tieba.baidu.com/p/10589754101,normal,low,,"model:social_withdrawal:0.39,model:abuse:0.46",0.46,"depression,anxiety",新增真实帖子；待人工补标,train,new_unreviewed,"depression,anxiety",manual_review_candidates_v14_round1_normalized.csv,manual_override,manual_review_candidates_v14_round1_normalized.csv
,,793,10603787118,孤独吧,孤独,标题五个字,标题五个字,"标题：标题五个字

正文：标题五个字",https://tieba.baidu.com/p/10603787118,normal,low,,,0.17,,新增真实帖子；待人工补标,train,new_unreviewed,,,content_first_rule,rule:no_match
,,792,10298344579,孤独吧,孤独,声与形（原创）,声与形（原创）,"标题：声与形（原创）

正文：声与形（原创）",https://tieba.baidu.com/p/10298344579,normal,low,,,0.29,,新增真实帖子；待人工补标,train,new_unreviewed,,,content_first_rule,rule:no_match
,,791,10615344216,孤独吧,孤独,22岁宅家孤独寂寞 谁来陪陪我,22岁宅家孤独寂寞 谁来陪陪我,"标题：22岁宅家孤独寂寞 谁来陪陪我

正文：22岁宅家孤独寂寞 谁来陪陪我",https://tieba.baidu.com/p/10615344216,"depression,social_withdrawal,abuse",high,61.5,"model:depression:0.59,model:social_withdrawal:0.61,model:abuse:0.79",0.79,social_withdrawal,新增真实帖子；按既有人工标准补标；标题证据较明确；请复核,train,supplemented_real_label,social_withdrawal,,content_first_rule,social_withdrawal:content
,,790,10466384277,孤独吧,孤独,46岁老男人找个聊伴,46岁老男人找个聊伴,"标题：46岁老男人找个聊伴

正文：46岁老男人找个聊伴",https://tieba.baidu.com/p/10466384277,normal,low,,"model:social_withdrawal:0.37,model:abuse:0.46",0.46,,新增真实帖子；待人工补标,train,new_unreviewed,,,content_first_rule,rule:no_match
,,789,9893861934,孤独吧,孤独,你们有和你们一起吃榴莲～和你们一起吃披萨的另一半吗？,你们有和你们一起吃榴莲～和你们一起吃披萨的另一半吗？,"标题：你们有和你们一起吃榴莲～和你们一起吃披萨的另一半吗？

正文：你们有和你们一起吃榴莲～和你们一起吃披萨的另一半吗？",https://tieba.baidu.com/p/9893861934,normal,low,,model:abuse:0.34,0.34,,新增真实帖子；待人工补标,train,new_unreviewed,,,content_first_rule,rule:no_match
,,788,10595691452,孤独吧,孤独,我的四十年：无人撑伞，独自走过所有苦与微光,我的四十年：无人撑伞，独自走过所有苦与微光,"标题：我的四十年：无人撑伞，独自走过所有苦与微光

正文：我的四十年：无人撑伞，独自走过所有苦与微光",https://tieba.baidu.com/p/10595691452,"depression,social_withdrawal,abuse",high,64.5,"model:depression:0.68,model:social_withdrawal:0.68,model:abuse:0.64",0.68,,新增真实帖子；按既有人工标准补标；标题证据较明确；请复核,train,supplemented_real_label,social_withdrawal,,content_first_cleared_previous,rule:no_match
,,787,10371915310,孤独吧,孤独,心游无落处,心游无落处,"标题：心游无落处

正文：心游无落处",https://tieba.baidu.com/p/10371915310,abuse,low,12.0,"model:depression:0.44,model:social_withdrawal:0.49,model:abuse:0.54",0.54,,新增真实帖子；待人工补标,train,new_unreviewed,,,content_first_rule,rule:no_match
,,786,9688334885,孤独吧,孤独,交友/交流,交友/交流,"标题：交友/交流

正文：交友/交流",https://tieba.baidu.com/p/9688334885,normal,low,,model:social_withdrawal:0.32,0.32,,新增真实帖子；待人工补标,train,new_unreviewed,,,content_first_rule,rule:content_info_only
,,785,10555921045,孤独吧,孤独,心痛的无法呼吸,心痛的无法呼吸,"标题：心痛的无法呼吸

正文：心痛的无法呼吸",https://tieba.baidu.com/p/10555921045,social_withdrawal,low,18.6,"model:social_withdrawal:0.78,model:abuse:0.32",0.78,"depression,anxiety",新增真实帖子；待人工补标,train,new_unreviewed,"depression,anxiety",manual_review_candidates_v14_round1_normalized.csv,manual_override,manual_review_candidates_v14_round1_normalized.csv
,,784,10584303622,孤独吧,孤独,记录我孤独的每一天,记录我孤独的每一天,"标题：记录我孤独的每一天

正文：记录我孤独的每一天",https://tieba.baidu.com/p/10584303622,"depression,social_withdrawal,abuse",high,69.1,"model:self_harm:0.38,model:depression:0.78,model:social_withdrawal:0.73,model:abuse:0.58",0.78,,新增真实帖子；按既有人工标准补标；标题证据较明确；请复核,train,supplemented_real_label,social_withdrawal,,content_first_cleared_previous,rule:content_info_only
,,783,10613165155,孤独吧,孤独,我好孤独啊,我好孤独啊,"标题：我好孤独啊

正文：我好孤独啊",https://tieba.baidu.com/p/10613165155,"social_withdrawal,abuse",medium,27.7,"model:depression:0.38,model:social_withdrawal:0.61,model:abuse:0.59",0.61,social_withdrawal,新增真实帖子；按既有人工标准补标；标题证据较明确；请复核,train,supplemented_real_label,social_withdrawal,,content_first_rule,social_withdrawal:content
,,782,3594713809,孤独吧,孤独,孤独是自己的家，爱它就可以了,孤独是自己的家，爱它就可以了,"标题：孤独是自己的家，爱它就可以了

正文：孤独是自己的家，爱它就可以了",https://tieba.baidu.com/p/3594713809,"depression,social_withdrawal,abuse",high,68.8,"model:depression:0.73,model:social_withdrawal:0.73,model:abuse:0.67",0.73,social_withdrawal,新增真实帖子；待人工补标,train,new_unreviewed,social_withdrawal,manual_review_candidates_v14_round2_normalized.csv,manual_override,manual_review_candidates_v14_round2_normalized.csv
,,781,10454483626,孤独吧,孤独,想找一个朋友,想找一个朋友,"标题：想找一个朋友

正文：想找一个朋友",https://tieba.baidu.com/p/10454483626,normal,low,,model:abuse:0.46,0.46,,新增真实帖子；待人工补标,train,new_unreviewed,,,content_first_rule,rule:no_match
,,780,9874453232,孤独吧,孤独,T﹏T太孤单了求话痨小伙伴,T﹏T太孤单了求话痨小伙伴,"标题：T﹏T太孤单了求话痨小伙伴

正文：T﹏T太孤单了求话痨小伙伴",https://tieba.baidu.com/p/9874453232,abuse,low,15.2,model:abuse:0.69,0.69,,新增真实帖子；待人工补标,train,new_unreviewed,,,content_first_rule,rule:no_match
,,779,10597054057,孤独吧,孤独,为什么人类总是喜欢让自己痛苦的人,为什么人类总是喜欢让自己痛苦的人,"标题：为什么人类总是喜欢让自己痛苦的人

正文：为什么人类总是喜欢让自己痛苦的人",https://tieba.baidu.com/p/10597054057,abuse,low,18.1,"model:depression:0.42,model:abuse:0.82",0.82,depression,新增真实帖子；待人工补标,train,new_unreviewed,,,content_first_rule,depression:content
,,778,10316203449,孤独吧,孤独,🍓小美满🍓,🍓小美满🍓,"标题：🍓小美满🍓

正文：🍓小美满🍓",https://tieba.baidu.com/p/10316203449,normal,low,,model:abuse:0.33,0.33,,新增真实帖子；待人工补标,train,new_unreviewed,,,content_first_rule,rule:no_match
,,777,9155680090,孤独吧,孤独,『记录贴』目标→努力具有活人气息,『记录贴』目标→努力具有活人气息,"标题：『记录贴』目标→努力具有活人气息

正文：『记录贴』目标→努力具有活人气息",https://tieba.baidu.com/p/9155680090,abuse,low,16.7,"model:depression:0.35,model:social_withdrawal:0.39,model:abuse:0.76",0.76,,新增真实帖子；待人工补标,train,new_unreviewed,,,content_first_rule,rule:content_info_only
,,776,8741088128,孤独吧,孤独,人从多少岁开始，会一直在失去,人从多少岁开始，会一直在失去,"标题：人从多少岁开始，会一直在失去

正文：人从多少岁开始，会一直在失去",https://tieba.baidu.com/p/8741088128,"depression,social_withdrawal,abuse",high,66.9,"model:violence:0.30,model:depression:0.74,model:social_withdrawal:0.76,model:abuse:0.53",0.76,depression,新增真实帖子；待人工补标,train,new_unreviewed,depression,manual_review_candidates_v14_round2_normalized.csv,manual_override,manual_review_candidates_v14_round2_normalized.csv
,,775,10598175321,孤独吧,孤独,孤独是我人生的常客,孤独是我人生的常客,"标题：孤独是我人生的常客

正文：孤独是我人生的常客",https://tieba.baidu.com/p/10598175321,"depression,social_withdrawal,abuse",high,58.0,"model:depression:0.58,model:social_withdrawal:0.60,model:abuse:0.65",0.65,,新增真实帖子；按既有人工标准补标；标题证据较明确；请复核,train,supplemented_real_label,social_withdrawal,,content_first_cleared_previous,rule:no_match
,,774,10590115264,孤独吧,孤独,本人20岁，男，无论男女，想交一个朋友,本人20岁，男，无论男女，想交一个朋友,"标题：本人20岁，男，无论男女，想交一个朋友

正文：本人20岁，男，无论男女，想交一个朋友",https://tieba.baidu.com/p/10590115264,abuse,low,15.3,model:abuse:0.70,0.7,,新增真实帖子；待人工补标,train,new_unreviewed,,,content_first_rule,rule:no_match
,,773,9161829706,孤独吧,孤独,记录日常完成帖,记录日常完成帖,"标题：记录日常完成帖

正文：记录日常完成帖",https://tieba.baidu.com/p/9161829706,normal,low,,model:social_withdrawal:0.39,0.39,,新增真实帖子；待人工补标,train,new_unreviewed,,,content_first_rule,rule:content_info_only
,,772,10608199030,孤独吧,孤独,想找一个一直陪伴的朋友就这么难吗,想找一个一直陪伴的朋友就这么难吗,"标题：想找一个一直陪伴的朋友就这么难吗

正文：想找一个一直陪伴的朋友就这么难吗",https://tieba.baidu.com/p/10608199030,"social_withdrawal,abuse",medium,25.6,"model:depression:0.37,model:social_withdrawal:0.60,model:abuse:0.51",0.6,,新增真实帖子；按既有人工标准补标；标题证据较明确；请复核,train,supplemented_real_label,social_withdrawal,,content_first_cleared_previous,rule:no_match
,,771,10607945465,孤独吧,孤独,找个一起打工的男朋友,找个一起打工的男朋友,"标题：找个一起打工的男朋友

正文：找个一起打工的男朋友",https://tieba.baidu.com/p/10607945465,abuse,low,15.0,"model:depression:0.39,model:abuse:0.68",0.68,,新增真实帖子；待人工补标,train,new_unreviewed,,,content_first_rule,rule:no_match
,,770,9478241296,孤独吧,孤独,有没有同样孤独的人？,有没有同样孤独的人？,"标题：有没有同样孤独的人？

正文：有没有同样孤独的人？",https://tieba.baidu.com/p/9478241296,abuse,low,12.3,"model:depression:0.39,model:social_withdrawal:0.45,model:abuse:0.56",0.56,,新增真实帖子；待人工补标,train,new_unreviewed,,,content_first_rule,rule:no_match
,,769,10607462467,孤独吧,孤独,风雪压我两三年，做成刨冰加点盐,风雪压我两三年，做成刨冰加点盐,"标题：风雪压我两三年，做成刨冰加点盐

正文：风雪压我两三年，做成刨冰加点盐",https://tieba.baidu.com/p/10607462467,abuse,low,13.6,"model:depression:0.31,model:abuse:0.62",0.62,,新增真实帖子；待人工补标,train,new_unreviewed,,,content_first_rule,rule:no_match
,,768,10591083182,孤独吧,孤独,这个吧为什么没落了诶,这个吧为什么没落了诶,"标题：这个吧为什么没落了诶

正文：这个吧为什么没落了诶",https://tieba.baidu.com/p/10591083182,normal,low,,model:abuse:0.36,0.36,,新增真实帖子；待人工补标,train,new_unreviewed,,,content_first_rule,rule:no_match
,,767,10030148178,孤独吧,孤独,是孤独，更是自由～,是孤独，更是自由～,"标题：是孤独，更是自由～

正文：是孤独，更是自由～",https://tieba.baidu.com/p/10030148178,"social_withdrawal,abuse",medium,26.4,"model:depression:0.46,model:social_withdrawal:0.64,model:abuse:0.51",0.64,,新增真实帖子；待人工补标,train,new_unreviewed,,manual_review_candidates_v14_round1_normalized.csv,manual_override,manual_review_candidates_v14_round1_normalized.csv
,,766,10598126317,孤独吧,孤独,有想结婚的吗？,有想结婚的吗？,"标题：有想结婚的吗？

正文：有想结婚的吗？",https://tieba.baidu.com/p/10598126317,normal,low,,model:academic_stress:0.33,0.33,,新增真实帖子；待人工补标,train,new_unreviewed,,,content_first_rule,rule:no_match
,,765,10614621944,孤独吧,孤独,已经六年没有工作过了，一个人生活对未来也没有期待了。,已经六年没有工作过了，一个人生活对未来也没有期待了。,"标题：已经六年没有工作过了，一个人生活对未来也没有期待了。

正文：已经六年没有工作过了，一个人生活对未来也没有期待了。",https://tieba.baidu.com/p/10614621944,"self_harm,depression,anxiety,social_withdrawal",high,100.0,"model:self_harm:0.64,model:violence:0.47,model:depression:0.71,model:anxiety:0.68,model:academic_stress:0.40,model:social_withdrawal:0.77",0.77,,新增真实帖子；待人工补标,test,new_unreviewed,"depression,social_withdrawal",manual_review_candidates_v14_round1_normalized.csv,manual_validation_override,v17_validation_round1
,,764,10614485861,孤独吧,孤独,jiaoyoudd,jiaoyoudd,"标题：jiaoyoudd

正文：jiaoyoudd",https://tieba.baidu.com/p/10614485861,normal,low,,model:abuse:0.34,0.34,,新增真实帖子；待人工补标,train,new_unreviewed,,,content_first_rule,rule:no_match
,,763,6757884540,社交焦虑吧,社交焦虑,你觉得的、你认为的、就是你以为的吗-社交焦虑,你觉得的、你认为的、就是你以为的吗-社交焦虑,"标题：你觉得的、你认为的、就是你以为的吗-社交焦虑

正文：你觉得的、你认为的、就是你以为的吗-社交焦虑",https://tieba.baidu.com/p/6757884540,normal,low,,model:abuse:0.49,0.49,anxiety,新增真实帖子；待人工补标,train,new_unreviewed,,,content_first_rule,anxiety:content
,,762,10613002064,孤独吧,孤独,我可能习惯孤独了,我可能习惯孤独了,"标题：我可能习惯孤独了

正文：我可能习惯孤独了",https://tieba.baidu.com/p/10613002064,"depression,social_withdrawal,abuse",high,58.3,"model:depression:0.56,model:social_withdrawal:0.76,model:abuse:0.56",0.76,depression,新增真实帖子；待人工补标,test,new_unreviewed,depression,manual_review_candidates_v14_round1_normalized.csv,manual_validation_override,v17_validation_round1
,,761,2549274903,社交焦虑吧,社交焦虑,社交焦虑,社交焦虑,"标题：社交焦虑

正文：社交焦虑",https://tieba.baidu.com/p/2549274903,normal,low,,model:academic_stress:0.44,0.44,anxiety,新增真实帖子；按既有人工标准补标；标题证据较明确；请复核,train,supplemented_real_label,anxiety,,content_first_rule,anxiety:content
,,760,10597528017,孤独吧,孤独,一个人久了是不是就习惯了,一个人久了是不是就习惯了,"标题：一个人久了是不是就习惯了

正文：一个人久了是不是就习惯了",https://tieba.baidu.com/p/10597528017,"depression,social_withdrawal",medium,47.5,"model:depression:0.65,model:social_withdrawal:0.63,model:abuse:0.34",0.65,depression,新增真实帖子；待人工补标,dev,new_unreviewed,social_withdrawal,manual_review_candidates_v14_round1_normalized.csv,manual_validation_override,v17_validation_round1
,,759,6041693754,社交焦虑吧,社交焦虑,找一个同样社恐的人，互相帮助，我的QQ2504230070,找一个同样社恐的人，互相帮助，我的QQ2504230070,"标题：找一个同样社恐的人，互相帮助，我的QQ2504230070

正文：找一个同样社恐的人，互相帮助，我的QQ2504230070",https://tieba.baidu.com/p/6041693754,normal,low,,"model:social_withdrawal:0.47,model:abuse:0.42",0.47,,新增真实帖子；按既有人工标准补标；标题证据较明确；请复核,train,supplemented_real_label,anxiety,,content_first_cleared_previous,rule:content_info_only
,,758,10612480449,孤独吧,孤独,抑郁症女找人聊天,抑郁症女找人聊天,"标题：抑郁症女找人聊天

正文：抑郁症女找人聊天",https://tieba.baidu.com/p/10612480449,abuse,low,14.2,model:abuse:0.65,0.65,"anxiety,social_withdrawal",新增真实帖子；待人工补标,dev,new_unreviewed,"anxiety,social_withdrawal",manual_review_candidates_v14_round1_normalized.csv,manual_validation_override,v17_validation_round1
,,757,4636949526,社交焦虑吧,社交焦虑,对视恐惧 大家都吃什么药？死的心都有了,对视恐惧 大家都吃什么药？死的心都有了,"标题：对视恐惧 大家都吃什么药？死的心都有了

正文：对视恐惧 大家都吃什么药？死的心都有了",https://tieba.baidu.com/p/4636949526,abuse,low,16.3,model:abuse:0.74,0.74,"anxiety,self_harm",新增真实帖子；按既有人工标准补标；标题证据较明确；请复核,dev,supplemented_real_label,"self_harm,anxiety",manual_review_candidates_v14_round1_normalized.csv,manual_validation_override,v17_validation_round1
,,756,10600163409,孤独吧,孤独,想找个喜欢写作的朋友,想找个喜欢写作的朋友,"标题：想找个喜欢写作的朋友

正文：想找个喜欢写作的朋友",https://tieba.baidu.com/p/10600163409,normal,low,,"model:social_withdrawal:0.48,model:abuse:0.49",0.49,,新增真实帖子；待人工补标,train,new_unreviewed,,,content_first_rule,rule:no_match
,,755,8952873503,社交焦虑吧,社交焦虑,女生，91的，社恐蛮严重，在成都，想找个同样社恐的男朋友,女生，91的，社恐蛮严重，在成都，想找个同样社恐的男朋友,"标题：女生，91的，社恐蛮严重，在成都，想找个同样社恐的男朋友

正文：女生，91的，社恐蛮严重，在成都，想找个同样社恐的男朋友",https://tieba.baidu.com/p/8952873503,abuse,low,17.1,model:abuse:0.78,0.78,anxiety,新增真实帖子；按既有人工标准补标；标题证据较明确；请复核,train,supplemented_real_label,anxiety,,content_first_rule,anxiety:content
,,754,10351890549,孤独吧,孤独,我女生21岁找朋友，想从线上发展成线下（不看颜）,我女生21岁找朋友，想从线上发展成线下（不看颜）,"标题：我女生21岁找朋友，想从线上发展成线下（不看颜）

正文：我女生21岁找朋友，想从线上发展成线下（不看颜）",https://tieba.baidu.com/p/10351890549,abuse,low,11.3,"model:social_withdrawal:0.35,model:abuse:0.51",0.51,,新增真实帖子；待人工补标,train,new_unreviewed,,,content_first_rule,rule:no_match
,,753,8893947926,社交焦虑吧,社交焦虑,大龄单身女社恐了，80后90后的大龄社恐都可以出来聊聊,大龄单身女社恐了，80后90后的大龄社恐都可以出来聊聊,"标题：大龄单身女社恐了，80后90后的大龄社恐都可以出来聊聊

正文：大龄单身女社恐了，80后90后的大龄社恐都可以出来聊聊",https://tieba.baidu.com/p/8893947926,abuse,low,11.8,model:abuse:0.54,0.54,anxiety,新增真实帖子；按既有人工标准补标；标题证据较明确；请复核,train,supplemented_real_label,anxiety,,content_first_rule,anxiety:content
,,752,10552898427,孤独吧,孤独,每天就是躺躺躺,每天就是躺躺躺,"标题：每天就是躺躺躺

正文：每天就是躺躺躺",https://tieba.baidu.com/p/10552898427,normal,low,,model:social_withdrawal:0.31,0.31,,新增真实帖子；待人工补标,train,new_unreviewed,,,content_first_rule,rule:no_match
,,751,7603004285,社交焦虑吧,社交焦虑,什么是社交焦虑？如何测试社恐社焦和社死？,什么是社交焦虑？如何测试社恐社焦和社死？,"标题：什么是社交焦虑？如何测试社恐社焦和社死？

正文：什么是社交焦虑？如何测试社恐社焦和社死？",https://tieba.baidu.com/p/7603004285,normal,low,,"model:depression:0.31,model:abuse:0.31",0.31,,新增真实帖子；待人工补标,train,new_unreviewed,,manual_review_candidates_v14_round1_normalized.csv,manual_override,manual_review_candidates_v14_round1_normalized.csv
,,750,10615628935,孤独吧,孤独,这里有没有南宁的朋友,这里有没有南宁的朋友,"标题：这里有没有南宁的朋友

正文：这里有没有南宁的朋友",https://tieba.baidu.com/p/10615628935,normal,low,,,0.25,,新增真实帖子；待人工补标,train,new_unreviewed,,,content_first_rule,rule:no_match
,,749,9636161428,社交焦虑吧,社交焦虑,与社交焦虑障碍相关的关键基因,与社交焦虑障碍相关的关键基因,"标题：与社交焦虑障碍相关的关键基因

正文：与社交焦虑障碍相关的关键基因",https://tieba.baidu.com/p/9636161428,normal,low,,"model:social_withdrawal:0.33,model:abuse:0.32",0.33,anxiety,新增真实帖子；待人工补标,train,new_unreviewed,,,content_first_rule,anxiety:content
,,748,10600074910,孤独吧,孤独,离奔溃只有一步之遥,离奔溃只有一步之遥,"标题：离奔溃只有一步之遥

正文：离奔溃只有一步之遥",https://tieba.baidu.com/p/10600074910,normal,low,,model:social_withdrawal:0.49,0.49,,新增真实帖子；待人工补标,train,new_unreviewed,,,content_first_rule,rule:no_match
,,747,10029653966,社交焦虑吧,社交焦虑,揭开焦虑的“基因密码”：分离性焦虑障碍的遗传真相与精准检测,揭开焦虑的“基因密码”：分离性焦虑障碍的遗传真相与精准检测,"标题：揭开焦虑的“基因密码”：分离性焦虑障碍的遗传真相与精准检测

正文：揭开焦虑的“基因密码”：分离性焦虑障碍的遗传真相与精准检测",https://tieba.baidu.com/p/10029653966,normal,low,,model:abuse:0.39,0.39,anxiety,新增真实帖子；待人工补标,train,new_unreviewed,,,content_first_rule,anxiety:content
,,746,10561540138,孤独吧,孤独,一个人，孤独了咋办,一个人，孤独了咋办,"标题：一个人，孤独了咋办

正文：一个人，孤独了咋办",https://tieba.baidu.com/p/10561540138,normal,low,,"model:social_withdrawal:0.46,model:abuse:0.49",0.49,,新增真实帖子；待人工补标,train,new_unreviewed,,manual_review_candidates_v14_round1_normalized.csv,manual_override,manual_review_candidates_v14_round1_normalized.csv
,,745,10597183245,孤独吧,孤独,真正的孤独是什么？,真正的孤独是什么？,"标题：真正的孤独是什么？

正文：真正的孤独是什么？",https://tieba.baidu.com/p/10597183245,abuse,low,11.0,model:abuse:0.50,0.5,,新增真实帖子；待人工补标,train,new_unreviewed,,,content_first_rule,rule:content_info_only
,,744,10510525124,社交焦虑吧,社交焦虑,回避型人格障碍克服社交恐惧?,回避型人格障碍克服社交恐惧?,"标题：回避型人格障碍克服社交恐惧?

正文：回避型人格障碍克服社交恐惧?",https://tieba.baidu.com/p/10510525124,normal,low,,,0.27,,新增真实帖子；按既有人工标准补标；标题证据较明确；请复核,train,supplemented_real_label,,manual_review_candidates_v14_round1_normalized.csv,manual_override,manual_review_candidates_v14_round1_normalized.csv
,,743,10365850250,孤独吧,孤独,无语了，打游戏都是自己打,无语了，打游戏都是自己打,"标题：无语了，打游戏都是自己打

正文：无语了，打游戏都是自己打",https://tieba.baidu.com/p/10365850250,social_withdrawal,low,14.6,"model:social_withdrawal:0.61,model:abuse:0.49",0.61,,新增真实帖子；待人工补标,train,new_unreviewed,,manual_review_candidates_v14_round1_normalized.csv,manual_override,manual_review_candidates_v14_round1_normalized.csv
,,742,9863343063,孤独吧,孤独,忽然发现，我29岁了，不知道要去哪里……,忽然发现，我29岁了，不知道要去哪里……,"标题：忽然发现，我29岁了，不知道要去哪里……

正文：忽然发现，我29岁了，不知道要去哪里……",https://tieba.baidu.com/p/9863343063,normal,low,,"model:social_withdrawal:0.34,model:abuse:0.38",0.38,,新增真实帖子；待人工补标,train,new_unreviewed,,,content_first_rule,rule:no_match
,,741,10597329239,孤独吧,孤独,分手后感觉生活少了点什么,分手后感觉生活少了点什么,"标题：分手后感觉生活少了点什么

正文：分手后感觉生活少了点什么",https://tieba.baidu.com/p/10597329239,"depression,social_withdrawal",medium,53.5,"model:self_harm:0.39,model:depression:0.71,model:social_withdrawal:0.74,model:abuse:0.48",0.74,"self_harm,depression",新增真实帖子；待人工补标,dev,new_unreviewed,"self_harm,depression",manual_review_candidates_v14_round2_normalized.csv,manual_validation_override,v17_validation_round1
,,740,9962443242,霸凌吧,霸凌,所有遭受校园霸凌的朋友,所有遭受校园霸凌的朋友,"标题：所有遭受校园霸凌的朋友

正文：所有遭受校园霸凌的朋友",https://tieba.baidu.com/p/9962443242,normal,low,,model:abuse:0.43,0.43,,新增真实帖子；按既有人工标准补标；标题证据较明确；请复核,train,manual_review_merged,abuse,rare_label_shortlist,manual_shortlist_merge,新增真实帖子；按既有人工标准补标；标题证据较明确；请复核 ; 该帖已被删除
,,739,8081313570,霸凌吧,霸凌,我女儿在单位被霸凌欺负，已经是抑郁症啦，我想为她做点什么，,我女儿在单位被霸凌欺负，已经是抑郁症啦，我想为她做点什么，,"标题：我女儿在单位被霸凌欺负，已经是抑郁症啦，我想为她做点什么，

正文：我女儿在单位被霸凌欺负，已经是抑郁症啦，我想为她做点什么，",https://tieba.baidu.com/p/8081313570,social_withdrawal,low,12.6,"model:depression:0.36,model:anxiety:0.38,model:social_withdrawal:0.52",0.52,anxiety,新增真实帖子；按既有人工标准补标；标题证据较明确；请复核,train,manual_review_merged,"depression,abuse",rare_label_shortlist,manual_shortlist_merge,新增真实帖子；按既有人工标准补标；标题证据较明确；请复核
,,738,10611119407,霸凌吧,霸凌,被造黄瑶怎么办？我的这个证据不明显,被造黄瑶怎么办？我的这个证据不明显,"标题：被造黄瑶怎么办？我的这个证据不明显

正文：被造黄瑶怎么办？我的这个证据不明显",https://tieba.baidu.com/p/10611119407,abuse,low,11.3,model:abuse:0.52,0.52,,新增真实帖子；按既有人工标准补标；标题证据较明确；请复核,train,supplemented_real_label,abuse,,content_first_cleared_previous,rule:no_match
,,737,8951291500,霸凌吧,霸凌,被霸凌的你们走出来了吗？,被霸凌的你们走出来了吗？,"标题：被霸凌的你们走出来了吗？

正文：被霸凌的你们走出来了吗？",https://tieba.baidu.com/p/8951291500,abuse,low,13.3,"model:depression:0.37,model:abuse:0.61",0.61,"depression,anxiety",新增真实帖子；按既有人工标准补标；标题证据较明确；请复核,train,manual_review_merged,abuse,rare_label_shortlist,manual_shortlist_merge,新增真实帖子；按既有人工标准补标；标题证据较明确；请复核
,,736,10613043964,霸凌吧,霸凌,好痛苦。。。,好痛苦。。。,"标题：好痛苦。。。

正文：好痛苦。。。",https://tieba.baidu.com/p/10613043964,normal,low,,model:social_withdrawal:0.40,0.4,,新增真实帖子；待人工补标,dev,new_unreviewed,"depression,anxiety",manual_review_candidates_v14_round1_normalized.csv,manual_validation_override,v17_validation_round1
,,735,10613387492,霸凌吧,霸凌,被造黄瑶怎么解决？,被造黄瑶怎么解决？,"标题：被造黄瑶怎么解决？

正文：被造黄瑶怎么解决？",https://tieba.baidu.com/p/10613387492,normal,low,,"model:academic_stress:0.33,model:abuse:0.32",0.33,,新增真实帖子；按既有人工标准补标；标题证据较明确；请复核,train,supplemented_real_label,abuse,,content_first_cleared_previous,rule:no_match
,,734,10593254705,霸凌吧,霸凌,我也会嫉妒吗,我也会嫉妒吗,"标题：我也会嫉妒吗

正文：我也会嫉妒吗",https://tieba.baidu.com/p/10593254705,abuse,low,13.9,model:abuse:0.63,0.63,"violence,anxiety",新增真实帖子；待人工补标,train,new_unreviewed,"violence,anxiety",manual_review_candidates_v14_round1_normalized.csv,manual_override,manual_review_candidates_v14_round1_normalized.csv
,,733,10614492922,霸凌吧,霸凌,《若能重回三年级，千元学费换半生安宁》,《若能重回三年级，千元学费换半生安宁》,"标题：《若能重回三年级，千元学费换半生安宁》

正文：《若能重回三年级，千元学费换半生安宁》",https://tieba.baidu.com/p/10614492922,abuse,low,13.1,model:abuse:0.60,0.6,"violence,anxiety",新增真实帖子；待人工补标,train,new_unreviewed,"violence,anxiety",manual_review_candidates_v14_round1_normalized.csv,manual_override,manual_review_candidates_v14_round1_normalized.csv
,,732,10614582323,霸凌吧,霸凌,兄弟们求建议,兄弟们求建议,"标题：兄弟们求建议

正文：兄弟们求建议",https://tieba.baidu.com/p/10614582323,normal,low,,model:academic_stress:0.41,0.41,,新增真实帖子；待人工补标,train,new_unreviewed,,,content_first_rule,rule:no_match
,,731,10560236916,社交恐惧吧,社交恐惧,有在郑州的社恐吗,有在郑州的社恐吗,"标题：有在郑州的社恐吗

正文：有在郑州的社恐吗",https://tieba.baidu.com/p/10560236916,normal,low,,,0.3,anxiety,新增真实帖子；按既有人工标准补标；标题证据较明确；请复核,train,supplemented_real_label,social_withdrawal,,content_first_rule,anxiety:content
,,730,10506548444,社交恐惧吧,社交恐惧,社交恐惧症的自救心理指南及答疑帖,社交恐惧症的自救心理指南及答疑帖,"标题：社交恐惧症的自救心理指南及答疑帖

正文：社交恐惧症的自救心理指南及答疑帖",https://tieba.baidu.com/p/10506548444,normal,low,,"model:depression:0.37,model:social_withdrawal:0.43,model:abuse:0.45",0.45,anxiety,新增真实帖子；待人工补标,train,new_unreviewed,,,content_first_rule,anxiety:content
,,729,9264712387,社交恐惧吧,社交恐惧,社交恐惧症等心理问题答疑帖,社交恐惧症等心理问题答疑帖,"标题：社交恐惧症等心理问题答疑帖

正文：社交恐惧症等心理问题答疑帖",https://tieba.baidu.com/p/9264712387,normal,low,,"model:social_withdrawal:0.30,model:abuse:0.39",0.39,anxiety,新增真实帖子；待人工补标,train,new_unreviewed,,,content_first_rule,anxiety:content
,,728,9943430287,社交恐惧吧,社交恐惧,徐州的有吗，本人女,徐州的有吗，本人女,"标题：徐州的有吗，本人女

正文：徐州的有吗，本人女",https://tieba.baidu.com/p/9943430287,abuse,low,12.0,model:abuse:0.55,0.55,,新增真实帖子；待人工补标,train,new_unreviewed,,,content_first_rule,rule:no_match
,,727,10595205238,社交恐惧吧,社交恐惧,找个好友，克服对视恐惧,找个好友，克服对视恐惧,"标题：找个好友，克服对视恐惧

正文：找个好友，克服对视恐惧",https://tieba.baidu.com/p/10595205238,"depression,social_withdrawal,abuse",high,61.8,"model:violence:0.39,model:depression:0.61,model:social_withdrawal:0.70,model:abuse:0.65",0.7,anxiety,新增真实帖子；按既有人工标准补标；标题证据较明确；请复核,train,supplemented_real_label,social_withdrawal,,content_first_rule,anxiety:content
,,726,10598722352,社交恐惧吧,社交恐惧,医院秘密。,医院秘密。,"标题：医院秘密。

正文：医院秘密。",https://tieba.baidu.com/p/10598722352,normal,low,,"model:violence:0.30,model:depression:0.38,model:social_withdrawal:0.43,model:abuse:0.48",0.48,,新增真实帖子；待人工补标,train,new_unreviewed,,,content_first_rule,rule:no_match
,,725,10599378926,社交恐惧吧,社交恐惧,社恐找工作，我在郑州,社恐找工作，我在郑州,"标题：社恐找工作，我在郑州

正文：社恐找工作，我在郑州",https://tieba.baidu.com/p/10599378926,normal,low,,model:social_withdrawal:0.36,0.36,anxiety,新增真实帖子；按既有人工标准补标；标题证据较明确；请复核,train,supplemented_real_label,social_withdrawal,,content_first_rule,anxiety:content
,,724,10604316573,社交恐惧吧,社交恐惧,有没有现实没朋友家里蹲的姐妹交友？,有没有现实没朋友家里蹲的姐妹交友？,"标题：有没有现实没朋友家里蹲的姐妹交友？

正文：有没有现实没朋友家里蹲的姐妹交友？",https://tieba.baidu.com/p/10604316573,normal,low,,model:abuse:0.47,0.47,,新增真实帖子；按既有人工标准补标；标题证据较明确；请复核,train,supplemented_real_label,social_withdrawal,,content_first_cleared_previous,rule:content_info_only
,,723,6567116687,家暴吧,家暴,我是个14岁的男孩，正在上初一，平时学习还行，年级前30吧。,我是个14岁的男孩，正在上初一，平时学习还行，年级前30吧。,"标题：我是个14岁的男孩，正在上初一，平时学习还行，年级前30吧。

正文：我是个14岁的男孩，正在上初一，平时学习还行，年级前30吧。",https://tieba.baidu.com/p/6567116687,normal,low,,model:academic_stress:0.39,0.39,"anxiety,depression",新增真实帖子；待人工补标,dev,new_unreviewed,"depression,anxiety",manual_review_candidates_v14_round1_normalized.csv,manual_validation_override,v17_validation_round1
,,722,10494780093,家暴吧,家暴,发现姑姑被家暴怎么办,发现姑姑被家暴怎么办,"标题：发现姑姑被家暴怎么办

正文：发现姑姑被家暴怎么办",https://tieba.baidu.com/p/10494780093,normal,low,,,0.24,"anxiety,abuse",新增真实帖子；按既有人工标准补标；标题证据较明确；请复核,train,manual_review_merged,abuse,rare_label_shortlist,manual_shortlist_merge,新增真实帖子；按既有人工标准补标；标题证据较明确；请复核
,,721,10268686216,家暴吧,家暴,那双刚施过暴的手 怎么能像若无其事的抱住你,那双刚施过暴的手 怎么能像若无其事的抱住你,"标题：那双刚施过暴的手 怎么能像若无其事的抱住你

正文：那双刚施过暴的手 怎么能像若无其事的抱住你",https://tieba.baidu.com/p/10268686216,"depression,social_withdrawal,abuse",high,64.5,"model:violence:0.39,model:depression:0.71,model:anxiety:0.30,model:social_withdrawal:0.51,model:abuse:0.77",0.77,,新增真实帖子；按既有人工标准补标；标题证据较明确；请复核,train,supplemented_real_label,abuse,,content_first_cleared_previous,rule:no_match
,,720,10611758655,社交恐惧吧,社交恐惧,超级大智慧。,超级大智慧。,"标题：超级大智慧。

正文：超级大智慧。",https://tieba.baidu.com/p/10611758655,"depression,abuse",medium,41.2,"model:violence:0.31,model:depression:0.58,model:social_withdrawal:0.38,model:abuse:0.55",0.58,,新增真实帖子；待人工补标,train,new_unreviewed,,manual_review_candidates_v14_round1_normalized.csv,manual_override,manual_review_candidates_v14_round1_normalized.csv
,,719,10569429002,家暴吧,家暴,家暴无数次，我逃了是对是错,家暴无数次，我逃了是对是错,"标题：家暴无数次，我逃了是对是错

正文：家暴无数次，我逃了是对是错",https://tieba.baidu.com/p/10569429002,normal,low,,model:abuse:0.47,0.47,"depression,anxiety",新增真实帖子；按既有人工标准补标；标题证据较明确；请复核,train,manual_review_merged,abuse,rare_label_shortlist,manual_shortlist_merge,新增真实帖子；按既有人工标准补标；标题证据较明确；请复核
,,718,10399421358,家暴吧,家暴,如何制裁暴力狂父亲,如何制裁暴力狂父亲,"标题：如何制裁暴力狂父亲

正文：如何制裁暴力狂父亲",https://tieba.baidu.com/p/10399421358,normal,low,,model:abuse:0.48,0.48,anxiety,新增真实帖子；按既有人工标准补标；标题证据较明确；请复核,train,manual_review_merged,violence,rare_label_shortlist,manual_shortlist_merge,新增真实帖子；按既有人工标准补标；标题证据较明确；请复核
,,717,10368314549,家暴吧,家暴,我愿意减阳寿换我爸爸去死,我愿意减阳寿换我爸爸去死,"标题：我愿意减阳寿换我爸爸去死

正文：我愿意减阳寿换我爸爸去死",https://tieba.baidu.com/p/10368314549,abuse,low,13.4,"model:social_withdrawal:0.34,model:abuse:0.61",0.61,"abuse,violence,anxiety",新增真实帖子；待人工补标,train,manual_review_merged,"violence,abuse",rare_label_shortlist,manual_shortlist_merge,新增真实帖子；待人工补标
,,716,10554267839,家暴吧,家暴,......,......,"标题：......

正文：......",https://tieba.baidu.com/p/10554267839,normal,low,,model:social_withdrawal:0.31,0.31,,新增真实帖子；待人工补标,train,new_unreviewed,,,content_first_rule,rule:no_match
,,715,10490406100,家暴吧,家暴,有多少女人被男人打了回不了娘家，娘家没指望，没人帮的？,有多少女人被男人打了回不了娘家，娘家没指望，没人帮的？,"标题：有多少女人被男人打了回不了娘家，娘家没指望，没人帮的？

正文：有多少女人被男人打了回不了娘家，娘家没指望，没人帮的？",https://tieba.baidu.com/p/10490406100,normal,low,,"model:social_withdrawal:0.31,model:abuse:0.41",0.41,depression,新增真实帖子；按既有人工标准补标；标题证据较明确；请复核,train,manual_review_merged,violence,rare_label_shortlist,manual_shortlist_merge,新增真实帖子；按既有人工标准补标；标题证据较明确；请复核
,,714,10490453396,抑郁症吧,抑郁症,【260215 倾诉】有爱的世界是什么样？我为什么不开心？,【260215 倾诉】有爱的世界是什么样？我为什么不开心？,"标题：【260215 倾诉】有爱的世界是什么样？我为什么不开心？

正文：【260215 倾诉】有爱的世界是什么样？我为什么不开心？",https://tieba.baidu.com/p/10490453396,"depression,social_withdrawal,abuse",high,59.7,"model:depression:0.59,model:social_withdrawal:0.61,model:abuse:0.71",0.71,,新增真实帖子；按既有人工标准补标；标题证据较明确；请复核,train,supplemented_real_label,depression,,content_first_cleared_previous,rule:content_info_only
,,713,10406207782,抑郁症吧,抑郁症,【260117+倾诉】副作用好大…,【260117+倾诉】副作用好大…,"标题：【260117+倾诉】副作用好大…

正文：【260117+倾诉】副作用好大…",https://tieba.baidu.com/p/10406207782,normal,low,,,0.3,anxiety,新增真实帖子；按既有人工标准补标；标题证据较明确；请复核,test,supplemented_real_label,,,manual_validation_override,v17_validation_round1
,,712,10612477958,抑郁症吧,抑郁症,【260404 求助】如果是你们你们怎么办,【260404 求助】如果是你们你们怎么办,"标题：【260404 求助】如果是你们你们怎么办

正文：【260404 求助】如果是你们你们怎么办",https://tieba.baidu.com/p/10612477958,normal,low,,model:abuse:0.32,0.32,"depression,anxiety",新增真实帖子；待人工补标,train,new_unreviewed,"depression,anxiety",manual_review_candidates_v14_round1_normalized.csv,manual_override,manual_review_candidates_v14_round1_normalized.csv
,,711,10472890137,抑郁症吧,抑郁症,【260209 倾诉】抑郁了六年，今年是第七年，终于把自己熬成了重度抑郁,【260209 倾诉】抑郁了六年，今年是第七年，终于把自己熬成了重度抑郁,"标题：【260209 倾诉】抑郁了六年，今年是第七年，终于把自己熬成了重度抑郁

正文：【260209 倾诉】抑郁了六年，今年是第七年，终于把自己熬成了重度抑郁",https://tieba.baidu.com/p/10472890137,"anxiety,social_withdrawal",medium,39.6,"model:self_harm:0.31,model:depression:0.45,model:anxiety:0.76,model:academic_stress:0.37,model:social_withdrawal:0.52",0.76,depression,新增真实帖子；按既有人工标准补标；标题证据较明确；请复核,train,supplemented_real_label,depression,,content_first_rule,depression:content
,,710,10582231247,抑郁症吧,抑郁症,【260324 倾诉】一些症状求原因？,【260324 倾诉】一些症状求原因？,"标题：【260324 倾诉】一些症状求原因？

正文：【260324 倾诉】一些症状求原因？",https://tieba.baidu.com/p/10582231247,normal,low,,,0.29,,新增真实帖子；待人工补标,train,new_unreviewed,,manual_review_candidates_v14_round1_normalized.csv,manual_override,manual_review_candidates_v14_round1_normalized.csv
,,709,10610194514,抑郁症吧,抑郁症,【260403 倾诉】怎么能检测,【260403 倾诉】怎么能检测,"标题：【260403 倾诉】怎么能检测

正文：【260403 倾诉】怎么能检测",https://tieba.baidu.com/p/10610194514,normal,low,,model:abuse:0.32,0.32,,新增真实帖子；待人工补标,train,new_unreviewed,,,content_first_rule,rule:no_match
,,708,10613787164,抑郁症吧,抑郁症,【260405 倾诉】这个病真可怕,【260405 倾诉】这个病真可怕,"标题：【260405 倾诉】这个病真可怕

正文：【260405 倾诉】这个病真可怕",https://tieba.baidu.com/p/10613787164,abuse,low,15.0,model:abuse:0.68,0.68,,新增真实帖子；按既有人工标准补标；标题证据较明确；请复核,train,supplemented_real_label,depression,,content_first_cleared_previous,rule:no_match
,,707,10596302429,抑郁症吧,抑郁症,好心回复被骂滚,好心回复被骂滚,"标题：好心回复被骂滚

正文：好心回复被骂滚",https://tieba.baidu.com/p/10596302429,social_withdrawal,low,12.6,"model:social_withdrawal:0.53,model:abuse:0.37",0.53,,新增真实帖子；待人工补标,train,new_unreviewed,,,content_first_rule,rule:no_match
,,706,10607497338,抑郁症吧,抑郁症,【260402 倾诉】现实中好孤独，突然想盖个群没事就聊聊天，有病你就来,【260402 倾诉】现实中好孤独，突然想盖个群没事就聊聊天，有病你就来,"标题：【260402 倾诉】现实中好孤独，突然想盖个群没事就聊聊天，有病你就来

正文：【260402 倾诉】现实中好孤独，突然想盖个群没事就聊聊天，有病你就来",https://tieba.baidu.com/p/10607497338,abuse,low,17.3,"model:depression:0.38,model:social_withdrawal:0.43,model:abuse:0.79",0.79,,新增真实帖子；按既有人工标准补标；标题证据较明确；请复核,train,supplemented_real_label,social_withdrawal,,content_first_cleared_previous,rule:content_info_only
,,705,10599139810,抑郁症吧,抑郁症,【260330+倾诉】好难受一直哭悲伤 不想有意识,【260330+倾诉】好难受一直哭悲伤 不想有意识,"标题：【260330+倾诉】好难受一直哭悲伤 不想有意识

正文：【260330+倾诉】好难受一直哭悲伤 不想有意识",https://tieba.baidu.com/p/10599139810,"social_withdrawal,abuse",medium,30.5,"model:depression:0.36,model:social_withdrawal:0.62,model:abuse:0.70",0.7,,新增真实帖子；按既有人工标准补标；标题证据较明确；请复核,train,supplemented_real_label,depression,,content_first_cleared_previous,rule:no_match
,,704,10610982636,抑郁症吧,抑郁症,【260403+倾诉】手指左右抖是躯体化还是帕金森,【260403+倾诉】手指左右抖是躯体化还是帕金森,"标题：【260403+倾诉】手指左右抖是躯体化还是帕金森

正文：【260403+倾诉】手指左右抖是躯体化还是帕金森",https://tieba.baidu.com/p/10610982636,normal,low,,model:abuse:0.34,0.34,,新增真实帖子；待人工补标,train,new_unreviewed,,,content_first_rule,rule:no_match
,,703,10603019346,抑郁症吧,抑郁症,【260331 倾诉】一直就是一个人,【260331 倾诉】一直就是一个人,"标题：【260331 倾诉】一直就是一个人

正文：【260331 倾诉】一直就是一个人",https://tieba.baidu.com/p/10603019346,abuse,low,17.9,"model:depression:0.34,model:abuse:0.82",0.82,,新增真实帖子；按既有人工标准补标；标题证据较明确；请复核,train,supplemented_real_label,social_withdrawal,,content_first_cleared_previous,rule:no_match
,,702,10590060805,抑郁症吧,抑郁症,【260326 倾诉】家里蹲好几年好焦虑,【260326 倾诉】家里蹲好几年好焦虑,"标题：【260326 倾诉】家里蹲好几年好焦虑

正文：【260326 倾诉】家里蹲好几年好焦虑",https://tieba.baidu.com/p/10590060805,normal,low,,,0.25,anxiety,新增真实帖子；按既有人工标准补标；标题证据较明确；请复核,train,supplemented_real_label,anxiety,,content_first_rule,anxiety:content
,,701,10610717621,抑郁症吧,抑郁症,【260403 求助】为什么生活很平静很幸福，却还是难受,【260403 求助】为什么生活很平静很幸福，却还是难受,"标题：【260403 求助】为什么生活很平静很幸福，却还是难受

正文：【260403 求助】为什么生活很平静很幸福，却还是难受",https://tieba.baidu.com/p/10610717621,social_withdrawal,low,15.9,"model:depression:0.49,model:social_withdrawal:0.66,model:abuse:0.47",0.66,,新增真实帖子；按既有人工标准补标；标题证据较明确；请复核,train,supplemented_real_label,depression,,content_first_cleared_previous,rule:no_match
,,700,10535483321,抑郁症吧,抑郁症,【260305 倾诉】焦虑抑郁的朋友们，可以聊聊吗？,【260305 倾诉】焦虑抑郁的朋友们，可以聊聊吗？,"标题：【260305 倾诉】焦虑抑郁的朋友们，可以聊聊吗？

正文：【260305 倾诉】焦虑抑郁的朋友们，可以聊聊吗？",https://tieba.baidu.com/p/10535483321,normal,low,,model:social_withdrawal:0.47,0.47,"depression,anxiety",新增真实帖子；按既有人工标准补标；标题证据较明确；请复核,train,supplemented_real_label,"depression,anxiety",,content_first_rule,anxiety:content;depression:content
,,699,10403344444,抑郁症吧,抑郁症,【260116+倾诉】共同交流的方式 希望你早日走出来,【260116+倾诉】共同交流的方式 希望你早日走出来,"标题：【260116+倾诉】共同交流的方式 希望你早日走出来

正文：【260116+倾诉】共同交流的方式 希望你早日走出来",https://tieba.baidu.com/p/10403344444,social_withdrawal,low,12.3,"model:social_withdrawal:0.51,model:abuse:0.33",0.51,,新增真实帖子；待人工补标,train,new_unreviewed,,,content_first_rule,rule:no_match
,,698,10598191103,抑郁症吧,抑郁症,【260330 倾诉】连续三天，每天就睡三四个小时，好难受,【260330 倾诉】连续三天，每天就睡三四个小时，好难受,"标题：【260330 倾诉】连续三天，每天就睡三四个小时，好难受

正文：【260330 倾诉】连续三天，每天就睡三四个小时，好难受",https://tieba.baidu.com/p/10598191103,anxiety,medium,22.3,"model:anxiety:0.62,model:academic_stress:0.38,model:social_withdrawal:0.32",0.62,,新增真实帖子；按既有人工标准补标；标题证据较明确；请复核,train,supplemented_real_label,"depression,anxiety",,content_first_cleared_previous,rule:no_match
,,697,10598792115,抑郁症吧,抑郁症,【260330 倾诉】终于扛不住了，开始精神中心诊疗。,【260330 倾诉】终于扛不住了，开始精神中心诊疗。,"标题：【260330 倾诉】终于扛不住了，开始精神中心诊疗。

正文：【260330 倾诉】终于扛不住了，开始精神中心诊疗。",https://tieba.baidu.com/p/10598792115,"anxiety,social_withdrawal",medium,38.9,"model:depression:0.33,model:anxiety:0.67,model:academic_stress:0.37,model:social_withdrawal:0.62",0.67,,新增真实帖子；按既有人工标准补标；标题证据较明确；请复核,train,supplemented_real_label,depression,,content_first_cleared_previous,rule:no_match
,,696,10595959579,抑郁症吧,抑郁症,【260329 求助】抑郁症期间精神出轨算出轨吗？,【260329 求助】抑郁症期间精神出轨算出轨吗？,"标题：【260329 求助】抑郁症期间精神出轨算出轨吗？

正文：【260329 求助】抑郁症期间精神出轨算出轨吗？",https://tieba.baidu.com/p/10595959579,normal,low,,model:academic_stress:0.34,0.34,depression,新增真实帖子；待人工补标,train,new_unreviewed,,,content_first_rule,depression:content
,,695,10583533652,抑郁症吧,抑郁症,【20260324 倾诉】还有谁能和我一样孤独。现实中没朋友网络也没朋友哈哈哈,【20260324 倾诉】还有谁能和我一样孤独。现实中没朋友网络也没朋友哈哈哈,"标题：【20260324 倾诉】还有谁能和我一样孤独。现实中没朋友网络也没朋友哈哈哈

正文：【20260324 倾诉】还有谁能和我一样孤独。现实中没朋友网络也没朋友哈哈哈",https://tieba.baidu.com/p/10583533652,"depression,social_withdrawal,abuse",high,63.8,"model:depression:0.61,model:social_withdrawal:0.68,model:abuse:0.77",0.77,"depression,social_withdrawal",新增真实帖子；按既有人工标准补标；标题证据较明确；请复核,train,manual_review_merged,social_withdrawal,rare_label_shortlist,manual_shortlist_merge,新增真实帖子；按既有人工标准补标；标题证据较明确；请复核
,,694,10584939230,抑郁症吧,抑郁症,【260325 倾诉】有什么办法能让抑郁症患者积极一点吗,【260325 倾诉】有什么办法能让抑郁症患者积极一点吗,"标题：【260325 倾诉】有什么办法能让抑郁症患者积极一点吗

正文：【260325 倾诉】有什么办法能让抑郁症患者积极一点吗",https://tieba.baidu.com/p/10584939230,normal,low,,,0.23,depression,新增真实帖子；待人工补标,train,new_unreviewed,,,content_first_rule,depression:content
,,693,10526632062,抑郁症吧,抑郁症,【260302 倾诉】～我的感悟～,【260302 倾诉】～我的感悟～,"标题：【260302 倾诉】～我的感悟～

正文：【260302 倾诉】～我的感悟～",https://tieba.baidu.com/p/10526632062,abuse,low,11.4,model:abuse:0.52,0.52,,新增真实帖子；待人工补标,train,new_unreviewed,,,content_first_rule,rule:no_match
,,692,10612265042,抑郁症吧,抑郁症,【260404+求助】我做什么比较好,【260404+求助】我做什么比较好,"标题：【260404+求助】我做什么比较好

正文：【260404+求助】我做什么比较好",https://tieba.baidu.com/p/10612265042,normal,low,,,0.26,,新增真实帖子；待人工补标,train,new_unreviewed,,,content_first_rule,rule:content_info_only
,,691,8347189760,抑郁症吧,抑郁症,【20230407 倾诉】五年了，还是复发了，给自己开个楼,【20230407 倾诉】五年了，还是复发了，给自己开个楼,"标题：【20230407 倾诉】五年了，还是复发了，给自己开个楼

正文：【20230407 倾诉】五年了，还是复发了，给自己开个楼",https://tieba.baidu.com/p/8347189760,normal,low,,"model:social_withdrawal:0.42,model:abuse:0.50",0.5,,新增真实帖子；按既有人工标准补标；标题证据较明确；请复核,train,supplemented_real_label,depression,,content_first_cleared_previous,rule:no_match
,,690,10600929921,抑郁症吧,抑郁症,【260331 倾诉】心里挺难受的,【260331 倾诉】心里挺难受的,"标题：【260331 倾诉】心里挺难受的

正文：【260331 倾诉】心里挺难受的",https://tieba.baidu.com/p/10600929921,abuse,low,14.2,"model:social_withdrawal:0.50,model:abuse:0.65",0.65,depression,新增真实帖子；按既有人工标准补标；标题证据较明确；请复核,dev,supplemented_real_label,,,manual_validation_override,v17_validation_round1
,,689,10610993564,抑郁症吧,抑郁症,【260403 倾诉】神，你会拯救我吗？,【260403 倾诉】神，你会拯救我吗？,"标题：【260403 倾诉】神，你会拯救我吗？

正文：【260403 倾诉】神，你会拯救我吗？",https://tieba.baidu.com/p/10610993564,"depression,abuse",medium,46.6,"model:violence:0.36,model:depression:0.56,model:social_withdrawal:0.44,model:abuse:0.84",0.84,,新增真实帖子；按既有人工标准补标；标题证据较明确；请复核,train,supplemented_real_label,depression,,content_first_cleared_previous,rule:no_match
,,688,10613730399,抑郁症吧,抑郁症,【260405 倾诉】11111,【260405 倾诉】11111,"标题：【260405 倾诉】11111

正文：【260405 倾诉】11111",https://tieba.baidu.com/p/10613730399,normal,low,,model:abuse:0.32,0.32,,新增真实帖子；待人工补标,train,new_unreviewed,,,content_first_rule,rule:no_match
,,687,10605849143,抑郁症吧,抑郁症,【260401 倾诉】我告诉自己这不是病,【260401 倾诉】我告诉自己这不是病,"标题：【260401 倾诉】我告诉自己这不是病

正文：【260401 倾诉】我告诉自己这不是病",https://tieba.baidu.com/p/10605849143,"depression,abuse",medium,45.9,"model:depression:0.54,model:social_withdrawal:0.40,model:abuse:0.86",0.86,,新增真实帖子；按既有人工标准补标；标题证据较明确；请复核,train,supplemented_real_label,depression,,content_first_cleared_previous,rule:no_match
,,686,10606502947,抑郁症吧,抑郁症,【260402 求助】睡不着怎么办？,【260402 求助】睡不着怎么办？,"标题：【260402 求助】睡不着怎么办？

正文：【260402 求助】睡不着怎么办？",https://tieba.baidu.com/p/10606502947,normal,low,,model:social_withdrawal:0.36,0.36,,新增真实帖子；待人工补标,train,new_unreviewed,,,content_first_rule,rule:content_info_only
,,685,10612304595,抑郁症吧,抑郁症,【260404 倾诉】压抑抑郁情绪,【260404 倾诉】压抑抑郁情绪,"标题：【260404 倾诉】压抑抑郁情绪

正文：【260404 倾诉】压抑抑郁情绪",https://tieba.baidu.com/p/10612304595,normal,low,,,0.26,depression,新增真实帖子；按既有人工标准补标；标题证据较明确；请复核,train,supplemented_real_label,depression,,content_first_rule,depression:content
,,684,10464924698,抑郁症吧,抑郁症,【260206 倾诉】我日子过成这样，仇人都会释怀的,【260206 倾诉】我日子过成这样，仇人都会释怀的,"标题：【260206 倾诉】我日子过成这样，仇人都会释怀的

正文：【260206 倾诉】我日子过成这样，仇人都会释怀的",https://tieba.baidu.com/p/10464924698,"violence,depression,social_withdrawal,abuse",high,100.0,"model:self_harm:0.33,model:violence:0.61,model:depression:0.72,model:social_withdrawal:0.74,model:abuse:0.81",0.81,,新增真实帖子；按既有人工标准补标；标题证据较明确；请复核,train,supplemented_real_label,depression,,content_first_cleared_previous,rule:no_match
,,683,10610875431,抑郁症吧,抑郁症,【260403 倾诉】请教师傅们,【260403 倾诉】请教师傅们,"标题：【260403 倾诉】请教师傅们

正文：【260403 倾诉】请教师傅们",https://tieba.baidu.com/p/10610875431,normal,low,,,0.28,,新增真实帖子；待人工补标,train,new_unreviewed,,,content_first_rule,rule:content_info_only
,,682,10207110319,抑郁症吧,抑郁症,【251112 倾诉】不要逼我出去走走了,【251112 倾诉】不要逼我出去走走了,"标题：【251112 倾诉】不要逼我出去走走了

正文：【251112 倾诉】不要逼我出去走走了",https://tieba.baidu.com/p/10207110319,"social_withdrawal,abuse",medium,29.8,"model:depression:0.47,model:social_withdrawal:0.55,model:abuse:0.76",0.76,,新增真实帖子；按既有人工标准补标；标题证据较明确；请复核,train,supplemented_real_label,social_withdrawal,,content_first_cleared_previous,rule:no_match
,,681,10372259992,抑郁症吧,抑郁症,【260106 倾诉】自建交流群,【260106 倾诉】自建交流群,"标题：【260106 倾诉】自建交流群

正文：【260106 倾诉】自建交流群",https://tieba.baidu.com/p/10372259992,normal,low,,,0.27,,新增真实帖子；待人工补标,train,new_unreviewed,,,content_first_rule,rule:content_info_only
,,680,10427710487,抑郁症吧,抑郁症,【260125 倾诉】完整叙述一下我的病情,【260125 倾诉】完整叙述一下我的病情,"标题：【260125 倾诉】完整叙述一下我的病情

正文：【260125 倾诉】完整叙述一下我的病情",https://tieba.baidu.com/p/10427710487,normal,low,,,0.23,,新增真实帖子；按既有人工标准补标；标题证据较明确；请复核,train,supplemented_real_label,depression,,content_first_cleared_previous,rule:no_match
,,679,6055228869,抑郁症吧,抑郁症,有没有人早上起床的时候难受的特别绝望想死的,有没有人早上起床的时候难受的特别绝望想死的,"标题：有没有人早上起床的时候难受的特别绝望想死的

正文：有没有人早上起床的时候难受的特别绝望想死的",https://tieba.baidu.com/p/6055228869,"social_withdrawal,abuse",medium,32.0,"model:depression:0.42,model:social_withdrawal:0.67,model:abuse:0.73",0.73,"depression,anxiety,self_harm",新增真实帖子；待人工补标,test,manual_review_merged,"self_harm,social_withdrawal,anxiety",rare_label_shortlist,manual_shortlist_merge,新增真实帖子；待人工补标
,,678,10516463504,抑郁症吧,抑郁症,【260226 倾诉】记录吃药感受（三）,【260226 倾诉】记录吃药感受（三）,"标题：【260226 倾诉】记录吃药感受（三）

正文：【260226 倾诉】记录吃药感受（三）",https://tieba.baidu.com/p/10516463504,normal,low,,model:abuse:0.37,0.37,,新增真实帖子；待人工补标,train,new_unreviewed,,,content_first_rule,rule:content_info_only
,,677,10416667311,抑郁症吧,抑郁症,【260121 倾诉】抑郁的宝宝们，也许能帮到你,【260121 倾诉】抑郁的宝宝们，也许能帮到你,"标题：【260121 倾诉】抑郁的宝宝们，也许能帮到你

正文：【260121 倾诉】抑郁的宝宝们，也许能帮到你",https://tieba.baidu.com/p/10416667311,social_withdrawal,low,12.6,"model:social_withdrawal:0.52,model:abuse:0.47",0.52,depression,新增真实帖子；待人工补标,train,new_unreviewed,,,content_first_rule,depression:content
,,676,10607949557,抑郁症吧,抑郁症,【260402 倾诉】我感觉现在特别迷茫,【260402 倾诉】我感觉现在特别迷茫,"标题：【260402 倾诉】我感觉现在特别迷茫

正文：【260402 倾诉】我感觉现在特别迷茫",https://tieba.baidu.com/p/10607949557,"social_withdrawal,abuse",medium,26.4,"model:social_withdrawal:0.51,model:abuse:0.64",0.64,"depression,social_withdrawal",新增真实帖子；待人工补标,train,new_unreviewed,"depression,social_withdrawal",manual_review_candidates_v14_round2_normalized.csv,manual_override,manual_review_candidates_v14_round2_normalized.csv
,,675,10540671095,抑郁症吧,抑郁症,【260307 倾诉】弟弟高一休学半年，完全沉默，全家快撑不下去了,【260307 倾诉】弟弟高一休学半年，完全沉默，全家快撑不下去了,"标题：【260307 倾诉】弟弟高一休学半年，完全沉默，全家快撑不下去了

正文：【260307 倾诉】弟弟高一休学半年，完全沉默，全家快撑不下去了",https://tieba.baidu.com/p/10540671095,"social_withdrawal,abuse",medium,29.4,"model:violence:0.37,model:depression:0.43,model:anxiety:0.34,model:social_withdrawal:0.66,model:abuse:0.61",0.66,anxiety,新增真实帖子；待人工补标,train,new_unreviewed,anxiety,manual_review_candidates_v14_round2_normalized.csv,manual_override,manual_review_candidates_v14_round2_normalized.csv
,,674,10561338533,抑郁症吧,抑郁症,【260316 倾诉】手机被脑袋底下压一宿老是担心坏了怎么办,【260316 倾诉】手机被脑袋底下压一宿老是担心坏了怎么办,"标题：【260316 倾诉】手机被脑袋底下压一宿老是担心坏了怎么办

正文：【260316 倾诉】手机被脑袋底下压一宿老是担心坏了怎么办",https://tieba.baidu.com/p/10561338533,normal,low,,model:academic_stress:0.30,0.3,,新增真实帖子；待人工补标,train,new_unreviewed,,,content_first_rule,rule:no_match
,,673,10595097176,抑郁症吧,抑郁症,【260328 求助】高三抑郁休学后复读是否明智？,【260328 求助】高三抑郁休学后复读是否明智？,"标题：【260328 求助】高三抑郁休学后复读是否明智？

正文：【260328 求助】高三抑郁休学后复读是否明智？",https://tieba.baidu.com/p/10595097176,academic_stress,low,14.6,"model:anxiety:0.45,model:academic_stress:0.61",0.61,"anxiety,academic_stress",新增真实帖子；待人工补标,train,new_unreviewed,"anxiety,academic_stress",manual_review_candidates_v14_round1_normalized.csv,manual_override,manual_review_candidates_v14_round1_normalized.csv
,,672,10575426482,抑郁症吧,抑郁症,【260321 求助】帮帮我，帮帮我,【260321 求助】帮帮我，帮帮我,"标题：【260321 求助】帮帮我，帮帮我

正文：【260321 求助】帮帮我，帮帮我",https://tieba.baidu.com/p/10575426482,normal,low,,,0.23,,新增真实帖子；待人工补标,train,new_unreviewed,,,content_first_rule,rule:content_info_only
,,671,10488653257,抑郁症吧,抑郁症,【20260215 倾诉】为什么夜深了孤独感就会加重，甚至有,【20260215 倾诉】为什么夜深了孤独感就会加重，甚至有,"标题：【20260215 倾诉】为什么夜深了孤独感就会加重，甚至有

正文：【20260215 倾诉】为什么夜深了孤独感就会加重，甚至有",https://tieba.baidu.com/p/10488653257,abuse,low,13.4,"model:social_withdrawal:0.46,model:abuse:0.61",0.61,,新增真实帖子；待人工补标,train,new_unreviewed,,,content_first_rule,rule:no_match
,,670,10595277932,抑郁症吧,抑郁症,记录一下每天状况,记录一下每天状况,"标题：记录一下每天状况

正文：记录一下每天状况",https://tieba.baidu.com/p/10595277932,normal,low,,,0.15,,新增真实帖子；待人工补标,train,new_unreviewed,,,content_first_rule,rule:content_info_only
,,669,10575932530,抑郁症吧,抑郁症,【260321 倾诉】生活过得很压抑，很抑郁。,【260321 倾诉】生活过得很压抑，很抑郁。,"标题：【260321 倾诉】生活过得很压抑，很抑郁。

正文：【260321 倾诉】生活过得很压抑，很抑郁。",https://tieba.baidu.com/p/10575932530,"depression,anxiety,social_withdrawal",high,69.4,"model:self_harm:0.31,model:violence:0.33,model:depression:0.58,model:anxiety:0.64,model:social_withdrawal:0.72,model:abuse:0.34",0.72,"depression,anxiety",新增真实帖子；待人工补标,train,new_unreviewed,"depression,anxiety",manual_review_candidates_v14_round1_normalized.csv,manual_override,manual_review_candidates_v14_round1_normalized.csv
,,668,10612736559,抑郁症吧,抑郁症,【260404 吧友互动】有没有抑郁症来找我呀。,【260404 吧友互动】有没有抑郁症来找我呀。,"标题：【260404 吧友互动】有没有抑郁症来找我呀。

正文：【260404 吧友互动】有没有抑郁症来找我呀。",https://tieba.baidu.com/p/10612736559,normal,low,,"model:social_withdrawal:0.30,model:abuse:0.32",0.32,depression,新增真实帖子；待人工补标,train,new_unreviewed,,,content_first_rule,depression:content
,,667,10359499726,抑郁症吧,抑郁症,【260102+倾诉】随便说点什么吧,【260102+倾诉】随便说点什么吧,"标题：【260102+倾诉】随便说点什么吧

正文：【260102+倾诉】随便说点什么吧",https://tieba.baidu.com/p/10359499726,abuse,low,14.2,model:abuse:0.64,0.64,,新增真实帖子；待人工补标,train,new_unreviewed,,,content_first_rule,rule:no_match
,,666,10600473691,抑郁症吧,抑郁症,【260330 倾诉】我该怎么开导我弟,【260330 倾诉】我该怎么开导我弟,"标题：【260330 倾诉】我该怎么开导我弟

正文：【260330 倾诉】我该怎么开导我弟",https://tieba.baidu.com/p/10600473691,abuse,low,14.2,model:abuse:0.65,0.65,,新增真实帖子；待人工补标,train,new_unreviewed,,,content_first_rule,rule:no_match
,,665,10599549277,抑郁症吧,抑郁症,睡吧，睡一觉就结束了…,睡吧，睡一觉就结束了…,"标题：睡吧，睡一觉就结束了…

正文：睡吧，睡一觉就结束了…",https://tieba.baidu.com/p/10599549277,social_withdrawal,low,12.2,model:social_withdrawal:0.51,0.51,"depression,self_harm",新增真实帖子；待人工补标,test,manual_review_merged,"depression,self_harm",rare_label_shortlist,manual_shortlist_merge,新增真实帖子；待人工补标
,,664,10614592270,抑郁症吧,抑郁症,【260405 倾诉】我可怎么整,【260405 倾诉】我可怎么整,"标题：【260405 倾诉】我可怎么整

正文：【260405 倾诉】我可怎么整",https://tieba.baidu.com/p/10614592270,abuse,low,17.1,model:abuse:0.78,0.78,,新增真实帖子；待人工补标,train,new_unreviewed,,,content_first_rule,rule:no_match
,,663,9700183527,抑郁症吧,抑郁症,【250509 倾诉】继续记录，上贴被删,【250509 倾诉】继续记录，上贴被删,"标题：【250509 倾诉】继续记录，上贴被删

正文：【250509 倾诉】继续记录，上贴被删",https://tieba.baidu.com/p/9700183527,normal,low,,model:abuse:0.37,0.37,,新增真实帖子；待人工补标,train,new_unreviewed,,,content_first_rule,rule:content_info_only
,,662,9201276796,抑郁症吧,抑郁症,我感觉我快撑不住了,我感觉我快撑不住了,"标题：我感觉我快撑不住了

正文：我感觉我快撑不住了",https://tieba.baidu.com/p/9201276796,social_withdrawal,low,12.3,"model:anxiety:0.39,model:academic_stress:0.49,model:social_withdrawal:0.51",0.51,"academic_stress,anxiety",新增真实帖子；待人工补标,test,new_unreviewed,"depression,anxiety",manual_review_candidates_v14_round1_normalized.csv,manual_validation_override,v17_validation_round1
,,661,10604763113,抑郁症吧,抑郁症,【260401 求助】想找一个抑郁女友可奔现的,【260401 求助】想找一个抑郁女友可奔现的,"标题：【260401 求助】想找一个抑郁女友可奔现的

正文：【260401 求助】想找一个抑郁女友可奔现的",https://tieba.baidu.com/p/10604763113,normal,low,,model:academic_stress:0.31,0.31,depression,新增真实帖子；待人工补标,train,new_unreviewed,,,content_first_rule,depression:content
,,660,10608460417,抑郁症吧,抑郁症,【260402 倾诉】感到极端痛苦,【260402 倾诉】感到极端痛苦,"标题：【260402 倾诉】感到极端痛苦

正文：【260402 倾诉】感到极端痛苦",https://tieba.baidu.com/p/10608460417,abuse,low,16.6,"model:depression:0.33,model:social_withdrawal:0.39,model:abuse:0.75",0.75,"depression,anxiety",新增真实帖子；待人工补标,train,new_unreviewed,"depression,anxiety",manual_review_candidates_v14_round1_normalized.csv,manual_override,manual_review_candidates_v14_round1_normalized.csv
,,659,10542307009,抑郁症吧,抑郁症,【260308 倾诉】高一弟弟休学半年，拒绝沟通，全网求破局方法 📍,【260308 倾诉】高一弟弟休学半年，拒绝沟通，全网求破局方法 📍,"标题：【260308 倾诉】高一弟弟休学半年，拒绝沟通，全网求破局方法 📍

正文：【260308 倾诉】高一弟弟休学半年，拒绝沟通，全网求破局方法 📍",https://tieba.baidu.com/p/10542307009,normal,low,,model:abuse:0.36,0.36,,新增真实帖子；待人工补标,train,new_unreviewed,,,content_first_rule,rule:no_match
,,658,7155682374,抑郁症吧,抑郁症,【201217 倾诉】日记,【201217 倾诉】日记,"标题：【201217 倾诉】日记

正文：【201217 倾诉】日记",https://tieba.baidu.com/p/7155682374,normal,low,,"model:social_withdrawal:0.33,model:abuse:0.37",0.37,,新增真实帖子；待人工补标,train,new_unreviewed,,,content_first_rule,rule:no_match
,,657,10611665197,抑郁症吧,抑郁症,【260404+倾诉】焦虑抑郁状态是抑郁症吗？,【260404+倾诉】焦虑抑郁状态是抑郁症吗？,"标题：【260404+倾诉】焦虑抑郁状态是抑郁症吗？

正文：【260404+倾诉】焦虑抑郁状态是抑郁症吗？",https://tieba.baidu.com/p/10611665197,normal,low,,,0.3,,新增真实帖子；待人工补标,train,new_unreviewed,,manual_review_candidates_v14_round1_normalized.csv,manual_override,manual_review_candidates_v14_round1_normalized.csv
,,656,10568221094,抑郁症吧,抑郁症,【260318 倾诉】如何与抑郁朋友相处啊,【260318 倾诉】如何与抑郁朋友相处啊,"标题：【260318 倾诉】如何与抑郁朋友相处啊

正文：【260318 倾诉】如何与抑郁朋友相处啊",https://tieba.baidu.com/p/10568221094,normal,low,,,0.29,depression,新增真实帖子；待人工补标,train,new_unreviewed,,,content_first_rule,depression:content
,,655,10613194259,抑郁症吧,抑郁症,【260404 求助】抑郁症，休学复读,【260404 求助】抑郁症，休学复读,"标题：【260404 求助】抑郁症，休学复读

正文：【260404 求助】抑郁症，休学复读",https://tieba.baidu.com/p/10613194259,normal,low,,model:academic_stress:0.38,0.38,anxiety,新增真实帖子；待人工补标,train,new_unreviewed,anxiety,manual_review_candidates_v14_round1_normalized.csv,manual_override,manual_review_candidates_v14_round1_normalized.csv
,,654,10614061082,抑郁症吧,抑郁症,看看我自己吧,看看我自己吧,"标题：看看我自己吧

正文：看看我自己吧",https://tieba.baidu.com/p/10614061082,normal,low,,"model:depression:0.32,model:social_withdrawal:0.33,model:abuse:0.39",0.39,,新增真实帖子；待人工补标,train,new_unreviewed,,,content_first_rule,rule:no_match
,,653,10591836376,抑郁症吧,抑郁症,【20260327 倾诉】礼貌问问我这种情况...,【20260327 倾诉】礼貌问问我这种情况...,"标题：【20260327 倾诉】礼貌问问我这种情况...

正文：【20260327 倾诉】礼貌问问我这种情况...",https://tieba.baidu.com/p/10591836376,normal,low,,model:abuse:0.38,0.38,,新增真实帖子；待人工补标,train,new_unreviewed,,,content_first_rule,rule:no_match
,,652,10548552513,抑郁症吧,抑郁症,【260311 倾诉】【260311】记录,【260311 倾诉】【260311】记录,"标题：【260311 倾诉】【260311】记录

正文：【260311 倾诉】【260311】记录",https://tieba.baidu.com/p/10548552513,normal,low,,model:abuse:0.31,0.31,,新增真实帖子；待人工补标,train,new_unreviewed,,,content_first_rule,rule:content_info_only
,,651,10597473981,抑郁症吧,抑郁症,一些碎碎念,一些碎碎念,"标题：一些碎碎念

正文：一些碎碎念",https://tieba.baidu.com/p/10597473981,normal,low,,,0.27,,新增真实帖子；待人工补标,train,new_unreviewed,,,content_first_rule,rule:no_match
,,650,10613286726,抑郁症吧,抑郁症,【260404 倾诉】😰😰😰😰😰,【260404 倾诉】😰😰😰😰😰,"标题：【260404 倾诉】😰😰😰😰😰

正文：【260404 倾诉】😰😰😰😰😰",https://tieba.baidu.com/p/10613286726,normal,low,,model:abuse:0.31,0.31,,新增真实帖子；待人工补标,train,new_unreviewed,,,content_first_rule,rule:no_match
,,649,7907781599,抑郁症吧,抑郁症,【220704 倾诉】自言自语。,【220704 倾诉】自言自语。,"标题：【220704 倾诉】自言自语。

正文：【220704 倾诉】自言自语。",https://tieba.baidu.com/p/7907781599,"social_withdrawal,abuse",medium,27.1,"model:depression:0.37,model:social_withdrawal:0.51,model:abuse:0.67",0.67,,新增真实帖子；待人工补标,train,new_unreviewed,,,content_first_rule,rule:no_match
,,648,10612217620,抑郁症吧,抑郁症,【260404 倾诉】怎么和新同学相处😭😭,【260404 倾诉】怎么和新同学相处😭😭,"标题：【260404 倾诉】怎么和新同学相处😭😭

正文：【260404 倾诉】怎么和新同学相处😭😭",https://tieba.baidu.com/p/10612217620,normal,low,,model:abuse:0.36,0.36,anxiety,新增真实帖子；待人工补标,train,new_unreviewed,anxiety,manual_review_candidates_v14_round2_normalized.csv,manual_override,manual_review_candidates_v14_round2_normalized.csv
,,647,10535832782,抑郁症吧,抑郁症,【260306 倾诉】深夜了，讲一些自己精神的经历，和总觉得自己需要一些救赎,【260306 倾诉】深夜了，讲一些自己精神的经历，和总觉得自己需要一些救赎,"标题：【260306 倾诉】深夜了，讲一些自己精神的经历，和总觉得自己需要一些救赎

正文：【260306 倾诉】深夜了，讲一些自己精神的经历，和总觉得自己需要一些救赎",https://tieba.baidu.com/p/10535832782,"depression,social_withdrawal,abuse",high,62.8,"model:depression:0.60,model:social_withdrawal:0.60,model:abuse:0.82",0.82,social_withdrawal,新增真实帖子；待人工补标,train,new_unreviewed,social_withdrawal,manual_review_candidates_v14_round1_normalized.csv,manual_override,manual_review_candidates_v14_round1_normalized.csv
,,646,10557341488,抑郁症吧,抑郁症,【260314 倾诉】记录下在寺庙当义工的日常,【260314 倾诉】记录下在寺庙当义工的日常,"标题：【260314 倾诉】记录下在寺庙当义工的日常

正文：【260314 倾诉】记录下在寺庙当义工的日常",https://tieba.baidu.com/p/10557341488,normal,low,,model:abuse:0.47,0.47,,新增真实帖子；待人工补标,train,new_unreviewed,,,content_first_rule,rule:content_info_only
,,645,10613545743,抑郁症吧,抑郁症,【260404 倾诉】我真的有点难过了,【260404 倾诉】我真的有点难过了,"标题：【260404 倾诉】我真的有点难过了

正文：【260404 倾诉】我真的有点难过了",https://tieba.baidu.com/p/10613545743,"social_withdrawal,abuse",medium,29.9,"model:depression:0.40,model:social_withdrawal:0.60,model:abuse:0.70",0.7,"depression,anxiety",新增真实帖子；待人工补标,train,new_unreviewed,"depression,anxiety",manual_review_candidates_v14_round1_normalized.csv,manual_override,manual_review_candidates_v14_round1_normalized.csv
,,644,10613690071,抑郁症吧,抑郁症,我发现我挺双标的，如果是我自己给喜欢的人当小三,我发现我挺双标的，如果是我自己给喜欢的人当小三,"标题：我发现我挺双标的，如果是我自己给喜欢的人当小三

正文：我发现我挺双标的，如果是我自己给喜欢的人当小三",https://tieba.baidu.com/p/10613690071,abuse,low,14.5,model:abuse:0.66,0.66,,新增真实帖子；待人工补标,train,new_unreviewed,,,content_first_rule,rule:no_match
,,643,10559065721,抑郁症吧,抑郁症,【260315+倾诉】36岁，还在生病中，复发,【260315+倾诉】36岁，还在生病中，复发,"标题：【260315+倾诉】36岁，还在生病中，复发

正文：【260315+倾诉】36岁，还在生病中，复发",https://tieba.baidu.com/p/10559065721,normal,low,,"model:social_withdrawal:0.46,model:abuse:0.38",0.46,,新增真实帖子；待人工补标,train,new_unreviewed,,,content_first_rule,rule:no_match
,,642,10564518798,抑郁症吧,抑郁症,【260317+倾诉】求助:没有处方怎么买药,【260317+倾诉】求助:没有处方怎么买药,"标题：【260317+倾诉】求助:没有处方怎么买药

正文：【260317+倾诉】求助:没有处方怎么买药",https://tieba.baidu.com/p/10564518798,normal,low,,model:academic_stress:0.33,0.33,,新增真实帖子；待人工补标,train,new_unreviewed,,,content_first_rule,rule:content_info_only
,,641,10595643271,抑郁症吧,抑郁症,【260329 倾诉】我也没想到我也会去送外卖,【260329 倾诉】我也没想到我也会去送外卖,"标题：【260329 倾诉】我也没想到我也会去送外卖

正文：【260329 倾诉】我也没想到我也会去送外卖",https://tieba.baidu.com/p/10595643271,normal,low,,model:abuse:0.46,0.46,,新增真实帖子；待人工补标,train,new_unreviewed,,,content_first_rule,rule:no_match
,,640,10594992150,抑郁症吧,抑郁症,【260328 倾诉】心理病情分析,【260328 倾诉】心理病情分析,"标题：【260328 倾诉】心理病情分析

正文：【260328 倾诉】心理病情分析",https://tieba.baidu.com/p/10594992150,normal,low,,,0.24,,新增真实帖子；待人工补标,train,new_unreviewed,,,content_first_rule,rule:no_match
,,639,10573199612,抑郁症吧,抑郁症,【260320 倾诉】有没有严重一点的病友,【260320 倾诉】有没有严重一点的病友,"标题：【260320 倾诉】有没有严重一点的病友

正文：【260320 倾诉】有没有严重一点的病友",https://tieba.baidu.com/p/10573199612,normal,low,,,0.3,,新增真实帖子；待人工补标,train,new_unreviewed,,,content_first_rule,rule:no_match
,,638,10614532926,抑郁症吧,抑郁症,【260405 倾诉】一封交友贴,【260405 倾诉】一封交友贴,"标题：【260405 倾诉】一封交友贴

正文：【260405 倾诉】一封交友贴",https://tieba.baidu.com/p/10614532926,abuse,low,12.5,model:abuse:0.57,0.57,,新增真实帖子；待人工补标,train,new_unreviewed,,,content_first_rule,rule:content_info_only
,,637,10474912206,抑郁症吧,抑郁症,【260209 倾诉】于是我想我应该学会表达。,【260209 倾诉】于是我想我应该学会表达。,"标题：【260209 倾诉】于是我想我应该学会表达。

正文：【260209 倾诉】于是我想我应该学会表达。",https://tieba.baidu.com/p/10474912206,"depression,social_withdrawal",high,58.5,"model:self_harm:0.43,model:violence:0.41,model:depression:0.75,model:anxiety:0.47,model:social_withdrawal:0.87,model:abuse:0.46",0.87,depression,新增真实帖子；待人工补标,train,new_unreviewed,depression,manual_review_candidates_v14_round2_normalized.csv,manual_override,manual_review_candidates_v14_round2_normalized.csv
,,636,10595344210,抑郁症吧,抑郁症,【260328+倾诉】我或许是一个失败的人,【260328+倾诉】我或许是一个失败的人,"标题：【260328+倾诉】我或许是一个失败的人

正文：【260328+倾诉】我或许是一个失败的人",https://tieba.baidu.com/p/10595344210,"social_withdrawal,abuse",medium,28.0,"model:depression:0.41,model:social_withdrawal:0.52,model:abuse:0.70",0.7,"anxiety,social_withdrawal",新增真实帖子；待人工补标,train,new_unreviewed,"anxiety,social_withdrawal",manual_review_candidates_v14_round2_normalized.csv,manual_override,manual_review_candidates_v14_round2_normalized.csv
,,635,10077032877,抑郁症吧,抑郁症,【250927 倾诉】我真的好后悔,【250927 倾诉】我真的好后悔,"标题：【250927 倾诉】我真的好后悔

正文：【250927 倾诉】我真的好后悔",https://tieba.baidu.com/p/10077032877,"depression,social_withdrawal,abuse",high,61.0,"model:violence:0.36,model:depression:0.61,model:social_withdrawal:0.52,model:abuse:0.82",0.82,"depression,self_harm,anxiety",新增真实帖子；待人工补标,dev,new_unreviewed,"self_harm,depression",manual_review_candidates_v14_round2_normalized.csv,manual_validation_override,v17_validation_round1
,,634,10595032720,社恐吧,社恐,以前家里人说要多交朋友,以前家里人说要多交朋友,"标题：以前家里人说要多交朋友

正文：以前家里人说要多交朋友",https://tieba.baidu.com/p/10595032720,normal,low,,model:social_withdrawal:0.39,0.39,,新增真实帖子；按既有人工标准补标；标题证据较明确；请复核,train,supplemented_real_label,social_withdrawal,,content_first_cleared_previous,rule:no_match
,,633,10613233132,社恐吧,社恐,被女的骂就是比被男的骂有成就感,被女的骂就是比被男的骂有成就感,"标题：被女的骂就是比被男的骂有成就感

正文：被女的骂就是比被男的骂有成就感",https://tieba.baidu.com/p/10613233132,abuse,low,15.2,"model:depression:0.43,model:abuse:0.69",0.69,,新增真实帖子；待人工补标,train,new_unreviewed,,manual_review_candidates_v14_round2_normalized.csv,manual_override,manual_review_candidates_v14_round2_normalized.csv
,,632,10582865699,社恐吧,社恐,找游戏搭子,找游戏搭子,"标题：找游戏搭子

正文：找游戏搭子",https://tieba.baidu.com/p/10582865699,normal,low,,model:abuse:0.34,0.34,,新增真实帖子；待人工补标,train,new_unreviewed,,,content_first_rule,rule:no_match
,,631,10546570271,社恐吧,社恐,找搭子一起工作,找搭子一起工作,"标题：找搭子一起工作

正文：找搭子一起工作",https://tieba.baidu.com/p/10546570271,normal,low,,"model:social_withdrawal:0.31,model:abuse:0.40",0.4,,新增真实帖子；待人工补标,train,new_unreviewed,,,content_first_rule,rule:no_match
,,630,9162571377,社恐吧,社恐,没有完成任务就送礼物,没有完成任务就送礼物,"标题：没有完成任务就送礼物

正文：没有完成任务就送礼物",https://tieba.baidu.com/p/9162571377,normal,low,,model:abuse:0.33,0.33,,新增真实帖子；待人工补标,train,new_unreviewed,,,content_first_rule,rule:no_match
,,629,10608642999,社恐吧,社恐,最近爱上一个女优,最近爱上一个女优,"标题：最近爱上一个女优

正文：最近爱上一个女优",https://tieba.baidu.com/p/10608642999,abuse,low,17.4,"model:depression:0.48,model:social_withdrawal:0.38,model:abuse:0.79",0.79,,新增真实帖子；待人工补标,train,new_unreviewed,,,content_first_rule,rule:no_match
,,628,10597834134,社恐吧,社恐,对河南人的恶意什么时候能停止,对河南人的恶意什么时候能停止,"标题：对河南人的恶意什么时候能停止

正文：对河南人的恶意什么时候能停止",https://tieba.baidu.com/p/10597834134,abuse,low,11.1,model:abuse:0.50,0.5,,新增真实帖子；待人工补标,train,new_unreviewed,,manual_review_candidates_v14_round2_normalized.csv,manual_override,manual_review_candidates_v14_round2_normalized.csv
,,627,10589622480,社恐吧,社恐,我很害怕我很焦虑,我很害怕我很焦虑,"标题：我很害怕我很焦虑

正文：我很害怕我很焦虑",https://tieba.baidu.com/p/10589622480,social_withdrawal,low,15.3,model:social_withdrawal:0.64,0.64,anxiety,新增真实帖子；按既有人工标准补标；标题证据较明确；请复核,train,supplemented_real_label,anxiety,,content_first_rule,anxiety:content
,,626,10610518664,社恐吧,社恐,好久没来社恐吧呢,好久没来社恐吧呢,"标题：好久没来社恐吧呢

正文：好久没来社恐吧呢",https://tieba.baidu.com/p/10610518664,normal,low,,model:abuse:0.37,0.37,anxiety,新增真实帖子；待人工补标,train,new_unreviewed,,,content_first_rule,anxiety:content
,,625,9823105395,社恐吧,社恐,我有南方地区的社恐微信群,我有南方地区的社恐微信群,"标题：我有南方地区的社恐微信群

正文：我有南方地区的社恐微信群",https://tieba.baidu.com/p/9823105395,normal,low,,,0.27,,新增真实帖子；按既有人工标准补标；标题证据较明确；请复核,train,supplemented_real_label,social_withdrawal,,content_first_cleared_previous,rule:content_info_only
,,624,10511312810,社恐吧,社恐,马上又要工作了,马上又要工作了,"标题：马上又要工作了

正文：马上又要工作了",https://tieba.baidu.com/p/10511312810,academic_stress,low,16.0,"model:violence:0.30,model:anxiety:0.50,model:academic_stress:0.67",0.67,,新增真实帖子；按既有人工标准补标；标题证据较明确；请复核,train,supplemented_real_label,anxiety,,content_first_cleared_previous,rule:no_match
,,623,10598455980,社恐吧,社恐,最近半个月晚上都睡不着觉怎么办啊，,最近半个月晚上都睡不着觉怎么办啊，,"标题：最近半个月晚上都睡不着觉怎么办啊，

正文：最近半个月晚上都睡不着觉怎么办啊，",https://tieba.baidu.com/p/10598455980,normal,low,,"model:anxiety:0.30,model:academic_stress:0.41",0.41,,新增真实帖子；按既有人工标准补标；标题证据较明确；请复核,train,supplemented_real_label,anxiety,,content_first_cleared_previous,rule:no_match
,,622,10600889871,社恐吧,社恐,大家打算做什么工作,大家打算做什么工作,"标题：大家打算做什么工作

正文：大家打算做什么工作",https://tieba.baidu.com/p/10600889871,normal,low,,"model:academic_stress:0.36,model:social_withdrawal:0.33",0.36,,新增真实帖子；待人工补标,train,new_unreviewed,,,content_first_rule,rule:no_match
,,621,10611253263,社恐吧,社恐,出门找兼职,出门找兼职,"标题：出门找兼职

正文：出门找兼职",https://tieba.baidu.com/p/10611253263,normal,low,,model:social_withdrawal:0.37,0.37,,新增真实帖子；待人工补标,train,new_unreviewed,,,content_first_rule,rule:no_match
,,620,10572219760,社恐吧,社恐,社恐宅着不敢找工作,社恐宅着不敢找工作,"标题：社恐宅着不敢找工作

正文：社恐宅着不敢找工作",https://tieba.baidu.com/p/10572219760,normal,low,,"model:academic_stress:0.31,model:social_withdrawal:0.49",0.49,anxiety,新增真实帖子；按既有人工标准补标；标题证据较明确；请复核,train,supplemented_real_label,social_withdrawal,,content_first_rule,anxiety:content
,,619,9548763275,社恐吧,社恐,欢迎加入中老年社恐群,欢迎加入中老年社恐群,"标题：欢迎加入中老年社恐群

正文：欢迎加入中老年社恐群",https://tieba.baidu.com/p/9548763275,normal,low,,model:social_withdrawal:0.34,0.34,,新增真实帖子；按既有人工标准补标；标题证据较明确；请复核,train,supplemented_real_label,social_withdrawal,,content_first_cleared_previous,rule:content_info_only
,,618,10593254090,社恐吧,社恐,大部分社恐都有这样的经历,大部分社恐都有这样的经历,"标题：大部分社恐都有这样的经历

正文：大部分社恐都有这样的经历",https://tieba.baidu.com/p/10593254090,normal,low,,"model:academic_stress:0.33,model:social_withdrawal:0.37",0.37,anxiety,新增真实帖子；按既有人工标准补标；标题证据较明确；请复核,train,supplemented_real_label,social_withdrawal,,content_first_rule,anxiety:content
,,617,10614076717,社恐吧,社恐,我感觉我附近超市的收银员都认识我了,我感觉我附近超市的收银员都认识我了,"标题：我感觉我附近超市的收银员都认识我了

正文：我感觉我附近超市的收银员都认识我了",https://tieba.baidu.com/p/10614076717,social_withdrawal,low,12.1,model:social_withdrawal:0.50,0.5,,新增真实帖子；按既有人工标准补标；标题证据较明确；请复核,train,supplemented_real_label,social_withdrawal,,content_first_cleared_previous,rule:no_match
,,616,10583786444,社恐吧,社恐,我一个朋友也没有，只有我一个人这样吗？,我一个朋友也没有，只有我一个人这样吗？,"标题：我一个朋友也没有，只有我一个人这样吗？

正文：我一个朋友也没有，只有我一个人这样吗？",https://tieba.baidu.com/p/10583786444,abuse,low,11.9,"model:social_withdrawal:0.38,model:abuse:0.54",0.54,,新增真实帖子；按既有人工标准补标；标题证据较明确；请复核,train,supplemented_real_label,social_withdrawal,,content_first_cleared_previous,rule:no_match
,,615,9469292983,社恐吧,社恐,应该是彻底抑郁了,应该是彻底抑郁了,"标题：应该是彻底抑郁了

正文：应该是彻底抑郁了",https://tieba.baidu.com/p/9469292983,normal,low,,"model:academic_stress:0.39,model:social_withdrawal:0.31",0.39,depression,新增真实帖子；按既有人工标准补标；标题证据较明确；请复核,train,supplemented_real_label,depression,,content_first_rule,depression:content
,,614,10613481972,社恐吧,社恐,发的什么玩意,发的什么玩意,"标题：发的什么玩意

正文：发的什么玩意",https://tieba.baidu.com/p/10613481972,normal,low,,model:abuse:0.33,0.33,,新增真实帖子；待人工补标,train,new_unreviewed,,,content_first_rule,rule:no_match
,,613,9854427000,社恐吧,社恐,95后还算年轻人吗,95后还算年轻人吗,"标题：95后还算年轻人吗

正文：95后还算年轻人吗",https://tieba.baidu.com/p/9854427000,normal,low,,model:abuse:0.38,0.38,,新增真实帖子；待人工补标,train,new_unreviewed,,,content_first_rule,rule:no_match
,,612,10609294516,社恐吧,社恐,建议大家不要跟「已经产生隔阂的人示好」,建议大家不要跟「已经产生隔阂的人示好」,"标题：建议大家不要跟「已经产生隔阂的人示好」

正文：建议大家不要跟「已经产生隔阂的人示好」",https://tieba.baidu.com/p/10609294516,"social_withdrawal,abuse",medium,26.8,"model:depression:0.49,model:social_withdrawal:0.57,model:abuse:0.60",0.6,,新增真实帖子；按既有人工标准补标；标题证据较明确；请复核,train,supplemented_real_label,social_withdrawal,,content_first_cleared_previous,rule:no_match
,,611,10613514049,社恐吧,社恐,乌龟精一个,乌龟精一个,"标题：乌龟精一个

正文：乌龟精一个",https://tieba.baidu.com/p/10613514049,abuse,low,14.3,model:abuse:0.65,0.65,,新增真实帖子；待人工补标,train,new_unreviewed,,,content_first_rule,rule:no_match
,,610,10604481088,社恐吧,社恐,有没有要进群的，社恐群,有没有要进群的，社恐群,"标题：有没有要进群的，社恐群

正文：有没有要进群的，社恐群",https://tieba.baidu.com/p/10604481088,normal,low,,,0.27,,新增真实帖子；按既有人工标准补标；标题证据较明确；请复核,train,supplemented_real_label,social_withdrawal,,content_first_cleared_previous,rule:content_info_only
,,609,10604469042,社恐吧,社恐,出来10多天了钱快花完呀,出来10多天了钱快花完呀,"标题：出来10多天了钱快花完呀

正文：出来10多天了钱快花完呀",https://tieba.baidu.com/p/10604469042,academic_stress,low,12.5,"model:academic_stress:0.52,model:social_withdrawal:0.30",0.52,,新增真实帖子；待人工补标,train,new_unreviewed,,,content_first_rule,rule:no_match
,,608,6833022303,社恐吧,社恐,社恐的我，该何去何从，长期记录,社恐的我，该何去何从，长期记录,"标题：社恐的我，该何去何从，长期记录

正文：社恐的我，该何去何从，长期记录",https://tieba.baidu.com/p/6833022303,"social_withdrawal,abuse",medium,26.6,"model:depression:0.47,model:social_withdrawal:0.62,model:abuse:0.53",0.62,,新增真实帖子；按既有人工标准补标；标题证据较明确；请复核,train,supplemented_real_label,social_withdrawal,,content_first_cleared_previous,rule:content_info_only
,,607,10596296656,社恐吧,社恐,老哥们 你们社恐会不会 ⭐压抑啊 ？每天晚上我都想👩🏻,老哥们 你们社恐会不会 ⭐压抑啊 ？每天晚上我都想👩🏻,"标题：老哥们 你们社恐会不会 ⭐压抑啊 ？每天晚上我都想👩🏻

正文：老哥们 你们社恐会不会 ⭐压抑啊 ？每天晚上我都想👩🏻",https://tieba.baidu.com/p/10596296656,normal,low,,model:abuse:0.35,0.35,"depression,anxiety",新增真实帖子；待人工补标,train,new_unreviewed,,,content_first_rule,anxiety:content;depression:content
,,606,10605141130,社恐吧,社恐,您们去唱歌都唱什么歌啊,您们去唱歌都唱什么歌啊,"标题：您们去唱歌都唱什么歌啊

正文：您们去唱歌都唱什么歌啊",https://tieba.baidu.com/p/10605141130,normal,low,,,0.28,,新增真实帖子；待人工补标,train,new_unreviewed,,,content_first_rule,rule:no_match
,,605,10555745135,社恐吧,社恐,人活着为了啥？,人活着为了啥？,"标题：人活着为了啥？

正文：人活着为了啥？",https://tieba.baidu.com/p/10555745135,normal,low,,model:abuse:0.33,0.33,,新增真实帖子；待人工补标,train,new_unreviewed,,,content_first_rule,rule:no_match
,,604,10554186326,社恐吧,社恐,相亲被家里人管着，控制欲极强，啥事都要盯着你做,相亲被家里人管着，控制欲极强，啥事都要盯着你做,"标题：相亲被家里人管着，控制欲极强，啥事都要盯着你做

正文：相亲被家里人管着，控制欲极强，啥事都要盯着你做",https://tieba.baidu.com/p/10554186326,abuse,low,17.2,"model:violence:0.41,model:depression:0.41,model:abuse:0.78",0.78,,新增真实帖子；待人工补标,train,new_unreviewed,,manual_review_candidates_v14_round2_normalized.csv,manual_override,manual_review_candidates_v14_round2_normalized.csv
,,603,10539450835,社恐吧,社恐,兄弟们，楼主感觉很慌,兄弟们，楼主感觉很慌,"标题：兄弟们，楼主感觉很慌

正文：兄弟们，楼主感觉很慌",https://tieba.baidu.com/p/10539450835,normal,low,,model:abuse:0.39,0.39,,新增真实帖子；待人工补标,train,new_unreviewed,,,content_first_rule,rule:no_match
,,602,10551800223,社恐吧,社恐,02年，没工作，没朋友，家人也不想联系是不是很失败啊,02年，没工作，没朋友，家人也不想联系是不是很失败啊,"标题：02年，没工作，没朋友，家人也不想联系是不是很失败啊

正文：02年，没工作，没朋友，家人也不想联系是不是很失败啊",https://tieba.baidu.com/p/10551800223,social_withdrawal,low,18.5,"model:depression:0.48,model:social_withdrawal:0.77,model:abuse:0.34",0.77,"depression,social_withdrawal",新增真实帖子；待人工补标,test,new_unreviewed,"depression,social_withdrawal",manual_review_candidates_v14_round2_normalized.csv,manual_validation_override,v17_validation_round1
,,601,10424274209,社恐吧,社恐,有人愿意加入我们的微信群吗🥺🥺🥺,有人愿意加入我们的微信群吗🥺🥺🥺,"标题：有人愿意加入我们的微信群吗🥺🥺🥺

正文：有人愿意加入我们的微信群吗🥺🥺🥺",https://tieba.baidu.com/p/10424274209,normal,low,,model:academic_stress:0.37,0.37,,新增真实帖子；待人工补标,train,new_unreviewed,,,content_first_rule,rule:content_info_only
,,600,9853506291,社恐吧,社恐,不怎么会说 和精神病,不怎么会说 和精神病,"标题：不怎么会说 和精神病

正文：不怎么会说 和精神病",https://tieba.baidu.com/p/9853506291,abuse,low,15.9,"model:social_withdrawal:0.32,model:abuse:0.72",0.72,,新增真实帖子；待人工补标,train,new_unreviewed,,,content_first_rule,rule:no_match
,,599,10604679836,社恐吧,社恐,长期不接触女性的心理危害。,长期不接触女性的心理危害。,"标题：长期不接触女性的心理危害。

正文：长期不接触女性的心理危害。",https://tieba.baidu.com/p/10604679836,social_withdrawal,low,12.8,"model:depression:0.30,model:social_withdrawal:0.53",0.53,,新增真实帖子；待人工补标,train,new_unreviewed,,,content_first_rule,rule:no_match
,,598,10562493206,社恐吧,社恐,你们会不会觉得活着好累啊，生下来就是受苦的,你们会不会觉得活着好累啊，生下来就是受苦的,"标题：你们会不会觉得活着好累啊，生下来就是受苦的

正文：你们会不会觉得活着好累啊，生下来就是受苦的",https://tieba.baidu.com/p/10562493206,"social_withdrawal,abuse",medium,25.7,"model:depression:0.32,model:social_withdrawal:0.50,model:abuse:0.62",0.62,"self_harm,abuse,depression,social_withdrawal,anxiety",新增真实帖子；待人工补标,test,new_unreviewed,"anxiety,abuse",manual_review_candidates_v14_round2_normalized.csv,manual_validation_override,v17_validation_round1
,,597,10608477942,社恐吧,社恐,有同样经历的宝子聊聊自己是怎么走出去的吗？,有同样经历的宝子聊聊自己是怎么走出去的吗？,"标题：有同样经历的宝子聊聊自己是怎么走出去的吗？

正文：有同样经历的宝子聊聊自己是怎么走出去的吗？",https://tieba.baidu.com/p/10608477942,normal,low,,model:social_withdrawal:0.49,0.49,,新增真实帖子；待人工补标,train,new_unreviewed,,,content_first_rule,rule:no_match
,,596,10580304916,社恐吧,社恐,自言自语自律贴—,自言自语自律贴—,"标题：自言自语自律贴—

正文：自言自语自律贴—",https://tieba.baidu.com/p/10580304916,abuse,low,11.1,model:abuse:0.51,0.51,,新增真实帖子；待人工补标,train,new_unreviewed,,,content_first_rule,rule:no_match
,,595,10086615183,社恐吧,社恐,蹲子又要出门挑战副本了！,蹲子又要出门挑战副本了！,"标题：蹲子又要出门挑战副本了！

正文：蹲子又要出门挑战副本了！",https://tieba.baidu.com/p/10086615183,academic_stress,low,13.3,"model:anxiety:0.49,model:academic_stress:0.56,model:social_withdrawal:0.32",0.56,,新增真实帖子；待人工补标,train,new_unreviewed,,,content_first_rule,rule:no_match
,,594,10495633886,社恐吧,社恐,中老年社恐群招人啦,中老年社恐群招人啦,"标题：中老年社恐群招人啦

正文：中老年社恐群招人啦",https://tieba.baidu.com/p/10495633886,normal,low,,,0.29,,新增真实帖子；待人工补标,train,new_unreviewed,,,content_first_rule,rule:content_info_only
,,593,10506847154,社恐吧,社恐,意外刷到这个吧了,意外刷到这个吧了,"标题：意外刷到这个吧了

正文：意外刷到这个吧了",https://tieba.baidu.com/p/10506847154,normal,low,,model:abuse:0.47,0.47,,新增真实帖子；待人工补标,train,new_unreviewed,,,content_first_rule,rule:no_match
,,592,10526538171,社恐吧,社恐,明天去上海打工了,明天去上海打工了,"标题：明天去上海打工了

正文：明天去上海打工了",https://tieba.baidu.com/p/10526538171,normal,low,,"model:anxiety:0.31,model:academic_stress:0.36,model:social_withdrawal:0.41",0.41,,新增真实帖子；待人工补标,train,new_unreviewed,,,content_first_rule,rule:no_match
,,591,10595448398,社恐吧,社恐,兄弟们，今夜开荤,兄弟们，今夜开荤,"标题：兄弟们，今夜开荤

正文：兄弟们，今夜开荤",https://tieba.baidu.com/p/10595448398,normal,low,,,0.19,,新增真实帖子；待人工补标,train,new_unreviewed,,,content_first_rule,rule:no_match
,,590,10593359986,社恐吧,社恐,主体性强的人会不会有人嫉妒想偷走？,主体性强的人会不会有人嫉妒想偷走？,"标题：主体性强的人会不会有人嫉妒想偷走？

正文：主体性强的人会不会有人嫉妒想偷走？",https://tieba.baidu.com/p/10593359986,"depression,abuse",medium,49.9,"model:violence:0.44,model:depression:0.61,model:social_withdrawal:0.46,model:abuse:0.87",0.87,,新增真实帖子；待人工补标,train,new_unreviewed,,,content_first_rule,rule:no_match
,,589,10559386230,社恐吧,社恐,躺的越久越不想去工作了,躺的越久越不想去工作了,"标题：躺的越久越不想去工作了

正文：躺的越久越不想去工作了",https://tieba.baidu.com/p/10559386230,social_withdrawal,low,15.8,"model:anxiety:0.31,model:social_withdrawal:0.66",0.66,social_withdrawal,新增真实帖子；待人工补标,train,new_unreviewed,social_withdrawal,manual_review_candidates_v14_round2_normalized.csv,manual_override,manual_review_candidates_v14_round2_normalized.csv
,,588,10275389766,社恐吧,社恐,聊天帖。。,聊天帖。。,"标题：聊天帖。。

正文：聊天帖。。",https://tieba.baidu.com/p/10275389766,normal,low,,"model:social_withdrawal:0.36,model:abuse:0.31",0.36,,新增真实帖子；待人工补标,train,new_unreviewed,,,content_first_rule,rule:no_match
,,587,10594341454,社恐吧,社恐,唉，社恐漂亮女生的悲哀！,唉，社恐漂亮女生的悲哀！,"标题：唉，社恐漂亮女生的悲哀！

正文：唉，社恐漂亮女生的悲哀！",https://tieba.baidu.com/p/10594341454,social_withdrawal,low,12.0,"model:social_withdrawal:0.50,model:abuse:0.43",0.5,,新增真实帖子；待人工补标,train,new_unreviewed,,manual_review_candidates_v14_round2_normalized.csv,manual_override,manual_review_candidates_v14_round2_normalized.csv
,,586,10586131542,社恐吧,社恐,冥冥之中自有天意,冥冥之中自有天意,"标题：冥冥之中自有天意

正文：冥冥之中自有天意",https://tieba.baidu.com/p/10586131542,"depression,abuse",medium,44.9,"model:depression:0.57,model:abuse:0.75",0.75,,新增真实帖子；待人工补标,train,new_unreviewed,,,content_first_rule,rule:no_match
,,585,10590885406,社恐吧,社恐,张雪峰的死因 就是这一大桌子菜 你们可能不信,张雪峰的死因 就是这一大桌子菜 你们可能不信,"标题：张雪峰的死因 就是这一大桌子菜 你们可能不信

正文：张雪峰的死因 就是这一大桌子菜 你们可能不信",https://tieba.baidu.com/p/10590885406,normal,low,,model:abuse:0.48,0.48,,新增真实帖子；待人工补标,train,new_unreviewed,,,content_first_rule,rule:no_match
,,584,10560886528,社恐吧,社恐,熬夜使人憔悴,熬夜使人憔悴,"标题：熬夜使人憔悴

正文：熬夜使人憔悴",https://tieba.baidu.com/p/10560886528,normal,low,,model:academic_stress:0.38,0.38,,新增真实帖子；待人工补标,train,new_unreviewed,,,content_first_rule,rule:no_match
,,583,9732253069,社恐吧,社恐,我需要一份工作 最好是在北京,我需要一份工作 最好是在北京,"标题：我需要一份工作 最好是在北京

正文：我需要一份工作 最好是在北京",https://tieba.baidu.com/p/9732253069,normal,low,,model:social_withdrawal:0.46,0.46,,新增真实帖子；待人工补标,train,new_unreviewed,,,content_first_rule,rule:no_match
,,582,10571620636,社恐吧,社恐,90年社恐男，想找个能相守一生的人，不玩恋爱游戏,90年社恐男，想找个能相守一生的人，不玩恋爱游戏,"标题：90年社恐男，想找个能相守一生的人，不玩恋爱游戏

正文：90年社恐男，想找个能相守一生的人，不玩恋爱游戏",https://tieba.baidu.com/p/10571620636,abuse,low,18.4,model:abuse:0.84,0.84,anxiety,新增真实帖子；待人工补标,train,new_unreviewed,,,content_first_rule,anxiety:content
,,581,9917525686,社恐吧,社恐,目前社恐群五十多人，我是群主，女生，如果你也是社恐可以进来聊天,目前社恐群五十多人，我是群主，女生，如果你也是社恐可以进来聊天,"标题：目前社恐群五十多人，我是群主，女生，如果你也是社恐可以进来聊天

正文：目前社恐群五十多人，我是群主，女生，如果你也是社恐可以进来聊天",https://tieba.baidu.com/p/9917525686,abuse,low,12.1,model:abuse:0.55,0.55,,新增真实帖子；待人工补标,train,new_unreviewed,,,content_first_rule,rule:content_info_only
,,580,10595595596,社恐吧,社恐,对不起，看到被讨厌难过的文字，我总是喘不过气，浑身发颤难受,对不起，看到被讨厌难过的文字，我总是喘不过气，浑身发颤难受,"标题：对不起，看到被讨厌难过的文字，我总是喘不过气，浑身发颤难受

正文：对不起，看到被讨厌难过的文字，我总是喘不过气，浑身发颤难受",https://tieba.baidu.com/p/10595595596,"self_harm,violence,depression,social_withdrawal,abuse",high,100.0,"model:self_harm:0.53,model:violence:0.51,model:depression:0.75,model:anxiety:0.38,model:social_withdrawal:0.86,model:abuse:0.59",0.86,"self_harm,anxiety,depression",新增真实帖子；待人工补标,dev,new_unreviewed,"self_harm,anxiety",manual_review_candidates_v14_round2_normalized.csv,manual_validation_override,v17_validation_round1
,,579,10590113415,社恐吧,社恐,躺了一年又开始找工作了,躺了一年又开始找工作了,"标题：躺了一年又开始找工作了

正文：躺了一年又开始找工作了",https://tieba.baidu.com/p/10590113415,academic_stress,low,13.0,"model:anxiety:0.35,model:academic_stress:0.54,model:social_withdrawal:0.35",0.54,,新增真实帖子；待人工补标,train,new_unreviewed,,,content_first_rule,rule:no_match
,,578,10599883804,社恐吧,社恐,我这种是社恐吗，真心求解,我这种是社恐吗，真心求解,"标题：我这种是社恐吗，真心求解

正文：我这种是社恐吗，真心求解",https://tieba.baidu.com/p/10599883804,abuse,low,14.0,model:abuse:0.64,0.64,"anxiety,social_withdrawal",新增真实帖子；待人工补标,test,new_unreviewed,"anxiety,social_withdrawal",manual_review_candidates_v14_round2_normalized.csv,manual_validation_override,v17_validation_round1
,,577,10611906269,社恐吧,社恐,误删了了好友还能找回吗,误删了了好友还能找回吗,"标题：误删了了好友还能找回吗

正文：误删了了好友还能找回吗",https://tieba.baidu.com/p/10611906269,normal,low,,model:abuse:0.37,0.37,,新增真实帖子；待人工补标,train,new_unreviewed,,,content_first_rule,rule:no_match
,,576,10602454247,社恐吧,社恐,又躺了一天23岁了从19岁开始,又躺了一天23岁了从19岁开始,"标题：又躺了一天23岁了从19岁开始

正文：又躺了一天23岁了从19岁开始",https://tieba.baidu.com/p/10602454247,normal,low,,"model:academic_stress:0.35,model:social_withdrawal:0.39",0.39,,新增真实帖子；待人工补标,train,new_unreviewed,,,content_first_rule,rule:no_match
,,575,8405223322,社恐吧,社恐,活着好难啊家人们,活着好难啊家人们,"标题：活着好难啊家人们

正文：活着好难啊家人们",https://tieba.baidu.com/p/8405223322,normal,low,,"model:social_withdrawal:0.36,model:abuse:0.38",0.38,,新增真实帖子；待人工补标,train,new_unreviewed,,,content_first_rule,rule:no_match
,,574,10580410269,社恐吧,社恐,死要面子活受罪，社恐人太难受了,死要面子活受罪，社恐人太难受了,"标题：死要面子活受罪，社恐人太难受了

正文：死要面子活受罪，社恐人太难受了",https://tieba.baidu.com/p/10580410269,abuse,low,11.3,model:abuse:0.51,0.51,anxiety,新增真实帖子；待人工补标,train,new_unreviewed,anxiety,manual_review_candidates_v14_round2_normalized.csv,manual_override,manual_review_candidates_v14_round2_normalized.csv
,,573,10600433665,社恐吧,社恐,社恐活着真累啊,社恐活着真累啊,"标题：社恐活着真累啊

正文：社恐活着真累啊",https://tieba.baidu.com/p/10600433665,normal,low,,model:social_withdrawal:0.44,0.44,anxiety,新增真实帖子；待人工补标,train,new_unreviewed,,,content_first_rule,anxiety:content
,,572,10614505352,社恐吧,社恐,有个阳台好爽,有个阳台好爽,"标题：有个阳台好爽

正文：有个阳台好爽",https://tieba.baidu.com/p/10614505352,normal,low,,,0.22,,新增真实帖子；待人工补标,train,new_unreviewed,,,content_first_rule,rule:no_match
,,571,10591937302,社恐吧,社恐,社恐怎么交朋友？,社恐怎么交朋友？,"标题：社恐怎么交朋友？

正文：社恐怎么交朋友？",https://tieba.baidu.com/p/10591937302,normal,low,,model:social_withdrawal:0.31,0.31,anxiety,新增真实帖子；待人工补标,train,new_unreviewed,,,content_first_rule,anxiety:content
,,570,10598130177,社恐吧,社恐,有想结婚的妹妹吗,有想结婚的妹妹吗,"标题：有想结婚的妹妹吗

正文：有想结婚的妹妹吗",https://tieba.baidu.com/p/10598130177,abuse,low,13.3,"model:depression:0.34,model:abuse:0.61",0.61,,新增真实帖子；待人工补标,train,new_unreviewed,,,content_first_rule,rule:no_match
,,569,9818290324,社恐吧,社恐,估计没有人和我一样？整天躲在家里，就 像蹲监狱一样,估计没有人和我一样？整天躲在家里，就 像蹲监狱一样,"标题：估计没有人和我一样？整天躲在家里，就 像蹲监狱一样

正文：估计没有人和我一样？整天躲在家里，就 像蹲监狱一样",https://tieba.baidu.com/p/9818290324,social_withdrawal,low,14.9,"model:depression:0.37,model:social_withdrawal:0.62,model:abuse:0.48",0.62,"anxiety,social_withdrawal",新增真实帖子；待人工补标,train,new_unreviewed,"anxiety,social_withdrawal",manual_review_candidates_v14_round2_normalized.csv,manual_override,manual_review_candidates_v14_round2_normalized.csv
,,568,10600916813,社恐吧,社恐,怎么去讨好女性？,怎么去讨好女性？,"标题：怎么去讨好女性？

正文：怎么去讨好女性？",https://tieba.baidu.com/p/10600916813,normal,low,,model:abuse:0.46,0.46,,新增真实帖子；待人工补标,train,new_unreviewed,,,content_first_rule,rule:no_match
,,567,10563584477,社恐吧,社恐,社恐。感觉没有办法融入社会了。,社恐。感觉没有办法融入社会了。,"标题：社恐。感觉没有办法融入社会了。

正文：社恐。感觉没有办法融入社会了。",https://tieba.baidu.com/p/10563584477,social_withdrawal,low,16.7,"model:violence:0.30,model:depression:0.33,model:social_withdrawal:0.70,model:abuse:0.38",0.7,"anxiety,social_withdrawal",新增真实帖子；待人工补标,train,new_unreviewed,"anxiety,social_withdrawal",manual_review_candidates_v14_round2_normalized.csv,manual_override,manual_review_candidates_v14_round2_normalized.csv
,,566,10557968005,社恐吧,社恐,相亲贴，普通人一个,相亲贴，普通人一个,"标题：相亲贴，普通人一个

正文：相亲贴，普通人一个",https://tieba.baidu.com/p/10557968005,abuse,low,18.1,"model:depression:0.42,model:abuse:0.82",0.82,,新增真实帖子；待人工补标,train,new_unreviewed,,,content_first_rule,rule:no_match
,,565,10551706091,社恐吧,社恐,出发去冒险了,出发去冒险了,"标题：出发去冒险了

正文：出发去冒险了",https://tieba.baidu.com/p/10551706091,abuse,low,13.9,"model:depression:0.33,model:social_withdrawal:0.44,model:abuse:0.63",0.63,,新增真实帖子；待人工补标,train,new_unreviewed,,,content_first_rule,rule:no_match
,,564,10614606371,社恐吧,社恐,我已经六年没有工作过了。对以后的生活也没有太多期待。,我已经六年没有工作过了。对以后的生活也没有太多期待。,"标题：我已经六年没有工作过了。对以后的生活也没有太多期待。

正文：我已经六年没有工作过了。对以后的生活也没有太多期待。",https://tieba.baidu.com/p/10614606371,"depression,anxiety,social_withdrawal",high,73.9,"model:self_harm:0.48,model:violence:0.38,model:depression:0.60,model:anxiety:0.74,model:academic_stress:0.38,model:social_withdrawal:0.72",0.74,"anxiety,depression",新增真实帖子；待人工补标,dev,new_unreviewed,"depression,anxiety",manual_review_candidates_v14_round2_normalized.csv,manual_validation_override,v17_validation_round1
,,563,10524882042,社恐吧,社恐,有谁跟我一样，一个朋友也没有,有谁跟我一样，一个朋友也没有,"标题：有谁跟我一样，一个朋友也没有

正文：有谁跟我一样，一个朋友也没有",https://tieba.baidu.com/p/10524882042,abuse,low,12.7,"model:depression:0.30,model:abuse:0.58",0.58,,新增真实帖子；待人工补标,train,new_unreviewed,,,content_first_rule,rule:no_match
,,562,10576355224,社恐吧,社恐,老员工不好好带我怎么办,老员工不好好带我怎么办,"标题：老员工不好好带我怎么办

正文：老员工不好好带我怎么办",https://tieba.baidu.com/p/10576355224,normal,low,,model:social_withdrawal:0.31,0.31,,新增真实帖子；待人工补标,train,new_unreviewed,,,content_first_rule,rule:no_match
,,561,10614403471,社恐吧,社恐,有在深圳的朋友吗,有在深圳的朋友吗,"标题：有在深圳的朋友吗

正文：有在深圳的朋友吗",https://tieba.baidu.com/p/10614403471,normal,low,,"model:academic_stress:0.34,model:social_withdrawal:0.34",0.34,,新增真实帖子；待人工补标,train,new_unreviewed,,,content_first_rule,rule:no_match
,,560,10589014653,社恐吧,社恐,帮我看看我是不是变态👀,帮我看看我是不是变态👀,"标题：帮我看看我是不是变态👀

正文：帮我看看我是不是变态👀",https://tieba.baidu.com/p/10589014653,abuse,low,11.4,model:abuse:0.52,0.52,,新增真实帖子；待人工补标,train,new_unreviewed,,,content_first_rule,rule:no_match
,,559,8405375321,社恐吧,社恐,太难了😫感觉要活不下去了…,太难了😫感觉要活不下去了…,"标题：太难了😫感觉要活不下去了…

正文：太难了😫感觉要活不下去了…",https://tieba.baidu.com/p/8405375321,"social_withdrawal,abuse",medium,26.9,"model:depression:0.32,model:social_withdrawal:0.62,model:abuse:0.55",0.62,,新增真实帖子；待人工补标,train,new_unreviewed,,,content_first_rule,self_harm:content;self_harm:pruned_weak_signal
,,558,10614610589,社恐吧,社恐,得了还是一周去一次健身房吧,得了还是一周去一次健身房吧,"标题：得了还是一周去一次健身房吧

正文：得了还是一周去一次健身房吧",https://tieba.baidu.com/p/10614610589,normal,low,,model:academic_stress:0.30,0.3,,新增真实帖子；待人工补标,train,new_unreviewed,,,content_first_rule,rule:no_match
,,557,10608304310,社恐吧,社恐,社恐可以做什么工作？,社恐可以做什么工作？,"标题：社恐可以做什么工作？

正文：社恐可以做什么工作？",https://tieba.baidu.com/p/10608304310,normal,low,,model:social_withdrawal:0.33,0.33,anxiety,新增真实帖子；待人工补标,train,new_unreviewed,,,content_first_rule,anxiety:content
,,556,10589445167,社恐吧,社恐,张雪峰是不是饮食引起的猝死啊,张雪峰是不是饮食引起的猝死啊,"标题：张雪峰是不是饮食引起的猝死啊

正文：张雪峰是不是饮食引起的猝死啊",https://tieba.baidu.com/p/10589445167,normal,low,,model:abuse:0.43,0.43,,新增真实帖子；待人工补标,train,new_unreviewed,,,content_first_rule,rule:no_match
,,555,10597441909,社恐吧,社恐,我的父母是两头善良的恶魔！,我的父母是两头善良的恶魔！,"标题：我的父母是两头善良的恶魔！

正文：我的父母是两头善良的恶魔！",https://tieba.baidu.com/p/10597441909,"depression,abuse",medium,47.1,"model:depression:0.59,model:abuse:0.81",0.81,,新增真实帖子；待人工补标,train,new_unreviewed,,,content_first_rule,rule:no_match
,,554,10261843793,焦虑症吧,焦虑症,焦虑症不一定由手淫引起，但长期手淫一定焦虑症,焦虑症不一定由手淫引起，但长期手淫一定焦虑症,"标题：焦虑症不一定由手淫引起，但长期手淫一定焦虑症

正文：焦虑症不一定由手淫引起，但长期手淫一定焦虑症",https://tieba.baidu.com/p/10261843793,normal,low,,"model:hostility:0.32,model:stress:0.41,model:self_harm_aux:0.34",0.41,anxiety,新增真实帖子；待人工补标,train,new_unreviewed,,,content_first_rule,anxiety:content
,,553,10590765322,焦虑症吧,焦虑症,有没有一款能吃一辈子的焦虑药,有没有一款能吃一辈子的焦虑药,"标题：有没有一款能吃一辈子的焦虑药

正文：有没有一款能吃一辈子的焦虑药",https://tieba.baidu.com/p/10590765322,normal,low,,model:stress:0.31,0.31,anxiety,焦虑症吧新增真实帖子；按既有人工标准补标；标题证据较明确；请复核,train,supplemented_real_label,anxiety,,content_first_rule,anxiety:content
,,552,10438569424,焦虑症吧,焦虑症,关于焦虑 我的亲身经历 这里有你想知道的一切,关于焦虑 我的亲身经历 这里有你想知道的一切,"标题：关于焦虑 我的亲身经历 这里有你想知道的一切

正文：关于焦虑 我的亲身经历 这里有你想知道的一切",https://tieba.baidu.com/p/10438569424,social_withdrawal,low,13.6,model:internalizing:0.57,0.57,anxiety,新增真实帖子；待人工补标,train,new_unreviewed,,,content_first_rule,anxiety:content
,,551,10586665362,焦虑症吧,焦虑症,焦虑症求助,焦虑症求助,"标题：焦虑症求助

正文：焦虑症求助",https://tieba.baidu.com/p/10586665362,normal,low,,model:internalizing:0.42,0.42,anxiety,焦虑症吧新增真实帖子；按既有人工标准补标；标题证据较明确；请复核,train,supplemented_real_label,anxiety,,content_first_rule,anxiety:content
,,550,10168359085,焦虑症吧,焦虑症,害怕量血压的来,害怕量血压的来,"标题：害怕量血压的来

正文：害怕量血压的来",https://tieba.baidu.com/p/10168359085,academic_stress,low,13.4,model:stress:0.56,0.56,anxiety,焦虑症吧新增真实帖子；按既有人工标准补标；标题证据较明确；请复核,train,supplemented_real_label,anxiety,,content_first_rule,anxiety:content
,,549,8895084235,焦虑症吧,焦虑症,突然回到了我5年前的焦虑症吧！,突然回到了我5年前的焦虑症吧！,"标题：突然回到了我5年前的焦虑症吧！

正文：突然回到了我5年前的焦虑症吧！",https://tieba.baidu.com/p/8895084235,normal,low,,"model:stress:0.45,model:internalizing:0.40",0.45,anxiety,焦虑症吧新增真实帖子；按既有人工标准补标；标题证据较明确；请复核,train,supplemented_real_label,anxiety,,content_first_rule,anxiety:content
,,548,5637873974,焦虑症吧,焦虑症,没有吃药，经历自救终于从焦虑症和社恐中走出来,没有吃药，经历自救终于从焦虑症和社恐中走出来,"标题：没有吃药，经历自救终于从焦虑症和社恐中走出来

正文：没有吃药，经历自救终于从焦虑症和社恐中走出来",https://tieba.baidu.com/p/5637873974,depression,low,21.0,"model:stress:0.39,model:internalizing:0.42",0.42,anxiety,新增真实帖子；待人工补标,dev,new_unreviewed,,,content_first_rule,anxiety:content
,,547,10599857077,焦虑症吧,焦虑症,我是来发泄的，怎么这的人总是给我上课呢😓,我是来发泄的，怎么这的人总是给我上课呢😓,"标题：我是来发泄的，怎么这的人总是给我上课呢😓

正文：我是来发泄的，怎么这的人总是给我上课呢😓",https://tieba.baidu.com/p/10599857077,normal,low,,model:stress:0.39,0.39,,焦虑症吧新增真实帖子；按既有人工标准补标；标题证据较明确；请复核,train,supplemented_real_label,anxiety,,content_first_cleared_previous,rule:no_match
,,546,10062334874,焦虑症吧,焦虑症,焦虑症，肝郁,焦虑症，肝郁,"标题：焦虑症，肝郁

正文：焦虑症，肝郁",https://tieba.baidu.com/p/10062334874,normal,low,,model:stress_aux:0.35,0.35,anxiety,焦虑症吧新增真实帖子；按既有人工标准补标；标题证据较明确；请复核,train,supplemented_real_label,anxiety,,content_first_rule,anxiety:content
,,545,10589049333,焦虑症吧,焦虑症,有没有躯体化是一直拉肚子的,有没有躯体化是一直拉肚子的,"标题：有没有躯体化是一直拉肚子的

正文：有没有躯体化是一直拉肚子的",https://tieba.baidu.com/p/10589049333,normal,low,,"model:stress_aux:0.37,model:stress:0.52",0.52,,焦虑症吧新增真实帖子；按既有人工标准补标；标题证据较明确；请复核,train,supplemented_real_label,anxiety,,content_first_cleared_previous,rule:no_match
,,544,5466968847,焦虑症吧,焦虑症,有没有人鼻子过度通气吸气刺痛全是凉气直达喉咙的？,有没有人鼻子过度通气吸气刺痛全是凉气直达喉咙的？,"标题：有没有人鼻子过度通气吸气刺痛全是凉气直达喉咙的？

正文：有没有人鼻子过度通气吸气刺痛全是凉气直达喉咙的？",https://tieba.baidu.com/p/5466968847,normal,low,,"model:hostility:0.37,model:stress:0.32,model:internalizing:0.38",0.38,,焦虑症吧新增真实帖子；按既有人工标准补标；标题证据较明确；请复核,train,supplemented_real_label,anxiety,,content_first_cleared_previous,rule:no_match
,,543,5875008108,焦虑症吧,焦虑症,"有焦友带药怀孕的嘛？太痛苦了,发现怀孕后焦虑症复发,真的特别","有焦友带药怀孕的嘛？太痛苦了,发现怀孕后焦虑症复发,真的特别","标题：有焦友带药怀孕的嘛？太痛苦了,发现怀孕后焦虑症复发,真的特别

正文：有焦友带药怀孕的嘛？太痛苦了,发现怀孕后焦虑症复发,真的特别",https://tieba.baidu.com/p/5875008108,academic_stress,low,13.5,"model:stress:0.56,model:internalizing:0.33",0.56,"depression,anxiety",焦虑症吧新增真实帖子；按既有人工标准补标；标题证据较明确；请复核,train,supplemented_real_label,anxiety,,content_first_rule,anxiety:content;depression:content
,,542,5253602956,焦虑症吧,焦虑症,性格超外向，为什么还会得焦虑症,性格超外向，为什么还会得焦虑症,"标题：性格超外向，为什么还会得焦虑症

正文：性格超外向，为什么还会得焦虑症",https://tieba.baidu.com/p/5253602956,normal,low,,"model:stress_aux:0.30,model:hostility:0.34,model:stress:0.39",0.39,anxiety,焦虑症吧新增真实帖子；按既有人工标准补标；标题证据较明确；请复核,train,supplemented_real_label,anxiety,,content_first_rule,anxiety:content
,,541,2321555736,焦虑症吧,焦虑症,请问焦虑症有手脚发麻的吧友吗？,请问焦虑症有手脚发麻的吧友吗？,"标题：请问焦虑症有手脚发麻的吧友吗？

正文：请问焦虑症有手脚发麻的吧友吗？",https://tieba.baidu.com/p/2321555736,normal,low,,"model:hostility:0.32,model:stress:0.30",0.32,anxiety,焦虑症吧新增真实帖子；按既有人工标准补标；标题证据较明确；请复核,train,supplemented_real_label,anxiety,,content_first_rule,anxiety:content
,,540,10519450835,焦虑症吧,焦虑症,惊恐发作是什么样的？有2次坐在沙发上看电视，突然感觉一股血直,惊恐发作是什么样的？有2次坐在沙发上看电视，突然感觉一股血直,"标题：惊恐发作是什么样的？有2次坐在沙发上看电视，突然感觉一股血直

正文：惊恐发作是什么样的？有2次坐在沙发上看电视，突然感觉一股血直",https://tieba.baidu.com/p/10519450835,academic_stress,low,14.5,"model:stress_aux:0.39,model:stress:0.61",0.61,,焦虑症吧新增真实帖子；按既有人工标准补标；标题证据较明确；请复核,train,supplemented_real_label,anxiety,,content_first_cleared_previous,rule:content_info_only
,,539,10202228799,焦虑症吧,焦虑症,有没有吃艾司唑仑片朋友们交流一下,有没有吃艾司唑仑片朋友们交流一下,"标题：有没有吃艾司唑仑片朋友们交流一下

正文：有没有吃艾司唑仑片朋友们交流一下",https://tieba.baidu.com/p/10202228799,normal,low,,"model:stress_aux:0.35,model:hostility:0.45,model:self_harm_aux:0.39",0.45,,新增真实帖子；待人工补标,train,new_unreviewed,,,content_first_rule,rule:no_match
,,538,9793597141,焦虑症吧,焦虑症,谁有焦虑病友群啊，症状太多很多疑问,谁有焦虑病友群啊，症状太多很多疑问,"标题：谁有焦虑病友群啊，症状太多很多疑问

正文：谁有焦虑病友群啊，症状太多很多疑问",https://tieba.baidu.com/p/9793597141,normal,low,,model:stress:0.37,0.37,anxiety,焦虑症吧新增真实帖子；按既有人工标准补标；标题证据较明确；请复核,train,supplemented_real_label,anxiety,,content_first_rule,anxiety:content
,,537,10600506932,焦虑症吧,焦虑症,朋友们，我这种算是发作吗,朋友们，我这种算是发作吗,"标题：朋友们，我这种算是发作吗

正文：朋友们，我这种算是发作吗",https://tieba.baidu.com/p/10600506932,normal,low,,"model:stress_aux:0.32,model:hostility:0.32,model:stress:0.33",0.33,,焦虑症吧新增真实帖子；按既有人工标准补标；标题证据较明确；请复核,train,supplemented_real_label,anxiety,,content_first_cleared_previous,rule:no_match
,,536,8790495256,焦虑症吧,焦虑症,30岁出头，每天都担心会严重心律失常猝死,30岁出头，每天都担心会严重心律失常猝死,"标题：30岁出头，每天都担心会严重心律失常猝死

正文：30岁出头，每天都担心会严重心律失常猝死",https://tieba.baidu.com/p/8790495256,academic_stress,low,15.5,model:stress:0.65,0.65,,焦虑症吧新增真实帖子；按既有人工标准补标；标题证据较明确；请复核,train,supplemented_real_label,anxiety,,content_first_cleared_previous,rule:no_match
,,535,5132360773,焦虑症吧,焦虑症,吃艾司西酞普兰全好了……感恩,吃艾司西酞普兰全好了……感恩,"标题：吃艾司西酞普兰全好了……感恩

正文：吃艾司西酞普兰全好了……感恩",https://tieba.baidu.com/p/5132360773,normal,low,,model:internalizing:0.39,0.39,,新增真实帖子；待人工补标,train,new_unreviewed,,,content_first_rule,rule:no_match
,,534,5973443155,焦虑症吧,焦虑症,【精品贴】焦虑症康复6年，你心理的疑问这里都有回答（2.0版）,【精品贴】焦虑症康复6年，你心理的疑问这里都有回答（2.0版）,"标题：【精品贴】焦虑症康复6年，你心理的疑问这里都有回答（2.0版）

正文：【精品贴】焦虑症康复6年，你心理的疑问这里都有回答（2.0版）",https://tieba.baidu.com/p/5973443155,social_withdrawal,low,11.6,"model:stress:0.35,model:internalizing:0.48",0.48,anxiety,新增真实帖子；待人工补标,train,new_unreviewed,,,content_first_rule,anxiety:content
,,533,10614353379,焦虑症吧,焦虑症,有单身的妹子吗,有单身的妹子吗,"标题：有单身的妹子吗

正文：有单身的妹子吗",https://tieba.baidu.com/p/10614353379,normal,low,,model:hostility:0.57,0.57,,新增真实帖子；待人工补标,train,new_unreviewed,,,content_first_rule,rule:no_match
,,532,5614746640,焦虑症吧,焦虑症,焦虑症的痊愈,焦虑症的痊愈,"标题：焦虑症的痊愈

正文：焦虑症的痊愈",https://tieba.baidu.com/p/5614746640,normal,low,,model:internalizing:0.35,0.35,anxiety,新增真实帖子；待人工补标,train,new_unreviewed,,,content_first_rule,anxiety:content
,,531,10612745736,焦虑症吧,焦虑症,大家看看我该怎么办？,大家看看我该怎么办？,"标题：大家看看我该怎么办？

正文：大家看看我该怎么办？",https://tieba.baidu.com/p/10612745736,"depression,academic_stress",medium,35.7,"model:stress:0.59,model:internalizing:0.43",0.59,,新增真实帖子；按既有人工标准补标；标题证据较明确；请复核,train,supplemented_real_label,anxiety,,content_first_cleared_previous,rule:no_match
,,530,10587234182,焦虑症吧,焦虑症,焦虑症太难受,焦虑症太难受,"标题：焦虑症太难受

正文：焦虑症太难受",https://tieba.baidu.com/p/10587234182,normal,low,,"model:stress_aux:0.34,model:stress:0.50",0.5,anxiety,焦虑症吧新增真实帖子；按既有人工标准补标；标题证据较明确；请复核,train,supplemented_real_label,anxiety,,content_first_rule,anxiety:content
,,529,7033297622,焦虑症吧,焦虑症,今天生日，给大家分享我的康复经历。,今天生日，给大家分享我的康复经历。,"标题：今天生日，给大家分享我的康复经历。

正文：今天生日，给大家分享我的康复经历。",https://tieba.baidu.com/p/7033297622,normal,low,,"model:hostility:0.30,model:stress:0.30,model:internalizing:0.34",0.34,,新增真实帖子；待人工补标,train,new_unreviewed,,,content_first_rule,rule:no_match
,,528,10602210984,焦虑症吧,焦虑症,有没有有经验的病友能提供一些建议，应该怎么调理,有没有有经验的病友能提供一些建议，应该怎么调理,"标题：有没有有经验的病友能提供一些建议，应该怎么调理

正文：有没有有经验的病友能提供一些建议，应该怎么调理",https://tieba.baidu.com/p/10602210984,normal,low,,"model:hostility:0.37,model:internalizing:0.35",0.37,,新增真实帖子；待人工补标,train,new_unreviewed,,,content_first_rule,rule:no_match
,,527,10494324235,焦虑症吧,焦虑症,突然就焦虑躯体化了,突然就焦虑躯体化了,"标题：突然就焦虑躯体化了

正文：突然就焦虑躯体化了",https://tieba.baidu.com/p/10494324235,anxiety,medium,23.6,"model:stress_aux:0.37,model:stress:0.66",0.66,anxiety,焦虑症吧新增真实帖子；按既有人工标准补标；标题证据较明确；请复核,train,supplemented_real_label,anxiety,,content_first_rule,anxiety:content
,,526,10598122266,焦虑症吧,焦虑症,不是没适应，是没招的发泄😶,不是没适应，是没招的发泄😶,"标题：不是没适应，是没招的发泄😶

正文：不是没适应，是没招的发泄😶",https://tieba.baidu.com/p/10598122266,depression,medium,23.1,"model:stress:0.39,model:internalizing:0.46",0.46,,新增真实帖子；按既有人工标准补标；标题证据较明确；请复核,train,supplemented_real_label,anxiety,,content_first_cleared_previous,rule:no_match
,,525,10524175779,焦虑症吧,焦虑症,焦虑症抑郁症继续吃药,焦虑症抑郁症继续吃药,"标题：焦虑症抑郁症继续吃药

正文：焦虑症抑郁症继续吃药",https://tieba.baidu.com/p/10524175779,normal,low,,"model:stress_aux:0.31,model:stress:0.40",0.4,"depression,anxiety",焦虑症吧新增真实帖子；按既有人工标准补标；标题证据较明确；请复核,train,supplemented_real_label,anxiety,,content_first_rule,anxiety:content;depression:content
,,524,9641279830,焦虑症吧,焦虑症,想问一下，你们吃药有用吗？,想问一下，你们吃药有用吗？,"标题：想问一下，你们吃药有用吗？

正文：想问一下，你们吃药有用吗？",https://tieba.baidu.com/p/9641279830,normal,low,,"model:stress_aux:0.34,model:hostility:0.34,model:stress:0.41,model:internalizing:0.34",0.41,,新增真实帖子；待人工补标,train,new_unreviewed,,,content_first_rule,rule:content_info_only
,,523,10553467116,焦虑症吧,焦虑症,高三生，似乎患有焦虑症，想要求助,高三生，似乎患有焦虑症，想要求助,"标题：高三生，似乎患有焦虑症，想要求助

正文：高三生，似乎患有焦虑症，想要求助",https://tieba.baidu.com/p/10553467116,normal,low,,"model:stress_aux:0.36,model:hostility:0.36,model:stress:0.39",0.39,anxiety,新增真实帖子；按既有人工标准补标；标题证据较明确；请复核,train,supplemented_real_label,anxiety,,content_first_rule,anxiety:content
,,522,6848678090,焦虑症吧,焦虑症,不知不觉进贴吧已经6年多了我12年得病，现在8年了期间就好了,不知不觉进贴吧已经6年多了我12年得病，现在8年了期间就好了,"标题：不知不觉进贴吧已经6年多了我12年得病，现在8年了期间就好了

正文：不知不觉进贴吧已经6年多了我12年得病，现在8年了期间就好了",https://tieba.baidu.com/p/6848678090,academic_stress,low,15.7,"model:stress_aux:0.32,model:stress:0.65",0.65,,新增真实帖子；待人工补标,train,new_unreviewed,,,content_first_rule,rule:no_match
,,521,10591047443,焦虑症吧,焦虑症,你们那里的简称是哪个？,你们那里的简称是哪个？,"标题：你们那里的简称是哪个？

正文：你们那里的简称是哪个？",https://tieba.baidu.com/p/10591047443,normal,low,,model:hostility:0.37,0.37,,新增真实帖子；待人工补标,train,new_unreviewed,,,content_first_rule,rule:no_match
,,520,10611220546,焦虑症吧,焦虑症,躯体症的第三年,躯体症的第三年,"标题：躯体症的第三年

正文：躯体症的第三年",https://tieba.baidu.com/p/10611220546,normal,low,,model:internalizing:0.34,0.34,,新增真实帖子；待人工补标,test,new_unreviewed,,,content_first_rule,rule:no_match
,,519,8907931612,焦虑症吧,焦虑症,【记录】记录本人焦虑症+植物神经紊乱+强迫症自愈过程,【记录】记录本人焦虑症+植物神经紊乱+强迫症自愈过程,"标题：【记录】记录本人焦虑症+植物神经紊乱+强迫症自愈过程

正文：【记录】记录本人焦虑症+植物神经紊乱+强迫症自愈过程",https://tieba.baidu.com/p/8907931612,normal,low,,model:internalizing:0.41,0.41,anxiety,新增真实帖子；待人工补标,train,new_unreviewed,,,content_first_rule,anxiety:content
,,518,10233277288,焦虑症吧,焦虑症,10多年焦虑症复发,10多年焦虑症复发,"标题：10多年焦虑症复发

正文：10多年焦虑症复发",https://tieba.baidu.com/p/10233277288,academic_stress,low,14.4,model:stress:0.60,0.6,anxiety,新增真实帖子；待人工补标,train,new_unreviewed,,,content_first_rule,anxiety:content
,,517,10538086756,焦虑症吧,焦虑症,焦虑症复发,焦虑症复发,"标题：焦虑症复发

正文：焦虑症复发",https://tieba.baidu.com/p/10538086756,normal,low,,"model:stress_aux:0.38,model:stress:0.53",0.53,anxiety,新增真实帖子；待人工补标,train,new_unreviewed,,,content_first_rule,anxiety:content
,,516,10610952949,焦虑症吧,焦虑症,各位大神们你们好,各位大神们你们好,"标题：各位大神们你们好

正文：各位大神们你们好",https://tieba.baidu.com/p/10610952949,normal,low,,model:hostility:0.49,0.49,,新增真实帖子；待人工补标,train,new_unreviewed,,,content_first_rule,rule:no_match
,,515,10586215594,焦虑症吧,焦虑症,又开始难受了,又开始难受了,"标题：又开始难受了

正文：又开始难受了",https://tieba.baidu.com/p/10586215594,academic_stress,low,14.3,"model:stress_aux:0.33,model:stress:0.59,model:internalizing:0.41",0.59,,新增真实帖子；待人工补标,train,new_unreviewed,,,content_first_rule,rule:no_match
,,514,10612095312,焦虑症吧,焦虑症,今年2月份检查出来焦虑症惊恐障碍,今年2月份检查出来焦虑症惊恐障碍,"标题：今年2月份检查出来焦虑症惊恐障碍

正文：今年2月份检查出来焦虑症惊恐障碍",https://tieba.baidu.com/p/10612095312,normal,low,,model:stress:0.48,0.48,anxiety,新增真实帖子；待人工补标,train,new_unreviewed,,,content_first_rule,anxiety:content
,,513,4213131629,焦虑症吧,焦虑症,康复的过来人，希望能帮大家一起修心，共勉！,康复的过来人，希望能帮大家一起修心，共勉！,"标题：康复的过来人，希望能帮大家一起修心，共勉！

正文：康复的过来人，希望能帮大家一起修心，共勉！",https://tieba.baidu.com/p/4213131629,social_withdrawal,low,13.3,"model:stress_aux:0.32,model:hostility:0.30,model:internalizing:0.55",0.55,,新增真实帖子；待人工补标,train,new_unreviewed,,,content_first_rule,rule:no_match
,,512,7196138272,焦虑症吧,焦虑症,躯体症状明显，总担心不好的事情，今天是吃舍曲林的第二天,躯体症状明显，总担心不好的事情，今天是吃舍曲林的第二天,"标题：躯体症状明显，总担心不好的事情，今天是吃舍曲林的第二天

正文：躯体症状明显，总担心不好的事情，今天是吃舍曲林的第二天",https://tieba.baidu.com/p/7196138272,normal,low,,"model:stress_aux:0.36,model:stress:0.38",0.38,,新增真实帖子；待人工补标,dev,new_unreviewed,,,content_first_rule,rule:no_match
,,511,9995595210,焦虑症吧,焦虑症,焦虑复发，,焦虑复发，,"标题：焦虑复发，

正文：焦虑复发，",https://tieba.baidu.com/p/9995595210,academic_stress,low,14.4,"model:stress_aux:0.38,model:stress:0.60",0.6,anxiety,新增真实帖子；待人工补标,train,new_unreviewed,,,content_first_rule,anxiety:content
,,510,9746425651,焦虑症吧,焦虑症,时隔两年焦虑症再次复发，记录舍曲林服药过程。,时隔两年焦虑症再次复发，记录舍曲林服药过程。,"标题：时隔两年焦虑症再次复发，记录舍曲林服药过程。

正文：时隔两年焦虑症再次复发，记录舍曲林服药过程。",https://tieba.baidu.com/p/9746425651,normal,low,,"model:stress:0.36,model:internalizing:0.37",0.37,anxiety,新增真实帖子；待人工补标,train,new_unreviewed,,,content_first_rule,anxiety:content
,,509,9265228686,焦虑症吧,焦虑症,疑病的那些年,疑病的那些年,"标题：疑病的那些年

正文：疑病的那些年",https://tieba.baidu.com/p/9265228686,normal,low,,model:internalizing:0.32,0.32,,新增真实帖子；待人工补标,train,new_unreviewed,,,content_first_rule,rule:no_match
,,508,10539795739,焦虑症吧,焦虑症,焦虑最近又犯病了,焦虑最近又犯病了,"标题：焦虑最近又犯病了

正文：焦虑最近又犯病了",https://tieba.baidu.com/p/10539795739,anxiety,medium,24.5,"model:stress_aux:0.42,model:stress:0.68",0.68,anxiety,新增真实帖子；待人工补标,test,new_unreviewed,,,content_first_rule,anxiety:content
,,507,10210713577,焦虑症吧,焦虑症,记录11月13日的惊恐发作,记录11月13日的惊恐发作,"标题：记录11月13日的惊恐发作

正文：记录11月13日的惊恐发作",https://tieba.baidu.com/p/10210713577,normal,low,,,,,新增真实帖子；待人工补标,dev,new_unreviewed,,,content_first_rule,rule:content_info_only
,,506,10606522953,焦虑症吧,焦虑症,感觉甲状腺癌跑不了了，希望检查平安无视吧,感觉甲状腺癌跑不了了，希望检查平安无视吧,"标题：感觉甲状腺癌跑不了了，希望检查平安无视吧

正文：感觉甲状腺癌跑不了了，希望检查平安无视吧",https://tieba.baidu.com/p/10606522953,normal,low,,"model:stress:0.39,model:internalizing:0.41",0.41,,新增真实帖子；待人工补标,train,new_unreviewed,,,content_first_rule,rule:no_match
,,505,10576721271,焦虑症吧,焦虑症,焦虑笔记5，关于认知行为疗法，根据主播爱愈心的课程总结而来。,焦虑笔记5，关于认知行为疗法，根据主播爱愈心的课程总结而来。,"标题：焦虑笔记5，关于认知行为疗法，根据主播爱愈心的课程总结而来。

正文：焦虑笔记5，关于认知行为疗法，根据主播爱愈心的课程总结而来。",https://tieba.baidu.com/p/10576721271,normal,low,,"model:stress:0.32,model:internalizing:0.36",0.36,anxiety,新增真实帖子；待人工补标,train,new_unreviewed,,,content_first_rule,anxiety:content
,,504,10614296703,焦虑症吧,焦虑症,又熬穿了已经预想啦,又熬穿了已经预想啦,"标题：又熬穿了已经预想啦

正文：又熬穿了已经预想啦",https://tieba.baidu.com/p/10614296703,normal,low,,"model:stress_aux:0.36,model:stress:0.52,model:internalizing:0.32",0.52,,新增真实帖子；待人工补标,train,new_unreviewed,,,content_first_rule,rule:no_match
,,503,10614467388,焦虑症吧,焦虑症,为什么肚子发热,为什么肚子发热,"标题：为什么肚子发热

正文：为什么肚子发热",https://tieba.baidu.com/p/10614467388,normal,low,,"model:stress:0.35,model:self_harm_aux:0.35",0.35,,新增真实帖子；待人工补标,test,new_unreviewed,,,content_first_rule,rule:no_match
,,502,9659261080,焦虑症吧,焦虑症,发个贴看看有没有跟我一样的呀。,发个贴看看有没有跟我一样的呀。,"标题：发个贴看看有没有跟我一样的呀。

正文：发个贴看看有没有跟我一样的呀。",https://tieba.baidu.com/p/9659261080,depression,medium,26.8,"model:stress_aux:0.33,model:stress:0.44,model:internalizing:0.54",0.54,,新增真实帖子；待人工补标,train,new_unreviewed,,,content_first_rule,rule:no_match
,,501,10062426022,焦虑症吧,焦虑症,惊恐障碍，发作时太难受了,惊恐障碍，发作时太难受了,"标题：惊恐障碍，发作时太难受了

正文：惊恐障碍，发作时太难受了",https://tieba.baidu.com/p/10062426022,normal,low,,"model:stress_aux:0.36,model:stress:0.44",0.44,anxiety,新增真实帖子；待人工补标,train,new_unreviewed,,,content_first_rule,anxiety:content
,,500,10559116393,焦虑症吧,焦虑症,二次复发吃药快四个月，还是焦虑,二次复发吃药快四个月，还是焦虑,"标题：二次复发吃药快四个月，还是焦虑

正文：二次复发吃药快四个月，还是焦虑",https://tieba.baidu.com/p/10559116393,anxiety,medium,23.8,"model:stress_aux:0.39,model:stress:0.66",0.66,anxiety,新增真实帖子；待人工补标,train,new_unreviewed,,,content_first_rule,anxiety:content
,,499,10434647780,焦虑症吧,焦虑症,大家有没有出现内分泌失调的情况，,大家有没有出现内分泌失调的情况，,"标题：大家有没有出现内分泌失调的情况，

正文：大家有没有出现内分泌失调的情况，",https://tieba.baidu.com/p/10434647780,normal,low,,"model:hostility:0.34,model:stress:0.42,model:internalizing:0.40",0.42,,新增真实帖子；待人工补标,train,new_unreviewed,,,content_first_rule,rule:no_match
,,498,10580682385,焦虑症吧,焦虑症,头晕，无力，血压偏低,头晕，无力，血压偏低,"标题：头晕，无力，血压偏低

正文：头晕，无力，血压偏低",https://tieba.baidu.com/p/10580682385,normal,low,,model:stress:0.33,0.33,,新增真实帖子；待人工补标,train,new_unreviewed,,,content_first_rule,rule:no_match
,,497,10282126714,焦虑症吧,焦虑症,焦虑症加疑病症，恐慌迷茫中。,焦虑症加疑病症，恐慌迷茫中。,"标题：焦虑症加疑病症，恐慌迷茫中。

正文：焦虑症加疑病症，恐慌迷茫中。",https://tieba.baidu.com/p/10282126714,normal,low,,"model:stress_aux:0.34,model:stress:0.39,model:internalizing:0.30",0.39,anxiety,新增真实帖子；待人工补标,train,new_unreviewed,,,content_first_rule,anxiety:content
,,496,10600568377,焦虑症吧,焦虑症,焦虑症咨询,焦虑症咨询,"标题：焦虑症咨询

正文：焦虑症咨询",https://tieba.baidu.com/p/10600568377,normal,low,,,,anxiety,新增真实帖子；待人工补标,dev,new_unreviewed,,,content_first_rule,anxiety:content
,,495,10600782443,焦虑症吧,焦虑症,深夜又开始胸口不舒服了,深夜又开始胸口不舒服了,"标题：深夜又开始胸口不舒服了

正文：深夜又开始胸口不舒服了",https://tieba.baidu.com/p/10600782443,academic_stress,low,14.6,"model:stress_aux:0.35,model:stress:0.61",0.61,,新增真实帖子；待人工补标,train,new_unreviewed,,,content_first_rule,rule:no_match
,,494,10568655797,焦虑症吧,焦虑症,如果可以我想要重新来过,如果可以我想要重新来过,"标题：如果可以我想要重新来过

正文：如果可以我想要重新来过",https://tieba.baidu.com/p/10568655797,"self_harm,depression",high,92.8,"model:internalizing:0.62,model:self_harm_aux:0.52",0.62,,新增真实帖子；待人工补标,train,new_unreviewed,,,content_first_rule,rule:no_match
,,493,10613646001,焦虑症吧,焦虑症,疑似焦虑抑郁,疑似焦虑抑郁,"标题：疑似焦虑抑郁

正文：疑似焦虑抑郁",https://tieba.baidu.com/p/10613646001,normal,low,,model:stress:0.30,0.3,"depression,anxiety",新增真实帖子；待人工补标,train,new_unreviewed,,,content_first_rule,anxiety:content;depression:content
,,492,10614318258,焦虑症吧,焦虑症,谁有这种症状,谁有这种症状,"标题：谁有这种症状

正文：谁有这种症状",https://tieba.baidu.com/p/10614318258,normal,low,,"model:stress_aux:0.33,model:stress:0.44",0.44,,新增真实帖子；待人工补标,train,new_unreviewed,,,content_first_rule,rule:no_match
,,491,10083782665,焦虑症吧,焦虑症,复发第几次已经记不清了,复发第几次已经记不清了,"标题：复发第几次已经记不清了

正文：复发第几次已经记不清了",https://tieba.baidu.com/p/10083782665,academic_stress,low,13.6,"model:stress_aux:0.31,model:stress:0.57,model:self_harm_aux:0.32",0.57,,新增真实帖子；待人工补标,train,new_unreviewed,,,content_first_rule,rule:no_match
,,490,10436427319,焦虑症吧,焦虑症,求助，看病,求助，看病,"标题：求助，看病

正文：求助，看病",https://tieba.baidu.com/p/10436427319,depression,medium,26.5,"model:hostility:0.33,model:internalizing:0.53,model:self_harm_aux:0.36",0.53,,新增真实帖子；待人工补标,dev,new_unreviewed,,,content_first_rule,rule:content_info_only
,,489,10532066612,焦虑症吧,焦虑症,有没有做个胃镜的焦友,有没有做个胃镜的焦友,"标题：有没有做个胃镜的焦友

正文：有没有做个胃镜的焦友",https://tieba.baidu.com/p/10532066612,normal,low,,"model:stress_aux:0.32,model:hostility:0.32,model:stress:0.33",0.33,,新增真实帖子；待人工补标,train,new_unreviewed,,,content_first_rule,rule:no_match
,,488,10613793021,焦虑症吧,焦虑症,撑不住了啊，严重失眠，感觉全身都是病,撑不住了啊，严重失眠，感觉全身都是病,"标题：撑不住了啊，严重失眠，感觉全身都是病

正文：撑不住了啊，严重失眠，感觉全身都是病",https://tieba.baidu.com/p/10613793021,academic_stress,low,15.1,"model:stress_aux:0.30,model:stress:0.63",0.63,depression,新增真实帖子；待人工补标,train,new_unreviewed,,,content_first_rule,depression:content
,,487,10029841229,焦虑症吧,焦虑症,焦虑症痊愈方法分享,焦虑症痊愈方法分享,"标题：焦虑症痊愈方法分享

正文：焦虑症痊愈方法分享",https://tieba.baidu.com/p/10029841229,normal,low,,"model:hostility:0.32,model:self_harm_aux:0.32",0.32,anxiety,新增真实帖子；待人工补标,train,new_unreviewed,,,content_first_rule,anxiety:content
,,486,10232822647,焦虑症吧,焦虑症,记录新一轮抗焦,记录新一轮抗焦,"标题：记录新一轮抗焦

正文：记录新一轮抗焦",https://tieba.baidu.com/p/10232822647,normal,low,,"model:stress_aux:0.30,model:stress:0.35",0.35,,新增真实帖子；待人工补标,train,new_unreviewed,,,content_first_rule,rule:content_info_only
,,485,8549712134,焦虑症吧,焦虑症,盘点一下焦虑给自己安的病,盘点一下焦虑给自己安的病,"标题：盘点一下焦虑给自己安的病

正文：盘点一下焦虑给自己安的病",https://tieba.baidu.com/p/8549712134,depression,low,21.7,"model:internalizing:0.43,model:self_harm_aux:0.33",0.43,anxiety,新增真实帖子；待人工补标,train,new_unreviewed,,,content_first_rule,anxiety:content
,,484,10367689106,焦虑症吧,焦虑症,一天一个症状,一天一个症状,"标题：一天一个症状

正文：一天一个症状",https://tieba.baidu.com/p/10367689106,normal,low,,"model:stress_aux:0.36,model:stress:0.54",0.54,,新增真实帖子；待人工补标,train,new_unreviewed,,,content_first_rule,rule:no_match
,,483,10590720368,焦虑症吧,焦虑症,三年长期焦虑躯体化,三年长期焦虑躯体化,"标题：三年长期焦虑躯体化

正文：三年长期焦虑躯体化",https://tieba.baidu.com/p/10590720368,normal,low,,"model:stress:0.40,model:internalizing:0.31",0.4,anxiety,新增真实帖子；待人工补标,train,new_unreviewed,,,content_first_rule,anxiety:content
,,482,10408761842,焦虑症吧,焦虑症,到底是器质性病变还是焦虑症？真要崩溃了！,到底是器质性病变还是焦虑症？真要崩溃了！,"标题：到底是器质性病变还是焦虑症？真要崩溃了！

正文：到底是器质性病变还是焦虑症？真要崩溃了！",https://tieba.baidu.com/p/10408761842,academic_stress,low,14.7,"model:stress_aux:0.40,model:stress:0.61,model:internalizing:0.35",0.61,anxiety,新增真实帖子；待人工补标,train,new_unreviewed,,,content_first_rule,anxiety:content
,,481,10188013303,焦虑症吧,焦虑症,康复两个月，重度焦虑症竟然复发了,康复两个月，重度焦虑症竟然复发了,"标题：康复两个月，重度焦虑症竟然复发了

正文：康复两个月，重度焦虑症竟然复发了",https://tieba.baidu.com/p/10188013303,academic_stress,low,14.5,model:stress:0.61,0.61,anxiety,新增真实帖子；待人工补标,train,new_unreviewed,,,content_first_rule,anxiety:content
,,480,10609136836,焦虑症吧,焦虑症,焦虑症其实是一个人心理进修之路,焦虑症其实是一个人心理进修之路,"标题：焦虑症其实是一个人心理进修之路

正文：焦虑症其实是一个人心理进修之路",https://tieba.baidu.com/p/10609136836,normal,low,,model:stress:0.30,0.3,,新增真实帖子；待人工补标,dev,manual_review_merged,anxiety,rare_label_shortlist,manual_shortlist_merge,新增真实帖子；待人工补标
,,479,10609362325,焦虑症吧,焦虑症,焦虑症的本质（你也可以复制）,焦虑症的本质（你也可以复制）,"标题：焦虑症的本质（你也可以复制）

正文：焦虑症的本质（你也可以复制）",https://tieba.baidu.com/p/10609362325,normal,low,,"model:hostility:0.39,model:internalizing:0.36,model:self_harm_aux:0.31",0.39,anxiety,新增真实帖子；待人工补标,train,new_unreviewed,,,content_first_rule,anxiety:content
,,478,9084446541,焦虑症吧,焦虑症,停药四年了，回来看看，顺带回答吧友提问,停药四年了，回来看看，顺带回答吧友提问,"标题：停药四年了，回来看看，顺带回答吧友提问

正文：停药四年了，回来看看，顺带回答吧友提问",https://tieba.baidu.com/p/9084446541,normal,low,,"model:stress:0.44,model:internalizing:0.37",0.44,,新增真实帖子；待人工补标,train,new_unreviewed,,,content_first_rule,rule:content_info_only
,,477,10470154307,焦虑症吧,焦虑症,焦虑症竟然奇迹般的好了,焦虑症竟然奇迹般的好了,"标题：焦虑症竟然奇迹般的好了

正文：焦虑症竟然奇迹般的好了",https://tieba.baidu.com/p/10470154307,normal,low,,model:stress:0.39,0.39,anxiety,新增真实帖子；待人工补标,train,new_unreviewed,,,content_first_rule,anxiety:content
,,476,10133567614,焦虑症吧,焦虑症,我焦虑症快好了,我焦虑症快好了,"标题：我焦虑症快好了

正文：我焦虑症快好了",https://tieba.baidu.com/p/10133567614,normal,low,,"model:stress:0.48,model:internalizing:0.31",0.48,anxiety,新增真实帖子；待人工补标,train,new_unreviewed,,,content_first_rule,anxiety:content
,,475,10488412268,焦虑症吧,焦虑症,挑战不吃药战胜焦虑症躯体化病魔,挑战不吃药战胜焦虑症躯体化病魔,"标题：挑战不吃药战胜焦虑症躯体化病魔

正文：挑战不吃药战胜焦虑症躯体化病魔",https://tieba.baidu.com/p/10488412268,normal,low,,model:stress:0.34,0.34,anxiety,新增真实帖子；待人工补标,train,new_unreviewed,,,content_first_rule,anxiety:content
,,474,10602214645,焦虑吧,焦虑,自认为乐观开朗的我被焦虑所困,自认为乐观开朗的我被焦虑所困,"标题：自认为乐观开朗的我被焦虑所困

正文：自认为乐观开朗的我被焦虑所困",https://tieba.baidu.com/p/10602214645,normal,low,,model:stress:0.49,0.49,anxiety,焦虑吧新增真实帖子；按既有人工标准补标；标题证据较明确；请复核,train,supplemented_real_label,anxiety,,content_first_rule,anxiety:content
,,473,10595020888,焦虑吧,焦虑,焦虑又犯了,焦虑又犯了,"标题：焦虑又犯了

正文：焦虑又犯了",https://tieba.baidu.com/p/10595020888,academic_stress,low,15.0,"model:stress_aux:0.35,model:stress:0.63",0.63,anxiety,焦虑吧新增真实帖子；按既有人工标准补标；标题证据较明确；请复核,train,supplemented_real_label,anxiety,,content_first_rule,anxiety:content
,,472,10584810289,焦虑吧,焦虑,最近压力好大啊,最近压力好大啊,"标题：最近压力好大啊

正文：最近压力好大啊",https://tieba.baidu.com/p/10584810289,anxiety,medium,25.3,"model:stress_aux:0.36,model:stress:0.70",0.7,,焦虑吧新增真实帖子；按既有人工标准补标；标题证据较明确；请复核,train,supplemented_real_label,anxiety,,content_first_cleared_previous,rule:no_match
,,471,10609419573,焦虑吧,焦虑,焦虑症研究——重塑大脑的传销,焦虑症研究——重塑大脑的传销,"标题：焦虑症研究——重塑大脑的传销

正文：焦虑症研究——重塑大脑的传销",https://tieba.baidu.com/p/10609419573,normal,low,,"model:hostility:0.36,model:internalizing:0.36,model:self_harm_aux:0.36",0.36,anxiety,新增真实帖子；待人工补标,train,new_unreviewed,,,content_first_rule,anxiety:content
,,470,10612092386,焦虑吧,焦虑,帕金森早期和晚期症状有什么不同？,帕金森早期和晚期症状有什么不同？,"标题：帕金森早期和晚期症状有什么不同？

正文：帕金森早期和晚期症状有什么不同？",https://tieba.baidu.com/p/10612092386,normal,low,,"model:stress_aux:0.39,model:stress:0.38,model:internalizing:0.33",0.39,,新增真实帖子；待人工补标,train,new_unreviewed,,,content_first_rule,rule:no_match
,,469,10584074858,焦虑吧,焦虑,因为一些小事就开始崩溃,因为一些小事就开始崩溃,"标题：因为一些小事就开始崩溃

正文：因为一些小事就开始崩溃",https://tieba.baidu.com/p/10584074858,depression,medium,23.6,"model:stress:0.42,model:internalizing:0.47",0.47,,焦虑吧新增真实帖子；按既有人工标准补标；标题证据较明确；请复核,train,supplemented_real_label,anxiety,,content_first_cleared_previous,rule:no_match
,,468,10514538493,焦虑吧,焦虑,如何能不在乎别人,如何能不在乎别人,"标题：如何能不在乎别人

正文：如何能不在乎别人",https://tieba.baidu.com/p/10514538493,normal,low,,model:hostility:0.49,0.49,,焦虑吧新增真实帖子；按既有人工标准补标；标题证据较明确；请复核,train,supplemented_real_label,anxiety,,content_first_cleared_previous,rule:no_match
,,467,10560235460,焦虑吧,焦虑,焦虑症吃药还没好,焦虑症吃药还没好,"标题：焦虑症吃药还没好

正文：焦虑症吃药还没好",https://tieba.baidu.com/p/10560235460,normal,low,,model:stress:0.45,0.45,anxiety,焦虑吧新增真实帖子；按既有人工标准补标；标题证据较明确；请复核,train,supplemented_real_label,anxiety,,content_first_rule,anxiety:content
,,466,10537882509,孙笑川吧,孙笑川,qq上聊掰了😭,qq上聊掰了😭,"标题：qq上聊掰了😭

正文：qq上聊掰了😭",https://tieba.baidu.com/p/10537882509,normal,low,,"model:stress:0.43,model:internalizing:0.33",0.43,,新增真实帖子；待人工补标,dev,new_unreviewed,,,content_first_rule,rule:no_match
,,465,10612022089,孙笑川吧,孙笑川,什么叫不懂感恩……,什么叫不懂感恩……,"标题：什么叫不懂感恩……

正文：什么叫不懂感恩……",https://tieba.baidu.com/p/10612022089,normal,low,,"model:hostility:0.39,model:internalizing:0.33,model:self_harm_aux:0.34",0.39,,新增真实帖子；待人工补标,train,new_unreviewed,,,content_first_rule,rule:no_match
,,464,10606803713,孙笑川吧,孙笑川,懒得评价，直接上图,懒得评价，直接上图,"标题：懒得评价，直接上图

正文：懒得评价，直接上图",https://tieba.baidu.com/p/10606803713,social_withdrawal,low,14.7,"model:stress_aux:0.32,model:hostility:0.33,model:stress:0.35,model:internalizing:0.61",0.61,,新增真实帖子；待人工补标,train,new_unreviewed,,,content_first_rule,rule:no_match
,,463,10613604123,孙笑川吧,孙笑川,8u们，这是一个女生对一个恋人的正常态度吗,8u们，这是一个女生对一个恋人的正常态度吗,"标题：8u们，这是一个女生对一个恋人的正常态度吗

正文：8u们，这是一个女生对一个恋人的正常态度吗",https://tieba.baidu.com/p/10613604123,abuse,low,14.7,model:hostility:0.67,0.67,,新增真实帖子；待人工补标,train,new_unreviewed,,,content_first_rule,rule:no_match
,,462,10606154408,孙笑川吧,孙笑川,谁敢在现实里侮辱张雪峰老师，我见一个打一个！,谁敢在现实里侮辱张雪峰老师，我见一个打一个！,"标题：谁敢在现实里侮辱张雪峰老师，我见一个打一个！

正文：谁敢在现实里侮辱张雪峰老师，我见一个打一个！",https://tieba.baidu.com/p/10606154408,violence,medium,48.7,model:hostility:0.68,0.68,,孙笑川吧新增真实帖子；按既有人工标准补标；标题证据较明确；请复核,dev,supplemented_real_label,violence,,content_first_cleared_previous,rule:no_match
,,461,10463734320,孙笑川吧,孙笑川,你真的看懂《达尔文事变》了吗？,你真的看懂《达尔文事变》了吗？,"标题：你真的看懂《达尔文事变》了吗？

正文：你真的看懂《达尔文事变》了吗？",https://tieba.baidu.com/p/10463734320,normal,low,,model:stress:0.31,0.31,,新增真实帖子；待人工补标,dev,new_unreviewed,,,content_first_rule,rule:no_match
,,460,10603236193,孙笑川吧,孙笑川,浙江东阳33岁的男子，在母亲长眠的公墓旁，在车里结束了生命,浙江东阳33岁的男子，在母亲长眠的公墓旁，在车里结束了生命,"标题：浙江东阳33岁的男子，在母亲长眠的公墓旁，在车里结束了生命

正文：浙江东阳33岁的男子，在母亲长眠的公墓旁，在车里结束了生命",https://tieba.baidu.com/p/10603236193,depression,medium,23.4,"model:internalizing:0.47,model:self_harm_aux:0.43",0.47,self_harm,新增真实帖子；待人工补标,train,new_unreviewed,,,content_first_rule,self_harm:content
,,459,10613680890,孙笑川吧,孙笑川,lz由于班上神人一眼看不到未来,lz由于班上神人一眼看不到未来,"标题：lz由于班上神人一眼看不到未来

正文：lz由于班上神人一眼看不到未来",https://tieba.baidu.com/p/10613680890,normal,low,,"model:hostility:0.37,model:stress:0.33,model:internalizing:0.39",0.39,,新增真实帖子；待人工补标,test,new_unreviewed,,,content_first_rule,rule:no_match
,,458,10604800141,孙笑川吧,孙笑川,我得跪在地上才能亲到她的脸,我得跪在地上才能亲到她的脸,"标题：我得跪在地上才能亲到她的脸

正文：我得跪在地上才能亲到她的脸",https://tieba.baidu.com/p/10604800141,normal,low,,model:stress:0.32,0.32,,新增真实帖子；待人工补标,test,new_unreviewed,,,content_first_rule,rule:no_match
,,457,10252765839,孙笑川吧,孙笑川,我发4399上的游戏，你们来打分,我发4399上的游戏，你们来打分,"标题：我发4399上的游戏，你们来打分

正文：我发4399上的游戏，你们来打分",https://tieba.baidu.com/p/10252765839,normal,low,,"model:hostility:0.37,model:internalizing:0.41",0.41,,新增真实帖子；待人工补标,train,new_unreviewed,,,content_first_rule,rule:no_match
,,456,10613616989,孙笑川吧,孙笑川,寻找梦中的女孩,寻找梦中的女孩,"标题：寻找梦中的女孩

正文：寻找梦中的女孩",https://tieba.baidu.com/p/10613616989,normal,low,,"model:hostility:0.49,model:internalizing:0.32,model:self_harm_aux:0.40",0.49,,新增真实帖子；待人工补标,test,new_unreviewed,,,content_first_rule,rule:no_match
,,455,10607745669,孙笑川吧,孙笑川,今天在孙吧被挂了也是气笑了,今天在孙吧被挂了也是气笑了,"标题：今天在孙吧被挂了也是气笑了

正文：今天在孙吧被挂了也是气笑了",https://tieba.baidu.com/p/10607745669,anxiety,medium,23.1,"model:stress_aux:0.37,model:stress:0.64",0.64,,新增真实帖子；待人工补标,train,new_unreviewed,,,content_first_rule,rule:no_match
,,454,10611141744,孙笑川吧,孙笑川,最揪心的病历：孩子无罪，太痛了,最揪心的病历：孩子无罪，太痛了,"标题：最揪心的病历：孩子无罪，太痛了

正文：最揪心的病历：孩子无罪，太痛了",https://tieba.baidu.com/p/10611141744,social_withdrawal,low,14.4,model:internalizing:0.60,0.6,,新增真实帖子；待人工补标,train,new_unreviewed,,,content_first_rule,rule:no_match
,,453,10603910965,孙笑川吧,孙笑川,妈呀，我天真的以为这种人只会在网上遇到,妈呀，我天真的以为这种人只会在网上遇到,"标题：妈呀，我天真的以为这种人只会在网上遇到

正文：妈呀，我天真的以为这种人只会在网上遇到",https://tieba.baidu.com/p/10603910965,normal,low,,"model:hostility:0.39,model:stress:0.41",0.41,,新增真实帖子；待人工补标,train,new_unreviewed,,,content_first_rule,rule:no_match
,,452,10612299755,孙笑川吧,孙笑川,只有我觉得这样的穿搭很恶心吗,只有我觉得这样的穿搭很恶心吗,"标题：只有我觉得这样的穿搭很恶心吗

正文：只有我觉得这样的穿搭很恶心吗",https://tieba.baidu.com/p/10612299755,normal,low,,"model:stress:0.31,model:internalizing:0.39",0.39,,孙笑川吧新增真实帖子；按既有人工标准补标；标题证据较明确；请复核,train,supplemented_real_label,abuse,,content_first_cleared_previous,rule:no_match
,,451,10610426954,孙笑川吧,孙笑川,在商场拍到的xxn,在商场拍到的xxn,"标题：在商场拍到的xxn

正文：在商场拍到的xxn",https://tieba.baidu.com/p/10610426954,normal,low,,"model:hostility:0.34,model:internalizing:0.41",0.41,,孙笑川吧新增真实帖子；按既有人工标准补标；标题证据较明确；请复核,train,supplemented_real_label,abuse,,content_first_cleared_previous,rule:no_match
,,450,10613111536,孙笑川吧,孙笑川,都说小红书神人多，我是真见识到了😆,都说小红书神人多，我是真见识到了😆,"标题：都说小红书神人多，我是真见识到了😆

正文：都说小红书神人多，我是真见识到了😆",https://tieba.baidu.com/p/10613111536,normal,low,,"model:stress_aux:0.32,model:stress:0.48,model:internalizing:0.37",0.48,,新增真实帖子；待人工补标,train,new_unreviewed,,,content_first_rule,rule:no_match
,,449,10613693116,孙笑川吧,孙笑川,喜欢**的我也是个**,喜欢**的我也是个**,"标题：喜欢**的我也是个**

正文：喜欢**的我也是个**",https://tieba.baidu.com/p/10613693116,normal,low,,model:hostility:0.58,0.58,,新增真实帖子；待人工补标,dev,new_unreviewed,,,content_first_rule,rule:no_match
,,448,10372621084,孙笑川吧,孙笑川,原神是世界上最牛逼的,原神是世界上最牛逼的,"标题：原神是世界上最牛逼的

正文：原神是世界上最牛逼的",https://tieba.baidu.com/p/10372621084,normal,low,,"model:stress_aux:0.44,model:hostility:0.58,model:stress:0.31,model:internalizing:0.36",0.58,,新增真实帖子；待人工补标,train,new_unreviewed,,,content_first_rule,rule:no_match
,,447,10519131362,孙笑川吧,孙笑川,认真看我教学,认真看我教学,"标题：认真看我教学

正文：认真看我教学",https://tieba.baidu.com/p/10519131362,normal,low,,"model:hostility:0.31,model:stress:0.35,model:internalizing:0.37",0.37,,新增真实帖子；待人工补标,train,new_unreviewed,,,content_first_rule,rule:no_match
,,446,10613529527,孙笑川吧,孙笑川,天石降临！,天石降临！,"标题：天石降临！

正文：天石降临！",https://tieba.baidu.com/p/10613529527,violence,medium,53.8,"model:stress_aux:0.39,model:hostility:0.75,model:internalizing:0.37",0.75,,新增真实帖子；待人工补标,train,new_unreviewed,,,content_first_rule,rule:no_match
,,445,10611375162,孙笑川吧,孙笑川,分享一下自己🌟压抑的糟糕人生,分享一下自己🌟压抑的糟糕人生,"标题：分享一下自己🌟压抑的糟糕人生

正文：分享一下自己🌟压抑的糟糕人生",https://tieba.baidu.com/p/10611375162,social_withdrawal,low,11.3,model:internalizing:0.47,0.47,depression,孙笑川吧新增真实帖子；按既有人工标准补标；标题证据较明确；请复核,train,supplemented_real_label,depression,,content_first_rule,depression:content
,,444,10611765874,孙笑川吧,孙笑川,我给老婆买的黑丝女仆jk终于穿了，二楼放福利大家快来看呀,我给老婆买的黑丝女仆jk终于穿了，二楼放福利大家快来看呀,"标题：我给老婆买的黑丝女仆jk终于穿了，二楼放福利大家快来看呀

正文：我给老婆买的黑丝女仆jk终于穿了，二楼放福利大家快来看呀",https://tieba.baidu.com/p/10611765874,normal,low,,model:stress:0.32,0.32,,新增真实帖子；待人工补标,train,new_unreviewed,,,content_first_rule,rule:no_match
,,443,10612822188,孙笑川吧,孙笑川,吧里有没有没谈过恋爱的小厨男,吧里有没有没谈过恋爱的小厨男,"标题：吧里有没有没谈过恋爱的小厨男

正文：吧里有没有没谈过恋爱的小厨男",https://tieba.baidu.com/p/10612822188,abuse,low,16.2,"model:stress_aux:0.36,model:hostility:0.74",0.74,,新增真实帖子；待人工补标,test,new_unreviewed,,,content_first_rule,rule:no_match
,,442,9101254039,孙笑川吧,孙笑川,今天是我的30岁生日捏，现在是24号的0点，牢,今天是我的30岁生日捏，现在是24号的0点，牢,"标题：今天是我的30岁生日捏，现在是24号的0点，牢

正文：今天是我的30岁生日捏，现在是24号的0点，牢",https://tieba.baidu.com/p/9101254039,normal,low,,,,,新增真实帖子；待人工补标,train,new_unreviewed,,,content_first_rule,rule:no_match
,,441,10606919804,孙笑川吧,孙笑川,老婆简直是天生魅魔怎么办！,老婆简直是天生魅魔怎么办！,"标题：老婆简直是天生魅魔怎么办！

正文：老婆简直是天生魅魔怎么办！",https://tieba.baidu.com/p/10606919804,normal,low,,"model:hostility:0.46,model:stress:0.31,model:internalizing:0.32",0.46,,新增真实帖子；待人工补标,train,new_unreviewed,,,content_first_rule,rule:no_match
,,440,10613040068,孙笑川吧,孙笑川,分享一下lz的同学,分享一下lz的同学,"标题：分享一下lz的同学

正文：分享一下lz的同学",https://tieba.baidu.com/p/10613040068,academic_stress,low,13.3,"model:stress_aux:0.34,model:stress:0.56,model:internalizing:0.42",0.56,,新增真实帖子；待人工补标,train,new_unreviewed,,,content_first_rule,rule:no_match
,,439,10613637347,孙笑川吧,孙笑川,太爱一个人就会丧失自己吗，🐢女的独白,太爱一个人就会丧失自己吗，🐢女的独白,"标题：太爱一个人就会丧失自己吗，🐢女的独白

正文：太爱一个人就会丧失自己吗，🐢女的独白",https://tieba.baidu.com/p/10613637347,abuse,low,13.7,"model:hostility:0.62,model:internalizing:0.39,model:self_harm_aux:0.33",0.62,,孙笑川吧新增真实帖子；按既有人工标准补标；标题证据较明确；请复核,train,manual_review_merged,,rare_label_shortlist,manual_shortlist_merge,孙笑川吧新增真实帖子；按既有人工标准补标；标题证据较明确；请复核 ; 该贴已被删除
,,438,10529734830,孙笑川吧,孙笑川,我发大学专业，你们来打分,我发大学专业，你们来打分,"标题：我发大学专业，你们来打分

正文：我发大学专业，你们来打分",https://tieba.baidu.com/p/10529734830,normal,low,,model:internalizing:0.36,0.36,,新增真实帖子；待人工补标,test,new_unreviewed,,,content_first_rule,rule:no_match
,,437,10613626076,孙笑川吧,孙笑川,入魔的舔狗兄弟,入魔的舔狗兄弟,"标题：入魔的舔狗兄弟

正文：入魔的舔狗兄弟",https://tieba.baidu.com/p/10613626076,abuse,low,18.1,"model:stress_aux:0.39,model:hostility:0.82",0.82,,孙笑川吧新增真实帖子；按既有人工标准补标；标题证据较明确；请复核,train,supplemented_real_label,abuse,,content_first_cleared_previous,rule:no_match
,,436,10605426003,孙笑川吧,孙笑川,家豪TV之带台式机上课,家豪TV之带台式机上课,"标题：家豪TV之带台式机上课

正文：家豪TV之带台式机上课",https://tieba.baidu.com/p/10605426003,normal,low,,"model:stress_aux:0.33,model:stress:0.40",0.4,,新增真实帖子；待人工补标,train,new_unreviewed,,,content_first_rule,rule:no_match
,,435,10287364595,孙笑川吧,孙笑川,平A骗大了，兄弟们,平A骗大了，兄弟们,"标题：平A骗大了，兄弟们

正文：平A骗大了，兄弟们",https://tieba.baidu.com/p/10287364595,normal,low,,"model:stress_aux:0.35,model:stress:0.41",0.41,,新增真实帖子；待人工补标,train,new_unreviewed,,,content_first_rule,rule:no_match
,,434,10606213983,孙笑川吧,孙笑川,鼠鼠陷入情感危机！！吧友们来拯救一下,鼠鼠陷入情感危机！！吧友们来拯救一下,"标题：鼠鼠陷入情感危机！！吧友们来拯救一下

正文：鼠鼠陷入情感危机！！吧友们来拯救一下",https://tieba.baidu.com/p/10606213983,normal,low,,"model:stress_aux:0.31,model:hostility:0.46",0.46,,孙笑川吧新增真实帖子；按既有人工标准补标；标题证据较明确；请复核,train,supplemented_real_label,anxiety,,content_first_cleared_previous,rule:no_match
,,433,10613659613,孙笑川吧,孙笑川,培养老婆计画开始,培养老婆计画开始,"标题：培养老婆计画开始

正文：培养老婆计画开始",https://tieba.baidu.com/p/10613659613,normal,low,,"model:hostility:0.42,model:internalizing:0.34",0.42,,新增真实帖子；待人工补标,train,new_unreviewed,,,content_first_rule,rule:no_match
,,432,10609995751,孙笑川吧,孙笑川,我崩溃了发了几百条表白消息都同意了,我崩溃了发了几百条表白消息都同意了,"标题：我崩溃了发了几百条表白消息都同意了

正文：我崩溃了发了几百条表白消息都同意了",https://tieba.baidu.com/p/10609995751,normal,low,,"model:stress:0.60,model:internalizing:0.38",0.6,,新增真实帖子；待人工补标,train,new_unreviewed,,,content_first_rule,rule:no_match
,,431,10604217427,孙笑川吧,孙笑川,木薯薯被贴吧🐢🐢性骚操扰了捏,木薯薯被贴吧🐢🐢性骚操扰了捏,"标题：木薯薯被贴吧🐢🐢性骚操扰了捏

正文：木薯薯被贴吧🐢🐢性骚操扰了捏",https://tieba.baidu.com/p/10604217427,normal,low,,"model:stress_aux:0.33,model:hostility:0.35,model:stress:0.30",0.35,,孙笑川吧新增真实帖子；按既有人工标准补标；标题证据较明确；请复核,train,supplemented_real_label,abuse,,content_first_cleared_previous,rule:no_match
,,430,10603983211,孙笑川吧,孙笑川,她做了什么啊,她做了什么啊,"标题：她做了什么啊

正文：她做了什么啊",https://tieba.baidu.com/p/10603983211,normal,low,,model:hostility:0.53,0.53,,新增真实帖子；待人工补标,train,new_unreviewed,,,content_first_rule,rule:no_match
,,429,10540037739,孙笑川吧,孙笑川,挂一下班群晒女友的逆天神人,挂一下班群晒女友的逆天神人,"标题：挂一下班群晒女友的逆天神人

正文：挂一下班群晒女友的逆天神人",https://tieba.baidu.com/p/10540037739,normal,low,,"model:hostility:0.42,model:stress:0.32,model:internalizing:0.31",0.42,,孙笑川吧新增真实帖子；按既有人工标准补标；标题证据较明确；请复核,train,supplemented_real_label,abuse,,content_first_cleared_previous,rule:content_info_only
,,428,10606614704,孙笑川吧,孙笑川,盘点孙吧等级,盘点孙吧等级,"标题：盘点孙吧等级

正文：盘点孙吧等级",https://tieba.baidu.com/p/10606614704,normal,low,,"model:stress_aux:0.34,model:hostility:0.48",0.48,,新增真实帖子；待人工补标,train,new_unreviewed,,,content_first_rule,rule:no_match
,,427,9143880022,孙笑川吧,孙笑川,有没有那种看着就特让人绷不住的图？,有没有那种看着就特让人绷不住的图？,"标题：有没有那种看着就特让人绷不住的图？

正文：有没有那种看着就特让人绷不住的图？",https://tieba.baidu.com/p/9143880022,social_withdrawal,low,12.4,"model:hostility:0.34,model:stress:0.33,model:internalizing:0.52",0.52,,新增真实帖子；待人工补标,train,new_unreviewed,,,content_first_rule,rule:no_match
,,426,10613696266,孙笑川吧,孙笑川,求求星光求月亮,求求星光求月亮,"标题：求求星光求月亮

正文：求求星光求月亮",https://tieba.baidu.com/p/10613696266,abuse,low,14.5,"model:hostility:0.66,model:internalizing:0.35,model:self_harm_aux:0.35",0.66,,新增真实帖子；待人工补标,train,new_unreviewed,,,content_first_rule,rule:no_match
,,425,10604689376,孙笑川吧,孙笑川,逆天女同学同学群里发cos图👇🏻👇🏻,逆天女同学同学群里发cos图👇🏻👇🏻,"标题：逆天女同学同学群里发cos图👇🏻👇🏻

正文：逆天女同学同学群里发cos图👇🏻👇🏻",https://tieba.baidu.com/p/10604689376,abuse,low,14.4,model:hostility:0.66,0.66,,孙笑川吧新增真实帖子；按既有人工标准补标；标题证据较明确；请复核,train,supplemented_real_label,abuse,,content_first_cleared_previous,rule:content_info_only
,,424,10612401819,孙笑川吧,孙笑川,世界上怎么会有这么恶心的人,世界上怎么会有这么恶心的人,"标题：世界上怎么会有这么恶心的人

正文：世界上怎么会有这么恶心的人",https://tieba.baidu.com/p/10612401819,abuse,low,15.4,"model:stress_aux:0.31,model:hostility:0.70",0.7,,孙笑川吧新增真实帖子；按既有人工标准补标；标题证据较明确；请复核,test,supplemented_real_label,abuse,,content_first_cleared_previous,rule:no_match
,,423,10604012562,孙笑川吧,孙笑川,已经有00后不敢用的文案了,已经有00后不敢用的文案了,"标题：已经有00后不敢用的文案了

正文：已经有00后不敢用的文案了",https://tieba.baidu.com/p/10604012562,depression,medium,23.3,"model:stress:0.41,model:internalizing:0.47",0.47,,新增真实帖子；待人工补标,train,new_unreviewed,,,content_first_rule,rule:no_match
,,422,10593891337,孙笑川吧,孙笑川,她不会觉得自己很可爱吧,她不会觉得自己很可爱吧,"标题：她不会觉得自己很可爱吧

正文：她不会觉得自己很可爱吧",https://tieba.baidu.com/p/10593891337,abuse,low,15.7,"model:hostility:0.71,model:internalizing:0.35",0.71,,孙笑川吧新增真实帖子；按既有人工标准补标；标题证据较明确；请复核,train,supplemented_real_label,abuse,,content_first_cleared_previous,rule:no_match
,,421,10293732133,孙笑川吧,孙笑川,水楼怎么没了,水楼怎么没了,"标题：水楼怎么没了

正文：水楼怎么没了",https://tieba.baidu.com/p/10293732133,normal,low,,"model:stress_aux:0.36,model:hostility:0.35",0.36,,新增真实帖子；待人工补标,dev,new_unreviewed,,,content_first_rule,rule:no_match
,,420,10609561126,孙笑川吧,孙笑川,看笑了，同出这么容易应激吗？,看笑了，同出这么容易应激吗？,"标题：看笑了，同出这么容易应激吗？

正文：看笑了，同出这么容易应激吗？",https://tieba.baidu.com/p/10609561126,normal,low,,"model:hostility:0.42,model:internalizing:0.42",0.42,,新增真实帖子；待人工补标,dev,new_unreviewed,,,content_first_rule,rule:no_match
,,419,10613694564,孙笑川吧,孙笑川,这个不得了,这个不得了,"标题：这个不得了

正文：这个不得了",https://tieba.baidu.com/p/10613694564,academic_stress,low,13.1,"model:stress_aux:0.45,model:stress:0.54",0.54,,新增真实帖子；待人工补标,train,new_unreviewed,,,content_first_rule,rule:no_match
,,418,10475000487,孙笑川吧,孙笑川,为什么没有水楼,为什么没有水楼,"标题：为什么没有水楼

正文：为什么没有水楼",https://tieba.baidu.com/p/10475000487,normal,low,,"model:hostility:0.36,model:self_harm_aux:0.37",0.37,,新增真实帖子；待人工补标,train,new_unreviewed,,,content_first_rule,rule:no_match
,,417,10613212623,孙笑川吧,孙笑川,有人能告诉我，如何才能在孙吧立足啊？？？,有人能告诉我，如何才能在孙吧立足啊？？？,"标题：有人能告诉我，如何才能在孙吧立足啊？？？

正文：有人能告诉我，如何才能在孙吧立足啊？？？",https://tieba.baidu.com/p/10613212623,normal,low,,model:stress:0.45,0.45,,新增真实帖子；待人工补标,train,new_unreviewed,,,content_first_rule,rule:no_match
,,416,10596586799,孙笑川吧,孙笑川,【官方公告】即日起本吧不再允许抹黑，侮辱张雪峰老师的一切言论！,【官方公告】即日起本吧不再允许抹黑，侮辱张雪峰老师的一切言论！,"标题：【官方公告】即日起本吧不再允许抹黑，侮辱张雪峰老师的一切言论！

正文：【官方公告】即日起本吧不再允许抹黑，侮辱张雪峰老师的一切言论！",https://tieba.baidu.com/p/10596586799,normal,low,,"model:hostility:0.40,model:internalizing:0.31",0.4,,新增真实帖子；待人工补标,train,new_unreviewed,,,content_first_rule,rule:no_match
,,415,10609569753,孙笑川吧,孙笑川,标题五个字,标题五个字,"标题：标题五个字

正文：标题五个字",https://tieba.baidu.com/p/10609569753,depression,medium,24.5,"model:hostility:0.47,model:internalizing:0.49",0.49,,新增真实帖子；待人工补标,train,new_unreviewed,,,content_first_rule,rule:no_match
,,414,10610692362,孙笑川吧,孙笑川,听得出来这哥们很绝望了,听得出来这哥们很绝望了,"标题：听得出来这哥们很绝望了

正文：听得出来这哥们很绝望了",https://tieba.baidu.com/p/10610692362,academic_stress,low,14.3,"model:stress_aux:0.37,model:stress:0.59,model:internalizing:0.31",0.59,depression,新增真实帖子；待人工补标,train,new_unreviewed,,,content_first_rule,depression:content
,,413,10579014953,孙笑川吧,孙笑川,怎么委婉的提出想和朋友当法友,怎么委婉的提出想和朋友当法友,"标题：怎么委婉的提出想和朋友当法友

正文：怎么委婉的提出想和朋友当法友",https://tieba.baidu.com/p/10579014953,normal,low,,"model:hostility:0.37,model:internalizing:0.35",0.37,,新增真实帖子；待人工补标,train,new_unreviewed,,,content_first_rule,rule:no_match
,,412,9130873811,孙笑川吧,孙笑川,谁特么把我视频转载到孙吧？？？,谁特么把我视频转载到孙吧？？？,"标题：谁特么把我视频转载到孙吧？？？

正文：谁特么把我视频转载到孙吧？？？",https://tieba.baidu.com/p/9130873811,normal,low,,model:hostility:0.47,0.47,,新增真实帖子；待人工补标,train,new_unreviewed,,,content_first_rule,rule:no_match
,,411,10611802011,孙笑川吧,孙笑川,蠢人的灵机一动,蠢人的灵机一动,"标题：蠢人的灵机一动

正文：蠢人的灵机一动",https://tieba.baidu.com/p/10611802011,"violence,abuse",high,71.0,"model:stress_aux:0.31,model:hostility:0.76,model:internalizing:0.31",0.76,,孙笑川吧新增真实帖子；按既有人工标准补标；标题证据较明确；请复核,train,supplemented_real_label,abuse,,content_first_cleared_previous,rule:no_match
,,410,10613450323,孙笑川吧,孙笑川,刚玩孙吧想看看8u的攻击力,刚玩孙吧想看看8u的攻击力,"标题：刚玩孙吧想看看8u的攻击力

正文：刚玩孙吧想看看8u的攻击力",https://tieba.baidu.com/p/10613450323,normal,low,,model:stress:0.48,0.48,,新增真实帖子；待人工补标,train,new_unreviewed,,,content_first_rule,rule:no_match
,,409,10613618578,孙笑川吧,孙笑川,最爱的神人同学环节,最爱的神人同学环节,"标题：最爱的神人同学环节

正文：最爱的神人同学环节",https://tieba.baidu.com/p/10613618578,normal,low,,"model:stress_aux:0.35,model:hostility:0.57",0.57,,新增真实帖子；待人工补标,test,new_unreviewed,,,content_first_rule,rule:no_match
,,408,10607377833,孙笑川吧,孙笑川,孙友们评价一下,孙友们评价一下,"标题：孙友们评价一下

正文：孙友们评价一下",https://tieba.baidu.com/p/10607377833,depression,medium,26.3,"model:stress_aux:0.32,model:stress:0.47,model:internalizing:0.53",0.53,,新增真实帖子；待人工补标,train,new_unreviewed,,,content_first_rule,rule:no_match
,,407,10613613058,孙笑川吧,孙笑川,我(女)和女友分手，两周后仍未走出阴影，渴望再找女友,我(女)和女友分手，两周后仍未走出阴影，渴望再找女友,"标题：我(女)和女友分手，两周后仍未走出阴影，渴望再找女友

正文：我(女)和女友分手，两周后仍未走出阴影，渴望再找女友",https://tieba.baidu.com/p/10613613058,normal,low,,model:stress:0.43,0.43,,新增真实帖子；待人工补标,train,new_unreviewed,,,content_first_rule,rule:no_match
,,406,9659891429,孙笑川吧,孙笑川,玩孙吧的女生都长什么样？,玩孙吧的女生都长什么样？,"标题：玩孙吧的女生都长什么样？

正文：玩孙吧的女生都长什么样？",https://tieba.baidu.com/p/9659891429,"abuse,depression",medium,37.4,"model:stress_aux:0.37,model:hostility:0.65,model:internalizing:0.46",0.65,,新增真实帖子；待人工补标,train,new_unreviewed,,,content_first_rule,rule:no_match
,,405,10600297940,孙笑川吧,孙笑川,一个温良的女孩,一个温良的女孩,"标题：一个温良的女孩

正文：一个温良的女孩",https://tieba.baidu.com/p/10600297940,"violence,abuse",high,78.1,"model:stress_aux:0.35,model:hostility:0.83,model:internalizing:0.34",0.83,,新增真实帖子；待人工补标,test,new_unreviewed,,manual_review_candidates_v14_round2_normalized.csv,manual_override,manual_review_candidates_v14_round2_normalized.csv
,,404,10613191511,孙笑川吧,孙笑川,女朋友上夜班回来在她包里发现的，这是什么包装袋子？,女朋友上夜班回来在她包里发现的，这是什么包装袋子？,"标题：女朋友上夜班回来在她包里发现的，这是什么包装袋子？

正文：女朋友上夜班回来在她包里发现的，这是什么包装袋子？",https://tieba.baidu.com/p/10613191511,normal,low,,"model:stress_aux:0.33,model:hostility:0.45,model:internalizing:0.31",0.45,,新增真实帖子；待人工补标,train,new_unreviewed,,,content_first_rule,rule:content_info_only
,,403,10613680499,孙笑川吧,孙笑川,全是星鸭亿,全是星鸭亿,"标题：全是星鸭亿

正文：全是星鸭亿",https://tieba.baidu.com/p/10613680499,normal,low,,"model:hostility:0.51,model:internalizing:0.34",0.51,,新增真实帖子；待人工补标,train,new_unreviewed,,,content_first_rule,rule:no_match
,,402,9928341124,孙笑川吧,孙笑川,我发b站上的千万粉up主，你们来打分,我发b站上的千万粉up主，你们来打分,"标题：我发b站上的千万粉up主，你们来打分

正文：我发b站上的千万粉up主，你们来打分",https://tieba.baidu.com/p/9928341124,normal,low,,"model:hostility:0.40,model:internalizing:0.31",0.4,,新增真实帖子；待人工补标,train,new_unreviewed,,,content_first_rule,rule:no_match
,,401,10550266243,孙笑川吧,孙笑川,一次的主动换来了终生的内向,一次的主动换来了终生的内向,"标题：一次的主动换来了终生的内向

正文：一次的主动换来了终生的内向",https://tieba.baidu.com/p/10550266243,social_withdrawal,low,10.9,"model:stress:0.32,model:internalizing:0.46",0.46,,孙笑川吧新增真实帖子；按既有人工标准补标；标题证据较明确；请复核,dev,supplemented_real_label,social_withdrawal,,content_first_cleared_previous,rule:no_match
,,400,10546638066,孙笑川吧,孙笑川,被克制了 被打压了 被降服了,被克制了 被打压了 被降服了,"标题：被克制了 被打压了 被降服了

正文：被克制了 被打压了 被降服了",https://tieba.baidu.com/p/10546638066,normal,low,,model:hostility:0.41,0.41,,新增真实帖子；待人工补标,train,manual_review_merged,abuse,rare_label_shortlist,manual_shortlist_merge,新增真实帖子；待人工补标
,,399,10611309684,孙笑川吧,孙笑川,刚交的女朋友颜值和身材如何,刚交的女朋友颜值和身材如何,"标题：刚交的女朋友颜值和身材如何

正文：刚交的女朋友颜值和身材如何",https://tieba.baidu.com/p/10611309684,normal,low,,"model:hostility:0.34,model:stress:0.32,model:internalizing:0.31",0.34,,新增真实帖子；待人工补标,test,new_unreviewed,,,content_first_rule,rule:no_match
,,398,10589445183,孙笑川吧,孙笑川,校园墙看到的🐢男,校园墙看到的🐢男,"标题：校园墙看到的🐢男

正文：校园墙看到的🐢男",https://tieba.baidu.com/p/10589445183,abuse,low,15.3,model:hostility:0.70,0.7,,孙笑川吧新增真实帖子；按既有人工标准补标；标题证据较明确；请复核,train,supplemented_real_label,abuse,,content_first_cleared_previous,rule:no_match
,,397,10571977740,孙笑川吧,孙笑川,现实真有公司这样吗？,现实真有公司这样吗？,"标题：现实真有公司这样吗？

正文：现实真有公司这样吗？",https://tieba.baidu.com/p/10571977740,social_withdrawal,low,12.7,"model:hostility:0.33,model:internalizing:0.53",0.53,,新增真实帖子；待人工补标,train,new_unreviewed,,,content_first_rule,rule:no_match
,,396,10613552462,孙笑川吧,孙笑川,讲讲鼠鼠被女朋友打脐钉的故事,讲讲鼠鼠被女朋友打脐钉的故事,"标题：讲讲鼠鼠被女朋友打脐钉的故事

正文：讲讲鼠鼠被女朋友打脐钉的故事",https://tieba.baidu.com/p/10613552462,normal,low,,"model:hostility:0.41,model:self_harm_aux:0.33",0.41,,新增真实帖子；待人工补标,dev,new_unreviewed,,,content_first_rule,rule:no_match
,,395,10598682238,孙笑川吧,孙笑川,别轻易爱上女coser，浪漫背后的现实,别轻易爱上女coser，浪漫背后的现实,"标题：别轻易爱上女coser，浪漫背后的现实

正文：别轻易爱上女coser，浪漫背后的现实",https://tieba.baidu.com/p/10598682238,depression,medium,23.6,"model:hostility:0.49,model:internalizing:0.47",0.49,,新增真实帖子；待人工补标,train,new_unreviewed,,,content_first_rule,rule:no_match
,,394,10608323009,孙笑川吧,孙笑川,总忍不住想勾引男老师怎么办,总忍不住想勾引男老师怎么办,"标题：总忍不住想勾引男老师怎么办

正文：总忍不住想勾引男老师怎么办",https://tieba.baidu.com/p/10608323009,normal,low,,model:hostility:0.35,0.35,,新增真实帖子；待人工补标,train,new_unreviewed,,,content_first_rule,rule:no_match
,,393,10486051573,孙笑川吧,孙笑川,跟女朋友分手了，锐评一下,跟女朋友分手了，锐评一下,"标题：跟女朋友分手了，锐评一下

正文：跟女朋友分手了，锐评一下",https://tieba.baidu.com/p/10486051573,normal,low,,"model:stress:0.45,model:internalizing:0.37",0.45,,新增真实帖子；待人工补标,train,new_unreviewed,,,content_first_rule,rule:no_match
,,392,10502187307,孙笑川吧,孙笑川,坐公交看到的，她为什么要穿这样,坐公交看到的，她为什么要穿这样,"标题：坐公交看到的，她为什么要穿这样

正文：坐公交看到的，她为什么要穿这样",https://tieba.baidu.com/p/10502187307,normal,low,,"model:hostility:0.37,model:internalizing:0.38",0.38,,新增真实帖子；待人工补标,train,new_unreviewed,,,content_first_rule,rule:no_match
,,391,10600083849,孙笑川吧,孙笑川,晚上遇到的，你会怎么做,晚上遇到的，你会怎么做,"标题：晚上遇到的，你会怎么做

正文：晚上遇到的，你会怎么做",https://tieba.baidu.com/p/10600083849,"abuse,depression",medium,37.3,"model:hostility:0.72,model:internalizing:0.43",0.72,,新增真实帖子；待人工补标,train,new_unreviewed,,,content_first_rule,rule:no_match
,,390,10502999830,孙笑川吧,孙笑川,想看看玩孙吧的男生的颜值,想看看玩孙吧的男生的颜值,"标题：想看看玩孙吧的男生的颜值

正文：想看看玩孙吧的男生的颜值",https://tieba.baidu.com/p/10502999830,normal,low,,"model:stress_aux:0.33,model:stress:0.53",0.53,,新增真实帖子；待人工补标,test,new_unreviewed,,,content_first_rule,rule:no_match
,,389,10613660425,孙笑川吧,孙笑川,男生xyy不要找我好呢？,男生xyy不要找我好呢？,"标题：男生xyy不要找我好呢？

正文：男生xyy不要找我好呢？",https://tieba.baidu.com/p/10613660425,normal,low,,model:hostility:0.43,0.43,,新增真实帖子；待人工补标,test,new_unreviewed,,,content_first_rule,rule:no_match
,,388,10603216705,孙笑川吧,孙笑川,有没有那种,有没有那种,"标题：有没有那种

正文：有没有那种",https://tieba.baidu.com/p/10603216705,normal,low,,model:hostility:0.57,0.57,,新增真实帖子；待人工补标,train,new_unreviewed,,,content_first_rule,rule:no_match
,,387,10599397548,孙笑川吧,孙笑川,第一次被生育真相暴击了…,第一次被生育真相暴击了…,"标题：第一次被生育真相暴击了…

正文：第一次被生育真相暴击了…",https://tieba.baidu.com/p/10599397548,normal,low,,"model:stress:0.42,model:internalizing:0.41",0.42,,新增真实帖子；待人工补标,train,new_unreviewed,,,content_first_rule,rule:no_match
,,386,10609800147,示例高校论坛,示例高校,年年酸奶铺,年年酸奶铺,"标题：年年酸奶铺

正文：年年酸奶铺",https://tieba.baidu.com/p/10609800147,normal,low,,"model:stress_aux:0.44,model:hostility:0.49,model:self_harm_aux:0.33",0.49,,新抓取真实帖子；待人工补标,train,new_unreviewed,,,content_first_rule,rule:no_match
,,385,10610924923,示例高校论坛,示例高校,洛克王国世界,洛克王国世界,"标题：洛克王国世界

正文：洛克王国世界",https://tieba.baidu.com/p/10610924923,abuse,low,13.4,"model:hostility:0.61,model:internalizing:0.41,model:self_harm_aux:0.35",0.61,,新抓取真实帖子；待人工补标,train,new_unreviewed,,,content_first_rule,rule:no_match
,,384,6258321742,示例高校论坛,示例高校,有人申请过校优团先进个人吗,有人申请过校优团先进个人吗,"标题：有人申请过校优团先进个人吗

正文：有人申请过校优团先进个人吗",https://tieba.baidu.com/p/6258321742,normal,low,,model:stress:0.32,0.32,,新抓取真实帖子；待人工补标,train,new_unreviewed,,,content_first_rule,rule:no_match
,,383,7535730483,示例高校论坛,示例高校,示例高校又赢麻了,示例高校又赢麻了,"标题：示例高校又赢麻了

正文：示例高校又赢麻了",https://tieba.baidu.com/p/7535730483,normal,low,,"model:stress_aux:0.31,model:stress:0.35,model:internalizing:0.36",0.36,,新抓取真实帖子；待人工补标,train,new_unreviewed,,,content_first_rule,rule:no_match
,,382,10597458312,示例高校论坛,示例高校,《资本和流量，正在给全社会搞精神污染》,《资本和流量，正在给全社会搞精神污染》,"标题：《资本和流量，正在给全社会搞精神污染》

正文：《资本和流量，正在给全社会搞精神污染》",https://tieba.baidu.com/p/10597458312,normal,low,,model:stress:0.34,0.34,,新抓取真实帖子；待人工补标,train,new_unreviewed,,,content_first_rule,rule:no_match
,,381,10561602842,示例高校论坛,示例高校,求MBA考试情况,求MBA考试情况,"标题：求MBA考试情况

正文：求MBA考试情况",https://tieba.baidu.com/p/10561602842,social_withdrawal,low,10.3,"model:stress:0.31,model:internalizing:0.43",0.43,,新增真实帖子；按既有人工标准补标；请复核,train,supplemented_real_label,academic_stress,,content_first_cleared_previous,rule:no_match
,,380,10584050583,示例高校论坛,示例高校,校园网求助,校园网求助,"标题：校园网求助

正文：校园网求助",https://tieba.baidu.com/p/10584050583,normal,low,,"model:hostility:0.42,model:internalizing:0.39",0.42,,新抓取真实帖子；待人工补标,test,new_unreviewed,,,content_first_rule,rule:content_info_only
,,379,10611147026,示例高校论坛,示例高校,大一小登求助,大一小登求助,"标题：大一小登求助

正文：大一小登求助",https://tieba.baidu.com/p/10611147026,social_withdrawal,low,11.8,"model:stress:0.31,model:internalizing:0.49",0.49,,新抓取真实帖子；待人工补标,test,new_unreviewed,,,content_first_rule,rule:content_info_only
,,378,8399414875,示例高校论坛,示例高校,求教各位大神们硕士选导师怎么选去？,求教各位大神们硕士选导师怎么选去？,"标题：求教各位大神们硕士选导师怎么选去？

正文：求教各位大神们硕士选导师怎么选去？",https://tieba.baidu.com/p/8399414875,depression,medium,29.0,"model:stress_aux:0.43,model:hostility:0.45,model:violence:0.31,model:stress:0.42,model:internalizing:0.58,model:self_harm_aux:0.34",0.58,,新抓取真实帖子；待人工补标,train,new_unreviewed,,manual_review_candidates_v14_round2_normalized.csv,manual_override,manual_review_candidates_v14_round2_normalized.csv
,,377,5357054043,示例高校论坛,示例高校,【记录】第八十五天/四年有一种爱可以维持很久 不敢说地老天荒,【记录】第八十五天/四年有一种爱可以维持很久 不敢说地老天荒,"标题：【记录】第八十五天/四年有一种爱可以维持很久 不敢说地老天荒

正文：【记录】第八十五天/四年有一种爱可以维持很久 不敢说地老天荒",https://tieba.baidu.com/p/5357054043,depression,low,21.3,"model:hostility:0.37,model:internalizing:0.43,model:self_harm_aux:0.42",0.43,,新抓取真实帖子；待人工补标,test,new_unreviewed,,,content_first_rule,rule:no_match
,,376,10610216830,示例高校论坛,示例高校,起重机课程设计,起重机课程设计,"标题：起重机课程设计

正文：起重机课程设计",https://tieba.baidu.com/p/10610216830,normal,low,,model:internalizing:0.35,0.35,,新增真实帖子；按既有人工标准补标；请复核,train,supplemented_real_label,academic_stress,,content_first_cleared_previous,rule:no_match
,,375,10613494960,示例高校论坛,示例高校,求车辆工程导师（襄阳方向）推荐,求车辆工程导师（襄阳方向）推荐,"标题：求车辆工程导师（襄阳方向）推荐

正文：求车辆工程导师（襄阳方向）推荐",https://tieba.baidu.com/p/10613494960,depression,medium,24.2,"model:hostility:0.53,model:internalizing:0.48,model:self_harm_aux:0.37",0.53,,新抓取真实帖子；待人工补标,test,new_unreviewed,,,content_first_rule,rule:no_match
,,374,10613476096,示例高校论坛,示例高校,机设转专业,机设转专业,"标题：机设转专业

正文：机设转专业",https://tieba.baidu.com/p/10613476096,normal,low,,"model:hostility:0.32,model:self_harm_aux:0.34",0.34,,新增真实帖子；按既有人工标准补标；请复核,train,supplemented_real_label,academic_stress,,content_first_cleared_previous,rule:no_match
10.37,labels=normal;label_score=0;risk_level=low(10);risk_score=0.00;confidence=0.37,373,10610518191,示例高校论坛,示例高校,转专业要考高数捏,转专业要考高数捏,"标题：转专业要考高数捏

正文：转专业要考高数捏",https://tieba.baidu.com/p/10610518191,normal,low,,"model:stress:0.37,model:internalizing:0.37",0.37,,按前50人工复核标准补标；仅标题可见；有明确文本线索；请复核,train,standard_prefilled,academic_stress,,content_first_cleared_previous,rule:no_match
10.36,labels=normal;label_score=0;risk_level=low(10);risk_score=0.00;confidence=0.36,372,10601626454,示例高校论坛,示例高校,Python学习求助,Python学习求助,"标题：Python学习求助

正文：Python学习求助",https://tieba.baidu.com/p/10601626454,normal,low,,"model:stress:0.35,model:internalizing:0.36",0.36,,按前50人工复核标准补标；仅标题可见；未见足够证据支持风险标签；请复核,train,standard_prefilled,,,content_first_rule,rule:content_info_only
10.39,labels=normal;label_score=0;risk_level=low(10);risk_score=0.00;confidence=0.39,371,10580797586,示例高校论坛,示例高校,转专业问题,转专业问题,"标题：转专业问题

正文：转专业问题",https://tieba.baidu.com/p/10580797586,normal,low,,model:stress:0.39,0.39,,按前50人工复核标准补标；仅标题可见；有明确文本线索；请复核,train,standard_prefilled,academic_stress,,content_first_cleared_previous,rule:no_match
10.34,labels=normal;label_score=0;risk_level=low(10);risk_score=0.00;confidence=0.34,370,10580597826,示例高校论坛,示例高校,转 专 业,转 专 业,"标题：转 专 业

正文：转 专 业",https://tieba.baidu.com/p/10580597826,normal,low,,model:internalizing:0.34,0.34,,按前50人工复核标准补标；仅标题可见；有明确文本线索；请复核,train,standard_prefilled,academic_stress,,content_first_cleared_previous,rule:no_match
131.11,labels=depression;label_score=80;risk_level=medium(20);risk_score=25.60;confidence=0.51,369,10576730907,示例高校论坛,示例高校,有感而发，敲了好久的字,有感而发，敲了好久的字,"标题：有感而发，敲了好久的字

正文：有感而发，敲了好久的字",https://tieba.baidu.com/p/10576730907,depression,medium,25.6,"model:stress:0.37,model:internalizing:0.51",0.51,,人工预标；仅标题可见；未见足够证据支持风险标签；请复核,train,manual_prefilled,,,content_first_rule,rule:no_match
10.40,labels=normal;label_score=0;risk_level=low(10);risk_score=0.00;confidence=0.40,368,10601403801,示例高校论坛,示例高校,B校区每周二下午找个男生帮忙🆘🆘🆘,B校区每周二下午找个男生帮忙🆘🆘🆘,"标题：B校区每周二下午找个男生帮忙🆘🆘🆘

正文：B校区每周二下午找个男生帮忙🆘🆘🆘",https://tieba.baidu.com/p/10601403801,normal,low,,"model:stress:0.40,model:internalizing:0.38",0.4,,按前50人工复核标准补标；仅标题可见；未见足够证据支持风险标签；请复核,dev,standard_prefilled,,,content_first_rule,rule:no_match
10.38,labels=normal;label_score=0;risk_level=low(10);risk_score=0.00;confidence=0.38,367,10587035022,示例高校论坛,示例高校,有没有工图b习题集答案啊,有没有工图b习题集答案啊,"标题：有没有工图b习题集答案啊

正文：有没有工图b习题集答案啊",https://tieba.baidu.com/p/10587035022,normal,low,,"model:hostility:0.34,model:internalizing:0.38,model:self_harm_aux:0.31",0.38,,按前50人工复核标准补标；仅标题可见；未见足够证据支持风险标签；请复核,train,standard_prefilled,,,content_first_rule,rule:no_match
116.52,labels=depression;label_score=80;risk_level=low(10);risk_score=21.10;confidence=0.42,366,10573872914,示例高校论坛,示例高校,求汽车构造期末试卷,求汽车构造期末试卷,"标题：求汽车构造期末试卷

正文：求汽车构造期末试卷",https://tieba.baidu.com/p/10573872914,depression,low,21.1,"model:internalizing:0.42,model:self_harm_aux:0.40",0.42,,人工预标；仅标题可见；有明确文本线索；请复核语境,train,manual_prefilled,academic_stress,,content_first_cleared_previous,rule:no_match
87.50,labels=social_withdrawal;label_score=60;risk_level=low(10);risk_score=12.00;confidence=0.50,365,10589114684,示例高校论坛,示例高校,求助ld们,求助ld们,"标题：求助ld们

正文：求助ld们",https://tieba.baidu.com/p/10589114684,social_withdrawal,low,12.0,"model:hostility:0.40,model:internalizing:0.50",0.5,,人工预标；仅标题可见；未见足够证据支持风险标签；请复核,train,manual_prefilled,,,content_first_rule,rule:content_info_only
10.45,labels=normal;label_score=0;risk_level=low(10);risk_score=0.00;confidence=0.45,364,10610519076,示例高校论坛,示例高校,不要让战斗停下来,不要让战斗停下来,"标题：不要让战斗停下来

正文：不要让战斗停下来",https://tieba.baidu.com/p/10610519076,normal,low,,"model:hostility:0.45,model:internalizing:0.39",0.45,,按前50人工复核标准补标；仅标题可见；未见足够证据支持风险标签；请复核,train,standard_prefilled,,,content_first_rule,rule:no_match
79.11,labels=abuse;label_score=50;risk_level=low(10);risk_score=13.50;confidence=0.61,363,10613075302,示例高校论坛,示例高校,来个饭搭子,来个饭搭子,"标题：来个饭搭子

正文：来个饭搭子",https://tieba.baidu.com/p/10613075302,abuse,low,13.5,"model:stress_aux:0.33,model:hostility:0.61",0.61,,按前50人工复核标准补标；仅标题可见；未见足够证据支持风险标签；请复核,train,standard_prefilled,,,content_first_rule,rule:no_match
132.95,labels=depression;label_score=80;risk_level=medium(20);risk_score=27.40;confidence=0.55,362,10582550927,示例高校论坛,示例高校,示例高校和武汉大学哪个好？,示例高校和武汉大学哪个好？,"标题：示例高校和武汉大学哪个好？

正文：示例高校和武汉大学哪个好？",https://tieba.baidu.com/p/10582550927,depression,medium,27.4,"model:stress_aux:0.45,model:hostility:0.54,model:violence:0.34,model:stress:0.42,model:internalizing:0.55",0.55,,人工预标；仅标题可见；未见足够证据支持风险标签；请复核,train,manual_prefilled,,,content_first_rule,rule:no_match
89.27,labels=social_withdrawal;label_score=60;risk_level=low(10);risk_score=13.70;confidence=0.57,361,9674555051,示例高校论坛,示例高校,开怀大笑😄,开怀大笑😄,"标题：开怀大笑😄

正文：开怀大笑😄",https://tieba.baidu.com/p/9674555051,social_withdrawal,low,13.7,model:internalizing:0.57,0.57,,人工预标；仅标题可见；未见足够证据支持风险标签；请复核,train,manual_prefilled,,,content_first_rule,rule:no_match
86.56,labels=social_withdrawal;label_score=60;risk_level=low(10);risk_score=11.10;confidence=0.46,360,10600502422,示例高校论坛,示例高校,转专业求助,转专业求助,"标题：转专业求助

正文：转专业求助",https://tieba.baidu.com/p/10600502422,social_withdrawal,low,11.1,model:internalizing:0.46,0.46,,人工预标；仅标题可见；有明确文本线索；请复核语境,train,manual_prefilled,academic_stress,,content_first_cleared_previous,rule:content_info_only
10.52,labels=normal;label_score=0;risk_level=low(10);risk_score=0.00;confidence=0.52,359,10596756532,示例高校论坛,示例高校,求问电脑清灰店铺,求问电脑清灰店铺,"标题：求问电脑清灰店铺

正文：求问电脑清灰店铺",https://tieba.baidu.com/p/10596756532,normal,low,,"model:stress_aux:0.34,model:hostility:0.52",0.52,,按前50人工复核标准补标；仅标题可见；未见足够证据支持风险标签；请复核,train,standard_prefilled,,,content_first_rule,rule:no_match
10.31,labels=normal;label_score=0;risk_level=low(10);risk_score=0.00;confidence=0.31,358,10610630661,示例高校论坛,示例高校,转专业转专业,转专业转专业,"标题：转专业转专业

正文：转专业转专业",https://tieba.baidu.com/p/10610630661,normal,low,,model:self_harm_aux:0.31,0.31,,按前50人工复核标准补标；仅标题可见；有明确文本线索；请复核,train,standard_prefilled,academic_stress,,content_first_cleared_previous,rule:no_match
10.37,labels=normal;label_score=0;risk_level=low(10);risk_score=0.00;confidence=0.37,357,10604026430,示例高校论坛,示例高校,愚人节快乐,愚人节快乐,"标题：愚人节快乐

正文：愚人节快乐",https://tieba.baidu.com/p/10604026430,normal,low,,model:hostility:0.37,0.37,,按前50人工复核标准补标；仅标题可见；未见足够证据支持风险标签；请复核,train,standard_prefilled,,,content_first_rule,rule:no_match
10.42,labels=normal;label_score=0;risk_level=low(10);risk_score=0.00;confidence=0.42,356,9268837002,示例高校论坛,示例高校,来给大家推荐晚课了😍,来给大家推荐晚课了😍,"标题：来给大家推荐晚课了😍

正文：来给大家推荐晚课了😍",https://tieba.baidu.com/p/9268837002,normal,low,,"model:stress_aux:0.33,model:stress:0.42,model:internalizing:0.36",0.42,,按前50人工复核标准补标；仅标题可见；未见足够证据支持风险标签；请复核,train,standard_prefilled,,,content_first_rule,rule:no_match
10.49,labels=normal;label_score=0;risk_level=low(10);risk_score=0.00;confidence=0.49,355,10599471699,示例高校论坛,示例高校,请问大物这个学期学到哪。,请问大物这个学期学到哪。,"标题：请问大物这个学期学到哪。

正文：请问大物这个学期学到哪。",https://tieba.baidu.com/p/10599471699,normal,low,,"model:stress_aux:0.34,model:stress:0.49,model:internalizing:0.31",0.49,,按前50人工复核标准补标；仅标题可见；未见足够证据支持风险标签；请复核,train,standard_prefilled,,,content_first_rule,rule:no_match
129.99,labels=depression;label_score=80;risk_level=medium(20);risk_score=24.50;confidence=0.49,354,10156331195,示例高校论坛,示例高校,标题五个字,标题五个字,"标题：标题五个字

正文：标题五个字",https://tieba.baidu.com/p/10156331195,depression,medium,24.5,"model:hostility:0.47,model:internalizing:0.49",0.49,,人工预标；仅标题可见；未见足够证据支持风险标签；请复核,dev,manual_prefilled,,,content_first_rule,rule:no_match
10.36,labels=normal;label_score=0;risk_level=low(10);risk_score=0.00;confidence=0.36,353,10611157288,示例高校论坛,示例高校,转机设 转机设的人很多吗,转机设 转机设的人很多吗,"标题：转机设 转机设的人很多吗

正文：转机设 转机设的人很多吗",https://tieba.baidu.com/p/10611157288,normal,low,,"model:stress_aux:0.31,model:hostility:0.36",0.36,,按前50人工复核标准补标；仅标题可见；有明确文本线索；请复核,train,standard_prefilled,academic_stress,,content_first_cleared_previous,rule:no_match
10.33,labels=normal;label_score=0;risk_level=low(10);risk_score=0.00;confidence=0.33,352,10603049578,示例高校论坛,示例高校,大家最希望大学增加什么必修课,大家最希望大学增加什么必修课,"标题：大家最希望大学增加什么必修课

正文：大家最希望大学增加什么必修课",https://tieba.baidu.com/p/10603049578,normal,low,,model:internalizing:0.33,0.33,,按前50人工复核标准补标；仅标题可见；未见足够证据支持风险标签；请复核,train,standard_prefilled,,,content_first_rule,rule:no_match
10.00,labels=normal;label_score=0;risk_level=low(10);risk_score=0.00;confidence=0.00,351,10586417519,示例高校论坛,示例高校,毕业生返校,毕业生返校,"标题：毕业生返校

正文：毕业生返校",https://tieba.baidu.com/p/10586417519,normal,low,,,,,按前50人工复核标准补标；仅标题可见；未见足够证据支持风险标签；请复核,train,standard_prefilled,,,content_first_rule,rule:no_match
131.42,labels=depression;label_score=80;risk_level=medium(20);risk_score=25.90;confidence=0.52,350,10565606604,示例高校论坛,示例高校,我想问一下,我想问一下,"标题：我想问一下

正文：我想问一下",https://tieba.baidu.com/p/10565606604,depression,medium,25.9,"model:stress:0.42,model:internalizing:0.52",0.52,,人工预标；仅标题可见；未见足够证据支持风险标签；请复核,train,manual_prefilled,,,content_first_rule,rule:no_match
10.48,labels=normal;label_score=0;risk_level=low(10);risk_score=0.00;confidence=0.48,349,10598836453,示例高校论坛,示例高校,这个群在哪找啊,这个群在哪找啊,"标题：这个群在哪找啊

正文：这个群在哪找啊",https://tieba.baidu.com/p/10598836453,normal,low,,"model:stress_aux:0.33,model:hostility:0.48,model:stress:0.35",0.48,,按前50人工复核标准补标；仅标题可见；未见足够证据支持风险标签；请复核,train,standard_prefilled,,,content_first_rule,rule:content_info_only
189.34,labels=self_harm;label_score=100;risk_level=high(30);risk_score=53.80;confidence=0.54,348,10605155142,示例高校论坛,示例高校,转专业志愿填报,转专业志愿填报,"标题：转专业志愿填报

正文：转专业志愿填报",https://tieba.baidu.com/p/10605155142,self_harm,high,53.8,"model:hostility:0.39,model:internalizing:0.39,model:self_harm_aux:0.54",0.54,,人工预标；仅标题可见；有明确文本线索；请复核语境,train,manual_prefilled,academic_stress,,content_first_cleared_previous,rule:no_match
10.35,labels=normal;label_score=0;risk_level=low(10);risk_score=0.00;confidence=0.35,347,10578249226,示例高校论坛,示例高校,转转业转专业,转转业转专业,"标题：转转业转专业

正文：转转业转专业",https://tieba.baidu.com/p/10578249226,normal,low,,"model:stress_aux:0.31,model:stress:0.30,model:self_harm_aux:0.35",0.35,,按前50人工复核标准补标；仅标题可见；有明确文本线索；请复核,train,standard_prefilled,academic_stress,,content_first_cleared_previous,rule:no_match
10.45,labels=normal;label_score=0;risk_level=low(10);risk_score=0.00;confidence=0.45,346,10581079702,示例高校论坛,示例高校,板凳坏了怎么办,板凳坏了怎么办,"标题：板凳坏了怎么办

正文：板凳坏了怎么办",https://tieba.baidu.com/p/10581079702,normal,low,,"model:stress_aux:0.31,model:stress:0.45",0.45,,按前50人工复核标准补标；仅标题可见；未见足够证据支持风险标签；请复核,train,standard_prefilled,,,content_first_rule,rule:no_match
85.94,labels=social_withdrawal;label_score=60;risk_level=low(10);risk_score=10.50;confidence=0.44,345,10610602403,示例高校论坛,示例高校,转专业自动化面试,转专业自动化面试,"标题：转专业自动化面试

正文：转专业自动化面试",https://tieba.baidu.com/p/10610602403,social_withdrawal,low,10.5,model:internalizing:0.44,0.44,,按前50人工复核标准补标；仅标题可见；有明确文本线索；请复核,train,standard_prefilled,academic_stress,,content_first_cleared_previous,rule:no_match
10.57,labels=normal;label_score=0;risk_level=low(10);risk_score=0.00;confidence=0.57,344,10566531551,示例高校论坛,示例高校,👋本校你赢了😭,👋本校你赢了😭,"标题：👋本校你赢了😭

正文：👋本校你赢了😭",https://tieba.baidu.com/p/10566531551,normal,low,,"model:hostility:0.57,model:self_harm_aux:0.36",0.57,,按前50人工复核标准补标；仅标题可见；未见足够证据支持风险标签；请复核,train,standard_prefilled,,,content_first_rule,rule:no_match
10.39,labels=normal;label_score=0;risk_level=low(10);risk_score=0.00;confidence=0.39,343,10580137648,示例高校论坛,示例高校,大学生在高薪领域失业是理所应当的,大学生在高薪领域失业是理所应当的,"标题：大学生在高薪领域失业是理所应当的

正文：大学生在高薪领域失业是理所应当的",https://tieba.baidu.com/p/10580137648,normal,low,,model:stress:0.39,0.39,,按前50人工复核标准补标；仅标题可见；未见足够证据支持风险标签；请复核,train,standard_prefilled,,,content_first_rule,rule:no_match
121.31,labels=anxiety;label_score=70;risk_level=medium(20);risk_score=25.60;confidence=0.71,342,10581953857,示例高校论坛,示例高校,好慌呀还有三天就要复试了,好慌呀还有三天就要复试了,"标题：好慌呀还有三天就要复试了

正文：好慌呀还有三天就要复试了",https://tieba.baidu.com/p/10581953857,anxiety,medium,25.6,"model:stress_aux:0.36,model:stress:0.71,model:internalizing:0.30",0.71,"academic_stress,anxiety",人工预标；仅标题可见；有明确文本线索；请复核语境,dev,manual_review_merged,academic_stress,rare_label_shortlist,manual_shortlist_merge,人工预标；仅标题可见；有明确文本线索；请复核语境
79.43,labels=abuse;label_score=50;risk_level=low(10);risk_score=13.80;confidence=0.63,341,9158885492,示例高校论坛,示例高校,何夕我喜欢你😍😍😍,何夕我喜欢你😍😍😍,"标题：何夕我喜欢你😍😍😍

正文：何夕我喜欢你😍😍😍",https://tieba.baidu.com/p/9158885492,abuse,low,13.8,"model:hostility:0.63,model:internalizing:0.31,model:self_harm_aux:0.38",0.63,,按前50人工复核标准补标；仅标题可见；未见足够证据支持风险标签；请复核,dev,standard_prefilled,,,content_first_rule,rule:no_match
10.00,labels=normal;label_score=0;risk_level=low(10);risk_score=0.00;confidence=0.00,340,10585847952,示例高校论坛,示例高校,老登指点转专业！（各个专业的细节）,老登指点转专业！（各个专业的细节）,"标题：老登指点转专业！（各个专业的细节）

正文：老登指点转专业！（各个专业的细节）",https://tieba.baidu.com/p/10585847952,normal,low,,,,,按前50人工复核标准补标；仅标题可见；有明确文本线索；请复核,train,standard_prefilled,academic_stress,,content_first_cleared_previous,rule:no_match
79.53,labels=abuse;label_score=50;risk_level=low(10);risk_score=13.90;confidence=0.63,339,10214842107,示例高校论坛,示例高校,校园集市疑问,校园集市疑问,"标题：校园集市疑问

正文：校园集市疑问",https://tieba.baidu.com/p/10214842107,abuse,low,13.9,"model:stress_aux:0.31,model:hostility:0.63",0.63,,按前50人工复核标准补标；仅标题可见；未见足够证据支持风险标签；请复核,test,standard_prefilled,,,content_first_rule,rule:no_match
10.46,labels=normal;label_score=0;risk_level=low(10);risk_score=0.00;confidence=0.46,338,10564276617,示例高校论坛,示例高校,来看华师大瓜，真,来看华师大瓜，真,"标题：来看华师大瓜，真

正文：来看华师大瓜，真",https://tieba.baidu.com/p/10564276617,normal,low,,"model:hostility:0.46,model:internalizing:0.34",0.46,,按前50人工复核标准补标；仅标题可见；未见足够证据支持风险标签；请复核,train,standard_prefilled,,,content_first_rule,rule:no_match
10.33,labels=normal;label_score=0;risk_level=low(10);risk_score=0.00;confidence=0.33,337,9740166492,示例高校论坛,示例高校,大爆特爆了,大爆特爆了,"标题：大爆特爆了

正文：大爆特爆了",https://tieba.baidu.com/p/9740166492,normal,low,,model:hostility:0.33,0.33,,按前50人工复核标准补标；仅标题可见；未见足够证据支持风险标签；请复核,train,standard_prefilled,,,content_first_rule,rule:no_match
10.35,labels=normal;label_score=0;risk_level=low(10);risk_score=0.00;confidence=0.35,336,10586310852,示例高校论坛,示例高校,求信管大一上下的课程表🙏🏻,求信管大一上下的课程表🙏🏻,"标题：求信管大一上下的课程表🙏🏻

正文：求信管大一上下的课程表🙏🏻",https://tieba.baidu.com/p/10586310852,normal,low,,model:hostility:0.35,0.35,,按前50人工复核标准补标；仅标题可见；未见足够证据支持风险标签；请复核,dev,standard_prefilled,,,content_first_rule,rule:no_match
10.35,labels=normal;label_score=0;risk_level=low(10);risk_score=0.00;confidence=0.35,335,9675201019,示例高校论坛,示例高校,回答我这是几,回答我这是几,"标题：回答我这是几

正文：回答我这是几",https://tieba.baidu.com/p/9675201019,normal,low,,"model:hostility:0.34,model:internalizing:0.35",0.35,,按前50人工复核标准补标；仅标题可见；未见足够证据支持风险标签；请复核,train,standard_prefilled,,,content_first_rule,rule:no_match
130.09,labels=depression;label_score=80;risk_level=medium(20);risk_score=24.60;confidence=0.49,334,10579812504,示例高校论坛,示例高校,地信还是B校区能动,地信还是B校区能动,"标题：地信还是B校区能动

正文：地信还是B校区能动",https://tieba.baidu.com/p/10579812504,depression,medium,24.6,"model:internalizing:0.49,model:self_harm_aux:0.32",0.49,,人工预标；仅标题可见；未见足够证据支持风险标签；请复核,test,manual_prefilled,,,content_first_rule,rule:no_match
78.80,labels=abuse;label_score=50;risk_level=low(10);risk_score=13.20;confidence=0.60,333,10604257173,示例高校论坛,示例高校,还有人类吗,还有人类吗,"标题：还有人类吗

正文：还有人类吗",https://tieba.baidu.com/p/10604257173,abuse,low,13.2,model:hostility:0.60,0.6,,补充真实样本；按既有人工标准补标；标题证据较明确；请复核,test,supplemented_real_label,abuse,,content_first_cleared_previous,rule:no_match
10.36,labels=normal;label_score=0;risk_level=low(10);risk_score=0.00;confidence=0.36,332,10432974316,示例高校论坛,示例高校,匹配机制这一块,匹配机制这一块,"标题：匹配机制这一块

正文：匹配机制这一块",https://tieba.baidu.com/p/10432974316,normal,low,,"model:stress_aux:0.36,model:hostility:0.34,model:stress:0.34",0.36,,按前50人工复核标准补标；仅标题可见；未见足够证据支持风险标签；请复核,train,standard_prefilled,,,content_first_rule,rule:no_match
10.39,labels=normal;label_score=0;risk_level=low(10);risk_score=0.00;confidence=0.39,331,7644563283,示例高校论坛,示例高校,杨宗凯什么水平，会让咱🖐本校衰落吗😱,杨宗凯什么水平，会让咱🖐本校衰落吗😱,"标题：杨宗凯什么水平，会让咱🖐本校衰落吗😱

正文：杨宗凯什么水平，会让咱🖐本校衰落吗😱",https://tieba.baidu.com/p/7644563283,normal,low,,"model:stress:0.38,model:internalizing:0.39",0.39,,按前50人工复核标准补标；仅标题可见；未见足够证据支持风险标签；请复核,train,standard_prefilled,,,content_first_rule,rule:no_match
131.72,labels=depression;label_score=80;risk_level=medium(20);risk_score=26.20;confidence=0.52,330,10604689105,示例高校论坛,示例高校,喜报喜报喜报,喜报喜报喜报,"标题：喜报喜报喜报

正文：喜报喜报喜报",https://tieba.baidu.com/p/10604689105,depression,medium,26.2,"model:hostility:0.49,model:internalizing:0.52,model:self_harm_aux:0.32",0.52,,人工预标；仅标题可见；未见足够证据支持风险标签；请复核,train,manual_prefilled,,,content_first_rule,rule:no_match
10.40,labels=normal;label_score=0;risk_level=low(10);risk_score=0.00;confidence=0.40,329,10306610399,示例高校论坛,示例高校,什么是何夕之谜,什么是何夕之谜,"标题：什么是何夕之谜

正文：什么是何夕之谜",https://tieba.baidu.com/p/10306610399,normal,low,,"model:stress:0.35,model:self_harm_aux:0.40",0.4,,按前50人工复核标准补标；仅标题可见；未见足够证据支持风险标签；请复核,train,standard_prefilled,,,content_first_rule,rule:no_match
10.47,labels=normal;label_score=0;risk_level=low(10);risk_score=0.00;confidence=0.47,328,10604073715,示例高校论坛,示例高校,【愚人节】关于撤销月上漫步的吧主职务公告,【愚人节】关于撤销月上漫步的吧主职务公告,"标题：【愚人节】关于撤销月上漫步的吧主职务公告

正文：【愚人节】关于撤销月上漫步的吧主职务公告",https://tieba.baidu.com/p/10604073715,normal,low,,"model:hostility:0.47,model:internalizing:0.36,model:self_harm_aux:0.39",0.47,,按前50人工复核标准补标；仅标题可见；未见足够证据支持风险标签；请复核,train,standard_prefilled,,,content_first_rule,rule:no_match
89.38,labels=social_withdrawal;label_score=60;risk_level=low(10);risk_score=13.80;confidence=0.58,327,10457609206,示例高校论坛,示例高校,就业方面求助,就业方面求助,"标题：就业方面求助

正文：就业方面求助",https://tieba.baidu.com/p/10457609206,social_withdrawal,low,13.8,"model:hostility:0.42,model:internalizing:0.58",0.58,,人工预标；仅标题可见；未见足够证据支持风险标签；请复核,train,manual_prefilled,,,content_first_rule,rule:content_info_only
117.03,labels=depression;label_score=80;risk_level=low(10);risk_score=21.60;confidence=0.43,326,10610695948,示例高校论坛,示例高校,转专业我已集哭,转专业我已集哭,"标题：转专业我已集哭

正文：转专业我已集哭",https://tieba.baidu.com/p/10610695948,depression,low,21.6,"model:stress:0.37,model:internalizing:0.43",0.43,,人工预标；仅标题可见；有明确文本线索；请复核语境,train,manual_prefilled,academic_stress,,content_first_cleared_previous,rule:no_match
129.99,labels=depression;label_score=80;risk_level=medium(20);risk_score=24.50;confidence=0.49,325,10593665881,示例高校论坛,示例高校,标题五个字,标题五个字,"标题：标题五个字

正文：标题五个字",https://tieba.baidu.com/p/10593665881,depression,medium,24.5,"model:hostility:0.47,model:internalizing:0.49",0.49,,人工预标；仅标题可见；未见足够证据支持风险标签；请复核,train,manual_prefilled,,,content_first_rule,rule:no_match
10.32,labels=normal;label_score=0;risk_level=low(10);risk_score=0.00;confidence=0.32,324,10612466459,示例高校论坛,示例高校,船舶水舱！,船舶水舱！,"标题：船舶水舱！

正文：船舶水舱！",https://tieba.baidu.com/p/10612466459,normal,low,,"model:stress_aux:0.32,model:hostility:0.32",0.32,,按前50人工复核标准补标；仅标题可见；未见足够证据支持风险标签；请复核,dev,standard_prefilled,,,content_first_rule,rule:no_match
10.37,labels=normal;label_score=0;risk_level=low(10);risk_score=0.00;confidence=0.37,323,10560296404,示例高校论坛,示例高校,求助材料学长关于转专业的问题,求助材料学长关于转专业的问题,"标题：求助材料学长关于转专业的问题

正文：求助材料学长关于转专业的问题",https://tieba.baidu.com/p/10560296404,normal,low,,"model:stress:0.37,model:internalizing:0.36,model:self_harm_aux:0.35",0.37,,按前50人工复核标准补标；仅标题可见；有明确文本线索；请复核,train,standard_prefilled,academic_stress,,content_first_cleared_previous,rule:content_info_only
10.39,labels=normal;label_score=0;risk_level=low(10);risk_score=0.00;confidence=0.39,322,10036851724,示例高校论坛,示例高校,哇，好久没看贴吧了，车吧头像还没变呢。,哇，好久没看贴吧了，车吧头像还没变呢。,"标题：哇，好久没看贴吧了，车吧头像还没变呢。

正文：哇，好久没看贴吧了，车吧头像还没变呢。",https://tieba.baidu.com/p/10036851724,normal,low,,"model:stress_aux:0.32,model:stress:0.32,model:internalizing:0.39",0.39,,按前50人工复核标准补标；仅标题可见；未见足够证据支持风险标签；请复核,train,standard_prefilled,,,content_first_rule,rule:no_match
135.60,labels=depression;label_score=80;risk_level=medium(20);risk_score=30.00;confidence=0.60,321,10539037997,示例高校论坛,示例高校,转材料的相关问题,转材料的相关问题,"标题：转材料的相关问题

正文：转材料的相关问题",https://tieba.baidu.com/p/10539037997,depression,medium,30.0,"model:internalizing:0.60,model:self_harm_aux:0.31",0.6,,人工预标；仅标题可见；有明确文本线索；请复核语境,train,manual_prefilled,academic_stress,,content_first_cleared_previous,rule:no_match
10.45,labels=normal;label_score=0;risk_level=low(10);risk_score=0.00;confidence=0.45,320,10610531263,示例高校论坛,示例高校,完蛋氵氵氵氵氵,完蛋氵氵氵氵氵,"标题：完蛋氵氵氵氵氵

正文：完蛋氵氵氵氵氵",https://tieba.baidu.com/p/10610531263,normal,low,,"model:hostility:0.45,model:internalizing:0.37,model:self_harm_aux:0.36",0.45,,按前50人工复核标准补标；仅标题可见；未见足够证据支持风险标签；请复核,train,standard_prefilled,,,content_first_rule,rule:no_match
134.38,labels=depression;label_score=80;risk_level=medium(20);risk_score=28.80;confidence=0.58,319,10606914704,示例高校论坛,示例高校,，，，，，,，，，，，,"标题：，，，，，

正文：，，，，，",https://tieba.baidu.com/p/10606914704,depression,medium,28.8,"model:hostility:0.46,model:internalizing:0.58,model:self_harm_aux:0.32",0.58,,人工预标；仅标题可见；未见足够证据支持风险标签；请复核,train,manual_prefilled,,,content_first_rule,rule:no_match
88.96,labels=social_withdrawal;label_score=60;risk_level=low(10);risk_score=13.40;confidence=0.56,318,10565727457,示例高校论坛,示例高校,从来没觉得在示例高校开心过,从来没觉得在示例高校开心过,"标题：从来没觉得在示例高校开心过

正文：从来没觉得在示例高校开心过",https://tieba.baidu.com/p/10565727457,social_withdrawal,low,13.4,model:internalizing:0.56,0.56,,人工预标；仅标题可见；有明确文本线索；请复核语境,dev,manual_prefilled,depression,,content_first_cleared_previous,rule:no_match
10.50,labels=normal;label_score=0;risk_level=low(10);risk_score=0.00;confidence=0.50,317,10598180688,示例高校论坛,示例高校,你知道吗，我唯一能做的，就是翻以前的贴子，然后想起你。,你知道吗，我唯一能做的，就是翻以前的贴子，然后想起你。,"标题：你知道吗，我唯一能做的，就是翻以前的贴子，然后想起你。

正文：你知道吗，我唯一能做的，就是翻以前的贴子，然后想起你。",https://tieba.baidu.com/p/10598180688,normal,low,,"model:hostility:0.50,model:internalizing:0.38,model:self_harm_aux:0.30",0.5,,按前50人工复核标准补标；仅标题可见；未见足够证据支持风险标签；请复核,train,standard_prefilled,,,content_first_rule,rule:no_match
10.39,labels=normal;label_score=0;risk_level=low(10);risk_score=0.00;confidence=0.39,316,10610158230,示例高校论坛,示例高校,学生公寓施工啥时候停啊😦,学生公寓施工啥时候停啊😦,"标题：学生公寓施工啥时候停啊😦

正文：学生公寓施工啥时候停啊😦",https://tieba.baidu.com/p/10610158230,normal,low,,"model:stress:0.39,model:internalizing:0.39",0.39,,按前50人工复核标准补标；仅标题可见；未见足够证据支持风险标签；请复核,train,standard_prefilled,,,content_first_rule,rule:no_match
10.42,labels=normal;label_score=0;risk_level=low(10);risk_score=0.00;confidence=0.42,315,10367567827,示例高校论坛,示例高校,祝大家元旦快乐😭😭😭,祝大家元旦快乐😭😭😭,"标题：祝大家元旦快乐😭😭😭

正文：祝大家元旦快乐😭😭😭",https://tieba.baidu.com/p/10367567827,normal,low,,"model:hostility:0.31,model:internalizing:0.42",0.42,,按前50人工复核标准补标；仅标题可见；未见足够证据支持风险标签；请复核,train,standard_prefilled,,,content_first_rule,rule:no_match
10.31,labels=normal;label_score=0;risk_level=low(10);risk_score=0.00;confidence=0.31,314,10611139849,示例高校论坛,示例高校,转专业转专业,转专业转专业,"标题：转专业转专业

正文：转专业转专业",https://tieba.baidu.com/p/10611139849,normal,low,,model:self_harm_aux:0.31,0.31,,按前50人工复核标准补标；仅标题可见；有明确文本线索；请复核,train,standard_prefilled,academic_stress,,content_first_cleared_previous,rule:no_match
10.30,labels=normal;label_score=0;risk_level=low(10);risk_score=0.00;confidence=0.30,313,10605631908,示例高校论坛,示例高校,🖐🏻本校赢了吗,🖐🏻本校赢了吗,"标题：🖐🏻本校赢了吗

正文：🖐🏻本校赢了吗",https://tieba.baidu.com/p/10605631908,normal,low,,model:internalizing:0.30,0.3,,按前50人工复核标准补标；仅标题可见；未见足够证据支持风险标签；请复核,train,standard_prefilled,,,content_first_rule,rule:no_match
10.00,labels=normal;label_score=0;risk_level=low(10);risk_score=0.00;confidence=0.00,312,10584191353,示例高校论坛,示例高校,本校就业真的很好吗,本校就业真的很好吗,"标题：本校就业真的很好吗

正文：本校就业真的很好吗",https://tieba.baidu.com/p/10584191353,normal,low,,,,,按前50人工复核标准补标；仅标题可见；未见足够证据支持风险标签；请复核,train,standard_prefilled,,,content_first_rule,rule:no_match
130.33,labels=depression;label_score=80;risk_level=medium(20);risk_score=24.80;confidence=0.53,311,10558753379,示例高校论坛,示例高校,有点无助了,有点无助了,"标题：有点无助了

正文：有点无助了",https://tieba.baidu.com/p/10558753379,depression,medium,24.8,"model:stress:0.53,model:internalizing:0.50",0.53,,人工预标；仅标题可见；未见足够证据支持风险标签；请复核,train,manual_prefilled,,,content_first_rule,rule:no_match
10.39,labels=normal;label_score=0;risk_level=low(10);risk_score=0.00;confidence=0.39,310,10566830717,示例高校论坛,示例高校,化生转专业求助,化生转专业求助,"标题：化生转专业求助

正文：化生转专业求助",https://tieba.baidu.com/p/10566830717,normal,low,,"model:internalizing:0.39,model:self_harm_aux:0.34",0.39,,按前50人工复核标准补标；仅标题可见；有明确文本线索；请复核,train,standard_prefilled,academic_stress,,content_first_cleared_previous,rule:content_info_only
10.41,labels=normal;label_score=0;risk_level=low(10);risk_score=0.00;confidence=0.41,309,10558406090,示例高校论坛,示例高校,我被脏东西盯上了吗😱,我被脏东西盯上了吗😱,"标题：我被脏东西盯上了吗😱

正文：我被脏东西盯上了吗😱",https://tieba.baidu.com/p/10558406090,normal,low,,model:hostility:0.41,0.41,,按前50人工复核标准补标；仅标题可见；未见足够证据支持风险标签；请复核,dev,standard_prefilled,,,content_first_rule,rule:no_match
86.56,labels=social_withdrawal;label_score=60;risk_level=low(10);risk_score=11.10;confidence=0.46,308,10392893874,示例高校论坛,示例高校,转专业求助,转专业求助,"标题：转专业求助

正文：转专业求助",https://tieba.baidu.com/p/10392893874,social_withdrawal,low,11.1,model:internalizing:0.46,0.46,,按前50人工复核标准补标；仅标题可见；有明确文本线索；请复核,train,standard_prefilled,academic_stress,,content_first_cleared_previous,rule:content_info_only
10.35,labels=normal;label_score=0;risk_level=low(10);risk_score=0.00;confidence=0.35,307,10403116972,示例高校论坛,示例高校,转转转专业,转转转专业,"标题：转转转专业

正文：转转转专业",https://tieba.baidu.com/p/10403116972,normal,low,,"model:stress_aux:0.33,model:stress:0.35",0.35,,按前50人工复核标准补标；仅标题可见；有明确文本线索；请复核,train,standard_prefilled,academic_stress,,content_first_cleared_previous,rule:no_match
10.33,labels=normal;label_score=0;risk_level=low(10);risk_score=0.00;confidence=0.33,306,10309184071,示例高校论坛,示例高校,怎么成为黄牌ldx,怎么成为黄牌ldx,"标题：怎么成为黄牌ldx

正文：怎么成为黄牌ldx",https://tieba.baidu.com/p/10309184071,normal,low,,model:stress:0.33,0.33,,按前50人工复核标准补标；仅标题可见；未见足够证据支持风险标签；请复核,test,standard_prefilled,,,content_first_rule,rule:no_match
10.47,labels=normal;label_score=0;risk_level=low(10);risk_score=0.00;confidence=0.47,305,10591586399,示例高校论坛,示例高校,大学生活真是太艰难啦,大学生活真是太艰难啦,"标题：大学生活真是太艰难啦

正文：大学生活真是太艰难啦",https://tieba.baidu.com/p/10591586399,normal,low,,model:stress:0.47,0.47,,按前50人工复核标准补标；仅标题可见；未见足够证据支持风险标签；请复核,train,standard_prefilled,,,content_first_rule,rule:no_match
10.39,labels=normal;label_score=0;risk_level=low(10);risk_score=0.00;confidence=0.39,304,9641837127,示例高校论坛,示例高校,车辆小灯求助,车辆小灯求助,"标题：车辆小灯求助

正文：车辆小灯求助",https://tieba.baidu.com/p/9641837127,normal,low,,"model:hostility:0.36,model:internalizing:0.39,model:self_harm_aux:0.30",0.39,,按前50人工复核标准补标；仅标题可见；未见足够证据支持风险标签；请复核,train,standard_prefilled,,,content_first_rule,rule:content_info_only
10.36,labels=normal;label_score=0;risk_level=low(10);risk_score=0.00;confidence=0.36,303,10585480061,示例高校论坛,示例高校,如评课堂占座,如评课堂占座,"标题：如评课堂占座

正文：如评课堂占座",https://tieba.baidu.com/p/10585480061,normal,low,,model:internalizing:0.36,0.36,,按前50人工复核标准补标；仅标题可见；未见足够证据支持风险标签；请复核,train,standard_prefilled,,,content_first_rule,rule:no_match
127.44,labels=depression;label_score=80;risk_level=medium(20);risk_score=22.00;confidence=0.44,302,10591139345,示例高校论坛,示例高校,害，有点苦恼,害，有点苦恼,"标题：害，有点苦恼

正文：害，有点苦恼",https://tieba.baidu.com/p/10591139345,depression,medium,22.0,"model:stress:0.44,model:internalizing:0.44",0.44,,人工预标；仅标题可见；未见足够证据支持风险标签；请复核,train,manual_prefilled,,,content_first_rule,rule:no_match
10.33,labels=normal;label_score=0;risk_level=low(10);risk_score=0.00;confidence=0.33,301,10306423894,示例高校论坛,示例高校,转专业到数统学院,转专业到数统学院,"标题：转专业到数统学院

正文：转专业到数统学院",https://tieba.baidu.com/p/10306423894,normal,low,,model:internalizing:0.33,0.33,,按前50人工复核标准补标；仅标题可见；有明确文本线索；请复核,train,standard_prefilled,academic_stress,,content_first_cleared_previous,rule:no_match
69.06,labels=academic_stress;label_score=40;risk_level=low(10);risk_score=13.50;confidence=0.56,300,10597350222,示例高校论坛,示例高校,这期神了？,这期神了？,"标题：这期神了？

正文：这期神了？",https://tieba.baidu.com/p/10597350222,academic_stress,low,13.5,"model:stress_aux:0.46,model:stress:0.56",0.56,,按前50人工复核标准补标；仅标题可见；未见足够证据支持风险标签；请复核,train,standard_prefilled,,,content_first_rule,rule:no_match
10.39,labels=normal;label_score=0;risk_level=low(10);risk_score=0.00;confidence=0.39,299,10564432204,示例高校论坛,示例高校,偷外卖的等着,偷外卖的等着,"标题：偷外卖的等着

正文：偷外卖的等着",https://tieba.baidu.com/p/10564432204,normal,low,,"model:stress_aux:0.38,model:hostility:0.33,model:stress:0.37,model:internalizing:0.39",0.39,,按前50人工复核标准补标；仅标题可见；未见足够证据支持风险标签；请复核,train,standard_prefilled,,,content_first_rule,rule:no_match
10.41,labels=normal;label_score=0;risk_level=low(10);risk_score=0.00;confidence=0.41,298,10603250690,示例高校论坛,示例高校,示例高校车辆工程的三个分流方向推荐,示例高校车辆工程的三个分流方向推荐,"标题：示例高校车辆工程的三个分流方向推荐

正文：示例高校车辆工程的三个分流方向推荐",https://tieba.baidu.com/p/10603250690,normal,low,,"model:stress:0.33,model:self_harm_aux:0.41",0.41,,按前50人工复核标准补标；仅标题可见；未见足够证据支持风险标签；请复核,dev,standard_prefilled,,,content_first_rule,rule:no_match
10.31,labels=normal;label_score=0;risk_level=low(10);risk_score=0.00;confidence=0.31,297,9068563904,示例高校论坛,示例高校,老东西给想学船的小壁灯抹平一些信息差,老东西给想学船的小壁灯抹平一些信息差,"标题：老东西给想学船的小壁灯抹平一些信息差

正文：老东西给想学船的小壁灯抹平一些信息差",https://tieba.baidu.com/p/9068563904,normal,low,,model:internalizing:0.31,0.31,,按前50人工复核标准补标；仅标题可见；未见足够证据支持风险标签；请复核,train,standard_prefilled,,,content_first_rule,rule:no_match
87.19,labels=social_withdrawal;label_score=60;risk_level=low(10);risk_score=11.70;confidence=0.49,296,10611016335,示例高校论坛,示例高校,专业咨询贴,专业咨询贴,"标题：专业咨询贴

正文：专业咨询贴",https://tieba.baidu.com/p/10611016335,social_withdrawal,low,11.7,"model:hostility:0.35,model:internalizing:0.49",0.49,,人工预标；仅标题可见；未见足够证据支持风险标签；请复核,test,manual_prefilled,,,content_first_rule,rule:no_match
10.00,labels=normal;label_score=0;risk_level=low(10);risk_score=0.00;confidence=0.00,295,10610662771,示例高校论坛,示例高校,依旧转专业,依旧转专业,"标题：依旧转专业

正文：依旧转专业",https://tieba.baidu.com/p/10610662771,normal,low,,,,,按前50人工复核标准补标；仅标题可见；有明确文本线索；请复核,train,standard_prefilled,academic_stress,,content_first_cleared_previous,rule:no_match
10.41,labels=normal;label_score=0;risk_level=low(10);risk_score=0.00;confidence=0.41,294,10600296163,示例高校论坛,示例高校,乐子人 真晦气啊,乐子人 真晦气啊,"标题：乐子人 真晦气啊

正文：乐子人 真晦气啊",https://tieba.baidu.com/p/10600296163,normal,low,,"model:stress_aux:0.36,model:hostility:0.41",0.41,,按前50人工复核标准补标；仅标题可见；未见足够证据支持风险标签；请复核,train,standard_prefilled,,,content_first_rule,rule:no_match
82.36,labels=abuse;label_score=50;risk_level=low(10);risk_score=16.60;confidence=0.76,293,10608891011,示例高校论坛,示例高校,吐槽思慕人类,吐槽思慕人类,"标题：吐槽思慕人类

正文：吐槽思慕人类",https://tieba.baidu.com/p/10608891011,abuse,low,16.6,"model:stress_aux:0.37,model:hostility:0.76",0.76,,按前50人工复核标准补标；仅标题可见；未见足够证据支持风险标签；请复核,dev,standard_prefilled,,,content_first_rule,rule:no_match
117.24,labels=depression;label_score=80;risk_level=low(10);risk_score=21.80;confidence=0.44,292,10600196187,示例高校论坛,示例高校,绩点如何才能上4.5，求教程,绩点如何才能上4.5，求教程,"标题：绩点如何才能上4.5，求教程

正文：绩点如何才能上4.5，求教程",https://tieba.baidu.com/p/10600196187,depression,low,21.8,"model:stress:0.35,model:internalizing:0.44,model:self_harm_aux:0.32",0.44,,人工预标；仅标题可见；有明确文本线索；请复核语境,train,manual_prefilled,,manual_review_candidates_v14_round2_normalized.csv,manual_override,manual_review_candidates_v14_round2_normalized.csv
117.23,labels=depression;label_score=80;risk_level=low(10);risk_score=21.80;confidence=0.43,291,10605356525,示例高校论坛,示例高校,石楠花开了。,石楠花开了。,"标题：石楠花开了。

正文：石楠花开了。",https://tieba.baidu.com/p/10605356525,depression,low,21.8,"model:stress:0.38,model:internalizing:0.43",0.43,,人工预标；仅标题可见；未见足够证据支持风险标签；请复核,train,manual_prefilled,,,content_first_rule,rule:no_match
128.77,labels=depression;label_score=80;risk_level=medium(20);risk_score=23.30;confidence=0.47,290,10605309973,示例高校论坛,示例高校,重要通知！,重要通知！,"标题：重要通知！

正文：重要通知！",https://tieba.baidu.com/p/10605309973,depression,medium,23.3,"model:stress_aux:0.31,model:stress:0.44,model:internalizing:0.47",0.47,,人工预标；仅标题可见；未见足够证据支持风险标签；请复核,train,manual_prefilled,,,content_first_rule,rule:no_match
10.44,labels=normal;label_score=0;risk_level=low(10);risk_score=0.00;confidence=0.44,289,10550551726,示例高校论坛,示例高校,材料科学与工程考研,材料科学与工程考研,"标题：材料科学与工程考研

正文：材料科学与工程考研",https://tieba.baidu.com/p/10550551726,normal,low,,"model:stress:0.31,model:self_harm_aux:0.44",0.44,,按前50人工复核标准补标；仅标题可见；未见足够证据支持风险标签；请复核,train,standard_prefilled,,,content_first_rule,rule:no_match
86.35,labels=social_withdrawal;label_score=60;risk_level=low(10);risk_score=10.90;confidence=0.45,288,10586251971,示例高校论坛,示例高校,真的假的瓦,真的假的瓦,"标题：真的假的瓦

正文：真的假的瓦",https://tieba.baidu.com/p/10586251971,social_withdrawal,low,10.9,"model:hostility:0.40,model:internalizing:0.45",0.45,,按前50人工复核标准补标；仅标题可见；未见足够证据支持风险标签；请复核,train,standard_prefilled,,,content_first_rule,rule:no_match
83.61,labels=abuse;label_score=50;risk_level=low(10);risk_score=17.80;confidence=0.81,287,10533713564,示例高校论坛,示例高校,这是一个人吗,这是一个人吗,"标题：这是一个人吗

正文：这是一个人吗",https://tieba.baidu.com/p/10533713564,abuse,low,17.8,model:hostility:0.81,0.81,,补充真实样本；按既有人工标准补标；标题证据较明确；请复核,dev,supplemented_real_label,abuse,,content_first_cleared_previous,rule:no_match
10.32,labels=normal;label_score=0;risk_level=low(10);risk_score=0.00;confidence=0.32,286,10600131656,示例高校论坛,示例高校,卷绩点教程,卷绩点教程,"标题：卷绩点教程

正文：卷绩点教程",https://tieba.baidu.com/p/10600131656,normal,low,,"model:stress:0.32,model:internalizing:0.31",0.32,,按前50人工复核标准补标；仅标题可见；未见足够证据支持风险标签；请复核,test,standard_prefilled,,,content_first_rule,rule:content_info_only
10.38,labels=normal;label_score=0;risk_level=low(10);risk_score=0.00;confidence=0.38,285,10612628749,示例高校论坛,示例高校,想考示例高校学硕电气,想考示例高校学硕电气,"标题：想考示例高校学硕电气

正文：想考示例高校学硕电气",https://tieba.baidu.com/p/10612628749,normal,low,,"model:hostility:0.38,model:internalizing:0.36,model:self_harm_aux:0.37",0.38,,按前50人工复核标准补标；仅标题可见；未见足够证据支持风险标签；请复核,train,standard_prefilled,,,content_first_rule,rule:no_match
10.35,labels=normal;label_score=0;risk_level=low(10);risk_score=0.00;confidence=0.35,284,10592850365,示例高校论坛,示例高校,开了个音游窝，有没有人来玩啊😭😭😭😭,开了个音游窝，有没有人来玩啊😭😭😭😭,"标题：开了个音游窝，有没有人来玩啊😭😭😭😭

正文：开了个音游窝，有没有人来玩啊😭😭😭😭",https://tieba.baidu.com/p/10592850365,normal,low,,"model:stress_aux:0.34,model:hostility:0.35,model:stress:0.34,model:internalizing:0.30",0.35,,按前50人工复核标准补标；仅标题可见；未见足够证据支持风险标签；请复核,test,standard_prefilled,,,content_first_rule,rule:no_match
10.39,labels=normal;label_score=0;risk_level=low(10);risk_score=0.00;confidence=0.39,283,10498618678,示例高校论坛,示例高校,祝各位校友马年大吉，继续开启就业答疑,祝各位校友马年大吉，继续开启就业答疑,"标题：祝各位校友马年大吉，继续开启就业答疑

正文：祝各位校友马年大吉，继续开启就业答疑",https://tieba.baidu.com/p/10498618678,normal,low,,"model:hostility:0.31,model:stress:0.30,model:internalizing:0.39",0.39,,按前50人工复核标准补标；仅标题可见；未见足够证据支持风险标签；请复核,test,standard_prefilled,,,content_first_rule,rule:no_match
130.50,labels=depression;label_score=80;risk_level=medium(20);risk_score=25.00;confidence=0.50,282,10588647775,示例高校论坛,示例高校,孩子今年高考，哪位学霸给答疑解惑。,孩子今年高考，哪位学霸给答疑解惑。,"标题：孩子今年高考，哪位学霸给答疑解惑。

正文：孩子今年高考，哪位学霸给答疑解惑。",https://tieba.baidu.com/p/10588647775,depression,medium,25.0,"model:stress_aux:0.33,model:hostility:0.36,model:stress:0.38,model:internalizing:0.50",0.5,,人工预标；仅标题可见；未见足够证据支持风险标签；请复核,train,manual_prefilled,,,content_first_rule,rule:no_match
129.99,labels=depression;label_score=80;risk_level=medium(20);risk_score=24.50;confidence=0.49,281,10553296448,示例高校论坛,示例高校,标题五个字,标题五个字,"标题：标题五个字

正文：标题五个字",https://tieba.baidu.com/p/10553296448,depression,medium,24.5,"model:hostility:0.47,model:internalizing:0.49",0.49,,人工预标；仅标题可见；未见足够证据支持风险标签；请复核,train,manual_prefilled,,,content_first_rule,rule:no_match
10.50,labels=normal;label_score=0;risk_level=low(10);risk_score=0.00;confidence=0.50,280,10597255227,示例高校论坛,示例高校,🖐🏻本校理工科专业男生本科毕业回西北老家值不值得,🖐🏻本校理工科专业男生本科毕业回西北老家值不值得,"标题：🖐🏻本校理工科专业男生本科毕业回西北老家值不值得

正文：🖐🏻本校理工科专业男生本科毕业回西北老家值不值得",https://tieba.baidu.com/p/10597255227,normal,low,,"model:stress:0.50,model:self_harm_aux:0.35",0.5,,按前50人工复核标准补标；仅标题可见；未见足够证据支持风险标签；请复核,train,standard_prefilled,,,content_first_rule,rule:no_match
86.56,labels=social_withdrawal;label_score=60;risk_level=low(10);risk_score=11.10;confidence=0.46,279,10526554797,示例高校论坛,示例高校,转专业求助,转专业求助,"标题：转专业求助

正文：转专业求助",https://tieba.baidu.com/p/10526554797,social_withdrawal,low,11.1,model:internalizing:0.46,0.46,,按前50人工复核标准补标；仅标题可见；有明确文本线索；请复核,train,standard_prefilled,academic_stress,,content_first_cleared_previous,rule:content_info_only
10.32,labels=normal;label_score=0;risk_level=low(10);risk_score=0.00;confidence=0.32,278,10592381364,示例高校论坛,示例高校,希望示例高校的学生诚实一点,希望示例高校的学生诚实一点,"标题：希望示例高校的学生诚实一点

正文：希望示例高校的学生诚实一点",https://tieba.baidu.com/p/10592381364,normal,low,,model:internalizing:0.32,0.32,,按前50人工复核标准补标；仅标题可见；未见足够证据支持风险标签；请复核,train,standard_prefilled,,,content_first_rule,rule:no_match
10.00,labels=normal;label_score=0;risk_level=low(10);risk_score=0.00;confidence=0.00,277,8788980324,示例高校论坛,示例高校,我发🖐️本校所有食堂，你们来打分,我发🖐️本校所有食堂，你们来打分,"标题：我发🖐️本校所有食堂，你们来打分

正文：我发🖐️本校所有食堂，你们来打分",https://tieba.baidu.com/p/8788980324,normal,low,,,,,按前50人工复核标准补标；仅标题可见；未见足够证据支持风险标签；请复核,train,standard_prefilled,,,content_first_rule,rule:no_match
10.34,labels=normal;label_score=0;risk_level=low(10);risk_score=0.00;confidence=0.34,276,10612328164,示例高校论坛,示例高校,小登绩点3.898转B校区机械稳吗,小登绩点3.898转B校区机械稳吗,"标题：小登绩点3.898转B校区机械稳吗

正文：小登绩点3.898转B校区机械稳吗",https://tieba.baidu.com/p/10612328164,normal,low,,"model:stress_aux:0.34,model:internalizing:0.32",0.34,,按前50人工复核标准补标；仅标题可见；有明确文本线索；请复核,train,standard_prefilled,academic_stress,,content_first_cleared_previous,rule:no_match
10.42,labels=normal;label_score=0;risk_level=low(10);risk_score=0.00;confidence=0.42,275,10553007345,示例高校论坛,示例高校,请问一下转入相关学院的车辆工程的话绩点大概要多少,请问一下转入相关学院的车辆工程的话绩点大概要多少,"标题：请问一下转入相关学院的车辆工程的话绩点大概要多少

正文：请问一下转入相关学院的车辆工程的话绩点大概要多少",https://tieba.baidu.com/p/10553007345,normal,low,,"model:hostility:0.42,model:self_harm_aux:0.40",0.42,,按前50人工复核标准补标；仅标题可见；有明确文本线索；请复核,train,standard_prefilled,academic_stress,,content_first_cleared_previous,rule:no_match
10.50,labels=normal;label_score=0;risk_level=low(10);risk_score=0.00;confidence=0.50,274,10592870187,示例高校论坛,示例高校,有同学有这种被撞无法维权的经历吗，有解决办法吗,有同学有这种被撞无法维权的经历吗，有解决办法吗,"标题：有同学有这种被撞无法维权的经历吗，有解决办法吗

正文：有同学有这种被撞无法维权的经历吗，有解决办法吗",https://tieba.baidu.com/p/10592870187,normal,low,,"model:stress:0.50,model:internalizing:0.31",0.5,,按前50人工复核标准补标；仅标题可见；未见足够证据支持风险标签；请复核,train,standard_prefilled,,,content_first_rule,rule:no_match
10.33,labels=normal;label_score=0;risk_level=low(10);risk_score=0.00;confidence=0.33,273,10548166918,示例高校论坛,示例高校,win or lose,win or lose,"标题：win or lose

正文：win or lose",https://tieba.baidu.com/p/10548166918,normal,low,,"model:hostility:0.32,model:internalizing:0.32,model:self_harm_aux:0.33",0.33,,按前50人工复核标准补标；仅标题可见；未见足够证据支持风险标签；请复核,train,standard_prefilled,,,content_first_rule,rule:no_match
86.46,labels=social_withdrawal;label_score=60;risk_level=low(10);risk_score=11.00;confidence=0.46,272,10518626336,示例高校论坛,示例高校,四级分数求超越,四级分数求超越,"标题：四级分数求超越

正文：四级分数求超越",https://tieba.baidu.com/p/10518626336,social_withdrawal,low,11.0,model:internalizing:0.46,0.46,,按前50人工复核标准补标；仅标题可见；未见足够证据支持风险标签；请复核,train,standard_prefilled,,,content_first_rule,rule:no_match
10.49,labels=normal;label_score=0;risk_level=low(10);risk_score=0.00;confidence=0.49,271,10599650352,示例高校论坛,示例高校,转专业咨询 | 机设有必要再往上转吗,转专业咨询 | 机设有必要再往上转吗,"标题：转专业咨询 | 机设有必要再往上转吗

正文：转专业咨询 | 机设有必要再往上转吗",https://tieba.baidu.com/p/10599650352,normal,low,,"model:stress_aux:0.32,model:stress:0.49,model:self_harm_aux:0.30",0.49,,按前50人工复核标准补标；仅标题可见；有明确文本线索；请复核,train,standard_prefilled,academic_stress,,content_first_cleared_previous,rule:no_match
10.31,labels=normal;label_score=0;risk_level=low(10);risk_score=0.00;confidence=0.31,270,10601335316,示例高校论坛,示例高校,转专业转专业,转专业转专业,"标题：转专业转专业

正文：转专业转专业",https://tieba.baidu.com/p/10601335316,normal,low,,model:self_harm_aux:0.31,0.31,,按前50人工复核标准补标；仅标题可见；有明确文本线索；请复核,train,standard_prefilled,academic_stress,,content_first_cleared_previous,rule:no_match
10.00,labels=normal;label_score=0;risk_level=low(10);risk_score=0.00;confidence=0.00,269,10603299485,示例高校论坛,示例高校,今天有没有人想对我表白,今天有没有人想对我表白,"标题：今天有没有人想对我表白

正文：今天有没有人想对我表白",https://tieba.baidu.com/p/10603299485,normal,low,,,,,按前50人工复核标准补标；仅标题可见；未见足够证据支持风险标签；请复核,train,standard_prefilled,,,content_first_rule,rule:no_match
10.37,labels=normal;label_score=0;risk_level=low(10);risk_score=0.00;confidence=0.37,268,10610893523,示例高校论坛,示例高校,xdx已被考试吓哭,xdx已被考试吓哭,"标题：xdx已被考试吓哭

正文：xdx已被考试吓哭",https://tieba.baidu.com/p/10610893523,normal,low,,"model:stress:0.37,model:internalizing:0.37",0.37,,按前50人工复核标准补标；仅标题可见；有明确文本线索；请复核,train,standard_prefilled,"anxiety,academic_stress",,content_first_cleared_previous,rule:no_match
88.23,labels=social_withdrawal;label_score=60;risk_level=low(10);risk_score=12.70;confidence=0.53,267,10603891648,示例高校论坛,示例高校,12345,12345,"标题：12345

正文：12345",https://tieba.baidu.com/p/10603891648,social_withdrawal,low,12.7,model:internalizing:0.53,0.53,,人工预标；仅标题可见；未见足够证据支持风险标签；请复核,train,manual_prefilled,,,content_first_rule,rule:no_match
119.25,labels=anxiety;label_score=70;risk_level=medium(20);risk_score=23.60;confidence=0.65,266,10604740883,示例高校论坛,示例高校,转专业焦虑中,转专业焦虑中,"标题：转专业焦虑中

正文：转专业焦虑中",https://tieba.baidu.com/p/10604740883,anxiety,medium,23.6,"model:stress_aux:0.38,model:stress:0.65",0.65,"academic_stress,anxiety",人工预标；仅标题可见；有明确文本线索；请复核语境,test,manual_review_merged,anxiety,rare_label_shortlist,manual_shortlist_merge,人工预标；仅标题可见；有明确文本线索；请复核语境
10.39,labels=normal;label_score=0;risk_level=low(10);risk_score=0.00;confidence=0.39,265,10597284126,示例高校论坛,示例高校,大巴校车在哪坐,大巴校车在哪坐,"标题：大巴校车在哪坐

正文：大巴校车在哪坐",https://tieba.baidu.com/p/10597284126,normal,low,,"model:stress_aux:0.32,model:hostility:0.39,model:stress:0.38,model:self_harm_aux:0.32",0.39,,按前50人工复核标准补标；仅标题可见；未见足够证据支持风险标签；请复核,train,standard_prefilled,,,content_first_rule,rule:no_match
86.87,labels=social_withdrawal;label_score=60;risk_level=low(10);risk_score=11.40;confidence=0.47,264,9820296002,示例高校论坛,示例高校,关于转专业老登的一些建议和经验,关于转专业老登的一些建议和经验,"标题：关于转专业老登的一些建议和经验

正文：关于转专业老登的一些建议和经验",https://tieba.baidu.com/p/9820296002,social_withdrawal,low,11.4,"model:hostility:0.34,model:stress:0.30,model:internalizing:0.47",0.47,,人工预标；仅标题可见；未见足够证据支持风险标签；请复核,train,manual_prefilled,,,content_first_rule,rule:no_match
10.45,labels=normal;label_score=0;risk_level=low(10);risk_score=0.00;confidence=0.45,263,10547918669,示例高校论坛,示例高校,不是，什么情况？五月份合并了？,不是，什么情况？五月份合并了？,"标题：不是，什么情况？五月份合并了？

正文：不是，什么情况？五月份合并了？",https://tieba.baidu.com/p/10547918669,normal,low,,"model:stress_aux:0.32,model:stress:0.45,model:internalizing:0.36",0.45,,按前50人工复核标准补标；仅标题可见；未见足够证据支持风险标签；请复核,train,standard_prefilled,,,content_first_rule,rule:no_match
10.39,labels=normal;label_score=0;risk_level=low(10);risk_score=0.00;confidence=0.39,262,10611319133,示例高校论坛,示例高校,转专业)可能我问的次数有点多，最后来询问一次吧,转专业)可能我问的次数有点多，最后来询问一次吧,"标题：转专业)可能我问的次数有点多，最后来询问一次吧

正文：转专业)可能我问的次数有点多，最后来询问一次吧",https://tieba.baidu.com/p/10611319133,normal,low,,"model:stress:0.39,model:internalizing:0.37",0.39,,按前50人工复核标准补标；仅标题可见；有明确文本线索；请复核,train,standard_prefilled,academic_stress,,content_first_cleared_previous,rule:no_match
10.50,labels=normal;label_score=0;risk_level=low(10);risk_score=0.00;confidence=0.50,261,10394009474,示例高校论坛,示例高校,大一小登突发奇想，决定写帖子记录一个本校🧊的成长历程,大一小登突发奇想，决定写帖子记录一个本校🧊的成长历程,"标题：大一小登突发奇想，决定写帖子记录一个本校🧊的成长历程

正文：大一小登突发奇想，决定写帖子记录一个本校🧊的成长历程",https://tieba.baidu.com/p/10394009474,normal,low,,model:stress:0.50,0.5,,按前50人工复核标准补标；仅标题可见；未见足够证据支持风险标签；请复核,test,standard_prefilled,,,content_first_rule,rule:content_info_only
10.42,labels=normal;label_score=0;risk_level=low(10);risk_score=0.00;confidence=0.42,260,10602734780,示例高校论坛,示例高校,武大华科合并能超过🖐🏻本校吗,武大华科合并能超过🖐🏻本校吗,"标题：武大华科合并能超过🖐🏻本校吗

正文：武大华科合并能超过🖐🏻本校吗",https://tieba.baidu.com/p/10602734780,normal,low,,model:stress:0.42,0.42,,按前50人工复核标准补标；仅标题可见；未见足够证据支持风险标签；请复核,dev,standard_prefilled,,,content_first_rule,rule:no_match
129.38,labels=depression;label_score=80;risk_level=medium(20);risk_score=23.90;confidence=0.48,259,10352963400,示例高校论坛,示例高校,感觉真的很自卑,感觉真的很自卑,"标题：感觉真的很自卑

正文：感觉真的很自卑",https://tieba.baidu.com/p/10352963400,depression,medium,23.9,"model:stress:0.43,model:internalizing:0.48",0.48,,人工预标；仅标题可见；有明确文本线索；请复核语境,train,manual_prefilled,depression,,content_first_cleared_previous,rule:no_match
117.21,labels=depression;label_score=80;risk_level=low(10);risk_score=21.70;confidence=0.51,258,10587417486,示例高校论坛,示例高校,室友的日常-续,室友的日常-续,"标题：室友的日常-续

正文：室友的日常-续",https://tieba.baidu.com/p/10587417486,depression,low,21.7,"model:stress_aux:0.33,model:hostility:0.51,model:internalizing:0.43",0.51,,人工预标；仅标题可见；未见足够证据支持风险标签；请复核,train,manual_prefilled,,,content_first_rule,rule:no_match
10.32,labels=normal;label_score=0;risk_level=low(10);risk_score=0.00;confidence=0.32,257,10587155775,示例高校论坛,示例高校,希望示例高校的学生诚实一点,希望示例高校的学生诚实一点,"标题：希望示例高校的学生诚实一点

正文：希望示例高校的学生诚实一点",https://tieba.baidu.com/p/10587155775,normal,low,,model:internalizing:0.32,0.32,,按前50人工复核标准补标；仅标题可见；未见足够证据支持风险标签；请复核,train,standard_prefilled,,,content_first_rule,rule:no_match
10.38,labels=normal;label_score=0;risk_level=low(10);risk_score=0.00;confidence=0.38,256,10415476044,示例高校论坛,示例高校,从大一下开始的大学日记！,从大一下开始的大学日记！,"标题：从大一下开始的大学日记！

正文：从大一下开始的大学日记！",https://tieba.baidu.com/p/10415476044,normal,low,,"model:stress_aux:0.31,model:hostility:0.31,model:internalizing:0.38",0.38,,按前50人工复核标准补标；仅标题可见；未见足够证据支持风险标签；请复核,train,standard_prefilled,,,content_first_rule,rule:no_match
10.36,labels=normal;label_score=0;risk_level=low(10);risk_score=0.00;confidence=0.36,255,10607309586,示例高校论坛,示例高校,石楠花开🥴,石楠花开🥴,"标题：石楠花开🥴

正文：石楠花开🥴",https://tieba.baidu.com/p/10607309586,normal,low,,"model:internalizing:0.36,model:self_harm_aux:0.36",0.36,,按前50人工复核标准补标；仅标题可见；未见足够证据支持风险标签；请复核,train,standard_prefilled,,,content_first_rule,rule:no_match
86.56,labels=social_withdrawal;label_score=60;risk_level=low(10);risk_score=11.10;confidence=0.46,254,10601404394,示例高校论坛,示例高校,转专业求助,转专业求助,"标题：转专业求助

正文：转专业求助",https://tieba.baidu.com/p/10601404394,social_withdrawal,low,11.1,model:internalizing:0.46,0.46,,人工预标；仅标题可见；有明确文本线索；请复核语境,train,manual_review_merged,,rare_label_shortlist,manual_shortlist_merge,人工预标；仅标题可见；有明确文本线索；请复核语境
10.45,labels=normal;label_score=0;risk_level=low(10);risk_score=0.00;confidence=0.45,253,10590823883,示例高校论坛,示例高校,可以取消校园跑了,可以取消校园跑了,"标题：可以取消校园跑了

正文：可以取消校园跑了",https://tieba.baidu.com/p/10590823883,normal,low,,"model:stress_aux:0.34,model:stress:0.45,model:internalizing:0.32",0.45,,按前50人工复核标准补标；仅标题可见；未见足够证据支持风险标签；请复核,train,standard_prefilled,,,content_first_rule,rule:no_match
129.07,labels=depression;label_score=80;risk_level=medium(20);risk_score=23.60;confidence=0.47,252,10597484699,示例高校论坛,示例高校,关于调剂求助,关于调剂求助,"标题：关于调剂求助

正文：关于调剂求助",https://tieba.baidu.com/p/10597484699,depression,medium,23.6,"model:hostility:0.46,model:internalizing:0.47,model:self_harm_aux:0.33",0.47,,人工预标；仅标题可见；有明确文本线索；请复核语境,dev,manual_prefilled,,manual_review_candidates_v14_round2_normalized.csv,manual_override,manual_review_candidates_v14_round2_normalized.csv
70.63,labels=academic_stress;label_score=40;risk_level=low(10);risk_score=15.00;confidence=0.63,251,10563260651,示例高校论坛,示例高校,青铜哥们又打靶场又练aimlab了,青铜哥们又打靶场又练aimlab了,"标题：青铜哥们又打靶场又练aimlab了

正文：青铜哥们又打靶场又练aimlab了",https://tieba.baidu.com/p/10563260651,academic_stress,low,15.0,"model:stress_aux:0.47,model:stress:0.63",0.63,,按前50人工复核标准补标；仅标题可见；未见足够证据支持风险标签；请复核,train,standard_prefilled,,,content_first_rule,rule:no_match
10.39,labels=normal;label_score=0;risk_level=low(10);risk_score=0.00;confidence=0.39,250,10604256119,示例高校论坛,示例高校,转专业问题,转专业问题,"标题：转专业问题

正文：转专业问题",https://tieba.baidu.com/p/10604256119,normal,low,,model:stress:0.39,0.39,,按前50人工复核标准补标；仅标题可见；有明确文本线索；请复核,train,standard_prefilled,academic_stress,,content_first_cleared_previous,rule:no_match
88.54,labels=social_withdrawal;label_score=60;risk_level=low(10);risk_score=13.00;confidence=0.54,249,10578946254,示例高校论坛,示例高校,我真的很讨厌自己，一直在哭。,我真的很讨厌自己，一直在哭。,"标题：我真的很讨厌自己，一直在哭。

正文：我真的很讨厌自己，一直在哭。",https://tieba.baidu.com/p/10578946254,social_withdrawal,low,13.0,"model:stress:0.33,model:internalizing:0.54",0.54,depression,人工预标；仅标题可见；有明确文本线索；请复核语境,test,manual_prefilled,depression,,content_first_rule,depression:content
127.77,labels=depression;label_score=80;risk_level=medium(20);risk_score=22.30;confidence=0.47,248,10613172323,示例高校论坛,示例高校,小登黄牌了,小登黄牌了,"标题：小登黄牌了

正文：小登黄牌了",https://tieba.baidu.com/p/10613172323,depression,medium,22.3,"model:stress_aux:0.34,model:stress:0.47,model:internalizing:0.45",0.47,,人工预标；仅标题可见；未见足够证据支持风险标签；请复核,train,manual_prefilled,,,content_first_rule,rule:no_match
10.42,labels=normal;label_score=0;risk_level=low(10);risk_score=0.00;confidence=0.42,247,10588726215,示例高校论坛,示例高校,B校区见证哥太吓人了,B校区见证哥太吓人了,"标题：B校区见证哥太吓人了

正文：B校区见证哥太吓人了",https://tieba.baidu.com/p/10588726215,normal,low,,"model:stress_aux:0.42,model:stress:0.40",0.42,,按前50人工复核标准补标；仅标题可见；未见足够证据支持风险标签；请复核,train,standard_prefilled,,,content_first_rule,rule:no_match
10.42,labels=normal;label_score=0;risk_level=low(10);risk_score=0.00;confidence=0.42,246,10606082654,示例高校论坛,示例高校,室友日常-续续续,室友日常-续续续,"标题：室友日常-续续续

正文：室友日常-续续续",https://tieba.baidu.com/p/10606082654,normal,low,,"model:stress_aux:0.36,model:hostility:0.42",0.42,,按前50人工复核标准补标；仅标题可见；未见足够证据支持风险标签；请复核,train,standard_prefilled,,,content_first_rule,rule:no_match
10.37,labels=normal;label_score=0;risk_level=low(10);risk_score=0.00;confidence=0.37,245,10606651912,示例高校论坛,示例高校,本校去年就业率最高的专业竟然是工力,本校去年就业率最高的专业竟然是工力,"标题：本校去年就业率最高的专业竟然是工力

正文：本校去年就业率最高的专业竟然是工力",https://tieba.baidu.com/p/10606651912,normal,low,,"model:hostility:0.37,model:self_harm_aux:0.30",0.37,,按前50人工复核标准补标；仅标题可见；未见足够证据支持风险标签；请复核,train,standard_prefilled,,,content_first_rule,rule:no_match
10.50,labels=normal;label_score=0;risk_level=low(10);risk_score=0.00;confidence=0.50,244,10581214754,示例高校论坛,示例高校,绩点是不是硬通货？,绩点是不是硬通货？,"标题：绩点是不是硬通货？

正文：绩点是不是硬通货？",https://tieba.baidu.com/p/10581214754,normal,low,,"model:stress_aux:0.40,model:stress:0.50,model:internalizing:0.32",0.5,,按前50人工复核标准补标；仅标题可见；未见足够证据支持风险标签；请复核,train,standard_prefilled,,,content_first_rule,rule:no_match
10.45,labels=normal;label_score=0;risk_level=low(10);risk_score=0.00;confidence=0.45,243,10600718971,示例高校论坛,示例高校,室友日常-续续,室友日常-续续,"标题：室友日常-续续

正文：室友日常-续续",https://tieba.baidu.com/p/10600718971,normal,low,,"model:stress_aux:0.36,model:hostility:0.45",0.45,,按前50人工复核标准补标；仅标题可见；未见足够证据支持风险标签；请复核,train,standard_prefilled,,,content_first_rule,rule:no_match
80.37,labels=abuse;label_score=50;risk_level=low(10);risk_score=14.70;confidence=0.67,242,10610475544,示例高校论坛,示例高校,嗯……我的高数,嗯……我的高数,"标题：嗯……我的高数

正文：嗯……我的高数",https://tieba.baidu.com/p/10610475544,abuse,low,14.7,model:hostility:0.67,0.67,,按前50人工复核标准补标；仅标题可见；有明确文本线索；请复核,train,standard_prefilled,academic_stress,,content_first_cleared_previous,rule:no_match
86.67,labels=social_withdrawal;label_score=60;risk_level=low(10);risk_score=11.20;confidence=0.47,241,10608693605,示例高校论坛,示例高校,如何评价室友洗衣服，晾衣服,如何评价室友洗衣服，晾衣服,"标题：如何评价室友洗衣服，晾衣服

正文：如何评价室友洗衣服，晾衣服",https://tieba.baidu.com/p/10608693605,social_withdrawal,low,11.2,"model:stress_aux:0.31,model:stress:0.31,model:internalizing:0.47",0.47,,人工预标；仅标题可见；未见足够证据支持风险标签；请复核,test,manual_prefilled,,,content_first_rule,rule:no_match
128.36,labels=depression;label_score=80;risk_level=medium(20);risk_score=22.90;confidence=0.46,240,10210519741,示例高校论坛,示例高校,聊点实际的，大学四年怎么过算有性价比？,聊点实际的，大学四年怎么过算有性价比？,"标题：聊点实际的，大学四年怎么过算有性价比？

正文：聊点实际的，大学四年怎么过算有性价比？",https://tieba.baidu.com/p/10210519741,depression,medium,22.9,"model:stress_aux:0.34,model:stress:0.37,model:internalizing:0.46",0.46,,人工预标；仅标题可见；未见足够证据支持风险标签；请复核,train,manual_prefilled,,manual_review_candidates_v14_round2_normalized.csv,manual_override,manual_review_candidates_v14_round2_normalized.csv
10.00,labels=normal;label_score=0;risk_level=low(10);risk_score=0.00;confidence=0.00,239,10612191119,示例高校论坛,示例高校,不要临阵变卦好吗,不要临阵变卦好吗,"标题：不要临阵变卦好吗

正文：不要临阵变卦好吗",https://tieba.baidu.com/p/10612191119,normal,low,,,,,按前50人工复核标准补标；仅标题可见；未见足够证据支持风险标签；请复核,test,standard_prefilled,,,content_first_rule,rule:no_match
10.39,labels=normal;label_score=0;risk_level=low(10);risk_score=0.00;confidence=0.39,238,9159251454,示例高校论坛,示例高校,大一新生，决定记录一个本校兵大学四年的心路历程,大一新生，决定记录一个本校兵大学四年的心路历程,"标题：大一新生，决定记录一个本校兵大学四年的心路历程

正文：大一新生，决定记录一个本校兵大学四年的心路历程",https://tieba.baidu.com/p/9159251454,normal,low,,model:internalizing:0.39,0.39,,按前50人工复核标准补标；仅标题可见；未见足够证据支持风险标签；请复核,train,standard_prefilled,,,content_first_rule,rule:content_info_only
10.41,labels=normal;label_score=0;risk_level=low(10);risk_score=0.00;confidence=0.41,237,10572465519,示例高校论坛,示例高校,示例高校论坛吧主推荐贴,示例高校论坛吧主推荐贴,"标题：示例高校论坛吧主推荐贴

正文：示例高校论坛吧主推荐贴",https://tieba.baidu.com/p/10572465519,normal,low,,"model:hostility:0.41,model:internalizing:0.37,model:self_harm_aux:0.32",0.41,,按前50人工复核标准补标；仅标题可见；未见足够证据支持风险标签；请复核,dev,standard_prefilled,,,content_first_rule,rule:no_match
10.38,labels=normal;label_score=0;risk_level=low(10);risk_score=0.00;confidence=0.38,236,10610481841,示例高校论坛,示例高校,好想死啊。。。,好想死啊。。。,"标题：好想死啊。。。

正文：好想死啊。。。",https://tieba.baidu.com/p/10610481841,normal,low,,model:self_harm_aux:0.38,0.38,self_harm,按前50人工复核标准补标；仅标题可见；有明确文本线索；请复核,dev,standard_prefilled,self_harm,,content_first_rule,self_harm:content
10.49,labels=normal;label_score=0;risk_level=low(10);risk_score=0.00;confidence=0.49,235,10605873216,示例高校论坛,示例高校,关于洗澡一事,关于洗澡一事,"标题：关于洗澡一事

正文：关于洗澡一事",https://tieba.baidu.com/p/10605873216,normal,low,,"model:hostility:0.49,model:internalizing:0.41",0.49,,按前50人工复核标准补标；仅标题可见；未见足够证据支持风险标签；请复核,train,standard_prefilled,,,content_first_rule,rule:no_match
10.50,labels=normal;label_score=0;risk_level=low(10);risk_score=0.00;confidence=0.50,234,10613218870,示例高校论坛,示例高校,电气的学长们现在读的和毕业体验感怎么样,电气的学长们现在读的和毕业体验感怎么样,"标题：电气的学长们现在读的和毕业体验感怎么样

正文：电气的学长们现在读的和毕业体验感怎么样",https://tieba.baidu.com/p/10613218870,normal,low,,"model:stress_aux:0.36,model:stress:0.50",0.5,,按前50人工复核标准补标；仅标题可见；未见足够证据支持风险标签；请复核,train,standard_prefilled,,,content_first_rule,rule:no_match
10.40,labels=normal;label_score=0;risk_level=low(10);risk_score=0.00;confidence=0.40,233,10606964512,示例高校论坛,示例高校,武汉原神同好会,武汉原神同好会,"标题：武汉原神同好会

正文：武汉原神同好会",https://tieba.baidu.com/p/10606964512,normal,low,,model:hostility:0.40,0.4,,按前50人工复核标准补标；仅标题可见；未见足够证据支持风险标签；请复核,train,standard_prefilled,,,content_first_rule,rule:no_match
79.43,labels=abuse;label_score=50;risk_level=low(10);risk_score=13.80;confidence=0.63,232,9914465192,示例高校论坛,示例高校,本校有哪些听着像野史，但真实发生过的事情,本校有哪些听着像野史，但真实发生过的事情,"标题：本校有哪些听着像野史，但真实发生过的事情

正文：本校有哪些听着像野史，但真实发生过的事情",https://tieba.baidu.com/p/9914465192,abuse,low,13.8,"model:stress_aux:0.31,model:hostility:0.63",0.63,,按前50人工复核标准补标；仅标题可见；未见足够证据支持风险标签；请复核,train,standard_prefilled,,,content_first_rule,rule:no_match
10.38,labels=normal;label_score=0;risk_level=low(10);risk_score=0.00;confidence=0.38,231,10612337146,示例高校论坛,示例高校,日本女声优毁了我朋友,日本女声优毁了我朋友,"标题：日本女声优毁了我朋友

正文：日本女声优毁了我朋友",https://tieba.baidu.com/p/10612337146,normal,low,,model:internalizing:0.38,0.38,,按前50人工复核标准补标；仅标题可见；未见足够证据支持风险标签；请复核,train,standard_prefilled,,,content_first_rule,rule:no_match
86.56,labels=social_withdrawal;label_score=60;risk_level=low(10);risk_score=11.10;confidence=0.46,230,10528531303,示例高校论坛,示例高校,转专业求助,转专业求助,"标题：转专业求助

正文：转专业求助",https://tieba.baidu.com/p/10528531303,social_withdrawal,low,11.1,model:internalizing:0.46,0.46,,人工预标；仅标题可见；有明确文本线索；请复核语境,train,manual_prefilled,academic_stress,,content_first_cleared_previous,rule:content_info_only
128.39,labels=depression;label_score=80;risk_level=medium(20);risk_score=22.90;confidence=0.49,229,10609976089,示例高校论坛,示例高校,后悔来示例高校了,后悔来示例高校了,"标题：后悔来示例高校了

正文：后悔来示例高校了",https://tieba.baidu.com/p/10609976089,depression,medium,22.9,"model:stress:0.49,model:internalizing:0.46",0.49,,补充真实样本；按既有人工标准补标；标题证据较明确；请复核,train,supplemented_real_label,depression,,content_first_cleared_previous,rule:no_match
10.36,labels=normal;label_score=0;risk_level=low(10);risk_score=0.00;confidence=0.36,228,10600387247,示例高校论坛,示例高校,家人们好久不见！,家人们好久不见！,"标题：家人们好久不见！

正文：家人们好久不见！",https://tieba.baidu.com/p/10600387247,normal,low,,"model:stress_aux:0.32,model:internalizing:0.36",0.36,,按前50人工复核标准补标；仅标题可见；未见足够证据支持风险标签；请复核,train,standard_prefilled,,,content_first_rule,rule:no_match
10.33,labels=normal;label_score=0;risk_level=low(10);risk_score=0.00;confidence=0.33,227,10612970623,示例高校论坛,示例高校,C校区小💡闪击B校区,C校区小💡闪击B校区,"标题：C校区小💡闪击B校区

正文：C校区小💡闪击B校区",https://tieba.baidu.com/p/10612970623,normal,low,,"model:hostility:0.33,model:internalizing:0.31",0.33,,按前50人工复核标准补标；仅标题可见；未见足够证据支持风险标签；请复核,train,standard_prefilled,,,content_first_rule,rule:no_match
10.44,labels=normal;label_score=0;risk_level=low(10);risk_score=0.00;confidence=0.44,226,10586202169,示例高校论坛,示例高校,计算机真的是下一个土木吗,计算机真的是下一个土木吗,"标题：计算机真的是下一个土木吗

正文：计算机真的是下一个土木吗",https://tieba.baidu.com/p/10586202169,normal,low,,"model:hostility:0.44,model:stress:0.31",0.44,,按前50人工复核标准补标；仅标题可见；未见足够证据支持风险标签；请复核,train,standard_prefilled,,,content_first_rule,rule:no_match
10.33,labels=normal;label_score=0;risk_level=low(10);risk_score=0.00;confidence=0.33,225,10595288258,示例高校论坛,示例高校,本校lose,本校lose,"标题：本校lose

正文：本校lose",https://tieba.baidu.com/p/10595288258,normal,low,,model:self_harm_aux:0.33,0.33,,按前50人工复核标准补标；仅标题可见；未见足够证据支持风险标签；请复核,train,standard_prefilled,,,content_first_rule,rule:no_match
10.41,labels=normal;label_score=0;risk_level=low(10);risk_score=0.00;confidence=0.41,224,10411245360,示例高校论坛,示例高校,转专业建议与答疑贴,转专业建议与答疑贴,"标题：转专业建议与答疑贴

正文：转专业建议与答疑贴",https://tieba.baidu.com/p/10411245360,normal,low,,"model:hostility:0.38,model:internalizing:0.41,model:self_harm_aux:0.31",0.41,,按前50人工复核标准补标；仅标题可见；未见足够证据支持风险标签；请复核,train,standard_prefilled,,,content_first_rule,rule:no_match
116.66,labels=depression;label_score=80;risk_level=low(10);risk_score=21.20;confidence=0.46,223,10534431474,示例高校论坛,示例高校,最后咨询下转专业🥲,最后咨询下转专业🥲,"标题：最后咨询下转专业🥲

正文：最后咨询下转专业🥲",https://tieba.baidu.com/p/10534431474,depression,low,21.2,"model:stress:0.46,model:internalizing:0.42",0.46,,人工预标；仅标题可见；有明确文本线索；请复核语境,train,manual_prefilled,academic_stress,,content_first_cleared_previous,rule:no_match
10.50,labels=normal;label_score=0;risk_level=low(10);risk_score=0.00;confidence=0.50,222,10522270502,示例高校论坛,示例高校,转专业！！！,转专业！！！,"标题：转专业！！！

正文：转专业！！！",https://tieba.baidu.com/p/10522270502,normal,low,,model:hostility:0.50,0.5,,按前50人工复核标准补标；仅标题可见；有明确文本线索；请复核,train,standard_prefilled,academic_stress,,content_first_cleared_previous,rule:no_match
10.39,labels=normal;label_score=0;risk_level=low(10);risk_score=0.00;confidence=0.39,221,10596500505,示例高校论坛,示例高校,转专业到自动化的一些建议：我转专业到自动化的经历,转专业到自动化的一些建议：我转专业到自动化的经历,"标题：转专业到自动化的一些建议：我转专业到自动化的经历

正文：转专业到自动化的一些建议：我转专业到自动化的经历",https://tieba.baidu.com/p/10596500505,normal,low,,"model:stress:0.31,model:self_harm_aux:0.39",0.39,,按前50人工复核标准补标；仅标题可见；有明确文本线索；请复核,train,standard_prefilled,academic_stress,,content_first_cleared_previous,rule:no_match
10.48,labels=normal;label_score=0;risk_level=low(10);risk_score=0.00;confidence=0.48,220,10604071394,示例高校论坛,示例高校,为什么B校区的航海和轮机本科都能30w，但是收分却是最低的,为什么B校区的航海和轮机本科都能30w，但是收分却是最低的,"标题：为什么B校区的航海和轮机本科都能30w，但是收分却是最低的

正文：为什么B校区的航海和轮机本科都能30w，但是收分却是最低的",https://tieba.baidu.com/p/10604071394,normal,low,,"model:stress:0.48,model:self_harm_aux:0.36",0.48,,按前50人工复核标准补标；仅标题可见；未见足够证据支持风险标签；请复核,dev,standard_prefilled,,,content_first_rule,rule:no_match
130.39,labels=depression;label_score=80;risk_level=medium(20);risk_score=24.80;confidence=0.59,219,10599593825,示例高校论坛,示例高校,是否又在造神？,是否又在造神？,"标题：是否又在造神？

正文：是否又在造神？",https://tieba.baidu.com/p/10599593825,depression,medium,24.8,"model:stress_aux:0.32,model:hostility:0.59,model:internalizing:0.50",0.59,,人工预标；仅标题可见；未见足够证据支持风险标签；请复核,train,manual_prefilled,,,content_first_rule,rule:no_match
10.46,labels=normal;label_score=0;risk_level=low(10);risk_score=0.00;confidence=0.46,218,10610979559,示例高校论坛,示例高校,计算机必须狠狠抄底,计算机必须狠狠抄底,"标题：计算机必须狠狠抄底

正文：计算机必须狠狠抄底",https://tieba.baidu.com/p/10610979559,normal,low,,model:stress:0.46,0.46,,按前50人工复核标准补标；仅标题可见；未见足够证据支持风险标签；请复核,dev,standard_prefilled,,,content_first_rule,rule:no_match
91.25,labels=social_withdrawal;label_score=60;risk_level=low(10);risk_score=15.60;confidence=0.65,217,10612987230,示例高校论坛,示例高校,内容如下…,内容如下…,"标题：内容如下…

正文：内容如下…",https://tieba.baidu.com/p/10612987230,social_withdrawal,low,15.6,"model:stress:0.30,model:internalizing:0.65",0.65,,人工预标；仅标题可见；未见足够证据支持风险标签；请复核,test,manual_prefilled,,,content_first_rule,rule:no_match
88.54,labels=social_withdrawal;label_score=60;risk_level=low(10);risk_score=13.00;confidence=0.54,216,10573909213,示例高校论坛,示例高校,示例高校论坛失去了一位黄牌,示例高校论坛失去了一位黄牌,"标题：示例高校论坛失去了一位黄牌

正文：示例高校论坛失去了一位黄牌",https://tieba.baidu.com/p/10573909213,social_withdrawal,low,13.0,"model:stress:0.32,model:internalizing:0.54",0.54,,人工预标；仅标题可见；未见足够证据支持风险标签；请复核,train,manual_prefilled,,,content_first_rule,rule:no_match
129.99,labels=depression;label_score=80;risk_level=medium(20);risk_score=24.50;confidence=0.49,215,10580578955,示例高校论坛,示例高校,标题五个字,标题五个字,"标题：标题五个字

正文：标题五个字",https://tieba.baidu.com/p/10580578955,depression,medium,24.5,"model:hostility:0.47,model:internalizing:0.49",0.49,,人工预标；仅标题可见；未见足够证据支持风险标签；请复核,train,manual_prefilled,,,content_first_rule,rule:no_match
10.40,labels=normal;label_score=0;risk_level=low(10);risk_score=0.00;confidence=0.40,214,10578961060,示例高校论坛,示例高校,怎样才能评上校优秀共青团员,怎样才能评上校优秀共青团员,"标题：怎样才能评上校优秀共青团员

正文：怎样才能评上校优秀共青团员",https://tieba.baidu.com/p/10578961060,normal,low,,"model:hostility:0.31,model:internalizing:0.34,model:self_harm_aux:0.40",0.4,,按前50人工复核标准补标；仅标题可见；未见足够证据支持风险标签；请复核,test,standard_prefilled,,,content_first_rule,rule:no_match
10.53,labels=normal;label_score=0;risk_level=low(10);risk_score=0.00;confidence=0.53,213,10555943726,示例高校论坛,示例高校,丸辣！本校输麻了,丸辣！本校输麻了,"标题：丸辣！本校输麻了

正文：丸辣！本校输麻了",https://tieba.baidu.com/p/10555943726,normal,low,,"model:stress_aux:0.39,model:hostility:0.53",0.53,,按前50人工复核标准补标；仅标题可见；未见足够证据支持风险标签；请复核,train,standard_prefilled,,,content_first_rule,rule:no_match
69.48,labels=academic_stress;label_score=40;risk_level=low(10);risk_score=13.90;confidence=0.58,212,10340322141,示例高校论坛,示例高校,大一小💡终于黄牌了,大一小💡终于黄牌了,"标题：大一小💡终于黄牌了

正文：大一小💡终于黄牌了",https://tieba.baidu.com/p/10340322141,academic_stress,low,13.9,"model:stress_aux:0.38,model:stress:0.58,model:internalizing:0.33",0.58,,按前50人工复核标准补标；仅标题可见；未见足够证据支持风险标签；请复核,train,standard_prefilled,,,content_first_rule,rule:no_match
10.45,labels=normal;label_score=0;risk_level=low(10);risk_score=0.00;confidence=0.45,211,9677154058,示例高校论坛,示例高校,姐妹们，🖐🏻本校的黑人留学生在哪,姐妹们，🖐🏻本校的黑人留学生在哪,"标题：姐妹们，🖐🏻本校的黑人留学生在哪

正文：姐妹们，🖐🏻本校的黑人留学生在哪",https://tieba.baidu.com/p/9677154058,normal,low,,"model:stress_aux:0.35,model:hostility:0.45",0.45,,按前50人工复核标准补标；仅标题可见；未见足够证据支持风险标签；请复核,train,standard_prefilled,,,content_first_rule,rule:no_match
10.38,labels=normal;label_score=0;risk_level=low(10);risk_score=0.00;confidence=0.38,210,10544398455,示例高校论坛,示例高校,志愿工时与转专业,志愿工时与转专业,"标题：志愿工时与转专业

正文：志愿工时与转专业",https://tieba.baidu.com/p/10544398455,normal,low,,model:self_harm_aux:0.38,0.38,,按前50人工复核标准补标；仅标题可见；未见足够证据支持风险标签；请复核,train,standard_prefilled,,,content_first_rule,rule:no_match
85.52,labels=social_withdrawal;label_score=60;risk_level=low(10);risk_score=10.10;confidence=0.42,209,10574571780,示例高校论坛,示例高校,本校将永远失去一位蓝牌,本校将永远失去一位蓝牌,"标题：本校将永远失去一位蓝牌

正文：本校将永远失去一位蓝牌",https://tieba.baidu.com/p/10574571780,social_withdrawal,low,10.1,model:internalizing:0.42,0.42,,按前50人工复核标准补标；仅标题可见；未见足够证据支持风险标签；请复核,test,standard_prefilled,,,content_first_rule,rule:no_match
240.64,"labels=violence,abuse;label_score=140;risk_level=high(30);risk_score=60.00;confidence=0.64",208,10562413781,示例高校论坛,示例高校,大一英语四级,大一英语四级,"标题：大一英语四级

正文：大一英语四级",https://tieba.baidu.com/p/10562413781,"violence,abuse",high,60.0,"model:stress_aux:0.34,model:hostility:0.64,model:internalizing:0.34",0.64,,人工预标；仅标题可见；未见足够证据支持风险标签；请复核,train,manual_prefilled,,manual_review_candidates_v14_round2_normalized.csv,manual_override,manual_review_candidates_v14_round2_normalized.csv
86.15,labels=social_withdrawal;label_score=60;risk_level=low(10);risk_score=10.70;confidence=0.45,207,10544536403,示例高校论坛,示例高校,怎么办怎么办,怎么办怎么办,"标题：怎么办怎么办

正文：怎么办怎么办",https://tieba.baidu.com/p/10544536403,social_withdrawal,low,10.7,model:internalizing:0.45,0.45,,按前50人工复核标准补标；仅标题可见；未见足够证据支持风险标签；请复核,train,standard_prefilled,,,content_first_rule,rule:no_match
10.33,labels=normal;label_score=0;risk_level=low(10);risk_score=0.00;confidence=0.33,206,10576559087,示例高校论坛,示例高校,周六连续被偷2次外卖,周六连续被偷2次外卖,"标题：周六连续被偷2次外卖

正文：周六连续被偷2次外卖",https://tieba.baidu.com/p/10576559087,normal,low,,model:hostility:0.33,0.33,,按前50人工复核标准补标；仅标题可见；未见足够证据支持风险标签；请复核,train,standard_prefilled,,,content_first_rule,rule:no_match
10.35,labels=normal;label_score=0;risk_level=low(10);risk_score=0.00;confidence=0.35,205,10430035887,示例高校论坛,示例高校,🐭🐭是不是没救了,🐭🐭是不是没救了,"标题：🐭🐭是不是没救了

正文：🐭🐭是不是没救了",https://tieba.baidu.com/p/10430035887,normal,low,,"model:stress:0.35,model:self_harm_aux:0.31",0.35,,按前50人工复核标准补标；仅标题可见；未见足够证据支持风险标签；请复核,train,standard_prefilled,,,content_first_rule,rule:no_match
10.53,labels=normal;label_score=0;risk_level=low(10);risk_score=0.00;confidence=0.53,204,10569916936,示例高校论坛,示例高校,偷外卖后续,偷外卖后续,"标题：偷外卖后续

正文：偷外卖后续",https://tieba.baidu.com/p/10569916936,normal,low,,"model:stress_aux:0.31,model:hostility:0.53",0.53,,按前50人工复核标准补标；仅标题可见；未见足够证据支持风险标签；请复核,train,standard_prefilled,,,content_first_rule,rule:no_match
86.56,labels=social_withdrawal;label_score=60;risk_level=low(10);risk_score=11.10;confidence=0.46,203,10579058403,示例高校论坛,示例高校,转专业求助,转专业求助,"标题：转专业求助

正文：转专业求助",https://tieba.baidu.com/p/10579058403,social_withdrawal,low,11.1,model:internalizing:0.46,0.46,,人工预标；仅标题可见；有明确文本线索；请复核语境,train,manual_prefilled,academic_stress,,content_first_cleared_previous,rule:content_info_only
86.04,labels=social_withdrawal;label_score=60;risk_level=low(10);risk_score=10.60;confidence=0.44,202,10524321950,示例高校论坛,示例高校,材料老师推荐,材料老师推荐,"标题：材料老师推荐

正文：材料老师推荐",https://tieba.baidu.com/p/10524321950,social_withdrawal,low,10.6,"model:hostility:0.34,model:internalizing:0.44",0.44,,按前50人工复核标准补标；仅标题可见；未见足够证据支持风险标签；请复核,train,standard_prefilled,,,content_first_rule,rule:no_match
10.31,labels=normal;label_score=0;risk_level=low(10);risk_score=0.00;confidence=0.31,201,10607102874,示例高校论坛,示例高校,相关学院老登进来,相关学院老登进来,"标题：相关学院老登进来

正文：相关学院老登进来",https://tieba.baidu.com/p/10607102874,normal,low,,model:internalizing:0.31,0.31,,按前50人工复核标准补标；仅标题可见；未见足够证据支持风险标签；请复核,train,standard_prefilled,,,content_first_rule,rule:no_match
10.00,labels=normal;label_score=0;risk_level=low(10);risk_score=0.00;confidence=0.00,200,5050732706,示例高校论坛,示例高校,【2017】81192，请返航！,【2017】81192，请返航！,"标题：【2017】81192，请返航！

正文：【2017】81192，请返航！",https://tieba.baidu.com/p/5050732706,normal,low,,,,,按前50人工复核标准补标；仅标题可见；未见足够证据支持风险标签；请复核,train,standard_prefilled,,,content_first_rule,rule:no_match
10.42,labels=normal;label_score=0;risk_level=low(10);risk_score=0.00;confidence=0.42,199,10549957756,示例高校论坛,示例高校,"B校区余7舍余8舍（学生公寓6,7）限电瓦数是多少？","B校区余7舍余8舍（学生公寓6,7）限电瓦数是多少？","标题：B校区余7舍余8舍（学生公寓6,7）限电瓦数是多少？

正文：B校区余7舍余8舍（学生公寓6,7）限电瓦数是多少？",https://tieba.baidu.com/p/10549957756,normal,low,,"model:stress_aux:0.32,model:stress:0.42",0.42,,按前50人工复核标准补标；仅标题可见；未见足够证据支持风险标签；请复核,dev,standard_prefilled,,,content_first_rule,rule:no_match
10.41,labels=normal;label_score=0;risk_level=low(10);risk_score=0.00;confidence=0.41,198,10582339884,示例高校论坛,示例高校,轮机工程视力要求,轮机工程视力要求,"标题：轮机工程视力要求

正文：轮机工程视力要求",https://tieba.baidu.com/p/10582339884,normal,low,,model:internalizing:0.41,0.41,,按前50人工复核标准补标；仅标题可见；未见足够证据支持风险标签；请复核,train,standard_prefilled,,,content_first_rule,rule:no_match
10.46,labels=normal;label_score=0;risk_level=low(10);risk_score=0.00;confidence=0.46,197,10588727418,示例高校论坛,示例高校,大一下没有选上体育课要体测吗,大一下没有选上体育课要体测吗,"标题：大一下没有选上体育课要体测吗

正文：大一下没有选上体育课要体测吗",https://tieba.baidu.com/p/10588727418,normal,low,,"model:stress:0.46,model:internalizing:0.32",0.46,,按前50人工复核标准补标；仅标题可见；未见足够证据支持风险标签；请复核,train,standard_prefilled,,,content_first_rule,rule:no_match
10.46,labels=normal;label_score=0;risk_level=low(10);risk_score=0.00;confidence=0.46,196,10584043625,示例高校论坛,示例高校,西院篮球场被拆了？,西院篮球场被拆了？,"标题：西院篮球场被拆了？

正文：西院篮球场被拆了？",https://tieba.baidu.com/p/10584043625,normal,low,,"model:stress_aux:0.40,model:stress:0.46,model:internalizing:0.37",0.46,,按前50人工复核标准补标；仅标题可见；未见足够证据支持风险标签；请复核,dev,standard_prefilled,,,content_first_rule,rule:no_match
317.34,"labels=self_harm,depression;label_score=180;risk_level=high(30);risk_score=96.70;confidence=0.64",195,10602034162,示例高校论坛,示例高校,实验报告求助,实验报告求助,"标题：实验报告求助

正文：实验报告求助",https://tieba.baidu.com/p/10602034162,"self_harm,depression",high,96.7,"model:hostility:0.41,model:internalizing:0.64,model:self_harm_aux:0.36",0.64,,人工预标；仅标题可见；未见足够证据支持风险标签；请复核,test,manual_prefilled,,manual_review_candidates_v14_round2_normalized.csv,manual_override,manual_review_candidates_v14_round2_normalized.csv
70.31,labels=academic_stress;label_score=40;risk_level=low(10);risk_score=14.70;confidence=0.61,194,10580802854,示例高校论坛,示例高校,马上毕业了，也是思绪万千,马上毕业了，也是思绪万千,"标题：马上毕业了，也是思绪万千

正文：马上毕业了，也是思绪万千",https://tieba.baidu.com/p/10580802854,academic_stress,low,14.7,"model:stress_aux:0.34,model:stress:0.61",0.61,,按前50人工复核标准补标；仅标题可见；未见足够证据支持风险标签；请复核,dev,standard_prefilled,,manual_review_candidates_v14_round2_normalized.csv,manual_override,manual_review_candidates_v14_round2_normalized.csv
10.38,labels=normal;label_score=0;risk_level=low(10);risk_score=0.00;confidence=0.38,193,10599042438,示例高校论坛,示例高校,低空爱好者,低空爱好者,"标题：低空爱好者

正文：低空爱好者",https://tieba.baidu.com/p/10599042438,normal,low,,"model:hostility:0.37,model:internalizing:0.38",0.38,,按前50人工复核标准补标；仅标题可见；未见足够证据支持风险标签；请复核,train,standard_prefilled,,,content_first_rule,rule:no_match
10.42,labels=normal;label_score=0;risk_level=low(10);risk_score=0.00;confidence=0.42,192,10610639834,示例高校论坛,示例高校,虽然💐🦁的牡丹开得正盛，但是尼本校的石楠花也不逊色,虽然💐🦁的牡丹开得正盛，但是尼本校的石楠花也不逊色,"标题：虽然💐🦁的牡丹开得正盛，但是尼本校的石楠花也不逊色

正文：虽然💐🦁的牡丹开得正盛，但是尼本校的石楠花也不逊色",https://tieba.baidu.com/p/10610639834,normal,low,,"model:stress_aux:0.34,model:stress:0.42",0.42,,按前50人工复核标准补标；仅标题可见；未见足够证据支持风险标签；请复核,test,standard_prefilled,,,content_first_rule,rule:no_match
10.41,labels=normal;label_score=0;risk_level=low(10);risk_score=0.00;confidence=0.41,191,10605898292,示例高校论坛,示例高校,新校区校区踢球,新校区校区踢球,"标题：新校区校区踢球

正文：新校区校区踢球",https://tieba.baidu.com/p/10605898292,normal,low,,"model:stress_aux:0.32,model:hostility:0.34,model:stress:0.41",0.41,,按前50人工复核标准补标；仅标题可见；未见足够证据支持风险标签；请复核,train,standard_prefilled,,,content_first_rule,rule:no_match
10.42,labels=normal;label_score=0;risk_level=low(10);risk_score=0.00;confidence=0.42,190,10333729118,示例高校论坛,示例高校,求这学期英语杨春燕老师班上的同学,求这学期英语杨春燕老师班上的同学,"标题：求这学期英语杨春燕老师班上的同学

正文：求这学期英语杨春燕老师班上的同学",https://tieba.baidu.com/p/10333729118,normal,low,,model:stress:0.42,0.42,,按前50人工复核标准补标；仅标题可见；未见足够证据支持风险标签；请复核,dev,standard_prefilled,,,content_first_rule,rule:no_match
129.28,labels=depression;label_score=80;risk_level=medium(20);risk_score=23.80;confidence=0.48,189,10608526797,示例高校论坛,示例高校,我该怎么办,我该怎么办,"标题：我该怎么办

正文：我该怎么办",https://tieba.baidu.com/p/10608526797,depression,medium,23.8,"model:stress:0.44,model:internalizing:0.48",0.48,,人工预标；仅标题可见；未见足够证据支持风险标签；请复核,train,manual_prefilled,,,content_first_rule,rule:no_match
10.54,labels=normal;label_score=0;risk_level=low(10);risk_score=0.00;confidence=0.54,188,10415495831,示例高校论坛,示例高校,终于黄牌咯,终于黄牌咯,"标题：终于黄牌咯

正文：终于黄牌咯",https://tieba.baidu.com/p/10415495831,normal,low,,"model:stress_aux:0.31,model:stress:0.54,model:internalizing:0.39",0.54,,按前50人工复核标准补标；仅标题可见；未见足够证据支持风险标签；请复核,test,standard_prefilled,,,content_first_rule,rule:no_match
10.32,labels=normal;label_score=0;risk_level=low(10);risk_score=0.00;confidence=0.32,187,10592663244,示例高校论坛,示例高校,小登求助，ld速来,小登求助，ld速来,"标题：小登求助，ld速来

正文：小登求助，ld速来",https://tieba.baidu.com/p/10592663244,normal,low,,"model:stress_aux:0.32,model:hostility:0.32,model:stress:0.30,model:internalizing:0.31",0.32,,按前50人工复核标准补标；仅标题可见；未见足够证据支持风险标签；请复核,dev,standard_prefilled,,,content_first_rule,rule:content_info_only
70.00,labels=academic_stress;label_score=40;risk_level=low(10);risk_score=14.40;confidence=0.60,186,10595494788,示例高校论坛,示例高校,怎么现在校园外卖都得接力送了,怎么现在校园外卖都得接力送了,"标题：怎么现在校园外卖都得接力送了

正文：怎么现在校园外卖都得接力送了",https://tieba.baidu.com/p/10595494788,academic_stress,low,14.4,"model:stress_aux:0.48,model:stress:0.60,model:internalizing:0.30",0.6,,按前50人工复核标准补标；仅标题可见；未见足够证据支持风险标签；请复核,train,standard_prefilled,,,content_first_rule,rule:no_match
10.47,labels=normal;label_score=0;risk_level=low(10);risk_score=0.00;confidence=0.47,185,10607037251,示例高校论坛,示例高校,示例高校考研有校内调剂吗,示例高校考研有校内调剂吗,"标题：示例高校考研有校内调剂吗

正文：示例高校考研有校内调剂吗",https://tieba.baidu.com/p/10607037251,normal,low,,"model:stress:0.47,model:self_harm_aux:0.36",0.47,,按前50人工复核标准补标；仅标题可见；未见足够证据支持风险标签；请复核,dev,standard_prefilled,,,content_first_rule,rule:no_match
10.41,labels=normal;label_score=0;risk_level=low(10);risk_score=0.00;confidence=0.41,184,10593736616,示例高校论坛,示例高校,体测免测怎么申请，免测是所有项目免测吗？,体测免测怎么申请，免测是所有项目免测吗？,"标题：体测免测怎么申请，免测是所有项目免测吗？

正文：体测免测怎么申请，免测是所有项目免测吗？",https://tieba.baidu.com/p/10593736616,normal,low,,"model:hostility:0.30,model:stress:0.38,model:internalizing:0.36,model:self_harm_aux:0.41",0.41,,按前50人工复核标准补标；仅标题可见；未见足够证据支持风险标签；请复核,train,standard_prefilled,,,content_first_rule,rule:no_match
10.40,labels=normal;label_score=0;risk_level=low(10);risk_score=0.00;confidence=0.40,183,10242436972,示例高校论坛,示例高校,相关学院多少分能保研,相关学院多少分能保研,"标题：相关学院多少分能保研

正文：相关学院多少分能保研",https://tieba.baidu.com/p/10242436972,normal,low,,"model:stress:0.40,model:internalizing:0.34,model:self_harm_aux:0.31",0.4,,按前50人工复核标准补标；仅标题可见；未见足够证据支持风险标签；请复核,test,standard_prefilled,,,content_first_rule,rule:no_match
10.39,labels=normal;label_score=0;risk_level=low(10);risk_score=0.00;confidence=0.39,182,10595019806,示例高校论坛,示例高校,转专业……,转专业……,"标题：转专业……

正文：转专业……",https://tieba.baidu.com/p/10595019806,normal,low,,"model:internalizing:0.39,model:self_harm_aux:0.33",0.39,,按前50人工复核标准补标；仅标题可见；有明确文本线索；请复核,train,standard_prefilled,academic_stress,,content_first_cleared_previous,rule:no_match
10.40,labels=normal;label_score=0;risk_level=low(10);risk_score=0.00;confidence=0.40,181,10591680970,示例高校论坛,示例高校,相关学院大一分流,相关学院大一分流,"标题：相关学院大一分流

正文：相关学院大一分流",https://tieba.baidu.com/p/10591680970,normal,low,,"model:stress_aux:0.36,model:stress:0.35,model:internalizing:0.40",0.4,,按前50人工复核标准补标；仅标题可见；未见足够证据支持风险标签；请复核,test,standard_prefilled,,,content_first_rule,rule:no_match
10.39,labels=normal;label_score=0;risk_level=low(10);risk_score=0.00;confidence=0.39,180,10579820995,示例高校论坛,示例高校,🐴房山双子星⭐,🐴房山双子星⭐,"标题：🐴房山双子星⭐

正文：🐴房山双子星⭐",https://tieba.baidu.com/p/10579820995,normal,low,,"model:hostility:0.39,model:internalizing:0.31",0.39,,按前50人工复核标准补标；仅标题可见；未见足够证据支持风险标签；请复核,train,standard_prefilled,,,content_first_rule,rule:no_match
10.38,labels=normal;label_score=0;risk_level=low(10);risk_score=0.00;confidence=0.38,179,10123400585,示例高校论坛,示例高校,示例高校PTCG社团纳新啦,示例高校PTCG社团纳新啦,"标题：示例高校PTCG社团纳新啦

正文：示例高校PTCG社团纳新啦",https://tieba.baidu.com/p/10123400585,normal,low,,"model:stress_aux:0.31,model:stress:0.38",0.38,,按前50人工复核标准补标；仅标题可见；未见足够证据支持风险标签；请复核,train,standard_prefilled,,,content_first_rule,rule:no_match
10.32,labels=normal;label_score=0;risk_level=low(10);risk_score=0.00;confidence=0.32,178,10541856130,示例高校论坛,示例高校,家人们，老理兵SOS,家人们，老理兵SOS,"标题：家人们，老理兵SOS

正文：家人们，老理兵SOS",https://tieba.baidu.com/p/10541856130,normal,low,,model:stress_aux:0.32,0.32,,按前50人工复核标准补标；仅标题可见；未见足够证据支持风险标签；请复核,train,standard_prefilled,,,content_first_rule,rule:no_match
10.57,labels=normal;label_score=0;risk_level=low(10);risk_score=0.00;confidence=0.57,177,10583907290,示例高校论坛,示例高校,本校🐟的鸭子,本校🐟的鸭子,"标题：本校🐟的鸭子

正文：本校🐟的鸭子",https://tieba.baidu.com/p/10583907290,normal,low,,"model:stress_aux:0.34,model:hostility:0.57,model:self_harm_aux:0.31",0.57,,按前50人工复核标准补标；仅标题可见；未见足够证据支持风险标签；请复核,train,standard_prefilled,,,content_first_rule,rule:no_match
86.56,labels=social_withdrawal;label_score=60;risk_level=low(10);risk_score=11.10;confidence=0.46,176,10589304452,示例高校论坛,示例高校,转专业求助,转专业求助,"标题：转专业求助

正文：转专业求助",https://tieba.baidu.com/p/10589304452,social_withdrawal,low,11.1,model:internalizing:0.46,0.46,,人工预标；仅标题可见；有明确文本线索；请复核语境,train,manual_prefilled,academic_stress,,content_first_cleared_previous,rule:content_info_only
10.37,labels=normal;label_score=0;risk_level=low(10);risk_score=0.00;confidence=0.37,175,10393023543,示例高校论坛,示例高校,来点老资历给我推荐一下,来点老资历给我推荐一下,"标题：来点老资历给我推荐一下

正文：来点老资历给我推荐一下",https://tieba.baidu.com/p/10393023543,normal,low,,"model:stress:0.37,model:internalizing:0.36",0.37,,按前50人工复核标准补标；仅标题可见；未见足够证据支持风险标签；请复核,train,standard_prefilled,,,content_first_rule,rule:no_match
10.41,labels=normal;label_score=0;risk_level=low(10);risk_score=0.00;confidence=0.41,174,10578207662,示例高校论坛,示例高校,示例高校的影响力真的绝了,示例高校的影响力真的绝了,"标题：示例高校的影响力真的绝了

正文：示例高校的影响力真的绝了",https://tieba.baidu.com/p/10578207662,normal,low,,"model:stress:0.41,model:internalizing:0.39",0.41,,按前50人工复核标准补标；仅标题可见；未见足够证据支持风险标签；请复核,train,standard_prefilled,,,content_first_rule,rule:no_match
88.96,labels=social_withdrawal;label_score=60;risk_level=low(10);risk_score=13.40;confidence=0.56,173,10599586319,示例高校论坛,示例高校,软著小白科普｜精简版，看完秒懂核心要点,软著小白科普｜精简版，看完秒懂核心要点,"标题：软著小白科普｜精简版，看完秒懂核心要点

正文：软著小白科普｜精简版，看完秒懂核心要点",https://tieba.baidu.com/p/10599586319,social_withdrawal,low,13.4,"model:stress_aux:0.32,model:hostility:0.44,model:internalizing:0.56",0.56,,人工预标；仅标题可见；未见足够证据支持风险标签；请复核,dev,manual_prefilled,,,content_first_rule,rule:content_info_only
,,synv8_000_self_harm_depression,synv8_0001,synthetic_v8,synthetic_v8,活着越来越没意思,最近一个月情绪一直往下掉，不想见人也不想说话。脑子里会冒出干脆别继续了的念头，现在真的不知道还能撑多久。,"标题：活着越来越没意思

正文：最近一个月情绪一直往下掉，不想见人也不想说话。脑子里会冒出干脆别继续了的念头，现在真的不知道还能撑多久。",,"self_harm,depression",high,,,,"self_harm,depression",synthetic_v8:self_harm_depression; 正文为主，标题为辅,train,synthetic_augmented,,,synthetic_v8,self_harm_depression
,,synv8_001_self_harm_depression,synv8_0002,synthetic_v8,synthetic_v8,最近总想结束算了,这几天每天都很崩，坐着发呆好久。会突然觉得消失掉是不是更轻松，这种状态已经反复好几次了。,"标题：最近总想结束算了

正文：这几天每天都很崩，坐着发呆好久。会突然觉得消失掉是不是更轻松，这种状态已经反复好几次了。",,"self_harm,depression",high,,,,"self_harm,depression",synthetic_v8:self_harm_depression; 正文为主，标题为辅,train,synthetic_augmented,,,synthetic_v8,self_harm_depression
,,synv8_002_self_harm_depression,synv8_0003,synthetic_v8,synthetic_v8,感觉自己快没了,这几天情绪一直往下掉，醒来就想哭。有时候会想要不就结束算了，但又不敢和身边人说。,"标题：感觉自己快没了

正文：这几天情绪一直往下掉，醒来就想哭。有时候会想要不就结束算了，但又不敢和身边人说。",,"self_harm,depression",high,,,,"self_harm,depression",synthetic_v8:self_harm_depression; 正文为主，标题为辅,train,synthetic_augmented,,,synthetic_v8,self_harm_depression
,,synv8_003_self_harm_depression,synv8_0004,synthetic_v8,synthetic_v8,最近总想结束算了,这阵子情绪一直往下掉，坐着发呆好久。脑子里会冒出干脆别继续了的念头，这种状态已经反复好几次了。,"标题：最近总想结束算了

正文：这阵子情绪一直往下掉，坐着发呆好久。脑子里会冒出干脆别继续了的念头，这种状态已经反复好几次了。",,"self_harm,depression",high,,,,"self_harm,depression",synthetic_v8:self_harm_depression; 正文为主，标题为辅,train,synthetic_augmented,,,synthetic_v8,self_harm_depression
,,synv8_004_self_harm_depression,synv8_0005,synthetic_v8,synthetic_v8,真的撑不住了,最近一个月每天都很崩，不想见人也不想说话。会突然觉得消失掉是不是更轻松，这种状态已经反复好几次了。,"标题：真的撑不住了

正文：最近一个月每天都很崩，不想见人也不想说话。会突然觉得消失掉是不是更轻松，这种状态已经反复好几次了。",,"self_harm,depression",high,,,,"self_harm,depression",synthetic_v8:self_harm_depression; 正文为主，标题为辅,train,synthetic_augmented,,,synthetic_v8,self_harm_depression
,,synv8_005_self_harm_depression,synv8_0006,synthetic_v8,synthetic_v8,一到晚上就不想活了,这阵子整个人都像空了，不想见人也不想说话。脑子里会冒出干脆别继续了的念头，这种状态已经反复好几次了。,"标题：一到晚上就不想活了

正文：这阵子整个人都像空了，不想见人也不想说话。脑子里会冒出干脆别继续了的念头，这种状态已经反复好几次了。",,"self_harm,depression",high,,,,"self_harm,depression",synthetic_v8:self_harm_depression; 正文为主，标题为辅,train,synthetic_augmented,,,synthetic_v8,self_harm_depression
,,synv8_006_self_harm_depression,synv8_0007,synthetic_v8,synthetic_v8,一到晚上就不想活了,这阵子每天都很崩，坐着发呆好久。脑子里会冒出干脆别继续了的念头，现在真的不知道还能撑多久。,"标题：一到晚上就不想活了

正文：这阵子每天都很崩，坐着发呆好久。脑子里会冒出干脆别继续了的念头，现在真的不知道还能撑多久。",,"self_harm,depression",high,,,,"self_harm,depression",synthetic_v8:self_harm_depression; 正文为主，标题为辅,train,synthetic_augmented,,,synthetic_v8,self_harm_depression
,,synv8_007_self_harm_depression,synv8_0008,synthetic_v8,synthetic_v8,真的撑不住了,最近一个月整个人都像空了，不想见人也不想说话。会突然觉得消失掉是不是更轻松，这种状态已经反复好几次了。,"标题：真的撑不住了

正文：最近一个月整个人都像空了，不想见人也不想说话。会突然觉得消失掉是不是更轻松，这种状态已经反复好几次了。",,"self_harm,depression",high,,,,"self_harm,depression",synthetic_v8:self_harm_depression; 正文为主，标题为辅,train,synthetic_augmented,,,synthetic_v8,self_harm_depression
,,synv8_008_self_harm_depression,synv8_0009,synthetic_v8,synthetic_v8,真的撑不住了,最近一个月每天都很崩，醒来就想哭。会突然觉得消失掉是不是更轻松，现在真的不知道还能撑多久。,"标题：真的撑不住了

正文：最近一个月每天都很崩，醒来就想哭。会突然觉得消失掉是不是更轻松，现在真的不知道还能撑多久。",,"self_harm,depression",high,,,,"self_harm,depression",synthetic_v8:self_harm_depression; 正文为主，标题为辅,train,synthetic_augmented,,,synthetic_v8,self_harm_depression
,,synv8_009_self_harm_depression,synv8_0010,synthetic_v8,synthetic_v8,感觉自己快没了,最近一个月情绪一直往下掉，坐着发呆好久。会突然觉得消失掉是不是更轻松，现在真的不知道还能撑多久。,"标题：感觉自己快没了

正文：最近一个月情绪一直往下掉，坐着发呆好久。会突然觉得消失掉是不是更轻松，现在真的不知道还能撑多久。",,"self_harm,depression",high,,,,"self_harm,depression",synthetic_v8:self_harm_depression; 正文为主，标题为辅,train,synthetic_augmented,,,synthetic_v8,self_harm_depression
,,synv8_010_self_harm_depression,synv8_0011,synthetic_v8,synthetic_v8,真的撑不住了,这阵子整个人都像空了，不想见人也不想说话。脑子里会冒出干脆别继续了的念头，这种状态已经反复好几次了。,"标题：真的撑不住了

正文：这阵子整个人都像空了，不想见人也不想说话。脑子里会冒出干脆别继续了的念头，这种状态已经反复好几次了。",,"self_harm,depression",high,,,,"self_harm,depression",synthetic_v8:self_harm_depression; 正文为主，标题为辅,train,synthetic_augmented,,,synthetic_v8,self_harm_depression
,,synv8_011_self_harm_depression,synv8_0012,synthetic_v8,synthetic_v8,最近总想结束算了,这阵子整个人都像空了，坐着发呆好久。有时候会想要不就结束算了，这种状态已经反复好几次了。,"标题：最近总想结束算了

正文：这阵子整个人都像空了，坐着发呆好久。有时候会想要不就结束算了，这种状态已经反复好几次了。",,"self_harm,depression",high,,,,"self_harm,depression",synthetic_v8:self_harm_depression; 正文为主，标题为辅,train,synthetic_augmented,,,synthetic_v8,self_harm_depression
,,synv8_012_self_harm_depression,synv8_0013,synthetic_v8,synthetic_v8,真的撑不住了,这阵子每天都很崩，不想见人也不想说话。脑子里会冒出干脆别继续了的念头，但又不敢和身边人说。,"标题：真的撑不住了

正文：这阵子每天都很崩，不想见人也不想说话。脑子里会冒出干脆别继续了的念头，但又不敢和身边人说。",,"self_harm,depression",high,,,,"self_harm,depression",synthetic_v8:self_harm_depression; 正文为主，标题为辅,train,synthetic_augmented,,,synthetic_v8,self_harm_depression
,,synv8_013_self_harm_depression,synv8_0014,synthetic_v8,synthetic_v8,活着越来越没意思,这阵子每天都很崩，坐着发呆好久。会突然觉得消失掉是不是更轻松，现在真的不知道还能撑多久。,"标题：活着越来越没意思

正文：这阵子每天都很崩，坐着发呆好久。会突然觉得消失掉是不是更轻松，现在真的不知道还能撑多久。",,"self_harm,depression",high,,,,"self_harm,depression",synthetic_v8:self_harm_depression; 正文为主，标题为辅,train,synthetic_augmented,,,synthetic_v8,self_harm_depression
,,synv8_014_self_harm_depression,synv8_0015,synthetic_v8,synthetic_v8,真的撑不住了,这阵子每天都很崩，醒来就想哭。会突然觉得消失掉是不是更轻松，这种状态已经反复好几次了。,"标题：真的撑不住了

正文：这阵子每天都很崩，醒来就想哭。会突然觉得消失掉是不是更轻松，这种状态已经反复好几次了。",,"self_harm,depression",high,,,,"self_harm,depression",synthetic_v8:self_harm_depression; 正文为主，标题为辅,train,synthetic_augmented,,,synthetic_v8,self_harm_depression
,,synv8_015_self_harm_depression,synv8_0016,synthetic_v8,synthetic_v8,真的撑不住了,最近一个月整个人都像空了，醒来就想哭。脑子里会冒出干脆别继续了的念头，现在真的不知道还能撑多久。,"标题：真的撑不住了

正文：最近一个月整个人都像空了，醒来就想哭。脑子里会冒出干脆别继续了的念头，现在真的不知道还能撑多久。",,"self_harm,depression",high,,,,"self_harm,depression",synthetic_v8:self_harm_depression; 正文为主，标题为辅,train,synthetic_augmented,,,synthetic_v8,self_harm_depression
,,synv8_016_self_harm_depression,synv8_0017,synthetic_v8,synthetic_v8,一到晚上就不想活了,最近一个月整个人都像空了，不想见人也不想说话。会突然觉得消失掉是不是更轻松，但又不敢和身边人说。,"标题：一到晚上就不想活了

正文：最近一个月整个人都像空了，不想见人也不想说话。会突然觉得消失掉是不是更轻松，但又不敢和身边人说。",,"self_harm,depression",high,,,,"self_harm,depression",synthetic_v8:self_harm_depression; 正文为主，标题为辅,train,synthetic_augmented,,,synthetic_v8,self_harm_depression
,,synv8_017_self_harm_depression,synv8_0018,synthetic_v8,synthetic_v8,真的撑不住了,这阵子整个人都像空了，不想见人也不想说话。会突然觉得消失掉是不是更轻松，现在真的不知道还能撑多久。,"标题：真的撑不住了

正文：这阵子整个人都像空了，不想见人也不想说话。会突然觉得消失掉是不是更轻松，现在真的不知道还能撑多久。",,"self_harm,depression",high,,,,"self_harm,depression",synthetic_v8:self_harm_depression; 正文为主，标题为辅,train,synthetic_augmented,,,synthetic_v8,self_harm_depression
,,synv8_018_self_harm_depression,synv8_0019,synthetic_v8,synthetic_v8,真的撑不住了,这阵子每天都很崩，醒来就想哭。有时候会想要不就结束算了，但又不敢和身边人说。,"标题：真的撑不住了

正文：这阵子每天都很崩，醒来就想哭。有时候会想要不就结束算了，但又不敢和身边人说。",,"self_harm,depression",high,,,,"self_harm,depression",synthetic_v8:self_harm_depression; 正文为主，标题为辅,train,synthetic_augmented,,,synthetic_v8,self_harm_depression
,,synv8_019_self_harm_depression,synv8_0020,synthetic_v8,synthetic_v8,感觉自己快没了,这阵子整个人都像空了，不想见人也不想说话。会突然觉得消失掉是不是更轻松，现在真的不知道还能撑多久。,"标题：感觉自己快没了

正文：这阵子整个人都像空了，不想见人也不想说话。会突然觉得消失掉是不是更轻松，现在真的不知道还能撑多久。",,"self_harm,depression",high,,,,"self_harm,depression",synthetic_v8:self_harm_depression; 正文为主，标题为辅,train,synthetic_augmented,,,synthetic_v8,self_harm_depression
,,synv8_020_self_harm_depression,synv8_0021,synthetic_v8,synthetic_v8,感觉自己快没了,最近一个月每天都很崩，坐着发呆好久。会突然觉得消失掉是不是更轻松，现在真的不知道还能撑多久。,"标题：感觉自己快没了

正文：最近一个月每天都很崩，坐着发呆好久。会突然觉得消失掉是不是更轻松，现在真的不知道还能撑多久。",,"self_harm,depression",high,,,,"self_harm,depression",synthetic_v8:self_harm_depression; 正文为主，标题为辅,train,synthetic_augmented,,,synthetic_v8,self_harm_depression
,,synv8_021_self_harm_depression,synv8_0022,synthetic_v8,synthetic_v8,最近总想结束算了,这阵子整个人都像空了，醒来就想哭。脑子里会冒出干脆别继续了的念头，但又不敢和身边人说。,"标题：最近总想结束算了

正文：这阵子整个人都像空了，醒来就想哭。脑子里会冒出干脆别继续了的念头，但又不敢和身边人说。",,"self_harm,depression",high,,,,"self_harm,depression",synthetic_v8:self_harm_depression; 正文为主，标题为辅,train,synthetic_augmented,,,synthetic_v8,self_harm_depression
,,synv8_022_self_harm_depression,synv8_0023,synthetic_v8,synthetic_v8,最近总想结束算了,这阵子整个人都像空了，坐着发呆好久。脑子里会冒出干脆别继续了的念头，但又不敢和身边人说。,"标题：最近总想结束算了

正文：这阵子整个人都像空了，坐着发呆好久。脑子里会冒出干脆别继续了的念头，但又不敢和身边人说。",,"self_harm,depression",high,,,,"self_harm,depression",synthetic_v8:self_harm_depression; 正文为主，标题为辅,train,synthetic_augmented,,,synthetic_v8,self_harm_depression
,,synv8_023_self_harm_depression,synv8_0024,synthetic_v8,synthetic_v8,感觉自己快没了,这阵子情绪一直往下掉，醒来就想哭。脑子里会冒出干脆别继续了的念头，这种状态已经反复好几次了。,"标题：感觉自己快没了

正文：这阵子情绪一直往下掉，醒来就想哭。脑子里会冒出干脆别继续了的念头，这种状态已经反复好几次了。",,"self_harm,depression",high,,,,"self_harm,depression",synthetic_v8:self_harm_depression; 正文为主，标题为辅,train,synthetic_augmented,,,synthetic_v8,self_harm_depression
,,synv8_024_self_harm_depression,synv8_0025,synthetic_v8,synthetic_v8,感觉自己快没了,这几天整个人都像空了，坐着发呆好久。会突然觉得消失掉是不是更轻松，这种状态已经反复好几次了。,"标题：感觉自己快没了

正文：这几天整个人都像空了，坐着发呆好久。会突然觉得消失掉是不是更轻松，这种状态已经反复好几次了。",,"self_harm,depression",high,,,,"self_harm,depression",synthetic_v8:self_harm_depression; 正文为主，标题为辅,train,synthetic_augmented,,,synthetic_v8,self_harm_depression
,,synv8_025_self_harm_depression,synv8_0026,synthetic_v8,synthetic_v8,最近总想结束算了,这阵子整个人都像空了，醒来就想哭。脑子里会冒出干脆别继续了的念头，现在真的不知道还能撑多久。,"标题：最近总想结束算了

正文：这阵子整个人都像空了，醒来就想哭。脑子里会冒出干脆别继续了的念头，现在真的不知道还能撑多久。",,"self_harm,depression",high,,,,"self_harm,depression",synthetic_v8:self_harm_depression; 正文为主，标题为辅,train,synthetic_augmented,,,synthetic_v8,self_harm_depression
,,synv8_026_self_harm_depression,synv8_0027,synthetic_v8,synthetic_v8,一到晚上就不想活了,这阵子情绪一直往下掉，坐着发呆好久。会突然觉得消失掉是不是更轻松，但又不敢和身边人说。,"标题：一到晚上就不想活了

正文：这阵子情绪一直往下掉，坐着发呆好久。会突然觉得消失掉是不是更轻松，但又不敢和身边人说。",,"self_harm,depression",high,,,,"self_harm,depression",synthetic_v8:self_harm_depression; 正文为主，标题为辅,train,synthetic_augmented,,,synthetic_v8,self_harm_depression
,,synv8_027_self_harm_depression,synv8_0028,synthetic_v8,synthetic_v8,感觉自己快没了,这几天每天都很崩，坐着发呆好久。脑子里会冒出干脆别继续了的念头，这种状态已经反复好几次了。,"标题：感觉自己快没了

正文：这几天每天都很崩，坐着发呆好久。脑子里会冒出干脆别继续了的念头，这种状态已经反复好几次了。",,"self_harm,depression",high,,,,"self_harm,depression",synthetic_v8:self_harm_depression; 正文为主，标题为辅,train,synthetic_augmented,,,synthetic_v8,self_harm_depression
,,synv8_028_self_harm_depression,synv8_0029,synthetic_v8,synthetic_v8,一到晚上就不想活了,这阵子每天都很崩，醒来就想哭。脑子里会冒出干脆别继续了的念头，现在真的不知道还能撑多久。,"标题：一到晚上就不想活了

正文：这阵子每天都很崩，醒来就想哭。脑子里会冒出干脆别继续了的念头，现在真的不知道还能撑多久。",,"self_harm,depression",high,,,,"self_harm,depression",synthetic_v8:self_harm_depression; 正文为主，标题为辅,train,synthetic_augmented,,,synthetic_v8,self_harm_depression
,,synv8_029_self_harm_depression,synv8_0030,synthetic_v8,synthetic_v8,活着越来越没意思,这几天每天都很崩，醒来就想哭。脑子里会冒出干脆别继续了的念头，这种状态已经反复好几次了。,"标题：活着越来越没意思

正文：这几天每天都很崩，醒来就想哭。脑子里会冒出干脆别继续了的念头，这种状态已经反复好几次了。",,"self_harm,depression",high,,,,"self_harm,depression",synthetic_v8:self_harm_depression; 正文为主，标题为辅,train,synthetic_augmented,,,synthetic_v8,self_harm_depression
,,synv8_030_self_harm_depression,synv8_0031,synthetic_v8,synthetic_v8,最近总想结束算了,最近一个月整个人都像空了，醒来就想哭。有时候会想要不就结束算了，但又不敢和身边人说。,"标题：最近总想结束算了

正文：最近一个月整个人都像空了，醒来就想哭。有时候会想要不就结束算了，但又不敢和身边人说。",,"self_harm,depression",high,,,,"self_harm,depression",synthetic_v8:self_harm_depression; 正文为主，标题为辅,train,synthetic_augmented,,,synthetic_v8,self_harm_depression
,,synv8_031_self_harm_depression,synv8_0032,synthetic_v8,synthetic_v8,真的撑不住了,这几天整个人都像空了，坐着发呆好久。脑子里会冒出干脆别继续了的念头，现在真的不知道还能撑多久。,"标题：真的撑不住了

正文：这几天整个人都像空了，坐着发呆好久。脑子里会冒出干脆别继续了的念头，现在真的不知道还能撑多久。",,"self_harm,depression",high,,,,"self_harm,depression",synthetic_v8:self_harm_depression; 正文为主，标题为辅,train,synthetic_augmented,,,synthetic_v8,self_harm_depression
,,synv8_032_self_harm_depression,synv8_0033,synthetic_v8,synthetic_v8,最近总想结束算了,最近一个月整个人都像空了，不想见人也不想说话。会突然觉得消失掉是不是更轻松，现在真的不知道还能撑多久。,"标题：最近总想结束算了

正文：最近一个月整个人都像空了，不想见人也不想说话。会突然觉得消失掉是不是更轻松，现在真的不知道还能撑多久。",,"self_harm,depression",high,,,,"self_harm,depression",synthetic_v8:self_harm_depression; 正文为主，标题为辅,train,synthetic_augmented,,,synthetic_v8,self_harm_depression
,,synv8_033_self_harm_depression,synv8_0034,synthetic_v8,synthetic_v8,活着越来越没意思,最近一个月情绪一直往下掉，醒来就想哭。有时候会想要不就结束算了，但又不敢和身边人说。,"标题：活着越来越没意思

正文：最近一个月情绪一直往下掉，醒来就想哭。有时候会想要不就结束算了，但又不敢和身边人说。",,"self_harm,depression",high,,,,"self_harm,depression",synthetic_v8:self_harm_depression; 正文为主，标题为辅,train,synthetic_augmented,,,synthetic_v8,self_harm_depression
,,synv8_034_self_harm_depression,synv8_0035,synthetic_v8,synthetic_v8,活着越来越没意思,最近一个月整个人都像空了，坐着发呆好久。会突然觉得消失掉是不是更轻松，这种状态已经反复好几次了。,"标题：活着越来越没意思

正文：最近一个月整个人都像空了，坐着发呆好久。会突然觉得消失掉是不是更轻松，这种状态已经反复好几次了。",,"self_harm,depression",high,,,,"self_harm,depression",synthetic_v8:self_harm_depression; 正文为主，标题为辅,train,synthetic_augmented,,,synthetic_v8,self_harm_depression
,,synv8_000_self_harm_anxiety,synv8_0036,synthetic_v8,synthetic_v8,心慌到不想活了,这段时间一紧张就会发抖，看到消息提醒也会被吓一跳。脑子里会闪过很极端的想法，真的被自己吓到了。,"标题：心慌到不想活了

正文：这段时间一紧张就会发抖，看到消息提醒也会被吓一跳。脑子里会闪过很极端的想法，真的被自己吓到了。",,"self_harm,anxiety",high,,,,"self_harm,anxiety",synthetic_v8:self_harm_anxiety; 正文为主，标题为辅,train,synthetic_augmented,,,synthetic_v8,self_harm_anxiety
,,synv8_001_self_harm_anxiety,synv8_0037,synthetic_v8,synthetic_v8,最近总被念头吓到,这段时间总是突然胸口发紧，一个人待着的时候更严重。脑子里会闪过很极端的想法，我自己也怕这种状态。,"标题：最近总被念头吓到

正文：这段时间总是突然胸口发紧，一个人待着的时候更严重。脑子里会闪过很极端的想法，我自己也怕这种状态。",,"self_harm,anxiety",high,,,,"self_harm,anxiety",synthetic_v8:self_harm_anxiety; 正文为主，标题为辅,train,synthetic_augmented,,,synthetic_v8,self_harm_anxiety
,,synv8_002_self_harm_anxiety,synv8_0038,synthetic_v8,synthetic_v8,一焦虑就想伤害自己,这学期一紧张就会发抖，一个人待着的时候更严重。有时会想要不要直接结束掉，真的被自己吓到了。,"标题：一焦虑就想伤害自己

正文：这学期一紧张就会发抖，一个人待着的时候更严重。有时会想要不要直接结束掉，真的被自己吓到了。",,"self_harm,anxiety",high,,,,"self_harm,anxiety",synthetic_v8:self_harm_anxiety; 正文为主，标题为辅,train,synthetic_augmented,,,synthetic_v8,self_harm_anxiety
,,synv8_003_self_harm_anxiety,synv8_0039,synthetic_v8,synthetic_v8,喘不过气的时候会想极端,这段时间心慌特别频繁，看到消息提醒也会被吓一跳。有时会想要不要直接结束掉，真的被自己吓到了。,"标题：喘不过气的时候会想极端

正文：这段时间心慌特别频繁，看到消息提醒也会被吓一跳。有时会想要不要直接结束掉，真的被自己吓到了。",,"self_harm,anxiety",high,,,,"self_harm,anxiety",synthetic_v8:self_harm_anxiety; 正文为主，标题为辅,train,synthetic_augmented,,,synthetic_v8,self_harm_anxiety
,,synv8_004_self_harm_anxiety,synv8_0040,synthetic_v8,synthetic_v8,最近总被念头吓到,最近总是突然胸口发紧，一个人待着的时候更严重。有时会想要不要直接结束掉，现在不太敢一个人待太久。,"标题：最近总被念头吓到

正文：最近总是突然胸口发紧，一个人待着的时候更严重。有时会想要不要直接结束掉，现在不太敢一个人待太久。",,"self_harm,anxiety",high,,,,"self_harm,anxiety",synthetic_v8:self_harm_anxiety; 正文为主，标题为辅,train,synthetic_augmented,,,synthetic_v8,self_harm_anxiety
,,synv8_005_self_harm_anxiety,synv8_0041,synthetic_v8,synthetic_v8,一焦虑就想伤害自己,这学期一紧张就会发抖，一个人待着的时候更严重。脑子里会闪过很极端的想法，现在不太敢一个人待太久。,"标题：一焦虑就想伤害自己

正文：这学期一紧张就会发抖，一个人待着的时候更严重。脑子里会闪过很极端的想法，现在不太敢一个人待太久。",,"self_harm,anxiety",high,,,,"self_harm,anxiety",synthetic_v8:self_harm_anxiety; 正文为主，标题为辅,train,synthetic_augmented,,,synthetic_v8,self_harm_anxiety
,,synv8_006_self_harm_anxiety,synv8_0042,synthetic_v8,synthetic_v8,一焦虑就想伤害自己,这段时间总是突然胸口发紧，尤其晚上最明显。有时会想要不要直接结束掉，真的被自己吓到了。,"标题：一焦虑就想伤害自己

正文：这段时间总是突然胸口发紧，尤其晚上最明显。有时会想要不要直接结束掉，真的被自己吓到了。",,"self_harm,anxiety",high,,,,"self_harm,anxiety",synthetic_v8:self_harm_anxiety; 正文为主，标题为辅,train,synthetic_augmented,,,synthetic_v8,self_harm_anxiety
,,synv8_007_self_harm_anxiety,synv8_0043,synthetic_v8,synthetic_v8,喘不过气的时候会想极端,这段时间一紧张就会发抖，一个人待着的时候更严重。脑子里会闪过很极端的想法，真的被自己吓到了。,"标题：喘不过气的时候会想极端

正文：这段时间一紧张就会发抖，一个人待着的时候更严重。脑子里会闪过很极端的想法，真的被自己吓到了。",,"self_harm,anxiety",high,,,,"self_harm,anxiety",synthetic_v8:self_harm_anxiety; 正文为主，标题为辅,train,synthetic_augmented,,,synthetic_v8,self_harm_anxiety
,,synv8_008_self_harm_anxiety,synv8_0044,synthetic_v8,synthetic_v8,一焦虑就想伤害自己,最近总是突然胸口发紧，一个人待着的时候更严重。难受的时候会冒出伤害自己的念头，我自己也怕这种状态。,"标题：一焦虑就想伤害自己

正文：最近总是突然胸口发紧，一个人待着的时候更严重。难受的时候会冒出伤害自己的念头，我自己也怕这种状态。",,"self_harm,anxiety",high,,,,"self_harm,anxiety",synthetic_v8:self_harm_anxiety; 正文为主，标题为辅,train,synthetic_augmented,,,synthetic_v8,self_harm_anxiety
,,synv8_009_self_harm_anxiety,synv8_0045,synthetic_v8,synthetic_v8,喘不过气的时候会想极端,最近一紧张就会发抖，一个人待着的时候更严重。有时会想要不要直接结束掉，现在不太敢一个人待太久。,"标题：喘不过气的时候会想极端

正文：最近一紧张就会发抖，一个人待着的时候更严重。有时会想要不要直接结束掉，现在不太敢一个人待太久。",,"self_harm,anxiety",high,,,,"self_harm,anxiety",synthetic_v8:self_harm_anxiety; 正文为主，标题为辅,train,synthetic_augmented,,,synthetic_v8,self_harm_anxiety
,,synv8_010_self_harm_anxiety,synv8_0046,synthetic_v8,synthetic_v8,心慌到不想活了,这段时间总是突然胸口发紧，一个人待着的时候更严重。难受的时候会冒出伤害自己的念头，真的被自己吓到了。,"标题：心慌到不想活了

正文：这段时间总是突然胸口发紧，一个人待着的时候更严重。难受的时候会冒出伤害自己的念头，真的被自己吓到了。",,"self_harm,anxiety",high,,,,"self_harm,anxiety",synthetic_v8:self_harm_anxiety; 正文为主，标题为辅,train,synthetic_augmented,,,synthetic_v8,self_harm_anxiety
,,synv8_011_self_harm_anxiety,synv8_0047,synthetic_v8,synthetic_v8,心慌到不想活了,最近总是突然胸口发紧，看到消息提醒也会被吓一跳。脑子里会闪过很极端的想法，现在不太敢一个人待太久。,"标题：心慌到不想活了

正文：最近总是突然胸口发紧，看到消息提醒也会被吓一跳。脑子里会闪过很极端的想法，现在不太敢一个人待太久。",,"self_harm,anxiety",high,,,,"self_harm,anxiety",synthetic_v8:self_harm_anxiety; 正文为主，标题为辅,train,synthetic_augmented,,,synthetic_v8,self_harm_anxiety
,,synv8_012_self_harm_anxiety,synv8_0048,synthetic_v8,synthetic_v8,一焦虑就想伤害自己,最近一紧张就会发抖，看到消息提醒也会被吓一跳。脑子里会闪过很极端的想法，现在不太敢一个人待太久。,"标题：一焦虑就想伤害自己

正文：最近一紧张就会发抖，看到消息提醒也会被吓一跳。脑子里会闪过很极端的想法，现在不太敢一个人待太久。",,"self_harm,anxiety",high,,,,"self_harm,anxiety",synthetic_v8:self_harm_anxiety; 正文为主，标题为辅,train,synthetic_augmented,,,synthetic_v8,self_harm_anxiety
,,synv8_013_self_harm_anxiety,synv8_0049,synthetic_v8,synthetic_v8,一焦虑就想伤害自己,这段时间一紧张就会发抖，尤其晚上最明显。有时会想要不要直接结束掉，现在不太敢一个人待太久。,"标题：一焦虑就想伤害自己

正文：这段时间一紧张就会发抖，尤其晚上最明显。有时会想要不要直接结束掉，现在不太敢一个人待太久。",,"self_harm,anxiety",high,,,,"self_harm,anxiety",synthetic_v8:self_harm_anxiety; 正文为主，标题为辅,train,synthetic_augmented,,,synthetic_v8,self_harm_anxiety
,,synv8_014_self_harm_anxiety,synv8_0050,synthetic_v8,synthetic_v8,喘不过气的时候会想极端,这段时间总是突然胸口发紧，尤其晚上最明显。有时会想要不要直接结束掉，现在不太敢一个人待太久。,"标题：喘不过气的时候会想极端

正文：这段时间总是突然胸口发紧，尤其晚上最明显。有时会想要不要直接结束掉，现在不太敢一个人待太久。",,"self_harm,anxiety",high,,,,"self_harm,anxiety",synthetic_v8:self_harm_anxiety; 正文为主，标题为辅,train,synthetic_augmented,,,synthetic_v8,self_harm_anxiety
,,synv8_015_self_harm_anxiety,synv8_0051,synthetic_v8,synthetic_v8,一焦虑就想伤害自己,这段时间心慌特别频繁，看到消息提醒也会被吓一跳。脑子里会闪过很极端的想法，我自己也怕这种状态。,"标题：一焦虑就想伤害自己

正文：这段时间心慌特别频繁，看到消息提醒也会被吓一跳。脑子里会闪过很极端的想法，我自己也怕这种状态。",,"self_harm,anxiety",high,,,,"self_harm,anxiety",synthetic_v8:self_harm_anxiety; 正文为主，标题为辅,train,synthetic_augmented,,,synthetic_v8,self_harm_anxiety
,,synv8_016_self_harm_anxiety,synv8_0052,synthetic_v8,synthetic_v8,一焦虑就想伤害自己,这学期一紧张就会发抖，一个人待着的时候更严重。难受的时候会冒出伤害自己的念头，我自己也怕这种状态。,"标题：一焦虑就想伤害自己

正文：这学期一紧张就会发抖，一个人待着的时候更严重。难受的时候会冒出伤害自己的念头，我自己也怕这种状态。",,"self_harm,anxiety",high,,,,"self_harm,anxiety",synthetic_v8:self_harm_anxiety; 正文为主，标题为辅,train,synthetic_augmented,,,synthetic_v8,self_harm_anxiety
,,synv8_017_self_harm_anxiety,synv8_0053,synthetic_v8,synthetic_v8,一焦虑就想伤害自己,这学期总是突然胸口发紧，一个人待着的时候更严重。有时会想要不要直接结束掉，我自己也怕这种状态。,"标题：一焦虑就想伤害自己

正文：这学期总是突然胸口发紧，一个人待着的时候更严重。有时会想要不要直接结束掉，我自己也怕这种状态。",,"self_harm,anxiety",high,,,,"self_harm,anxiety",synthetic_v8:self_harm_anxiety; 正文为主，标题为辅,train,synthetic_augmented,,,synthetic_v8,self_harm_anxiety
,,synv8_018_self_harm_anxiety,synv8_0054,synthetic_v8,synthetic_v8,一焦虑就想伤害自己,最近总是突然胸口发紧，一个人待着的时候更严重。有时会想要不要直接结束掉，我自己也怕这种状态。,"标题：一焦虑就想伤害自己

正文：最近总是突然胸口发紧，一个人待着的时候更严重。有时会想要不要直接结束掉，我自己也怕这种状态。",,"self_harm,anxiety",high,,,,"self_harm,anxiety",synthetic_v8:self_harm_anxiety; 正文为主，标题为辅,train,synthetic_augmented,,,synthetic_v8,self_harm_anxiety
,,synv8_019_self_harm_anxiety,synv8_0055,synthetic_v8,synthetic_v8,心慌到不想活了,最近心慌特别频繁，尤其晚上最明显。有时会想要不要直接结束掉，现在不太敢一个人待太久。,"标题：心慌到不想活了

正文：最近心慌特别频繁，尤其晚上最明显。有时会想要不要直接结束掉，现在不太敢一个人待太久。",,"self_harm,anxiety",high,,,,"self_harm,anxiety",synthetic_v8:self_harm_anxiety; 正文为主，标题为辅,train,synthetic_augmented,,,synthetic_v8,self_harm_anxiety
,,synv8_000_violence_abuse,synv8_0056,synthetic_v8,synthetic_v8,一直被打被骂怎么办,今天又因为一点小事被打，现在手臂还是疼的。家里人还让我忍一忍，我不知道这算不算暴力。,"标题：一直被打被骂怎么办

正文：今天又因为一点小事被打，现在手臂还是疼的。家里人还让我忍一忍，我不知道这算不算暴力。",,"violence,abuse",high,,,,"violence,abuse",synthetic_v8:violence_abuse; 正文为主，标题为辅,train,synthetic_augmented,,,synthetic_v8,violence_abuse
,,synv8_001_violence_abuse,synv8_0057,synthetic_v8,synthetic_v8,家里那个人又动手了,这周又被扇耳光，我到现在都在发抖。对方还不让我跟别人讲，我现在特别怕回家。,"标题：家里那个人又动手了

正文：这周又被扇耳光，我到现在都在发抖。对方还不让我跟别人讲，我现在特别怕回家。",,"violence,abuse",high,,,,"violence,abuse",synthetic_v8:violence_abuse; 正文为主，标题为辅,train,synthetic_augmented,,,synthetic_v8,violence_abuse
,,synv8_002_violence_abuse,synv8_0058,synthetic_v8,synthetic_v8,又被打了一顿,昨晚又被扇耳光，我到现在都在发抖。他每次都说是为我好，我不知道这算不算暴力。,"标题：又被打了一顿

正文：昨晚又被扇耳光，我到现在都在发抖。他每次都说是为我好，我不知道这算不算暴力。",,"violence,abuse",high,,,,"violence,abuse",synthetic_v8:violence_abuse; 正文为主，标题为辅,train,synthetic_augmented,,,synthetic_v8,violence_abuse
,,synv8_003_violence_abuse,synv8_0059,synthetic_v8,synthetic_v8,一直被打被骂怎么办,今天又被扇耳光，身上还有印子。对方还不让我跟别人讲，我不知道这算不算暴力。,"标题：一直被打被骂怎么办

正文：今天又被扇耳光，身上还有印子。对方还不让我跟别人讲，我不知道这算不算暴力。",,"violence,abuse",high,,,,"violence,abuse",synthetic_v8:violence_abuse; 正文为主，标题为辅,train,synthetic_augmented,,,synthetic_v8,violence_abuse
,,synv8_004_violence_abuse,synv8_0060,synthetic_v8,synthetic_v8,被欺负到不敢回去,昨晚又被推搡还被骂废物，身上还有印子。他每次都说是为我好，我不知道这算不算暴力。,"标题：被欺负到不敢回去

正文：昨晚又被推搡还被骂废物，身上还有印子。他每次都说是为我好，我不知道这算不算暴力。",,"violence,abuse",high,,,,"violence,abuse",synthetic_v8:violence_abuse; 正文为主，标题为辅,train,synthetic_augmented,,,synthetic_v8,violence_abuse
,,synv8_005_violence_abuse,synv8_0061,synthetic_v8,synthetic_v8,被欺负到不敢回去,这周又因为一点小事被打，我到现在都在发抖。家里人还让我忍一忍，我现在特别怕回家。,"标题：被欺负到不敢回去

正文：这周又因为一点小事被打，我到现在都在发抖。家里人还让我忍一忍，我现在特别怕回家。",,"violence,abuse",high,,,,"violence,abuse",synthetic_v8:violence_abuse; 正文为主，标题为辅,train,synthetic_augmented,,,synthetic_v8,violence_abuse
,,synv8_006_violence_abuse,synv8_0062,synthetic_v8,synthetic_v8,一直被打被骂怎么办,今天又因为一点小事被打，我到现在都在发抖。家里人还让我忍一忍，我现在特别怕回家。,"标题：一直被打被骂怎么办

正文：今天又因为一点小事被打，我到现在都在发抖。家里人还让我忍一忍，我现在特别怕回家。",,"violence,abuse",high,,,,"violence,abuse",synthetic_v8:violence_abuse; 正文为主，标题为辅,train,synthetic_augmented,,,synthetic_v8,violence_abuse
,,synv8_007_violence_abuse,synv8_0063,synthetic_v8,synthetic_v8,一直被打被骂怎么办,这周又因为一点小事被打，身上还有印子。他每次都说是为我好，真的觉得自己一直在被控制。,"标题：一直被打被骂怎么办

正文：这周又因为一点小事被打，身上还有印子。他每次都说是为我好，真的觉得自己一直在被控制。",,"violence,abuse",high,,,,"violence,abuse",synthetic_v8:violence_abuse; 正文为主，标题为辅,train,synthetic_augmented,,,synthetic_v8,violence_abuse
,,synv8_008_violence_abuse,synv8_0064,synthetic_v8,synthetic_v8,又被打了一顿,这周又被扇耳光，身上还有印子。家里人还让我忍一忍，真的觉得自己一直在被控制。,"标题：又被打了一顿

正文：这周又被扇耳光，身上还有印子。家里人还让我忍一忍，真的觉得自己一直在被控制。",,"violence,abuse",high,,,,"violence,abuse",synthetic_v8:violence_abuse; 正文为主，标题为辅,train,synthetic_augmented,,,synthetic_v8,violence_abuse
,,synv8_009_violence_abuse,synv8_0065,synthetic_v8,synthetic_v8,家里那个人又动手了,今天又被推搡还被骂废物，现在手臂还是疼的。家里人还让我忍一忍，我不知道这算不算暴力。,"标题：家里那个人又动手了

正文：今天又被推搡还被骂废物，现在手臂还是疼的。家里人还让我忍一忍，我不知道这算不算暴力。",,"violence,abuse",high,,,,"violence,abuse",synthetic_v8:violence_abuse; 正文为主，标题为辅,train,synthetic_augmented,,,synthetic_v8,violence_abuse
,,synv8_010_violence_abuse,synv8_0066,synthetic_v8,synthetic_v8,被欺负到不敢回去,昨晚又被推搡还被骂废物，现在手臂还是疼的。对方还不让我跟别人讲，我现在特别怕回家。,"标题：被欺负到不敢回去

正文：昨晚又被推搡还被骂废物，现在手臂还是疼的。对方还不让我跟别人讲，我现在特别怕回家。",,"violence,abuse",high,,,,"violence,abuse",synthetic_v8:violence_abuse; 正文为主，标题为辅,train,synthetic_augmented,,,synthetic_v8,violence_abuse
,,synv8_011_violence_abuse,synv8_0067,synthetic_v8,synthetic_v8,被欺负到不敢回去,昨晚又被扇耳光，我到现在都在发抖。家里人还让我忍一忍，我不知道这算不算暴力。,"标题：被欺负到不敢回去

正文：昨晚又被扇耳光，我到现在都在发抖。家里人还让我忍一忍，我不知道这算不算暴力。",,"violence,abuse",high,,,,"violence,abuse",synthetic_v8:violence_abuse; 正文为主，标题为辅,train,synthetic_augmented,,,synthetic_v8,violence_abuse
,,synv8_012_violence_abuse,synv8_0068,synthetic_v8,synthetic_v8,被欺负到不敢回去,昨晚又被扇耳光，身上还有印子。家里人还让我忍一忍，真的觉得自己一直在被控制。,"标题：被欺负到不敢回去

正文：昨晚又被扇耳光，身上还有印子。家里人还让我忍一忍，真的觉得自己一直在被控制。",,"violence,abuse",high,,,,"violence,abuse",synthetic_v8:violence_abuse; 正文为主，标题为辅,train,synthetic_augmented,,,synthetic_v8,violence_abuse
,,synv8_013_violence_abuse,synv8_0069,synthetic_v8,synthetic_v8,一直被打被骂怎么办,今天又因为一点小事被打，身上还有印子。对方还不让我跟别人讲，真的觉得自己一直在被控制。,"标题：一直被打被骂怎么办

正文：今天又因为一点小事被打，身上还有印子。对方还不让我跟别人讲，真的觉得自己一直在被控制。",,"violence,abuse",high,,,,"violence,abuse",synthetic_v8:violence_abuse; 正文为主，标题为辅,train,synthetic_augmented,,,synthetic_v8,violence_abuse
,,synv8_014_violence_abuse,synv8_0070,synthetic_v8,synthetic_v8,又被打了一顿,昨晚又被推搡还被骂废物，我到现在都在发抖。他每次都说是为我好，真的觉得自己一直在被控制。,"标题：又被打了一顿

正文：昨晚又被推搡还被骂废物，我到现在都在发抖。他每次都说是为我好，真的觉得自己一直在被控制。",,"violence,abuse",high,,,,"violence,abuse",synthetic_v8:violence_abuse; 正文为主，标题为辅,train,synthetic_augmented,,,synthetic_v8,violence_abuse
,,synv8_015_violence_abuse,synv8_0071,synthetic_v8,synthetic_v8,被欺负到不敢回去,今天又被推搡还被骂废物，身上还有印子。对方还不让我跟别人讲，我现在特别怕回家。,"标题：被欺负到不敢回去

正文：今天又被推搡还被骂废物，身上还有印子。对方还不让我跟别人讲，我现在特别怕回家。",,"violence,abuse",high,,,,"violence,abuse",synthetic_v8:violence_abuse; 正文为主，标题为辅,train,synthetic_augmented,,,synthetic_v8,violence_abuse
,,synv8_016_violence_abuse,synv8_0072,synthetic_v8,synthetic_v8,又被打了一顿,这周又被推搡还被骂废物，我到现在都在发抖。他每次都说是为我好，真的觉得自己一直在被控制。,"标题：又被打了一顿

正文：这周又被推搡还被骂废物，我到现在都在发抖。他每次都说是为我好，真的觉得自己一直在被控制。",,"violence,abuse",high,,,,"violence,abuse",synthetic_v8:violence_abuse; 正文为主，标题为辅,train,synthetic_augmented,,,synthetic_v8,violence_abuse
,,synv8_017_violence_abuse,synv8_0073,synthetic_v8,synthetic_v8,一直被打被骂怎么办,这周又被扇耳光，我到现在都在发抖。他每次都说是为我好，我现在特别怕回家。,"标题：一直被打被骂怎么办

正文：这周又被扇耳光，我到现在都在发抖。他每次都说是为我好，我现在特别怕回家。",,"violence,abuse",high,,,,"violence,abuse",synthetic_v8:violence_abuse; 正文为主，标题为辅,train,synthetic_augmented,,,synthetic_v8,violence_abuse
,,synv8_018_violence_abuse,synv8_0074,synthetic_v8,synthetic_v8,一直被打被骂怎么办,这周又被扇耳光，现在手臂还是疼的。他每次都说是为我好，我现在特别怕回家。,"标题：一直被打被骂怎么办

正文：这周又被扇耳光，现在手臂还是疼的。他每次都说是为我好，我现在特别怕回家。",,"violence,abuse",high,,,,"violence,abuse",synthetic_v8:violence_abuse; 正文为主，标题为辅,train,synthetic_augmented,,,synthetic_v8,violence_abuse
,,synv8_019_violence_abuse,synv8_0075,synthetic_v8,synthetic_v8,家里那个人又动手了,今天又被推搡还被骂废物，现在手臂还是疼的。对方还不让我跟别人讲，真的觉得自己一直在被控制。,"标题：家里那个人又动手了

正文：今天又被推搡还被骂废物，现在手臂还是疼的。对方还不让我跟别人讲，真的觉得自己一直在被控制。",,"violence,abuse",high,,,,"violence,abuse",synthetic_v8:violence_abuse; 正文为主，标题为辅,train,synthetic_augmented,,,synthetic_v8,violence_abuse
,,synv8_020_violence_abuse,synv8_0076,synthetic_v8,synthetic_v8,这种算家暴吗,今天又被推搡还被骂废物，身上还有印子。对方还不让我跟别人讲，真的觉得自己一直在被控制。,"标题：这种算家暴吗

正文：今天又被推搡还被骂废物，身上还有印子。对方还不让我跟别人讲，真的觉得自己一直在被控制。",,"violence,abuse",high,,,,"violence,abuse",synthetic_v8:violence_abuse; 正文为主，标题为辅,train,synthetic_augmented,,,synthetic_v8,violence_abuse
,,synv8_021_violence_abuse,synv8_0077,synthetic_v8,synthetic_v8,又被打了一顿,昨晚又被扇耳光，我到现在都在发抖。他每次都说是为我好，我现在特别怕回家。,"标题：又被打了一顿

正文：昨晚又被扇耳光，我到现在都在发抖。他每次都说是为我好，我现在特别怕回家。",,"violence,abuse",high,,,,"violence,abuse",synthetic_v8:violence_abuse; 正文为主，标题为辅,train,synthetic_augmented,,,synthetic_v8,violence_abuse
,,synv8_022_violence_abuse,synv8_0078,synthetic_v8,synthetic_v8,被欺负到不敢回去,今天又被推搡还被骂废物，身上还有印子。家里人还让我忍一忍，我现在特别怕回家。,"标题：被欺负到不敢回去

正文：今天又被推搡还被骂废物，身上还有印子。家里人还让我忍一忍，我现在特别怕回家。",,"violence,abuse",high,,,,"violence,abuse",synthetic_v8:violence_abuse; 正文为主，标题为辅,train,synthetic_augmented,,,synthetic_v8,violence_abuse
,,synv8_023_violence_abuse,synv8_0079,synthetic_v8,synthetic_v8,又被打了一顿,这周又被推搡还被骂废物，身上还有印子。他每次都说是为我好，真的觉得自己一直在被控制。,"标题：又被打了一顿

正文：这周又被推搡还被骂废物，身上还有印子。他每次都说是为我好，真的觉得自己一直在被控制。",,"violence,abuse",high,,,,"violence,abuse",synthetic_v8:violence_abuse; 正文为主，标题为辅,train,synthetic_augmented,,,synthetic_v8,violence_abuse
,,synv8_024_violence_abuse,synv8_0080,synthetic_v8,synthetic_v8,这种算家暴吗,今天又被扇耳光，身上还有印子。家里人还让我忍一忍，我不知道这算不算暴力。,"标题：这种算家暴吗

正文：今天又被扇耳光，身上还有印子。家里人还让我忍一忍，我不知道这算不算暴力。",,"violence,abuse",high,,,,"violence,abuse",synthetic_v8:violence_abuse; 正文为主，标题为辅,train,synthetic_augmented,,,synthetic_v8,violence_abuse
,,synv8_025_violence_abuse,synv8_0081,synthetic_v8,synthetic_v8,这种算家暴吗,这周又被扇耳光，身上还有印子。家里人还让我忍一忍，我不知道这算不算暴力。,"标题：这种算家暴吗

正文：这周又被扇耳光，身上还有印子。家里人还让我忍一忍，我不知道这算不算暴力。",,"violence,abuse",high,,,,"violence,abuse",synthetic_v8:violence_abuse; 正文为主，标题为辅,train,synthetic_augmented,,,synthetic_v8,violence_abuse
,,synv8_026_violence_abuse,synv8_0082,synthetic_v8,synthetic_v8,被欺负到不敢回去,昨晚又被推搡还被骂废物，身上还有印子。家里人还让我忍一忍，我现在特别怕回家。,"标题：被欺负到不敢回去

正文：昨晚又被推搡还被骂废物，身上还有印子。家里人还让我忍一忍，我现在特别怕回家。",,"violence,abuse",high,,,,"violence,abuse",synthetic_v8:violence_abuse; 正文为主，标题为辅,train,synthetic_augmented,,,synthetic_v8,violence_abuse
,,synv8_027_violence_abuse,synv8_0083,synthetic_v8,synthetic_v8,这种算家暴吗,昨晚又因为一点小事被打，我到现在都在发抖。对方还不让我跟别人讲，我不知道这算不算暴力。,"标题：这种算家暴吗

正文：昨晚又因为一点小事被打，我到现在都在发抖。对方还不让我跟别人讲，我不知道这算不算暴力。",,"violence,abuse",high,,,,"violence,abuse",synthetic_v8:violence_abuse; 正文为主，标题为辅,train,synthetic_augmented,,,synthetic_v8,violence_abuse
,,synv8_028_violence_abuse,synv8_0084,synthetic_v8,synthetic_v8,被欺负到不敢回去,这周又因为一点小事被打，身上还有印子。他每次都说是为我好，真的觉得自己一直在被控制。,"标题：被欺负到不敢回去

正文：这周又因为一点小事被打，身上还有印子。他每次都说是为我好，真的觉得自己一直在被控制。",,"violence,abuse",high,,,,"violence,abuse",synthetic_v8:violence_abuse; 正文为主，标题为辅,train,synthetic_augmented,,,synthetic_v8,violence_abuse
,,synv8_029_violence_abuse,synv8_0085,synthetic_v8,synthetic_v8,这种算家暴吗,昨晚又因为一点小事被打，现在手臂还是疼的。家里人还让我忍一忍，我现在特别怕回家。,"标题：这种算家暴吗

正文：昨晚又因为一点小事被打，现在手臂还是疼的。家里人还让我忍一忍，我现在特别怕回家。",,"violence,abuse",high,,,,"violence,abuse",synthetic_v8:violence_abuse; 正文为主，标题为辅,train,synthetic_augmented,,,synthetic_v8,violence_abuse
,,synv8_030_violence_abuse,synv8_0086,synthetic_v8,synthetic_v8,又被打了一顿,这周又被扇耳光，身上还有印子。对方还不让我跟别人讲，我现在特别怕回家。,"标题：又被打了一顿

正文：这周又被扇耳光，身上还有印子。对方还不让我跟别人讲，我现在特别怕回家。",,"violence,abuse",high,,,,"violence,abuse",synthetic_v8:violence_abuse; 正文为主，标题为辅,train,synthetic_augmented,,,synthetic_v8,violence_abuse
,,synv8_031_violence_abuse,synv8_0087,synthetic_v8,synthetic_v8,又被打了一顿,昨晚又被推搡还被骂废物，我到现在都在发抖。对方还不让我跟别人讲，真的觉得自己一直在被控制。,"标题：又被打了一顿

正文：昨晚又被推搡还被骂废物，我到现在都在发抖。对方还不让我跟别人讲，真的觉得自己一直在被控制。",,"violence,abuse",high,,,,"violence,abuse",synthetic_v8:violence_abuse; 正文为主，标题为辅,train,synthetic_augmented,,,synthetic_v8,violence_abuse
,,synv8_032_violence_abuse,synv8_0088,synthetic_v8,synthetic_v8,家里那个人又动手了,今天又因为一点小事被打，现在手臂还是疼的。对方还不让我跟别人讲，我现在特别怕回家。,"标题：家里那个人又动手了

正文：今天又因为一点小事被打，现在手臂还是疼的。对方还不让我跟别人讲，我现在特别怕回家。",,"violence,abuse",high,,,,"violence,abuse",synthetic_v8:violence_abuse; 正文为主，标题为辅,train,synthetic_augmented,,,synthetic_v8,violence_abuse
,,synv8_033_violence_abuse,synv8_0089,synthetic_v8,synthetic_v8,一直被打被骂怎么办,昨晚又被推搡还被骂废物，身上还有印子。家里人还让我忍一忍，真的觉得自己一直在被控制。,"标题：一直被打被骂怎么办

正文：昨晚又被推搡还被骂废物，身上还有印子。家里人还让我忍一忍，真的觉得自己一直在被控制。",,"violence,abuse",high,,,,"violence,abuse",synthetic_v8:violence_abuse; 正文为主，标题为辅,train,synthetic_augmented,,,synthetic_v8,violence_abuse
,,synv8_034_violence_abuse,synv8_0090,synthetic_v8,synthetic_v8,家里那个人又动手了,昨晚又因为一点小事被打，我到现在都在发抖。对方还不让我跟别人讲，我不知道这算不算暴力。,"标题：家里那个人又动手了

正文：昨晚又因为一点小事被打，我到现在都在发抖。对方还不让我跟别人讲，我不知道这算不算暴力。",,"violence,abuse",high,,,,"violence,abuse",synthetic_v8:violence_abuse; 正文为主，标题为辅,train,synthetic_augmented,,,synthetic_v8,violence_abuse
,,synv8_000_violence_only,synv8_0091,synthetic_v8,synthetic_v8,总担心那个人会动手,上周差点被人动手，最后有人过来劝住了。现在想到这事就很警惕。,"标题：总担心那个人会动手

正文：上周差点被人动手，最后有人过来劝住了。现在想到这事就很警惕。",,violence,high,,,,violence,synthetic_v8:violence_only; 正文为主，标题为辅,train,synthetic_augmented,,,synthetic_v8,violence_only
,,synv8_001_violence_only,synv8_0092,synthetic_v8,synthetic_v8,怎么反制暴力的人,前两天和对方起冲突后被威胁，身边人把人拉开了。现在想到这事就很警惕。,"标题：怎么反制暴力的人

正文：前两天和对方起冲突后被威胁，身边人把人拉开了。现在想到这事就很警惕。",,violence,high,,,,violence,synthetic_v8:violence_only; 正文为主，标题为辅,train,synthetic_augmented,,,synthetic_v8,violence_only
,,synv8_002_violence_only,synv8_0093,synthetic_v8,synthetic_v8,遇到暴力倾向的人怎么办,前两天和对方起冲突后被威胁，虽然这次没真正打到我。我担心后面还会升级。,"标题：遇到暴力倾向的人怎么办

正文：前两天和对方起冲突后被威胁，虽然这次没真正打到我。我担心后面还会升级。",,violence,high,,,,violence,synthetic_v8:violence_only; 正文为主，标题为辅,train,synthetic_augmented,,,synthetic_v8,violence_only
,,synv8_003_violence_only,synv8_0094,synthetic_v8,synthetic_v8,被威胁以后一直睡不好,上周看见对方砸东西以后一直后怕，身边人把人拉开了。我担心后面还会升级。,"标题：被威胁以后一直睡不好

正文：上周看见对方砸东西以后一直后怕，身边人把人拉开了。我担心后面还会升级。",,violence,high,,,,violence,synthetic_v8:violence_only; 正文为主，标题为辅,train,synthetic_augmented,,,synthetic_v8,violence_only
,,synv8_004_violence_only,synv8_0095,synthetic_v8,synthetic_v8,遇到暴力倾向的人怎么办,上周和对方起冲突后被威胁，虽然这次没真正打到我。现在想到这事就很警惕。,"标题：遇到暴力倾向的人怎么办

正文：上周和对方起冲突后被威胁，虽然这次没真正打到我。现在想到这事就很警惕。",,violence,high,,,,violence,synthetic_v8:violence_only; 正文为主，标题为辅,train,synthetic_augmented,,,synthetic_v8,violence_only
,,synv8_005_violence_only,synv8_0096,synthetic_v8,synthetic_v8,被威胁以后一直睡不好,这几天和对方起冲突后被威胁，最后有人过来劝住了。我担心后面还会升级。,"标题：被威胁以后一直睡不好

正文：这几天和对方起冲突后被威胁，最后有人过来劝住了。我担心后面还会升级。",,violence,high,,,,violence,synthetic_v8:violence_only; 正文为主，标题为辅,train,synthetic_augmented,,,synthetic_v8,violence_only
,,synv8_006_violence_only,synv8_0097,synthetic_v8,synthetic_v8,怎么反制暴力的人,前两天差点被人动手，最后有人过来劝住了。但我一直觉得他还会再来。,"标题：怎么反制暴力的人

正文：前两天差点被人动手，最后有人过来劝住了。但我一直觉得他还会再来。",,violence,high,,,,violence,synthetic_v8:violence_only; 正文为主，标题为辅,train,synthetic_augmented,,,synthetic_v8,violence_only
,,synv8_007_violence_only,synv8_0098,synthetic_v8,synthetic_v8,遇到暴力倾向的人怎么办,这几天和对方起冲突后被威胁，虽然这次没真正打到我。我担心后面还会升级。,"标题：遇到暴力倾向的人怎么办

正文：这几天和对方起冲突后被威胁，虽然这次没真正打到我。我担心后面还会升级。",,violence,high,,,,violence,synthetic_v8:violence_only; 正文为主，标题为辅,train,synthetic_augmented,,,synthetic_v8,violence_only
,,synv8_008_violence_only,synv8_0099,synthetic_v8,synthetic_v8,怎么反制暴力的人,前两天差点被人动手，最后有人过来劝住了。现在想到这事就很警惕。,"标题：怎么反制暴力的人

正文：前两天差点被人动手，最后有人过来劝住了。现在想到这事就很警惕。",,violence,high,,,,violence,synthetic_v8:violence_only; 正文为主，标题为辅,train,synthetic_augmented,,,synthetic_v8,violence_only
,,synv8_009_violence_only,synv8_0100,synthetic_v8,synthetic_v8,被威胁以后一直睡不好,这几天和对方起冲突后被威胁，身边人把人拉开了。我担心后面还会升级。,"标题：被威胁以后一直睡不好

正文：这几天和对方起冲突后被威胁，身边人把人拉开了。我担心后面还会升级。",,violence,high,,,,violence,synthetic_v8:violence_only; 正文为主，标题为辅,train,synthetic_augmented,,,synthetic_v8,violence_only
,,synv8_010_violence_only,synv8_0101,synthetic_v8,synthetic_v8,怎么反制暴力的人,上周看见对方砸东西以后一直后怕，虽然这次没真正打到我。但我一直觉得他还会再来。,"标题：怎么反制暴力的人

正文：上周看见对方砸东西以后一直后怕，虽然这次没真正打到我。但我一直觉得他还会再来。",,violence,high,,,,violence,synthetic_v8:violence_only; 正文为主，标题为辅,train,synthetic_augmented,,,synthetic_v8,violence_only
,,synv8_011_violence_only,synv8_0102,synthetic_v8,synthetic_v8,总担心那个人会动手,前两天看见对方砸东西以后一直后怕，身边人把人拉开了。但我一直觉得他还会再来。,"标题：总担心那个人会动手

正文：前两天看见对方砸东西以后一直后怕，身边人把人拉开了。但我一直觉得他还会再来。",,violence,high,,,,violence,synthetic_v8:violence_only; 正文为主，标题为辅,train,synthetic_augmented,,,synthetic_v8,violence_only
,,synv8_012_violence_only,synv8_0103,synthetic_v8,synthetic_v8,被威胁以后一直睡不好,这几天和对方起冲突后被威胁，虽然这次没真正打到我。但我一直觉得他还会再来。,"标题：被威胁以后一直睡不好

正文：这几天和对方起冲突后被威胁，虽然这次没真正打到我。但我一直觉得他还会再来。",,violence,high,,,,violence,synthetic_v8:violence_only; 正文为主，标题为辅,train,synthetic_augmented,,,synthetic_v8,violence_only
,,synv8_013_violence_only,synv8_0104,synthetic_v8,synthetic_v8,被威胁以后一直睡不好,这几天和对方起冲突后被威胁，最后有人过来劝住了。现在想到这事就很警惕。,"标题：被威胁以后一直睡不好

正文：这几天和对方起冲突后被威胁，最后有人过来劝住了。现在想到这事就很警惕。",,violence,high,,,,violence,synthetic_v8:violence_only; 正文为主，标题为辅,train,synthetic_augmented,,,synthetic_v8,violence_only
,,synv8_014_violence_only,synv8_0105,synthetic_v8,synthetic_v8,遇到暴力倾向的人怎么办,上周差点被人动手，虽然这次没真正打到我。但我一直觉得他还会再来。,"标题：遇到暴力倾向的人怎么办

正文：上周差点被人动手，虽然这次没真正打到我。但我一直觉得他还会再来。",,violence,high,,,,violence,synthetic_v8:violence_only; 正文为主，标题为辅,train,synthetic_augmented,,,synthetic_v8,violence_only
,,synv8_015_violence_only,synv8_0106,synthetic_v8,synthetic_v8,被威胁以后一直睡不好,这几天和对方起冲突后被威胁，虽然这次没真正打到我。我担心后面还会升级。,"标题：被威胁以后一直睡不好

正文：这几天和对方起冲突后被威胁，虽然这次没真正打到我。我担心后面还会升级。",,violence,high,,,,violence,synthetic_v8:violence_only; 正文为主，标题为辅,train,synthetic_augmented,,,synthetic_v8,violence_only
,,synv8_016_violence_only,synv8_0107,synthetic_v8,synthetic_v8,怎么反制暴力的人,上周差点被人动手，身边人把人拉开了。但我一直觉得他还会再来。,"标题：怎么反制暴力的人

正文：上周差点被人动手，身边人把人拉开了。但我一直觉得他还会再来。",,violence,high,,,,violence,synthetic_v8:violence_only; 正文为主，标题为辅,train,synthetic_augmented,,,synthetic_v8,violence_only
,,synv8_017_violence_only,synv8_0108,synthetic_v8,synthetic_v8,总担心那个人会动手,前两天看见对方砸东西以后一直后怕，虽然这次没真正打到我。但我一直觉得他还会再来。,"标题：总担心那个人会动手

正文：前两天看见对方砸东西以后一直后怕，虽然这次没真正打到我。但我一直觉得他还会再来。",,violence,high,,,,violence,synthetic_v8:violence_only; 正文为主，标题为辅,train,synthetic_augmented,,,synthetic_v8,violence_only
,,synv8_018_violence_only,synv8_0109,synthetic_v8,synthetic_v8,总担心那个人会动手,前两天差点被人动手，虽然这次没真正打到我。但我一直觉得他还会再来。,"标题：总担心那个人会动手

正文：前两天差点被人动手，虽然这次没真正打到我。但我一直觉得他还会再来。",,violence,high,,,,violence,synthetic_v8:violence_only; 正文为主，标题为辅,train,synthetic_augmented,,,synthetic_v8,violence_only
,,synv8_019_violence_only,synv8_0110,synthetic_v8,synthetic_v8,遇到暴力倾向的人怎么办,上周和对方起冲突后被威胁，最后有人过来劝住了。我担心后面还会升级。,"标题：遇到暴力倾向的人怎么办

正文：上周和对方起冲突后被威胁，最后有人过来劝住了。我担心后面还会升级。",,violence,high,,,,violence,synthetic_v8:violence_only; 正文为主，标题为辅,train,synthetic_augmented,,,synthetic_v8,violence_only
,,synv8_000_abuse_depression,synv8_0111,synthetic_v8,synthetic_v8,被霸凌之后越来越不想活,从初中到现在一直被人拿我开玩笑，现在一想到那些人就想哭。整个人都提不起劲。,"标题：被霸凌之后越来越不想活

正文：从初中到现在一直被人拿我开玩笑，现在一想到那些人就想哭。整个人都提不起劲。",,"abuse,depression",medium,,,,"abuse,depression",synthetic_v8:abuse_depression; 正文为主，标题为辅,train,synthetic_augmented,,,synthetic_v8,abuse_depression
,,synv8_001_abuse_depression,synv8_0112,synthetic_v8,synthetic_v8,被霸凌之后越来越不想活,从初中到现在被人故意孤立还嘲笑，慢慢就不想说话了。每天都很压抑。,"标题：被霸凌之后越来越不想活

正文：从初中到现在被人故意孤立还嘲笑，慢慢就不想说话了。每天都很压抑。",,"abuse,depression",medium,,,,"abuse,depression",synthetic_v8:abuse_depression; 正文为主，标题为辅,train,synthetic_augmented,,,synthetic_v8,abuse_depression
,,synv8_002_abuse_depression,synv8_0113,synthetic_v8,synthetic_v8,被霸凌之后越来越不想活,从初中到现在总被点名羞辱和阴阳，现在一想到那些人就想哭。整个人都提不起劲。,"标题：被霸凌之后越来越不想活

正文：从初中到现在总被点名羞辱和阴阳，现在一想到那些人就想哭。整个人都提不起劲。",,"abuse,depression",medium,,,,"abuse,depression",synthetic_v8:abuse_depression; 正文为主，标题为辅,train,synthetic_augmented,,,synthetic_v8,abuse_depression
,,synv8_003_abuse_depression,synv8_0114,synthetic_v8,synthetic_v8,被霸凌之后越来越不想活,从初中到现在被人故意孤立还嘲笑，慢慢就不想说话了。整个人都提不起劲。,"标题：被霸凌之后越来越不想活

正文：从初中到现在被人故意孤立还嘲笑，慢慢就不想说话了。整个人都提不起劲。",,"abuse,depression",medium,,,,"abuse,depression",synthetic_v8:abuse_depression; 正文为主，标题为辅,train,synthetic_augmented,,,synthetic_v8,abuse_depression
,,synv8_004_abuse_depression,synv8_0115,synthetic_v8,synthetic_v8,一直被羞辱真的会抑郁吗,从初中到现在被人故意孤立还嘲笑，已经开始怀疑自己是不是很差。最近连出门都不想出。,"标题：一直被羞辱真的会抑郁吗

正文：从初中到现在被人故意孤立还嘲笑，已经开始怀疑自己是不是很差。最近连出门都不想出。",,"abuse,depression",medium,,,,"abuse,depression",synthetic_v8:abuse_depression; 正文为主，标题为辅,train,synthetic_augmented,,,synthetic_v8,abuse_depression
,,synv8_005_abuse_depression,synv8_0116,synthetic_v8,synthetic_v8,被人踩着欺负太久了,这两年被人故意孤立还嘲笑，慢慢就不想说话了。整个人都提不起劲。,"标题：被人踩着欺负太久了

正文：这两年被人故意孤立还嘲笑，慢慢就不想说话了。整个人都提不起劲。",,"abuse,depression",medium,,,,"abuse,depression",synthetic_v8:abuse_depression; 正文为主，标题为辅,train,synthetic_augmented,,,synthetic_v8,abuse_depression
,,synv8_006_abuse_depression,synv8_0117,synthetic_v8,synthetic_v8,一直被羞辱真的会抑郁吗,这两年被人故意孤立还嘲笑，慢慢就不想说话了。每天都很压抑。,"标题：一直被羞辱真的会抑郁吗

正文：这两年被人故意孤立还嘲笑，慢慢就不想说话了。每天都很压抑。",,"abuse,depression",medium,,,,"abuse,depression",synthetic_v8:abuse_depression; 正文为主，标题为辅,train,synthetic_augmented,,,synthetic_v8,abuse_depression
,,synv8_007_abuse_depression,synv8_0118,synthetic_v8,synthetic_v8,被霸凌之后越来越不想活,这两年一直被人拿我开玩笑，已经开始怀疑自己是不是很差。最近连出门都不想出。,"标题：被霸凌之后越来越不想活

正文：这两年一直被人拿我开玩笑，已经开始怀疑自己是不是很差。最近连出门都不想出。",,"abuse,depression",medium,,,,"abuse,depression",synthetic_v8:abuse_depression; 正文为主，标题为辅,train,synthetic_augmented,,,synthetic_v8,abuse_depression
,,synv8_008_abuse_depression,synv8_0119,synthetic_v8,synthetic_v8,一直被羞辱真的会抑郁吗,这两年总被点名羞辱和阴阳，慢慢就不想说话了。每天都很压抑。,"标题：一直被羞辱真的会抑郁吗

正文：这两年总被点名羞辱和阴阳，慢慢就不想说话了。每天都很压抑。",,"abuse,depression",medium,,,,"abuse,depression",synthetic_v8:abuse_depression; 正文为主，标题为辅,train,synthetic_augmented,,,synthetic_v8,abuse_depression
,,synv8_009_abuse_depression,synv8_0120,synthetic_v8,synthetic_v8,被人踩着欺负太久了,这两年总被点名羞辱和阴阳，慢慢就不想说话了。整个人都提不起劲。,"标题：被人踩着欺负太久了

正文：这两年总被点名羞辱和阴阳，慢慢就不想说话了。整个人都提不起劲。",,"abuse,depression",medium,,,,"abuse,depression",synthetic_v8:abuse_depression; 正文为主，标题为辅,train,synthetic_augmented,,,synthetic_v8,abuse_depression
,,synv8_010_abuse_depression,synv8_0121,synthetic_v8,synthetic_v8,被霸凌之后越来越不想活,从初中到现在一直被人拿我开玩笑，现在一想到那些人就想哭。每天都很压抑。,"标题：被霸凌之后越来越不想活

正文：从初中到现在一直被人拿我开玩笑，现在一想到那些人就想哭。每天都很压抑。",,"abuse,depression",medium,,,,"abuse,depression",synthetic_v8:abuse_depression; 正文为主，标题为辅,train,synthetic_augmented,,,synthetic_v8,abuse_depression
,,synv8_011_abuse_depression,synv8_0122,synthetic_v8,synthetic_v8,被人踩着欺负太久了,这两年被人故意孤立还嘲笑，现在一想到那些人就想哭。每天都很压抑。,"标题：被人踩着欺负太久了

正文：这两年被人故意孤立还嘲笑，现在一想到那些人就想哭。每天都很压抑。",,"abuse,depression",medium,,,,"abuse,depression",synthetic_v8:abuse_depression; 正文为主，标题为辅,train,synthetic_augmented,,,synthetic_v8,abuse_depression
,,synv8_012_abuse_depression,synv8_0123,synthetic_v8,synthetic_v8,一直被羞辱真的会抑郁吗,从初中到现在一直被人拿我开玩笑，慢慢就不想说话了。最近连出门都不想出。,"标题：一直被羞辱真的会抑郁吗

正文：从初中到现在一直被人拿我开玩笑，慢慢就不想说话了。最近连出门都不想出。",,"abuse,depression",medium,,,,"abuse,depression",synthetic_v8:abuse_depression; 正文为主，标题为辅,train,synthetic_augmented,,,synthetic_v8,abuse_depression
,,synv8_013_abuse_depression,synv8_0124,synthetic_v8,synthetic_v8,被霸凌之后越来越不想活,这两年一直被人拿我开玩笑，现在一想到那些人就想哭。每天都很压抑。,"标题：被霸凌之后越来越不想活

正文：这两年一直被人拿我开玩笑，现在一想到那些人就想哭。每天都很压抑。",,"abuse,depression",medium,,,,"abuse,depression",synthetic_v8:abuse_depression; 正文为主，标题为辅,train,synthetic_augmented,,,synthetic_v8,abuse_depression
,,synv8_014_abuse_depression,synv8_0125,synthetic_v8,synthetic_v8,被霸凌之后越来越不想活,这学期开始被人故意孤立还嘲笑，慢慢就不想说话了。最近连出门都不想出。,"标题：被霸凌之后越来越不想活

正文：这学期开始被人故意孤立还嘲笑，慢慢就不想说话了。最近连出门都不想出。",,"abuse,depression",medium,,,,"abuse,depression",synthetic_v8:abuse_depression; 正文为主，标题为辅,train,synthetic_augmented,,,synthetic_v8,abuse_depression
,,synv8_015_abuse_depression,synv8_0126,synthetic_v8,synthetic_v8,一直被羞辱真的会抑郁吗,从初中到现在被人故意孤立还嘲笑，现在一想到那些人就想哭。每天都很压抑。,"标题：一直被羞辱真的会抑郁吗

正文：从初中到现在被人故意孤立还嘲笑，现在一想到那些人就想哭。每天都很压抑。",,"abuse,depression",medium,,,,"abuse,depression",synthetic_v8:abuse_depression; 正文为主，标题为辅,train,synthetic_augmented,,,synthetic_v8,abuse_depression
,,synv8_016_abuse_depression,synv8_0127,synthetic_v8,synthetic_v8,被霸凌之后越来越不想活,从初中到现在总被点名羞辱和阴阳，已经开始怀疑自己是不是很差。最近连出门都不想出。,"标题：被霸凌之后越来越不想活

正文：从初中到现在总被点名羞辱和阴阳，已经开始怀疑自己是不是很差。最近连出门都不想出。",,"abuse,depression",medium,,,,"abuse,depression",synthetic_v8:abuse_depression; 正文为主，标题为辅,train,synthetic_augmented,,,synthetic_v8,abuse_depression
,,synv8_017_abuse_depression,synv8_0128,synthetic_v8,synthetic_v8,被人踩着欺负太久了,这学期开始被人故意孤立还嘲笑，已经开始怀疑自己是不是很差。整个人都提不起劲。,"标题：被人踩着欺负太久了

正文：这学期开始被人故意孤立还嘲笑，已经开始怀疑自己是不是很差。整个人都提不起劲。",,"abuse,depression",medium,,,,"abuse,depression",synthetic_v8:abuse_depression; 正文为主，标题为辅,train,synthetic_augmented,,,synthetic_v8,abuse_depression
,,synv8_018_abuse_depression,synv8_0129,synthetic_v8,synthetic_v8,一直被羞辱真的会抑郁吗,从初中到现在一直被人拿我开玩笑，慢慢就不想说话了。每天都很压抑。,"标题：一直被羞辱真的会抑郁吗

正文：从初中到现在一直被人拿我开玩笑，慢慢就不想说话了。每天都很压抑。",,"abuse,depression",medium,,,,"abuse,depression",synthetic_v8:abuse_depression; 正文为主，标题为辅,train,synthetic_augmented,,,synthetic_v8,abuse_depression
,,synv8_019_abuse_depression,synv8_0130,synthetic_v8,synthetic_v8,被长期欺负后整个人都废了,从初中到现在一直被人拿我开玩笑，慢慢就不想说话了。最近连出门都不想出。,"标题：被长期欺负后整个人都废了

正文：从初中到现在一直被人拿我开玩笑，慢慢就不想说话了。最近连出门都不想出。",,"abuse,depression",medium,,,,"abuse,depression",synthetic_v8:abuse_depression; 正文为主，标题为辅,train,synthetic_augmented,,,synthetic_v8,abuse_depression
,,synv8_020_abuse_depression,synv8_0131,synthetic_v8,synthetic_v8,被霸凌之后越来越不想活,这两年被人故意孤立还嘲笑，现在一想到那些人就想哭。整个人都提不起劲。,"标题：被霸凌之后越来越不想活

正文：这两年被人故意孤立还嘲笑，现在一想到那些人就想哭。整个人都提不起劲。",,"abuse,depression",medium,,,,"abuse,depression",synthetic_v8:abuse_depression; 正文为主，标题为辅,train,synthetic_augmented,,,synthetic_v8,abuse_depression
,,synv8_021_abuse_depression,synv8_0132,synthetic_v8,synthetic_v8,被霸凌之后越来越不想活,这两年一直被人拿我开玩笑，已经开始怀疑自己是不是很差。整个人都提不起劲。,"标题：被霸凌之后越来越不想活

正文：这两年一直被人拿我开玩笑，已经开始怀疑自己是不是很差。整个人都提不起劲。",,"abuse,depression",medium,,,,"abuse,depression",synthetic_v8:abuse_depression; 正文为主，标题为辅,train,synthetic_augmented,,,synthetic_v8,abuse_depression
,,synv8_022_abuse_depression,synv8_0133,synthetic_v8,synthetic_v8,被霸凌之后越来越不想活,这学期开始总被点名羞辱和阴阳，现在一想到那些人就想哭。每天都很压抑。,"标题：被霸凌之后越来越不想活

正文：这学期开始总被点名羞辱和阴阳，现在一想到那些人就想哭。每天都很压抑。",,"abuse,depression",medium,,,,"abuse,depression",synthetic_v8:abuse_depression; 正文为主，标题为辅,train,synthetic_augmented,,,synthetic_v8,abuse_depression
,,synv8_023_abuse_depression,synv8_0134,synthetic_v8,synthetic_v8,被霸凌之后越来越不想活,这学期开始被人故意孤立还嘲笑，慢慢就不想说话了。整个人都提不起劲。,"标题：被霸凌之后越来越不想活

正文：这学期开始被人故意孤立还嘲笑，慢慢就不想说话了。整个人都提不起劲。",,"abuse,depression",medium,,,,"abuse,depression",synthetic_v8:abuse_depression; 正文为主，标题为辅,train,synthetic_augmented,,,synthetic_v8,abuse_depression
,,synv8_024_abuse_depression,synv8_0135,synthetic_v8,synthetic_v8,一直被羞辱真的会抑郁吗,这学期开始一直被人拿我开玩笑，已经开始怀疑自己是不是很差。最近连出门都不想出。,"标题：一直被羞辱真的会抑郁吗

正文：这学期开始一直被人拿我开玩笑，已经开始怀疑自己是不是很差。最近连出门都不想出。",,"abuse,depression",medium,,,,"abuse,depression",synthetic_v8:abuse_depression; 正文为主，标题为辅,train,synthetic_augmented,,,synthetic_v8,abuse_depression
,,synv8_025_abuse_depression,synv8_0136,synthetic_v8,synthetic_v8,被人踩着欺负太久了,这两年总被点名羞辱和阴阳，慢慢就不想说话了。每天都很压抑。,"标题：被人踩着欺负太久了

正文：这两年总被点名羞辱和阴阳，慢慢就不想说话了。每天都很压抑。",,"abuse,depression",medium,,,,"abuse,depression",synthetic_v8:abuse_depression; 正文为主，标题为辅,train,synthetic_augmented,,,synthetic_v8,abuse_depression
,,synv8_026_abuse_depression,synv8_0137,synthetic_v8,synthetic_v8,被人踩着欺负太久了,这学期开始总被点名羞辱和阴阳，现在一想到那些人就想哭。最近连出门都不想出。,"标题：被人踩着欺负太久了

正文：这学期开始总被点名羞辱和阴阳，现在一想到那些人就想哭。最近连出门都不想出。",,"abuse,depression",medium,,,,"abuse,depression",synthetic_v8:abuse_depression; 正文为主，标题为辅,train,synthetic_augmented,,,synthetic_v8,abuse_depression
,,synv8_027_abuse_depression,synv8_0138,synthetic_v8,synthetic_v8,一直被羞辱真的会抑郁吗,这两年一直被人拿我开玩笑，现在一想到那些人就想哭。最近连出门都不想出。,"标题：一直被羞辱真的会抑郁吗

正文：这两年一直被人拿我开玩笑，现在一想到那些人就想哭。最近连出门都不想出。",,"abuse,depression",medium,,,,"abuse,depression",synthetic_v8:abuse_depression; 正文为主，标题为辅,train,synthetic_augmented,,,synthetic_v8,abuse_depression
,,synv8_028_abuse_depression,synv8_0139,synthetic_v8,synthetic_v8,被长期欺负后整个人都废了,这两年被人故意孤立还嘲笑，已经开始怀疑自己是不是很差。整个人都提不起劲。,"标题：被长期欺负后整个人都废了

正文：这两年被人故意孤立还嘲笑，已经开始怀疑自己是不是很差。整个人都提不起劲。",,"abuse,depression",medium,,,,"abuse,depression",synthetic_v8:abuse_depression; 正文为主，标题为辅,train,synthetic_augmented,,,synthetic_v8,abuse_depression
,,synv8_029_abuse_depression,synv8_0140,synthetic_v8,synthetic_v8,被人踩着欺负太久了,这两年被人故意孤立还嘲笑，已经开始怀疑自己是不是很差。每天都很压抑。,"标题：被人踩着欺负太久了

正文：这两年被人故意孤立还嘲笑，已经开始怀疑自己是不是很差。每天都很压抑。",,"abuse,depression",medium,,,,"abuse,depression",synthetic_v8:abuse_depression; 正文为主，标题为辅,train,synthetic_augmented,,,synthetic_v8,abuse_depression
,,synv8_000_abuse_only,synv8_0141,synthetic_v8,synthetic_v8,被同学一直阴阳算霸凌吗,班里有人反复说一些羞辱我的话，我现在特别抗拒见到他们。,"标题：被同学一直阴阳算霸凌吗

正文：班里有人反复说一些羞辱我的话，我现在特别抗拒见到他们。",,abuse,medium,,,,abuse,synthetic_v8:abuse_only; 正文为主，标题为辅,train,synthetic_augmented,,,synthetic_v8,abuse_only
,,synv8_001_abuse_only,synv8_0142,synthetic_v8,synthetic_v8,被同学一直阴阳算霸凌吗,班里一直有人在背后起哄和讽刺，已经影响正常生活了。,"标题：被同学一直阴阳算霸凌吗

正文：班里一直有人在背后起哄和讽刺，已经影响正常生活了。",,abuse,medium,,,,abuse,synthetic_v8:abuse_only; 正文为主，标题为辅,train,synthetic_augmented,,,synthetic_v8,abuse_only
,,synv8_002_abuse_only,synv8_0143,synthetic_v8,synthetic_v8,被排挤和嘲笑很久了,班里总有人故意拿我开玩笑，我现在特别抗拒见到他们。,"标题：被排挤和嘲笑很久了

正文：班里总有人故意拿我开玩笑，我现在特别抗拒见到他们。",,abuse,medium,,,,abuse,synthetic_v8:abuse_only; 正文为主，标题为辅,train,synthetic_augmented,,,synthetic_v8,abuse_only
,,synv8_003_abuse_only,synv8_0144,synthetic_v8,synthetic_v8,被同学一直阴阳算霸凌吗,班里有人反复说一些羞辱我的话，已经影响正常生活了。,"标题：被同学一直阴阳算霸凌吗

正文：班里有人反复说一些羞辱我的话，已经影响正常生活了。",,abuse,medium,,,,abuse,synthetic_v8:abuse_only; 正文为主，标题为辅,train,synthetic_augmented,,,synthetic_v8,abuse_only
,,synv8_004_abuse_only,synv8_0145,synthetic_v8,synthetic_v8,被排挤和嘲笑很久了,宿舍里有人反复说一些羞辱我的话，搞得我每天都很紧绷。,"标题：被排挤和嘲笑很久了

正文：宿舍里有人反复说一些羞辱我的话，搞得我每天都很紧绷。",,abuse,medium,,,,abuse,synthetic_v8:abuse_only; 正文为主，标题为辅,train,synthetic_augmented,,,synthetic_v8,abuse_only
,,synv8_005_abuse_only,synv8_0146,synthetic_v8,synthetic_v8,被排挤和嘲笑很久了,社团里有人反复说一些羞辱我的话，我现在特别抗拒见到他们。,"标题：被排挤和嘲笑很久了

正文：社团里有人反复说一些羞辱我的话，我现在特别抗拒见到他们。",,abuse,medium,,,,abuse,synthetic_v8:abuse_only; 正文为主，标题为辅,train,synthetic_augmented,,,synthetic_v8,abuse_only
,,synv8_006_abuse_only,synv8_0147,synthetic_v8,synthetic_v8,被同学一直阴阳算霸凌吗,宿舍里一直有人在背后起哄和讽刺，我现在特别抗拒见到他们。,"标题：被同学一直阴阳算霸凌吗

正文：宿舍里一直有人在背后起哄和讽刺，我现在特别抗拒见到他们。",,abuse,medium,,,,abuse,synthetic_v8:abuse_only; 正文为主，标题为辅,train,synthetic_augmented,,,synthetic_v8,abuse_only
,,synv8_007_abuse_only,synv8_0148,synthetic_v8,synthetic_v8,这种持续羞辱算不算被欺负,宿舍里有人反复说一些羞辱我的话，搞得我每天都很紧绷。,"标题：这种持续羞辱算不算被欺负

正文：宿舍里有人反复说一些羞辱我的话，搞得我每天都很紧绷。",,abuse,medium,,,,abuse,synthetic_v8:abuse_only; 正文为主，标题为辅,train,synthetic_augmented,,,synthetic_v8,abuse_only
,,synv8_008_abuse_only,synv8_0149,synthetic_v8,synthetic_v8,总被针对真的受不了了,宿舍里总有人故意拿我开玩笑，搞得我每天都很紧绷。,"标题：总被针对真的受不了了

正文：宿舍里总有人故意拿我开玩笑，搞得我每天都很紧绷。",,abuse,medium,,,,abuse,synthetic_v8:abuse_only; 正文为主，标题为辅,train,synthetic_augmented,,,synthetic_v8,abuse_only
,,synv8_009_abuse_only,synv8_0150,synthetic_v8,synthetic_v8,这种持续羞辱算不算被欺负,社团里总有人故意拿我开玩笑，我现在特别抗拒见到他们。,"标题：这种持续羞辱算不算被欺负

正文：社团里总有人故意拿我开玩笑，我现在特别抗拒见到他们。",,abuse,medium,,,,abuse,synthetic_v8:abuse_only; 正文为主，标题为辅,train,synthetic_augmented,,,synthetic_v8,abuse_only
,,synv8_010_abuse_only,synv8_0151,synthetic_v8,synthetic_v8,这种持续羞辱算不算被欺负,宿舍里有人反复说一些羞辱我的话，已经影响正常生活了。,"标题：这种持续羞辱算不算被欺负

正文：宿舍里有人反复说一些羞辱我的话，已经影响正常生活了。",,abuse,medium,,,,abuse,synthetic_v8:abuse_only; 正文为主，标题为辅,train,synthetic_augmented,,,synthetic_v8,abuse_only
,,synv8_011_abuse_only,synv8_0152,synthetic_v8,synthetic_v8,这种持续羞辱算不算被欺负,宿舍里有人反复说一些羞辱我的话，我现在特别抗拒见到他们。,"标题：这种持续羞辱算不算被欺负

正文：宿舍里有人反复说一些羞辱我的话，我现在特别抗拒见到他们。",,abuse,medium,,,,abuse,synthetic_v8:abuse_only; 正文为主，标题为辅,train,synthetic_augmented,,,synthetic_v8,abuse_only
,,synv8_012_abuse_only,synv8_0153,synthetic_v8,synthetic_v8,被排挤和嘲笑很久了,班里总有人故意拿我开玩笑，已经影响正常生活了。,"标题：被排挤和嘲笑很久了

正文：班里总有人故意拿我开玩笑，已经影响正常生活了。",,abuse,medium,,,,abuse,synthetic_v8:abuse_only; 正文为主，标题为辅,train,synthetic_augmented,,,synthetic_v8,abuse_only
,,synv8_013_abuse_only,synv8_0154,synthetic_v8,synthetic_v8,这种持续羞辱算不算被欺负,宿舍里一直有人在背后起哄和讽刺，已经影响正常生活了。,"标题：这种持续羞辱算不算被欺负

正文：宿舍里一直有人在背后起哄和讽刺，已经影响正常生活了。",,abuse,medium,,,,abuse,synthetic_v8:abuse_only; 正文为主，标题为辅,train,synthetic_augmented,,,synthetic_v8,abuse_only
,,synv8_014_abuse_only,synv8_0155,synthetic_v8,synthetic_v8,这种持续羞辱算不算被欺负,班里一直有人在背后起哄和讽刺，搞得我每天都很紧绷。,"标题：这种持续羞辱算不算被欺负

正文：班里一直有人在背后起哄和讽刺，搞得我每天都很紧绷。",,abuse,medium,,,,abuse,synthetic_v8:abuse_only; 正文为主，标题为辅,train,synthetic_augmented,,,synthetic_v8,abuse_only
,,synv8_000_social_withdrawal_depression,synv8_0156,synthetic_v8,synthetic_v8,越来越不想跟任何人联系,这段时间连室友喊我都不想应，周末就一个人躺着。整个人都没什么期待，我知道这样不对但拉不回来。,"标题：越来越不想跟任何人联系

正文：这段时间连室友喊我都不想应，周末就一个人躺着。整个人都没什么期待，我知道这样不对但拉不回来。",,"social_withdrawal,depression",medium,,,,"social_withdrawal,depression",synthetic_v8:social_withdrawal_depression; 正文为主，标题为辅,train,synthetic_augmented,,,synthetic_v8,social_withdrawal_depression
,,synv8_001_social_withdrawal_depression,synv8_0157,synthetic_v8,synthetic_v8,越来越不想跟任何人联系,这半年连室友喊我都不想应，已经很久没主动联系别人。人越来越空，感觉自己在慢慢缩起来。,"标题：越来越不想跟任何人联系

正文：这半年连室友喊我都不想应，已经很久没主动联系别人。人越来越空，感觉自己在慢慢缩起来。",,"social_withdrawal,depression",medium,,,,"social_withdrawal,depression",synthetic_v8:social_withdrawal_depression; 正文为主，标题为辅,train,synthetic_augmented,,,synthetic_v8,social_withdrawal_depression
,,synv8_002_social_withdrawal_depression,synv8_0158,synthetic_v8,synthetic_v8,一个朋友都没有了,这段时间不想和任何人说话，周末就一个人躺着。人越来越空，我知道这样不对但拉不回来。,"标题：一个朋友都没有了

正文：这段时间不想和任何人说话，周末就一个人躺着。人越来越空，我知道这样不对但拉不回来。",,"social_withdrawal,depression",medium,,,,"social_withdrawal,depression",synthetic_v8:social_withdrawal_depression; 正文为主，标题为辅,train,synthetic_augmented,,,synthetic_v8,social_withdrawal_depression
,,synv8_003_social_withdrawal_depression,synv8_0159,synthetic_v8,synthetic_v8,越来越不想跟任何人联系,最近基本不回消息，已经很久没主动联系别人。心里一直闷着，现在只想把自己藏起来。,"标题：越来越不想跟任何人联系

正文：最近基本不回消息，已经很久没主动联系别人。心里一直闷着，现在只想把自己藏起来。",,"social_withdrawal,depression",medium,,,,"social_withdrawal,depression",synthetic_v8:social_withdrawal_depression; 正文为主，标题为辅,train,synthetic_augmented,,,synthetic_v8,social_withdrawal_depression
,,synv8_004_social_withdrawal_depression,synv8_0160,synthetic_v8,synthetic_v8,一个朋友都没有了,这段时间基本不回消息，周末就一个人躺着。人越来越空，感觉自己在慢慢缩起来。,"标题：一个朋友都没有了

正文：这段时间基本不回消息，周末就一个人躺着。人越来越空，感觉自己在慢慢缩起来。",,"social_withdrawal,depression",medium,,,,"social_withdrawal,depression",synthetic_v8:social_withdrawal_depression; 正文为主，标题为辅,train,synthetic_augmented,,,synthetic_v8,social_withdrawal_depression
,,synv8_005_social_withdrawal_depression,synv8_0161,synthetic_v8,synthetic_v8,一个朋友都没有了,这段时间不想和任何人说话，已经很久没主动联系别人。心里一直闷着，我知道这样不对但拉不回来。,"标题：一个朋友都没有了

正文：这段时间不想和任何人说话，已经很久没主动联系别人。心里一直闷着，我知道这样不对但拉不回来。",,"social_withdrawal,depression",medium,,,,"social_withdrawal,depression",synthetic_v8:social_withdrawal_depression; 正文为主，标题为辅,train,synthetic_augmented,,,synthetic_v8,social_withdrawal_depression
,,synv8_006_social_withdrawal_depression,synv8_0162,synthetic_v8,synthetic_v8,一个朋友都没有了,最近连室友喊我都不想应，已经很久没主动联系别人。人越来越空，感觉自己在慢慢缩起来。,"标题：一个朋友都没有了

正文：最近连室友喊我都不想应，已经很久没主动联系别人。人越来越空，感觉自己在慢慢缩起来。",,"social_withdrawal,depression",medium,,,,"social_withdrawal,depression",synthetic_v8:social_withdrawal_depression; 正文为主，标题为辅,train,synthetic_augmented,,,synthetic_v8,social_withdrawal_depression
,,synv8_007_social_withdrawal_depression,synv8_0163,synthetic_v8,synthetic_v8,最近一直把自己关起来,最近连室友喊我都不想应，出去也只想赶紧回来。心里一直闷着，现在只想把自己藏起来。,"标题：最近一直把自己关起来

正文：最近连室友喊我都不想应，出去也只想赶紧回来。心里一直闷着，现在只想把自己藏起来。",,"social_withdrawal,depression",medium,,,,"social_withdrawal,depression",synthetic_v8:social_withdrawal_depression; 正文为主，标题为辅,train,synthetic_augmented,,,synthetic_v8,social_withdrawal_depression
,,synv8_008_social_withdrawal_depression,synv8_0164,synthetic_v8,synthetic_v8,感觉活成透明人了,这段时间基本不回消息，出去也只想赶紧回来。人越来越空，现在只想把自己藏起来。,"标题：感觉活成透明人了

正文：这段时间基本不回消息，出去也只想赶紧回来。人越来越空，现在只想把自己藏起来。",,"social_withdrawal,depression",medium,,,,"social_withdrawal,depression",synthetic_v8:social_withdrawal_depression; 正文为主，标题为辅,train,synthetic_augmented,,,synthetic_v8,social_withdrawal_depression
,,synv8_009_social_withdrawal_depression,synv8_0165,synthetic_v8,synthetic_v8,最近一直把自己关起来,这半年基本不回消息，已经很久没主动联系别人。人越来越空，感觉自己在慢慢缩起来。,"标题：最近一直把自己关起来

正文：这半年基本不回消息，已经很久没主动联系别人。人越来越空，感觉自己在慢慢缩起来。",,"social_withdrawal,depression",medium,,,,"social_withdrawal,depression",synthetic_v8:social_withdrawal_depression; 正文为主，标题为辅,train,synthetic_augmented,,,synthetic_v8,social_withdrawal_depression
,,synv8_010_social_withdrawal_depression,synv8_0166,synthetic_v8,synthetic_v8,越来越不想跟任何人联系,最近连室友喊我都不想应，周末就一个人躺着。整个人都没什么期待，我知道这样不对但拉不回来。,"标题：越来越不想跟任何人联系

正文：最近连室友喊我都不想应，周末就一个人躺着。整个人都没什么期待，我知道这样不对但拉不回来。",,"social_withdrawal,depression",medium,,,,"social_withdrawal,depression",synthetic_v8:social_withdrawal_depression; 正文为主，标题为辅,train,synthetic_augmented,,,synthetic_v8,social_withdrawal_depression
,,synv8_011_social_withdrawal_depression,synv8_0167,synthetic_v8,synthetic_v8,最近一直把自己关起来,这段时间基本不回消息，周末就一个人躺着。心里一直闷着，我知道这样不对但拉不回来。,"标题：最近一直把自己关起来

正文：这段时间基本不回消息，周末就一个人躺着。心里一直闷着，我知道这样不对但拉不回来。",,"social_withdrawal,depression",medium,,,,"social_withdrawal,depression",synthetic_v8:social_withdrawal_depression; 正文为主，标题为辅,train,synthetic_augmented,,,synthetic_v8,social_withdrawal_depression
,,synv8_012_social_withdrawal_depression,synv8_0168,synthetic_v8,synthetic_v8,感觉活成透明人了,最近基本不回消息，已经很久没主动联系别人。整个人都没什么期待，我知道这样不对但拉不回来。,"标题：感觉活成透明人了

正文：最近基本不回消息，已经很久没主动联系别人。整个人都没什么期待，我知道这样不对但拉不回来。",,"social_withdrawal,depression",medium,,,,"social_withdrawal,depression",synthetic_v8:social_withdrawal_depression; 正文为主，标题为辅,train,synthetic_augmented,,,synthetic_v8,social_withdrawal_depression
,,synv8_013_social_withdrawal_depression,synv8_0169,synthetic_v8,synthetic_v8,越来越不想跟任何人联系,这段时间不想和任何人说话，周末就一个人躺着。整个人都没什么期待，现在只想把自己藏起来。,"标题：越来越不想跟任何人联系

正文：这段时间不想和任何人说话，周末就一个人躺着。整个人都没什么期待，现在只想把自己藏起来。",,"social_withdrawal,depression",medium,,,,"social_withdrawal,depression",synthetic_v8:social_withdrawal_depression; 正文为主，标题为辅,train,synthetic_augmented,,,synthetic_v8,social_withdrawal_depression
,,synv8_014_social_withdrawal_depression,synv8_0170,synthetic_v8,synthetic_v8,一个朋友都没有了,这段时间不想和任何人说话，已经很久没主动联系别人。人越来越空，感觉自己在慢慢缩起来。,"标题：一个朋友都没有了

正文：这段时间不想和任何人说话，已经很久没主动联系别人。人越来越空，感觉自己在慢慢缩起来。",,"social_withdrawal,depression",medium,,,,"social_withdrawal,depression",synthetic_v8:social_withdrawal_depression; 正文为主，标题为辅,train,synthetic_augmented,,,synthetic_v8,social_withdrawal_depression
,,synv8_015_social_withdrawal_depression,synv8_0171,synthetic_v8,synthetic_v8,最近一直把自己关起来,这段时间连室友喊我都不想应，周末就一个人躺着。心里一直闷着，现在只想把自己藏起来。,"标题：最近一直把自己关起来

正文：这段时间连室友喊我都不想应，周末就一个人躺着。心里一直闷着，现在只想把自己藏起来。",,"social_withdrawal,depression",medium,,,,"social_withdrawal,depression",synthetic_v8:social_withdrawal_depression; 正文为主，标题为辅,train,synthetic_augmented,,,synthetic_v8,social_withdrawal_depression
,,synv8_016_social_withdrawal_depression,synv8_0172,synthetic_v8,synthetic_v8,感觉活成透明人了,这半年不想和任何人说话，已经很久没主动联系别人。人越来越空，感觉自己在慢慢缩起来。,"标题：感觉活成透明人了

正文：这半年不想和任何人说话，已经很久没主动联系别人。人越来越空，感觉自己在慢慢缩起来。",,"social_withdrawal,depression",medium,,,,"social_withdrawal,depression",synthetic_v8:social_withdrawal_depression; 正文为主，标题为辅,train,synthetic_augmented,,,synthetic_v8,social_withdrawal_depression
,,synv8_017_social_withdrawal_depression,synv8_0173,synthetic_v8,synthetic_v8,一个朋友都没有了,最近不想和任何人说话，出去也只想赶紧回来。心里一直闷着，感觉自己在慢慢缩起来。,"标题：一个朋友都没有了

正文：最近不想和任何人说话，出去也只想赶紧回来。心里一直闷着，感觉自己在慢慢缩起来。",,"social_withdrawal,depression",medium,,,,"social_withdrawal,depression",synthetic_v8:social_withdrawal_depression; 正文为主，标题为辅,train,synthetic_augmented,,,synthetic_v8,social_withdrawal_depression
,,synv8_018_social_withdrawal_depression,synv8_0174,synthetic_v8,synthetic_v8,一个朋友都没有了,这段时间基本不回消息，出去也只想赶紧回来。人越来越空，感觉自己在慢慢缩起来。,"标题：一个朋友都没有了

正文：这段时间基本不回消息，出去也只想赶紧回来。人越来越空，感觉自己在慢慢缩起来。",,"social_withdrawal,depression",medium,,,,"social_withdrawal,depression",synthetic_v8:social_withdrawal_depression; 正文为主，标题为辅,train,synthetic_augmented,,,synthetic_v8,social_withdrawal_depression
,,synv8_019_social_withdrawal_depression,synv8_0175,synthetic_v8,synthetic_v8,一个朋友都没有了,这段时间基本不回消息，已经很久没主动联系别人。心里一直闷着，我知道这样不对但拉不回来。,"标题：一个朋友都没有了

正文：这段时间基本不回消息，已经很久没主动联系别人。心里一直闷着，我知道这样不对但拉不回来。",,"social_withdrawal,depression",medium,,,,"social_withdrawal,depression",synthetic_v8:social_withdrawal_depression; 正文为主，标题为辅,train,synthetic_augmented,,,synthetic_v8,social_withdrawal_depression
,,synv8_020_social_withdrawal_depression,synv8_0176,synthetic_v8,synthetic_v8,一个朋友都没有了,这段时间不想和任何人说话，出去也只想赶紧回来。人越来越空，感觉自己在慢慢缩起来。,"标题：一个朋友都没有了

正文：这段时间不想和任何人说话，出去也只想赶紧回来。人越来越空，感觉自己在慢慢缩起来。",,"social_withdrawal,depression",medium,,,,"social_withdrawal,depression",synthetic_v8:social_withdrawal_depression; 正文为主，标题为辅,train,synthetic_augmented,,,synthetic_v8,social_withdrawal_depression
,,synv8_021_social_withdrawal_depression,synv8_0177,synthetic_v8,synthetic_v8,一个朋友都没有了,这半年基本不回消息，周末就一个人躺着。心里一直闷着，现在只想把自己藏起来。,"标题：一个朋友都没有了

正文：这半年基本不回消息，周末就一个人躺着。心里一直闷着，现在只想把自己藏起来。",,"social_withdrawal,depression",medium,,,,"social_withdrawal,depression",synthetic_v8:social_withdrawal_depression; 正文为主，标题为辅,train,synthetic_augmented,,,synthetic_v8,social_withdrawal_depression
,,synv8_022_social_withdrawal_depression,synv8_0178,synthetic_v8,synthetic_v8,一个朋友都没有了,这半年不想和任何人说话，已经很久没主动联系别人。整个人都没什么期待，感觉自己在慢慢缩起来。,"标题：一个朋友都没有了

正文：这半年不想和任何人说话，已经很久没主动联系别人。整个人都没什么期待，感觉自己在慢慢缩起来。",,"social_withdrawal,depression",medium,,,,"social_withdrawal,depression",synthetic_v8:social_withdrawal_depression; 正文为主，标题为辅,train,synthetic_augmented,,,synthetic_v8,social_withdrawal_depression
,,synv8_023_social_withdrawal_depression,synv8_0179,synthetic_v8,synthetic_v8,感觉活成透明人了,这段时间基本不回消息，已经很久没主动联系别人。整个人都没什么期待，现在只想把自己藏起来。,"标题：感觉活成透明人了

正文：这段时间基本不回消息，已经很久没主动联系别人。整个人都没什么期待，现在只想把自己藏起来。",,"social_withdrawal,depression",medium,,,,"social_withdrawal,depression",synthetic_v8:social_withdrawal_depression; 正文为主，标题为辅,train,synthetic_augmented,,,synthetic_v8,social_withdrawal_depression
,,synv8_024_social_withdrawal_depression,synv8_0180,synthetic_v8,synthetic_v8,一个朋友都没有了,这半年连室友喊我都不想应，已经很久没主动联系别人。心里一直闷着，感觉自己在慢慢缩起来。,"标题：一个朋友都没有了

正文：这半年连室友喊我都不想应，已经很久没主动联系别人。心里一直闷着，感觉自己在慢慢缩起来。",,"social_withdrawal,depression",medium,,,,"social_withdrawal,depression",synthetic_v8:social_withdrawal_depression; 正文为主，标题为辅,train,synthetic_augmented,,,synthetic_v8,social_withdrawal_depression
,,synv8_025_social_withdrawal_depression,synv8_0181,synthetic_v8,synthetic_v8,最近一直把自己关起来,这段时间连室友喊我都不想应，已经很久没主动联系别人。人越来越空，我知道这样不对但拉不回来。,"标题：最近一直把自己关起来

正文：这段时间连室友喊我都不想应，已经很久没主动联系别人。人越来越空，我知道这样不对但拉不回来。",,"social_withdrawal,depression",medium,,,,"social_withdrawal,depression",synthetic_v8:social_withdrawal_depression; 正文为主，标题为辅,train,synthetic_augmented,,,synthetic_v8,social_withdrawal_depression
,,synv8_026_social_withdrawal_depression,synv8_0182,synthetic_v8,synthetic_v8,感觉活成透明人了,这半年基本不回消息，周末就一个人躺着。整个人都没什么期待，感觉自己在慢慢缩起来。,"标题：感觉活成透明人了

正文：这半年基本不回消息，周末就一个人躺着。整个人都没什么期待，感觉自己在慢慢缩起来。",,"social_withdrawal,depression",medium,,,,"social_withdrawal,depression",synthetic_v8:social_withdrawal_depression; 正文为主，标题为辅,train,synthetic_augmented,,,synthetic_v8,social_withdrawal_depression
,,synv8_027_social_withdrawal_depression,synv8_0183,synthetic_v8,synthetic_v8,最近一直把自己关起来,最近基本不回消息，周末就一个人躺着。心里一直闷着，现在只想把自己藏起来。,"标题：最近一直把自己关起来

正文：最近基本不回消息，周末就一个人躺着。心里一直闷着，现在只想把自己藏起来。",,"social_withdrawal,depression",medium,,,,"social_withdrawal,depression",synthetic_v8:social_withdrawal_depression; 正文为主，标题为辅,train,synthetic_augmented,,,synthetic_v8,social_withdrawal_depression
,,synv8_028_social_withdrawal_depression,synv8_0184,synthetic_v8,synthetic_v8,越来越不想跟任何人联系,这段时间连室友喊我都不想应，已经很久没主动联系别人。整个人都没什么期待，现在只想把自己藏起来。,"标题：越来越不想跟任何人联系

正文：这段时间连室友喊我都不想应，已经很久没主动联系别人。整个人都没什么期待，现在只想把自己藏起来。",,"social_withdrawal,depression",medium,,,,"social_withdrawal,depression",synthetic_v8:social_withdrawal_depression; 正文为主，标题为辅,train,synthetic_augmented,,,synthetic_v8,social_withdrawal_depression
,,synv8_029_social_withdrawal_depression,synv8_0185,synthetic_v8,synthetic_v8,一个朋友都没有了,这段时间基本不回消息，出去也只想赶紧回来。整个人都没什么期待，现在只想把自己藏起来。,"标题：一个朋友都没有了

正文：这段时间基本不回消息，出去也只想赶紧回来。整个人都没什么期待，现在只想把自己藏起来。",,"social_withdrawal,depression",medium,,,,"social_withdrawal,depression",synthetic_v8:social_withdrawal_depression; 正文为主，标题为辅,train,synthetic_augmented,,,synthetic_v8,social_withdrawal_depression
,,synv8_030_social_withdrawal_depression,synv8_0186,synthetic_v8,synthetic_v8,感觉活成透明人了,这段时间不想和任何人说话，已经很久没主动联系别人。心里一直闷着，现在只想把自己藏起来。,"标题：感觉活成透明人了

正文：这段时间不想和任何人说话，已经很久没主动联系别人。心里一直闷着，现在只想把自己藏起来。",,"social_withdrawal,depression",medium,,,,"social_withdrawal,depression",synthetic_v8:social_withdrawal_depression; 正文为主，标题为辅,train,synthetic_augmented,,,synthetic_v8,social_withdrawal_depression
,,synv8_031_social_withdrawal_depression,synv8_0187,synthetic_v8,synthetic_v8,越来越不想跟任何人联系,这段时间连室友喊我都不想应，已经很久没主动联系别人。人越来越空，我知道这样不对但拉不回来。,"标题：越来越不想跟任何人联系

正文：这段时间连室友喊我都不想应，已经很久没主动联系别人。人越来越空，我知道这样不对但拉不回来。",,"social_withdrawal,depression",medium,,,,"social_withdrawal,depression",synthetic_v8:social_withdrawal_depression; 正文为主，标题为辅,train,synthetic_augmented,,,synthetic_v8,social_withdrawal_depression
,,synv8_032_social_withdrawal_depression,synv8_0188,synthetic_v8,synthetic_v8,感觉活成透明人了,最近不想和任何人说话，已经很久没主动联系别人。心里一直闷着，现在只想把自己藏起来。,"标题：感觉活成透明人了

正文：最近不想和任何人说话，已经很久没主动联系别人。心里一直闷着，现在只想把自己藏起来。",,"social_withdrawal,depression",medium,,,,"social_withdrawal,depression",synthetic_v8:social_withdrawal_depression; 正文为主，标题为辅,train,synthetic_augmented,,,synthetic_v8,social_withdrawal_depression
,,synv8_033_social_withdrawal_depression,synv8_0189,synthetic_v8,synthetic_v8,最近一直把自己关起来,这半年连室友喊我都不想应，出去也只想赶紧回来。人越来越空，感觉自己在慢慢缩起来。,"标题：最近一直把自己关起来

正文：这半年连室友喊我都不想应，出去也只想赶紧回来。人越来越空，感觉自己在慢慢缩起来。",,"social_withdrawal,depression",medium,,,,"social_withdrawal,depression",synthetic_v8:social_withdrawal_depression; 正文为主，标题为辅,train,synthetic_augmented,,,synthetic_v8,social_withdrawal_depression
,,synv8_034_social_withdrawal_depression,synv8_0190,synthetic_v8,synthetic_v8,越来越不想跟任何人联系,最近基本不回消息，已经很久没主动联系别人。人越来越空，感觉自己在慢慢缩起来。,"标题：越来越不想跟任何人联系

正文：最近基本不回消息，已经很久没主动联系别人。人越来越空，感觉自己在慢慢缩起来。",,"social_withdrawal,depression",medium,,,,"social_withdrawal,depression",synthetic_v8:social_withdrawal_depression; 正文为主，标题为辅,train,synthetic_augmented,,,synthetic_v8,social_withdrawal_depression
,,synv8_000_social_withdrawal_anxiety,synv8_0191,synthetic_v8,synthetic_v8,总害怕别人注意我,这学期进教室前就会开始心慌，最后经常装作没看见。连去食堂都挑人少的时候。,"标题：总害怕别人注意我

正文：这学期进教室前就会开始心慌，最后经常装作没看见。连去食堂都挑人少的时候。",,"social_withdrawal,anxiety",medium,,,,"social_withdrawal,anxiety",synthetic_v8:social_withdrawal_anxiety; 正文为主，标题为辅,train,synthetic_augmented,,,synthetic_v8,social_withdrawal_anxiety
,,synv8_001_social_withdrawal_anxiety,synv8_0192,synthetic_v8,synthetic_v8,一想到见人就想躲,开学以后只要要和人说话就会发怵，最后经常装作没看见。电话更是不敢接。,"标题：一想到见人就想躲

正文：开学以后只要要和人说话就会发怵，最后经常装作没看见。电话更是不敢接。",,"social_withdrawal,anxiety",medium,,,,"social_withdrawal,anxiety",synthetic_v8:social_withdrawal_anxiety; 正文为主，标题为辅,train,synthetic_augmented,,,synthetic_v8,social_withdrawal_anxiety
,,synv8_002_social_withdrawal_anxiety,synv8_0193,synthetic_v8,synthetic_v8,一想到见人就想躲,最近进教室前就会开始心慌，最后经常装作没看见。连去食堂都挑人少的时候。,"标题：一想到见人就想躲

正文：最近进教室前就会开始心慌，最后经常装作没看见。连去食堂都挑人少的时候。",,"social_withdrawal,anxiety",medium,,,,"social_withdrawal,anxiety",synthetic_v8:social_withdrawal_anxiety; 正文为主，标题为辅,train,synthetic_augmented,,,synthetic_v8,social_withdrawal_anxiety
,,synv8_003_social_withdrawal_anxiety,synv8_0194,synthetic_v8,synthetic_v8,总害怕别人注意我,这学期一想到要见人就紧张，能不出门就不出门。连去食堂都挑人少的时候。,"标题：总害怕别人注意我

正文：这学期一想到要见人就紧张，能不出门就不出门。连去食堂都挑人少的时候。",,"social_withdrawal,anxiety",medium,,,,"social_withdrawal,anxiety",synthetic_v8:social_withdrawal_anxiety; 正文为主，标题为辅,train,synthetic_augmented,,,synthetic_v8,social_withdrawal_anxiety
,,synv8_004_social_withdrawal_anxiety,synv8_0195,synthetic_v8,synthetic_v8,总害怕别人注意我,最近一想到要见人就紧张，最后经常装作没看见。连去食堂都挑人少的时候。,"标题：总害怕别人注意我

正文：最近一想到要见人就紧张，最后经常装作没看见。连去食堂都挑人少的时候。",,"social_withdrawal,anxiety",medium,,,,"social_withdrawal,anxiety",synthetic_v8:social_withdrawal_anxiety; 正文为主，标题为辅,train,synthetic_augmented,,,synthetic_v8,social_withdrawal_anxiety
,,synv8_005_social_withdrawal_anxiety,synv8_0196,synthetic_v8,synthetic_v8,社交越拖越怕,最近进教室前就会开始心慌，能不出门就不出门。连去食堂都挑人少的时候。,"标题：社交越拖越怕

正文：最近进教室前就会开始心慌，能不出门就不出门。连去食堂都挑人少的时候。",,"social_withdrawal,anxiety",medium,,,,"social_withdrawal,anxiety",synthetic_v8:social_withdrawal_anxiety; 正文为主，标题为辅,train,synthetic_augmented,,,synthetic_v8,social_withdrawal_anxiety
,,synv8_006_social_withdrawal_anxiety,synv8_0197,synthetic_v8,synthetic_v8,最近又开始回避所有人,这学期一想到要见人就紧张，能不出门就不出门。连去食堂都挑人少的时候。,"标题：最近又开始回避所有人

正文：这学期一想到要见人就紧张，能不出门就不出门。连去食堂都挑人少的时候。",,"social_withdrawal,anxiety",medium,,,,"social_withdrawal,anxiety",synthetic_v8:social_withdrawal_anxiety; 正文为主，标题为辅,train,synthetic_augmented,,,synthetic_v8,social_withdrawal_anxiety
,,synv8_007_social_withdrawal_anxiety,synv8_0198,synthetic_v8,synthetic_v8,最近又开始回避所有人,开学以后一想到要见人就紧张，最后经常装作没看见。连去食堂都挑人少的时候。,"标题：最近又开始回避所有人

正文：开学以后一想到要见人就紧张，最后经常装作没看见。连去食堂都挑人少的时候。",,"social_withdrawal,anxiety",medium,,,,"social_withdrawal,anxiety",synthetic_v8:social_withdrawal_anxiety; 正文为主，标题为辅,train,synthetic_augmented,,,synthetic_v8,social_withdrawal_anxiety
,,synv8_008_social_withdrawal_anxiety,synv8_0199,synthetic_v8,synthetic_v8,总害怕别人注意我,开学以后只要要和人说话就会发怵，所以一直在躲。电话更是不敢接。,"标题：总害怕别人注意我

正文：开学以后只要要和人说话就会发怵，所以一直在躲。电话更是不敢接。",,"social_withdrawal,anxiety",medium,,,,"social_withdrawal,anxiety",synthetic_v8:social_withdrawal_anxiety; 正文为主，标题为辅,train,synthetic_augmented,,,synthetic_v8,social_withdrawal_anxiety
,,synv8_009_social_withdrawal_anxiety,synv8_0200,synthetic_v8,synthetic_v8,总害怕别人注意我,最近进教室前就会开始心慌，所以一直在躲。连去食堂都挑人少的时候。,"标题：总害怕别人注意我

正文：最近进教室前就会开始心慌，所以一直在躲。连去食堂都挑人少的时候。",,"social_withdrawal,anxiety",medium,,,,"social_withdrawal,anxiety",synthetic_v8:social_withdrawal_anxiety; 正文为主，标题为辅,train,synthetic_augmented,,,synthetic_v8,social_withdrawal_anxiety
,,synv8_010_social_withdrawal_anxiety,synv8_0201,synthetic_v8,synthetic_v8,一想到见人就想躲,最近只要要和人说话就会发怵，所以一直在躲。电话更是不敢接。,"标题：一想到见人就想躲

正文：最近只要要和人说话就会发怵，所以一直在躲。电话更是不敢接。",,"social_withdrawal,anxiety",medium,,,,"social_withdrawal,anxiety",synthetic_v8:social_withdrawal_anxiety; 正文为主，标题为辅,train,synthetic_augmented,,,synthetic_v8,social_withdrawal_anxiety
,,synv8_011_social_withdrawal_anxiety,synv8_0202,synthetic_v8,synthetic_v8,最近又开始回避所有人,开学以后进教室前就会开始心慌，能不出门就不出门。连去食堂都挑人少的时候。,"标题：最近又开始回避所有人

正文：开学以后进教室前就会开始心慌，能不出门就不出门。连去食堂都挑人少的时候。",,"social_withdrawal,anxiety",medium,,,,"social_withdrawal,anxiety",synthetic_v8:social_withdrawal_anxiety; 正文为主，标题为辅,train,synthetic_augmented,,,synthetic_v8,social_withdrawal_anxiety
,,synv8_012_social_withdrawal_anxiety,synv8_0203,synthetic_v8,synthetic_v8,最近又开始回避所有人,最近只要要和人说话就会发怵，所以一直在躲。连去食堂都挑人少的时候。,"标题：最近又开始回避所有人

正文：最近只要要和人说话就会发怵，所以一直在躲。连去食堂都挑人少的时候。",,"social_withdrawal,anxiety",medium,,,,"social_withdrawal,anxiety",synthetic_v8:social_withdrawal_anxiety; 正文为主，标题为辅,train,synthetic_augmented,,,synthetic_v8,social_withdrawal_anxiety
,,synv8_013_social_withdrawal_anxiety,synv8_0204,synthetic_v8,synthetic_v8,最近又开始回避所有人,最近只要要和人说话就会发怵，能不出门就不出门。电话更是不敢接。,"标题：最近又开始回避所有人

正文：最近只要要和人说话就会发怵，能不出门就不出门。电话更是不敢接。",,"social_withdrawal,anxiety",medium,,,,"social_withdrawal,anxiety",synthetic_v8:social_withdrawal_anxiety; 正文为主，标题为辅,train,synthetic_augmented,,,synthetic_v8,social_withdrawal_anxiety
,,synv8_014_social_withdrawal_anxiety,synv8_0205,synthetic_v8,synthetic_v8,一想到见人就想躲,开学以后进教室前就会开始心慌，所以一直在躲。电话更是不敢接。,"标题：一想到见人就想躲

正文：开学以后进教室前就会开始心慌，所以一直在躲。电话更是不敢接。",,"social_withdrawal,anxiety",medium,,,,"social_withdrawal,anxiety",synthetic_v8:social_withdrawal_anxiety; 正文为主，标题为辅,train,synthetic_augmented,,,synthetic_v8,social_withdrawal_anxiety
,,synv8_015_social_withdrawal_anxiety,synv8_0206,synthetic_v8,synthetic_v8,最近又开始回避所有人,最近一想到要见人就紧张，最后经常装作没看见。消息也不敢回。,"标题：最近又开始回避所有人

正文：最近一想到要见人就紧张，最后经常装作没看见。消息也不敢回。",,"social_withdrawal,anxiety",medium,,,,"social_withdrawal,anxiety",synthetic_v8:social_withdrawal_anxiety; 正文为主，标题为辅,train,synthetic_augmented,,,synthetic_v8,social_withdrawal_anxiety
,,synv8_016_social_withdrawal_anxiety,synv8_0207,synthetic_v8,synthetic_v8,总害怕别人注意我,最近只要要和人说话就会发怵，所以一直在躲。消息也不敢回。,"标题：总害怕别人注意我

正文：最近只要要和人说话就会发怵，所以一直在躲。消息也不敢回。",,"social_withdrawal,anxiety",medium,,,,"social_withdrawal,anxiety",synthetic_v8:social_withdrawal_anxiety; 正文为主，标题为辅,train,synthetic_augmented,,,synthetic_v8,social_withdrawal_anxiety
,,synv8_017_social_withdrawal_anxiety,synv8_0208,synthetic_v8,synthetic_v8,一想到见人就想躲,最近一想到要见人就紧张，最后经常装作没看见。连去食堂都挑人少的时候。,"标题：一想到见人就想躲

正文：最近一想到要见人就紧张，最后经常装作没看见。连去食堂都挑人少的时候。",,"social_withdrawal,anxiety",medium,,,,"social_withdrawal,anxiety",synthetic_v8:social_withdrawal_anxiety; 正文为主，标题为辅,train,synthetic_augmented,,,synthetic_v8,social_withdrawal_anxiety
,,synv8_018_social_withdrawal_anxiety,synv8_0209,synthetic_v8,synthetic_v8,总害怕别人注意我,最近进教室前就会开始心慌，所以一直在躲。电话更是不敢接。,"标题：总害怕别人注意我

正文：最近进教室前就会开始心慌，所以一直在躲。电话更是不敢接。",,"social_withdrawal,anxiety",medium,,,,"social_withdrawal,anxiety",synthetic_v8:social_withdrawal_anxiety; 正文为主，标题为辅,train,synthetic_augmented,,,synthetic_v8,social_withdrawal_anxiety
,,synv8_019_social_withdrawal_anxiety,synv8_0210,synthetic_v8,synthetic_v8,一想到见人就想躲,最近进教室前就会开始心慌，能不出门就不出门。消息也不敢回。,"标题：一想到见人就想躲

正文：最近进教室前就会开始心慌，能不出门就不出门。消息也不敢回。",,"social_withdrawal,anxiety",medium,,,,"social_withdrawal,anxiety",synthetic_v8:social_withdrawal_anxiety; 正文为主，标题为辅,train,synthetic_augmented,,,synthetic_v8,social_withdrawal_anxiety
,,synv8_020_social_withdrawal_anxiety,synv8_0211,synthetic_v8,synthetic_v8,一想到见人就想躲,开学以后一想到要见人就紧张，所以一直在躲。消息也不敢回。,"标题：一想到见人就想躲

正文：开学以后一想到要见人就紧张，所以一直在躲。消息也不敢回。",,"social_withdrawal,anxiety",medium,,,,"social_withdrawal,anxiety",synthetic_v8:social_withdrawal_anxiety; 正文为主，标题为辅,train,synthetic_augmented,,,synthetic_v8,social_withdrawal_anxiety
,,synv8_021_social_withdrawal_anxiety,synv8_0212,synthetic_v8,synthetic_v8,最近又开始回避所有人,开学以后只要要和人说话就会发怵，能不出门就不出门。连去食堂都挑人少的时候。,"标题：最近又开始回避所有人

正文：开学以后只要要和人说话就会发怵，能不出门就不出门。连去食堂都挑人少的时候。",,"social_withdrawal,anxiety",medium,,,,"social_withdrawal,anxiety",synthetic_v8:social_withdrawal_anxiety; 正文为主，标题为辅,train,synthetic_augmented,,,synthetic_v8,social_withdrawal_anxiety
,,synv8_022_social_withdrawal_anxiety,synv8_0213,synthetic_v8,synthetic_v8,社交越拖越怕,最近一想到要见人就紧张，所以一直在躲。消息也不敢回。,"标题：社交越拖越怕

正文：最近一想到要见人就紧张，所以一直在躲。消息也不敢回。",,"social_withdrawal,anxiety",medium,,,,"social_withdrawal,anxiety",synthetic_v8:social_withdrawal_anxiety; 正文为主，标题为辅,train,synthetic_augmented,,,synthetic_v8,social_withdrawal_anxiety
,,synv8_023_social_withdrawal_anxiety,synv8_0214,synthetic_v8,synthetic_v8,社交越拖越怕,这学期进教室前就会开始心慌，最后经常装作没看见。电话更是不敢接。,"标题：社交越拖越怕

正文：这学期进教室前就会开始心慌，最后经常装作没看见。电话更是不敢接。",,"social_withdrawal,anxiety",medium,,,,"social_withdrawal,anxiety",synthetic_v8:social_withdrawal_anxiety; 正文为主，标题为辅,train,synthetic_augmented,,,synthetic_v8,social_withdrawal_anxiety
,,synv8_024_social_withdrawal_anxiety,synv8_0215,synthetic_v8,synthetic_v8,社交越拖越怕,这学期只要要和人说话就会发怵，能不出门就不出门。消息也不敢回。,"标题：社交越拖越怕

正文：这学期只要要和人说话就会发怵，能不出门就不出门。消息也不敢回。",,"social_withdrawal,anxiety",medium,,,,"social_withdrawal,anxiety",synthetic_v8:social_withdrawal_anxiety; 正文为主，标题为辅,train,synthetic_augmented,,,synthetic_v8,social_withdrawal_anxiety
,,synv8_000_academic_stress_anxiety,synv8_0216,synthetic_v8,synthetic_v8,论文卡住整个人都在抖,这周作业考试一起压过来，每天都在想会不会完蛋。我真的有点顶不住。,"标题：论文卡住整个人都在抖

正文：这周作业考试一起压过来，每天都在想会不会完蛋。我真的有点顶不住。",,"academic_stress,anxiety",medium,,,,"academic_stress,anxiety",synthetic_v8:academic_stress_anxiety; 正文为主，标题为辅,train,synthetic_augmented,,,synthetic_v8,academic_stress_anxiety
,,synv8_001_academic_stress_anxiety,synv8_0217,synthetic_v8,synthetic_v8,快答辩了我好慌,最近论文和实验堆在一起，晚上躺下脑子也停不下来。现在已经影响吃饭和睡觉。,"标题：快答辩了我好慌

正文：最近论文和实验堆在一起，晚上躺下脑子也停不下来。现在已经影响吃饭和睡觉。",,"academic_stress,anxiety",medium,,,,"academic_stress,anxiety",synthetic_v8:academic_stress_anxiety; 正文为主，标题为辅,train,synthetic_augmented,,,synthetic_v8,academic_stress_anxiety
,,synv8_002_academic_stress_anxiety,synv8_0218,synthetic_v8,synthetic_v8,一想到考试就开始心慌,这周复试复习完全乱了，一看书就开始心跳快。我真的有点顶不住。,"标题：一想到考试就开始心慌

正文：这周复试复习完全乱了，一看书就开始心跳快。我真的有点顶不住。",,"academic_stress,anxiety",medium,,,,"academic_stress,anxiety",synthetic_v8:academic_stress_anxiety; 正文为主，标题为辅,train,synthetic_augmented,,,synthetic_v8,academic_stress_anxiety
,,synv8_003_academic_stress_anxiety,synv8_0219,synthetic_v8,synthetic_v8,快答辩了我好慌,这几天作业考试一起压过来，每天都在想会不会完蛋。总觉得下一秒就要崩掉。,"标题：快答辩了我好慌

正文：这几天作业考试一起压过来，每天都在想会不会完蛋。总觉得下一秒就要崩掉。",,"academic_stress,anxiety",medium,,,,"academic_stress,anxiety",synthetic_v8:academic_stress_anxiety; 正文为主，标题为辅,train,synthetic_augmented,,,synthetic_v8,academic_stress_anxiety
,,synv8_004_academic_stress_anxiety,synv8_0220,synthetic_v8,synthetic_v8,快答辩了我好慌,这周复试复习完全乱了，每天都在想会不会完蛋。现在已经影响吃饭和睡觉。,"标题：快答辩了我好慌

正文：这周复试复习完全乱了，每天都在想会不会完蛋。现在已经影响吃饭和睡觉。",,"academic_stress,anxiety",medium,,,,"academic_stress,anxiety",synthetic_v8:academic_stress_anxiety; 正文为主，标题为辅,train,synthetic_augmented,,,synthetic_v8,academic_stress_anxiety
,,synv8_005_academic_stress_anxiety,synv8_0221,synthetic_v8,synthetic_v8,复试只剩几天了睡不着,这周论文和实验堆在一起，一看书就开始心跳快。我真的有点顶不住。,"标题：复试只剩几天了睡不着

正文：这周论文和实验堆在一起，一看书就开始心跳快。我真的有点顶不住。",,"academic_stress,anxiety",medium,,,,"academic_stress,anxiety",synthetic_v8:academic_stress_anxiety; 正文为主，标题为辅,train,synthetic_augmented,,,synthetic_v8,academic_stress_anxiety
,,synv8_006_academic_stress_anxiety,synv8_0222,synthetic_v8,synthetic_v8,复试只剩几天了睡不着,这几天论文和实验堆在一起，一看书就开始心跳快。我真的有点顶不住。,"标题：复试只剩几天了睡不着

正文：这几天论文和实验堆在一起，一看书就开始心跳快。我真的有点顶不住。",,"academic_stress,anxiety",medium,,,,"academic_stress,anxiety",synthetic_v8:academic_stress_anxiety; 正文为主，标题为辅,train,synthetic_augmented,,,synthetic_v8,academic_stress_anxiety
,,synv8_007_academic_stress_anxiety,synv8_0223,synthetic_v8,synthetic_v8,保研材料还没搞完我快疯了,最近复试复习完全乱了，一看书就开始心跳快。我真的有点顶不住。,"标题：保研材料还没搞完我快疯了

正文：最近复试复习完全乱了，一看书就开始心跳快。我真的有点顶不住。",,"academic_stress,anxiety",medium,,,,"academic_stress,anxiety",synthetic_v8:academic_stress_anxiety; 正文为主，标题为辅,train,synthetic_augmented,,,synthetic_v8,academic_stress_anxiety
,,synv8_008_academic_stress_anxiety,synv8_0224,synthetic_v8,synthetic_v8,复试只剩几天了睡不着,这几天作业考试一起压过来，一看书就开始心跳快。我真的有点顶不住。,"标题：复试只剩几天了睡不着

正文：这几天作业考试一起压过来，一看书就开始心跳快。我真的有点顶不住。",,"academic_stress,anxiety",medium,,,,"academic_stress,anxiety",synthetic_v8:academic_stress_anxiety; 正文为主，标题为辅,train,synthetic_augmented,,,synthetic_v8,academic_stress_anxiety
,,synv8_009_academic_stress_anxiety,synv8_0225,synthetic_v8,synthetic_v8,复试只剩几天了睡不着,这周论文和实验堆在一起，一看书就开始心跳快。总觉得下一秒就要崩掉。,"标题：复试只剩几天了睡不着

正文：这周论文和实验堆在一起，一看书就开始心跳快。总觉得下一秒就要崩掉。",,"academic_stress,anxiety",medium,,,,"academic_stress,anxiety",synthetic_v8:academic_stress_anxiety; 正文为主，标题为辅,train,synthetic_augmented,,,synthetic_v8,academic_stress_anxiety
,,synv8_010_academic_stress_anxiety,synv8_0226,synthetic_v8,synthetic_v8,保研材料还没搞完我快疯了,这几天论文和实验堆在一起，晚上躺下脑子也停不下来。我真的有点顶不住。,"标题：保研材料还没搞完我快疯了

正文：这几天论文和实验堆在一起，晚上躺下脑子也停不下来。我真的有点顶不住。",,"academic_stress,anxiety",medium,,,,"academic_stress,anxiety",synthetic_v8:academic_stress_anxiety; 正文为主，标题为辅,train,synthetic_augmented,,,synthetic_v8,academic_stress_anxiety
,,synv8_011_academic_stress_anxiety,synv8_0227,synthetic_v8,synthetic_v8,保研材料还没搞完我快疯了,这几天作业考试一起压过来，一看书就开始心跳快。现在已经影响吃饭和睡觉。,"标题：保研材料还没搞完我快疯了

正文：这几天作业考试一起压过来，一看书就开始心跳快。现在已经影响吃饭和睡觉。",,"academic_stress,anxiety",medium,,,,"academic_stress,anxiety",synthetic_v8:academic_stress_anxiety; 正文为主，标题为辅,train,synthetic_augmented,,,synthetic_v8,academic_stress_anxiety
,,synv8_012_academic_stress_anxiety,synv8_0228,synthetic_v8,synthetic_v8,快答辩了我好慌,最近作业考试一起压过来，一看书就开始心跳快。现在已经影响吃饭和睡觉。,"标题：快答辩了我好慌

正文：最近作业考试一起压过来，一看书就开始心跳快。现在已经影响吃饭和睡觉。",,"academic_stress,anxiety",medium,,,,"academic_stress,anxiety",synthetic_v8:academic_stress_anxiety; 正文为主，标题为辅,train,synthetic_augmented,,,synthetic_v8,academic_stress_anxiety
,,synv8_013_academic_stress_anxiety,synv8_0229,synthetic_v8,synthetic_v8,保研材料还没搞完我快疯了,这几天复试复习完全乱了，每天都在想会不会完蛋。总觉得下一秒就要崩掉。,"标题：保研材料还没搞完我快疯了

正文：这几天复试复习完全乱了，每天都在想会不会完蛋。总觉得下一秒就要崩掉。",,"academic_stress,anxiety",medium,,,,"academic_stress,anxiety",synthetic_v8:academic_stress_anxiety; 正文为主，标题为辅,train,synthetic_augmented,,,synthetic_v8,academic_stress_anxiety
,,synv8_014_academic_stress_anxiety,synv8_0230,synthetic_v8,synthetic_v8,一想到考试就开始心慌,这周复试复习完全乱了，一看书就开始心跳快。总觉得下一秒就要崩掉。,"标题：一想到考试就开始心慌

正文：这周复试复习完全乱了，一看书就开始心跳快。总觉得下一秒就要崩掉。",,"academic_stress,anxiety",medium,,,,"academic_stress,anxiety",synthetic_v8:academic_stress_anxiety; 正文为主，标题为辅,train,synthetic_augmented,,,synthetic_v8,academic_stress_anxiety
,,synv8_015_academic_stress_anxiety,synv8_0231,synthetic_v8,synthetic_v8,论文卡住整个人都在抖,这几天作业考试一起压过来，晚上躺下脑子也停不下来。现在已经影响吃饭和睡觉。,"标题：论文卡住整个人都在抖

正文：这几天作业考试一起压过来，晚上躺下脑子也停不下来。现在已经影响吃饭和睡觉。",,"academic_stress,anxiety",medium,,,,"academic_stress,anxiety",synthetic_v8:academic_stress_anxiety; 正文为主，标题为辅,train,synthetic_augmented,,,synthetic_v8,academic_stress_anxiety
,,synv8_016_academic_stress_anxiety,synv8_0232,synthetic_v8,synthetic_v8,快答辩了我好慌,这周复试复习完全乱了，晚上躺下脑子也停不下来。现在已经影响吃饭和睡觉。,"标题：快答辩了我好慌

正文：这周复试复习完全乱了，晚上躺下脑子也停不下来。现在已经影响吃饭和睡觉。",,"academic_stress,anxiety",medium,,,,"academic_stress,anxiety",synthetic_v8:academic_stress_anxiety; 正文为主，标题为辅,train,synthetic_augmented,,,synthetic_v8,academic_stress_anxiety
,,synv8_017_academic_stress_anxiety,synv8_0233,synthetic_v8,synthetic_v8,快答辩了我好慌,这几天复试复习完全乱了，每天都在想会不会完蛋。总觉得下一秒就要崩掉。,"标题：快答辩了我好慌

正文：这几天复试复习完全乱了，每天都在想会不会完蛋。总觉得下一秒就要崩掉。",,"academic_stress,anxiety",medium,,,,"academic_stress,anxiety",synthetic_v8:academic_stress_anxiety; 正文为主，标题为辅,train,synthetic_augmented,,,synthetic_v8,academic_stress_anxiety
,,synv8_018_academic_stress_anxiety,synv8_0234,synthetic_v8,synthetic_v8,论文卡住整个人都在抖,这周论文和实验堆在一起，晚上躺下脑子也停不下来。我真的有点顶不住。,"标题：论文卡住整个人都在抖

正文：这周论文和实验堆在一起，晚上躺下脑子也停不下来。我真的有点顶不住。",,"academic_stress,anxiety",medium,,,,"academic_stress,anxiety",synthetic_v8:academic_stress_anxiety; 正文为主，标题为辅,train,synthetic_augmented,,,synthetic_v8,academic_stress_anxiety
,,synv8_019_academic_stress_anxiety,synv8_0235,synthetic_v8,synthetic_v8,论文卡住整个人都在抖,这几天论文和实验堆在一起，晚上躺下脑子也停不下来。现在已经影响吃饭和睡觉。,"标题：论文卡住整个人都在抖

正文：这几天论文和实验堆在一起，晚上躺下脑子也停不下来。现在已经影响吃饭和睡觉。",,"academic_stress,anxiety",medium,,,,"academic_stress,anxiety",synthetic_v8:academic_stress_anxiety; 正文为主，标题为辅,train,synthetic_augmented,,,synthetic_v8,academic_stress_anxiety
,,synv8_020_academic_stress_anxiety,synv8_0236,synthetic_v8,synthetic_v8,复试只剩几天了睡不着,最近作业考试一起压过来，每天都在想会不会完蛋。总觉得下一秒就要崩掉。,"标题：复试只剩几天了睡不着

正文：最近作业考试一起压过来，每天都在想会不会完蛋。总觉得下一秒就要崩掉。",,"academic_stress,anxiety",medium,,,,"academic_stress,anxiety",synthetic_v8:academic_stress_anxiety; 正文为主，标题为辅,train,synthetic_augmented,,,synthetic_v8,academic_stress_anxiety
,,synv8_021_academic_stress_anxiety,synv8_0237,synthetic_v8,synthetic_v8,一想到考试就开始心慌,最近作业考试一起压过来，每天都在想会不会完蛋。我真的有点顶不住。,"标题：一想到考试就开始心慌

正文：最近作业考试一起压过来，每天都在想会不会完蛋。我真的有点顶不住。",,"academic_stress,anxiety",medium,,,,"academic_stress,anxiety",synthetic_v8:academic_stress_anxiety; 正文为主，标题为辅,train,synthetic_augmented,,,synthetic_v8,academic_stress_anxiety
,,synv8_022_academic_stress_anxiety,synv8_0238,synthetic_v8,synthetic_v8,一想到考试就开始心慌,这几天论文和实验堆在一起，一看书就开始心跳快。现在已经影响吃饭和睡觉。,"标题：一想到考试就开始心慌

正文：这几天论文和实验堆在一起，一看书就开始心跳快。现在已经影响吃饭和睡觉。",,"academic_stress,anxiety",medium,,,,"academic_stress,anxiety",synthetic_v8:academic_stress_anxiety; 正文为主，标题为辅,train,synthetic_augmented,,,synthetic_v8,academic_stress_anxiety
,,synv8_023_academic_stress_anxiety,synv8_0239,synthetic_v8,synthetic_v8,复试只剩几天了睡不着,最近论文和实验堆在一起，晚上躺下脑子也停不下来。总觉得下一秒就要崩掉。,"标题：复试只剩几天了睡不着

正文：最近论文和实验堆在一起，晚上躺下脑子也停不下来。总觉得下一秒就要崩掉。",,"academic_stress,anxiety",medium,,,,"academic_stress,anxiety",synthetic_v8:academic_stress_anxiety; 正文为主，标题为辅,train,synthetic_augmented,,,synthetic_v8,academic_stress_anxiety
,,synv8_024_academic_stress_anxiety,synv8_0240,synthetic_v8,synthetic_v8,一想到考试就开始心慌,最近论文和实验堆在一起，一看书就开始心跳快。总觉得下一秒就要崩掉。,"标题：一想到考试就开始心慌

正文：最近论文和实验堆在一起，一看书就开始心跳快。总觉得下一秒就要崩掉。",,"academic_stress,anxiety",medium,,,,"academic_stress,anxiety",synthetic_v8:academic_stress_anxiety; 正文为主，标题为辅,train,synthetic_augmented,,,synthetic_v8,academic_stress_anxiety
,,synv8_025_academic_stress_anxiety,synv8_0241,synthetic_v8,synthetic_v8,论文卡住整个人都在抖,这几天复试复习完全乱了，每天都在想会不会完蛋。我真的有点顶不住。,"标题：论文卡住整个人都在抖

正文：这几天复试复习完全乱了，每天都在想会不会完蛋。我真的有点顶不住。",,"academic_stress,anxiety",medium,,,,"academic_stress,anxiety",synthetic_v8:academic_stress_anxiety; 正文为主，标题为辅,train,synthetic_augmented,,,synthetic_v8,academic_stress_anxiety
,,synv8_026_academic_stress_anxiety,synv8_0242,synthetic_v8,synthetic_v8,一想到考试就开始心慌,这几天作业考试一起压过来，一看书就开始心跳快。总觉得下一秒就要崩掉。,"标题：一想到考试就开始心慌

正文：这几天作业考试一起压过来，一看书就开始心跳快。总觉得下一秒就要崩掉。",,"academic_stress,anxiety",medium,,,,"academic_stress,anxiety",synthetic_v8:academic_stress_anxiety; 正文为主，标题为辅,train,synthetic_augmented,,,synthetic_v8,academic_stress_anxiety
,,synv8_027_academic_stress_anxiety,synv8_0243,synthetic_v8,synthetic_v8,快答辩了我好慌,这周论文和实验堆在一起，晚上躺下脑子也停不下来。总觉得下一秒就要崩掉。,"标题：快答辩了我好慌

正文：这周论文和实验堆在一起，晚上躺下脑子也停不下来。总觉得下一秒就要崩掉。",,"academic_stress,anxiety",medium,,,,"academic_stress,anxiety",synthetic_v8:academic_stress_anxiety; 正文为主，标题为辅,train,synthetic_augmented,,,synthetic_v8,academic_stress_anxiety
,,synv8_028_academic_stress_anxiety,synv8_0244,synthetic_v8,synthetic_v8,保研材料还没搞完我快疯了,这几天复试复习完全乱了，晚上躺下脑子也停不下来。总觉得下一秒就要崩掉。,"标题：保研材料还没搞完我快疯了

正文：这几天复试复习完全乱了，晚上躺下脑子也停不下来。总觉得下一秒就要崩掉。",,"academic_stress,anxiety",medium,,,,"academic_stress,anxiety",synthetic_v8:academic_stress_anxiety; 正文为主，标题为辅,train,synthetic_augmented,,,synthetic_v8,academic_stress_anxiety
,,synv8_029_academic_stress_anxiety,synv8_0245,synthetic_v8,synthetic_v8,保研材料还没搞完我快疯了,这周论文和实验堆在一起，晚上躺下脑子也停不下来。总觉得下一秒就要崩掉。,"标题：保研材料还没搞完我快疯了

正文：这周论文和实验堆在一起，晚上躺下脑子也停不下来。总觉得下一秒就要崩掉。",,"academic_stress,anxiety",medium,,,,"academic_stress,anxiety",synthetic_v8:academic_stress_anxiety; 正文为主，标题为辅,train,synthetic_augmented,,,synthetic_v8,academic_stress_anxiety
,,synv8_030_academic_stress_anxiety,synv8_0246,synthetic_v8,synthetic_v8,保研材料还没搞完我快疯了,这几天论文和实验堆在一起，晚上躺下脑子也停不下来。总觉得下一秒就要崩掉。,"标题：保研材料还没搞完我快疯了

正文：这几天论文和实验堆在一起，晚上躺下脑子也停不下来。总觉得下一秒就要崩掉。",,"academic_stress,anxiety",medium,,,,"academic_stress,anxiety",synthetic_v8:academic_stress_anxiety; 正文为主，标题为辅,train,synthetic_augmented,,,synthetic_v8,academic_stress_anxiety
,,synv8_031_academic_stress_anxiety,synv8_0247,synthetic_v8,synthetic_v8,一想到考试就开始心慌,这周论文和实验堆在一起，每天都在想会不会完蛋。我真的有点顶不住。,"标题：一想到考试就开始心慌

正文：这周论文和实验堆在一起，每天都在想会不会完蛋。我真的有点顶不住。",,"academic_stress,anxiety",medium,,,,"academic_stress,anxiety",synthetic_v8:academic_stress_anxiety; 正文为主，标题为辅,train,synthetic_augmented,,,synthetic_v8,academic_stress_anxiety
,,synv8_032_academic_stress_anxiety,synv8_0248,synthetic_v8,synthetic_v8,一想到考试就开始心慌,这周作业考试一起压过来，一看书就开始心跳快。总觉得下一秒就要崩掉。,"标题：一想到考试就开始心慌

正文：这周作业考试一起压过来，一看书就开始心跳快。总觉得下一秒就要崩掉。",,"academic_stress,anxiety",medium,,,,"academic_stress,anxiety",synthetic_v8:academic_stress_anxiety; 正文为主，标题为辅,train,synthetic_augmented,,,synthetic_v8,academic_stress_anxiety
,,synv8_033_academic_stress_anxiety,synv8_0249,synthetic_v8,synthetic_v8,保研材料还没搞完我快疯了,最近复试复习完全乱了，一看书就开始心跳快。现在已经影响吃饭和睡觉。,"标题：保研材料还没搞完我快疯了

正文：最近复试复习完全乱了，一看书就开始心跳快。现在已经影响吃饭和睡觉。",,"academic_stress,anxiety",medium,,,,"academic_stress,anxiety",synthetic_v8:academic_stress_anxiety; 正文为主，标题为辅,train,synthetic_augmented,,,synthetic_v8,academic_stress_anxiety
,,synv8_034_academic_stress_anxiety,synv8_0250,synthetic_v8,synthetic_v8,快答辩了我好慌,最近作业考试一起压过来，晚上躺下脑子也停不下来。现在已经影响吃饭和睡觉。,"标题：快答辩了我好慌

正文：最近作业考试一起压过来，晚上躺下脑子也停不下来。现在已经影响吃饭和睡觉。",,"academic_stress,anxiety",medium,,,,"academic_stress,anxiety",synthetic_v8:academic_stress_anxiety; 正文为主，标题为辅,train,synthetic_augmented,,,synthetic_v8,academic_stress_anxiety
,,synv8_035_academic_stress_anxiety,synv8_0251,synthetic_v8,synthetic_v8,复试只剩几天了睡不着,最近复试复习完全乱了，一看书就开始心跳快。我真的有点顶不住。,"标题：复试只剩几天了睡不着

正文：最近复试复习完全乱了，一看书就开始心跳快。我真的有点顶不住。",,"academic_stress,anxiety",medium,,,,"academic_stress,anxiety",synthetic_v8:academic_stress_anxiety; 正文为主，标题为辅,train,synthetic_augmented,,,synthetic_v8,academic_stress_anxiety
,,synv8_036_academic_stress_anxiety,synv8_0252,synthetic_v8,synthetic_v8,一想到考试就开始心慌,最近复试复习完全乱了，晚上躺下脑子也停不下来。总觉得下一秒就要崩掉。,"标题：一想到考试就开始心慌

正文：最近复试复习完全乱了，晚上躺下脑子也停不下来。总觉得下一秒就要崩掉。",,"academic_stress,anxiety",medium,,,,"academic_stress,anxiety",synthetic_v8:academic_stress_anxiety; 正文为主，标题为辅,train,synthetic_augmented,,,synthetic_v8,academic_stress_anxiety
,,synv8_037_academic_stress_anxiety,synv8_0253,synthetic_v8,synthetic_v8,复试只剩几天了睡不着,这周作业考试一起压过来，一看书就开始心跳快。总觉得下一秒就要崩掉。,"标题：复试只剩几天了睡不着

正文：这周作业考试一起压过来，一看书就开始心跳快。总觉得下一秒就要崩掉。",,"academic_stress,anxiety",medium,,,,"academic_stress,anxiety",synthetic_v8:academic_stress_anxiety; 正文为主，标题为辅,train,synthetic_augmented,,,synthetic_v8,academic_stress_anxiety
,,synv8_038_academic_stress_anxiety,synv8_0254,synthetic_v8,synthetic_v8,保研材料还没搞完我快疯了,这几天复试复习完全乱了，一看书就开始心跳快。我真的有点顶不住。,"标题：保研材料还没搞完我快疯了

正文：这几天复试复习完全乱了，一看书就开始心跳快。我真的有点顶不住。",,"academic_stress,anxiety",medium,,,,"academic_stress,anxiety",synthetic_v8:academic_stress_anxiety; 正文为主，标题为辅,train,synthetic_augmented,,,synthetic_v8,academic_stress_anxiety
,,synv8_039_academic_stress_anxiety,synv8_0255,synthetic_v8,synthetic_v8,复试只剩几天了睡不着,这周作业考试一起压过来，一看书就开始心跳快。我真的有点顶不住。,"标题：复试只剩几天了睡不着

正文：这周作业考试一起压过来，一看书就开始心跳快。我真的有点顶不住。",,"academic_stress,anxiety",medium,,,,"academic_stress,anxiety",synthetic_v8:academic_stress_anxiety; 正文为主，标题为辅,train,synthetic_augmented,,,synthetic_v8,academic_stress_anxiety
,,synv8_000_academic_stress_depression,synv8_0256,synthetic_v8,synthetic_v8,考研失利以后一直缓不过来,考研结果出来之后整个人都提不起劲，学习的事压着我喘不过气。,"标题：考研失利以后一直缓不过来

正文：考研结果出来之后整个人都提不起劲，学习的事压着我喘不过气。",,"academic_stress,depression",medium,,,,"academic_stress,depression",synthetic_v8:academic_stress_depression; 正文为主，标题为辅,train,synthetic_augmented,,,synthetic_v8,academic_stress_depression
,,synv8_001_academic_stress_depression,synv8_0257,synthetic_v8,synthetic_v8,成绩出来以后整个人都垮了,考研结果出来之后整个人都提不起劲，学习的事压着我喘不过气。,"标题：成绩出来以后整个人都垮了

正文：考研结果出来之后整个人都提不起劲，学习的事压着我喘不过气。",,"academic_stress,depression",medium,,,,"academic_stress,depression",synthetic_v8:academic_stress_depression; 正文为主，标题为辅,train,synthetic_augmented,,,synthetic_v8,academic_stress_depression
,,synv8_002_academic_stress_depression,synv8_0258,synthetic_v8,synthetic_v8,考研失利以后一直缓不过来,成绩出来以后整个人都提不起劲，学习的事压着我喘不过气。,"标题：考研失利以后一直缓不过来

正文：成绩出来以后整个人都提不起劲，学习的事压着我喘不过气。",,"academic_stress,depression",medium,,,,"academic_stress,depression",synthetic_v8:academic_stress_depression; 正文为主，标题为辅,train,synthetic_augmented,,,synthetic_v8,academic_stress_depression
,,synv8_003_academic_stress_depression,synv8_0259,synthetic_v8,synthetic_v8,复读这事让我越来越压抑,考研结果出来之后一直在怀疑自己是不是不行，学习的事压着我喘不过气。,"标题：复读这事让我越来越压抑

正文：考研结果出来之后一直在怀疑自己是不是不行，学习的事压着我喘不过气。",,"academic_stress,depression",medium,,,,"academic_stress,depression",synthetic_v8:academic_stress_depression; 正文为主，标题为辅,train,synthetic_augmented,,,synthetic_v8,academic_stress_depression
,,synv8_004_academic_stress_depression,synv8_0260,synthetic_v8,synthetic_v8,复读这事让我越来越压抑,这次答辩被卡住以后整个人都提不起劲，现在对很多事都没兴趣。,"标题：复读这事让我越来越压抑

正文：这次答辩被卡住以后整个人都提不起劲，现在对很多事都没兴趣。",,"academic_stress,depression",medium,,,,"academic_stress,depression",synthetic_v8:academic_stress_depression; 正文为主，标题为辅,train,synthetic_augmented,,,synthetic_v8,academic_stress_depression
,,synv8_005_academic_stress_depression,synv8_0261,synthetic_v8,synthetic_v8,考研失利以后一直缓不过来,这次答辩被卡住以后一直在怀疑自己是不是不行，现在对很多事都没兴趣。,"标题：考研失利以后一直缓不过来

正文：这次答辩被卡住以后一直在怀疑自己是不是不行，现在对很多事都没兴趣。",,"academic_stress,depression",medium,,,,"academic_stress,depression",synthetic_v8:academic_stress_depression; 正文为主，标题为辅,train,synthetic_augmented,,,synthetic_v8,academic_stress_depression
,,synv8_006_academic_stress_depression,synv8_0262,synthetic_v8,synthetic_v8,成绩出来以后整个人都垮了,考研结果出来之后整个人都提不起劲，现在对很多事都没兴趣。,"标题：成绩出来以后整个人都垮了

正文：考研结果出来之后整个人都提不起劲，现在对很多事都没兴趣。",,"academic_stress,depression",medium,,,,"academic_stress,depression",synthetic_v8:academic_stress_depression; 正文为主，标题为辅,train,synthetic_augmented,,,synthetic_v8,academic_stress_depression
,,synv8_007_academic_stress_depression,synv8_0263,synthetic_v8,synthetic_v8,论文不过感觉自己废了,考研结果出来之后一直在怀疑自己是不是不行，学习的事压着我喘不过气。,"标题：论文不过感觉自己废了

正文：考研结果出来之后一直在怀疑自己是不是不行，学习的事压着我喘不过气。",,"academic_stress,depression",medium,,,,"academic_stress,depression",synthetic_v8:academic_stress_depression; 正文为主，标题为辅,train,synthetic_augmented,,,synthetic_v8,academic_stress_depression
,,synv8_008_academic_stress_depression,synv8_0264,synthetic_v8,synthetic_v8,论文不过感觉自己废了,这次答辩被卡住以后整个人都提不起劲，学习的事压着我喘不过气。,"标题：论文不过感觉自己废了

正文：这次答辩被卡住以后整个人都提不起劲，学习的事压着我喘不过气。",,"academic_stress,depression",medium,,,,"academic_stress,depression",synthetic_v8:academic_stress_depression; 正文为主，标题为辅,train,synthetic_augmented,,,synthetic_v8,academic_stress_depression
,,synv8_009_academic_stress_depression,synv8_0265,synthetic_v8,synthetic_v8,考研失利以后一直缓不过来,成绩出来以后一直在怀疑自己是不是不行，现在对很多事都没兴趣。,"标题：考研失利以后一直缓不过来

正文：成绩出来以后一直在怀疑自己是不是不行，现在对很多事都没兴趣。",,"academic_stress,depression",medium,,,,"academic_stress,depression",synthetic_v8:academic_stress_depression; 正文为主，标题为辅,train,synthetic_augmented,,,synthetic_v8,academic_stress_depression
,,synv8_010_academic_stress_depression,synv8_0266,synthetic_v8,synthetic_v8,成绩出来以后整个人都垮了,成绩出来以后每天都觉得很灰，想到后面的安排就更难受。,"标题：成绩出来以后整个人都垮了

正文：成绩出来以后每天都觉得很灰，想到后面的安排就更难受。",,"academic_stress,depression",medium,,,,"academic_stress,depression",synthetic_v8:academic_stress_depression; 正文为主，标题为辅,train,synthetic_augmented,,,synthetic_v8,academic_stress_depression
,,synv8_011_academic_stress_depression,synv8_0267,synthetic_v8,synthetic_v8,考研失利以后一直缓不过来,考研结果出来之后一直在怀疑自己是不是不行，想到后面的安排就更难受。,"标题：考研失利以后一直缓不过来

正文：考研结果出来之后一直在怀疑自己是不是不行，想到后面的安排就更难受。",,"academic_stress,depression",medium,,,,"academic_stress,depression",synthetic_v8:academic_stress_depression; 正文为主，标题为辅,train,synthetic_augmented,,,synthetic_v8,academic_stress_depression
,,synv8_012_academic_stress_depression,synv8_0268,synthetic_v8,synthetic_v8,成绩出来以后整个人都垮了,考研结果出来之后每天都觉得很灰，现在对很多事都没兴趣。,"标题：成绩出来以后整个人都垮了

正文：考研结果出来之后每天都觉得很灰，现在对很多事都没兴趣。",,"academic_stress,depression",medium,,,,"academic_stress,depression",synthetic_v8:academic_stress_depression; 正文为主，标题为辅,train,synthetic_augmented,,,synthetic_v8,academic_stress_depression
,,synv8_013_academic_stress_depression,synv8_0269,synthetic_v8,synthetic_v8,成绩出来以后整个人都垮了,这次答辩被卡住以后整个人都提不起劲，想到后面的安排就更难受。,"标题：成绩出来以后整个人都垮了

正文：这次答辩被卡住以后整个人都提不起劲，想到后面的安排就更难受。",,"academic_stress,depression",medium,,,,"academic_stress,depression",synthetic_v8:academic_stress_depression; 正文为主，标题为辅,train,synthetic_augmented,,,synthetic_v8,academic_stress_depression
,,synv8_014_academic_stress_depression,synv8_0270,synthetic_v8,synthetic_v8,成绩出来以后整个人都垮了,这次答辩被卡住以后一直在怀疑自己是不是不行，想到后面的安排就更难受。,"标题：成绩出来以后整个人都垮了

正文：这次答辩被卡住以后一直在怀疑自己是不是不行，想到后面的安排就更难受。",,"academic_stress,depression",medium,,,,"academic_stress,depression",synthetic_v8:academic_stress_depression; 正文为主，标题为辅,train,synthetic_augmented,,,synthetic_v8,academic_stress_depression
,,synv8_015_academic_stress_depression,synv8_0271,synthetic_v8,synthetic_v8,复读这事让我越来越压抑,考研结果出来之后一直在怀疑自己是不是不行，现在对很多事都没兴趣。,"标题：复读这事让我越来越压抑

正文：考研结果出来之后一直在怀疑自己是不是不行，现在对很多事都没兴趣。",,"academic_stress,depression",medium,,,,"academic_stress,depression",synthetic_v8:academic_stress_depression; 正文为主，标题为辅,train,synthetic_augmented,,,synthetic_v8,academic_stress_depression
,,synv8_016_academic_stress_depression,synv8_0272,synthetic_v8,synthetic_v8,论文不过感觉自己废了,考研结果出来之后每天都觉得很灰，想到后面的安排就更难受。,"标题：论文不过感觉自己废了

正文：考研结果出来之后每天都觉得很灰，想到后面的安排就更难受。",,"academic_stress,depression",medium,,,,"academic_stress,depression",synthetic_v8:academic_stress_depression; 正文为主，标题为辅,train,synthetic_augmented,,,synthetic_v8,academic_stress_depression
,,synv8_017_academic_stress_depression,synv8_0273,synthetic_v8,synthetic_v8,复读这事让我越来越压抑,这次答辩被卡住以后整个人都提不起劲，学习的事压着我喘不过气。,"标题：复读这事让我越来越压抑

正文：这次答辩被卡住以后整个人都提不起劲，学习的事压着我喘不过气。",,"academic_stress,depression",medium,,,,"academic_stress,depression",synthetic_v8:academic_stress_depression; 正文为主，标题为辅,train,synthetic_augmented,,,synthetic_v8,academic_stress_depression
,,synv8_018_academic_stress_depression,synv8_0274,synthetic_v8,synthetic_v8,复读这事让我越来越压抑,成绩出来以后整个人都提不起劲，学习的事压着我喘不过气。,"标题：复读这事让我越来越压抑

正文：成绩出来以后整个人都提不起劲，学习的事压着我喘不过气。",,"academic_stress,depression",medium,,,,"academic_stress,depression",synthetic_v8:academic_stress_depression; 正文为主，标题为辅,train,synthetic_augmented,,,synthetic_v8,academic_stress_depression
,,synv8_019_academic_stress_depression,synv8_0275,synthetic_v8,synthetic_v8,考研失利以后一直缓不过来,考研结果出来之后每天都觉得很灰，想到后面的安排就更难受。,"标题：考研失利以后一直缓不过来

正文：考研结果出来之后每天都觉得很灰，想到后面的安排就更难受。",,"academic_stress,depression",medium,,,,"academic_stress,depression",synthetic_v8:academic_stress_depression; 正文为主，标题为辅,train,synthetic_augmented,,,synthetic_v8,academic_stress_depression
,,synv8_000_depression_only,synv8_0276,synthetic_v8,synthetic_v8,感觉自己越来越空,这段时间整个人都很沉，醒来就觉得累。现在就是很压抑。,"标题：感觉自己越来越空

正文：这段时间整个人都很沉，醒来就觉得累。现在就是很压抑。",,depression,medium,,,,depression,synthetic_v8:depression_only; 正文为主，标题为辅,train,synthetic_augmented,,,synthetic_v8,depression_only
,,synv8_001_depression_only,synv8_0277,synthetic_v8,synthetic_v8,活着像在耗时间,最近心情一直往下掉，不想说话也不想动。现在就是很压抑。,"标题：活着像在耗时间

正文：最近心情一直往下掉，不想说话也不想动。现在就是很压抑。",,depression,medium,,,,depression,synthetic_v8:depression_only; 正文为主，标题为辅,train,synthetic_augmented,,,synthetic_v8,depression_only
,,synv8_002_depression_only,synv8_0278,synthetic_v8,synthetic_v8,最近一直很压抑,这段时间心情一直往下掉，醒来就觉得累。现在就是很压抑。,"标题：最近一直很压抑

正文：这段时间心情一直往下掉，醒来就觉得累。现在就是很压抑。",,depression,medium,,,,depression,synthetic_v8:depression_only; 正文为主，标题为辅,train,synthetic_augmented,,,synthetic_v8,depression_only
,,synv8_003_depression_only,synv8_0279,synthetic_v8,synthetic_v8,活着像在耗时间,这段时间整个人都很沉，明明没发生大事却一直难受。现在就是很压抑。,"标题：活着像在耗时间

正文：这段时间整个人都很沉，明明没发生大事却一直难受。现在就是很压抑。",,depression,medium,,,,depression,synthetic_v8:depression_only; 正文为主，标题为辅,train,synthetic_augmented,,,synthetic_v8,depression_only
,,synv8_004_depression_only,synv8_0280,synthetic_v8,synthetic_v8,感觉自己越来越空,这一个月什么都提不起兴趣，不想说话也不想动。对很多事都没有期待了。,"标题：感觉自己越来越空

正文：这一个月什么都提不起兴趣，不想说话也不想动。对很多事都没有期待了。",,depression,medium,,,,depression,synthetic_v8:depression_only; 正文为主，标题为辅,train,synthetic_augmented,,,synthetic_v8,depression_only
,,synv8_005_depression_only,synv8_0281,synthetic_v8,synthetic_v8,活着像在耗时间,最近什么都提不起兴趣，不想说话也不想动。现在就是很压抑。,"标题：活着像在耗时间

正文：最近什么都提不起兴趣，不想说话也不想动。现在就是很压抑。",,depression,medium,,,,depression,synthetic_v8:depression_only; 正文为主，标题为辅,train,synthetic_augmented,,,synthetic_v8,depression_only
,,synv8_006_depression_only,synv8_0282,synthetic_v8,synthetic_v8,每天都没什么盼头,这一个月心情一直往下掉，醒来就觉得累。有时候会突然掉眼泪。,"标题：每天都没什么盼头

正文：这一个月心情一直往下掉，醒来就觉得累。有时候会突然掉眼泪。",,depression,medium,,,,depression,synthetic_v8:depression_only; 正文为主，标题为辅,train,synthetic_augmented,,,synthetic_v8,depression_only
,,synv8_007_depression_only,synv8_0283,synthetic_v8,synthetic_v8,感觉自己越来越空,最近什么都提不起兴趣，不想说话也不想动。现在就是很压抑。,"标题：感觉自己越来越空

正文：最近什么都提不起兴趣，不想说话也不想动。现在就是很压抑。",,depression,medium,,,,depression,synthetic_v8:depression_only; 正文为主，标题为辅,train,synthetic_augmented,,,synthetic_v8,depression_only
,,synv8_008_depression_only,synv8_0284,synthetic_v8,synthetic_v8,感觉自己越来越空,最近什么都提不起兴趣，不想说话也不想动。对很多事都没有期待了。,"标题：感觉自己越来越空

正文：最近什么都提不起兴趣，不想说话也不想动。对很多事都没有期待了。",,depression,medium,,,,depression,synthetic_v8:depression_only; 正文为主，标题为辅,train,synthetic_augmented,,,synthetic_v8,depression_only
,,synv8_009_depression_only,synv8_0285,synthetic_v8,synthetic_v8,最近总想哭,这一个月什么都提不起兴趣，明明没发生大事却一直难受。对很多事都没有期待了。,"标题：最近总想哭

正文：这一个月什么都提不起兴趣，明明没发生大事却一直难受。对很多事都没有期待了。",,depression,medium,,,,depression,synthetic_v8:depression_only; 正文为主，标题为辅,train,synthetic_augmented,,,synthetic_v8,depression_only
,,synv8_010_depression_only,synv8_0286,synthetic_v8,synthetic_v8,最近总想哭,这段时间整个人都很沉，明明没发生大事却一直难受。现在就是很压抑。,"标题：最近总想哭

正文：这段时间整个人都很沉，明明没发生大事却一直难受。现在就是很压抑。",,depression,medium,,,,depression,synthetic_v8:depression_only; 正文为主，标题为辅,train,synthetic_augmented,,,synthetic_v8,depression_only
,,synv8_011_depression_only,synv8_0287,synthetic_v8,synthetic_v8,最近一直很压抑,最近整个人都很沉，不想说话也不想动。有时候会突然掉眼泪。,"标题：最近一直很压抑

正文：最近整个人都很沉，不想说话也不想动。有时候会突然掉眼泪。",,depression,medium,,,,depression,synthetic_v8:depression_only; 正文为主，标题为辅,train,synthetic_augmented,,,synthetic_v8,depression_only
,,synv8_012_depression_only,synv8_0288,synthetic_v8,synthetic_v8,活着像在耗时间,这一个月什么都提不起兴趣，不想说话也不想动。现在就是很压抑。,"标题：活着像在耗时间

正文：这一个月什么都提不起兴趣，不想说话也不想动。现在就是很压抑。",,depression,medium,,,,depression,synthetic_v8:depression_only; 正文为主，标题为辅,train,synthetic_augmented,,,synthetic_v8,depression_only
,,synv8_013_depression_only,synv8_0289,synthetic_v8,synthetic_v8,活着像在耗时间,这一个月心情一直往下掉，不想说话也不想动。对很多事都没有期待了。,"标题：活着像在耗时间

正文：这一个月心情一直往下掉，不想说话也不想动。对很多事都没有期待了。",,depression,medium,,,,depression,synthetic_v8:depression_only; 正文为主，标题为辅,train,synthetic_augmented,,,synthetic_v8,depression_only
,,synv8_014_depression_only,synv8_0290,synthetic_v8,synthetic_v8,感觉自己越来越空,这一个月什么都提不起兴趣，明明没发生大事却一直难受。对很多事都没有期待了。,"标题：感觉自己越来越空

正文：这一个月什么都提不起兴趣，明明没发生大事却一直难受。对很多事都没有期待了。",,depression,medium,,,,depression,synthetic_v8:depression_only; 正文为主，标题为辅,train,synthetic_augmented,,,synthetic_v8,depression_only
,,synv8_015_depression_only,synv8_0291,synthetic_v8,synthetic_v8,活着像在耗时间,这一个月什么都提不起兴趣，醒来就觉得累。有时候会突然掉眼泪。,"标题：活着像在耗时间

正文：这一个月什么都提不起兴趣，醒来就觉得累。有时候会突然掉眼泪。",,depression,medium,,,,depression,synthetic_v8:depression_only; 正文为主，标题为辅,train,synthetic_augmented,,,synthetic_v8,depression_only
,,synv8_016_depression_only,synv8_0292,synthetic_v8,synthetic_v8,活着像在耗时间,最近整个人都很沉，不想说话也不想动。有时候会突然掉眼泪。,"标题：活着像在耗时间

正文：最近整个人都很沉，不想说话也不想动。有时候会突然掉眼泪。",,depression,medium,,,,depression,synthetic_v8:depression_only; 正文为主，标题为辅,train,synthetic_augmented,,,synthetic_v8,depression_only
,,synv8_017_depression_only,synv8_0293,synthetic_v8,synthetic_v8,感觉自己越来越空,这一个月什么都提不起兴趣，不想说话也不想动。有时候会突然掉眼泪。,"标题：感觉自己越来越空

正文：这一个月什么都提不起兴趣，不想说话也不想动。有时候会突然掉眼泪。",,depression,medium,,,,depression,synthetic_v8:depression_only; 正文为主，标题为辅,train,synthetic_augmented,,,synthetic_v8,depression_only
,,synv8_018_depression_only,synv8_0294,synthetic_v8,synthetic_v8,最近总想哭,这段时间整个人都很沉，醒来就觉得累。有时候会突然掉眼泪。,"标题：最近总想哭

正文：这段时间整个人都很沉，醒来就觉得累。有时候会突然掉眼泪。",,depression,medium,,,,depression,synthetic_v8:depression_only; 正文为主，标题为辅,train,synthetic_augmented,,,synthetic_v8,depression_only
,,synv8_019_depression_only,synv8_0295,synthetic_v8,synthetic_v8,最近总想哭,这段时间什么都提不起兴趣，醒来就觉得累。对很多事都没有期待了。,"标题：最近总想哭

正文：这段时间什么都提不起兴趣，醒来就觉得累。对很多事都没有期待了。",,depression,medium,,,,depression,synthetic_v8:depression_only; 正文为主，标题为辅,train,synthetic_augmented,,,synthetic_v8,depression_only
,,synv8_020_depression_only,synv8_0296,synthetic_v8,synthetic_v8,最近一直很压抑,这一个月心情一直往下掉，明明没发生大事却一直难受。对很多事都没有期待了。,"标题：最近一直很压抑

正文：这一个月心情一直往下掉，明明没发生大事却一直难受。对很多事都没有期待了。",,depression,medium,,,,depression,synthetic_v8:depression_only; 正文为主，标题为辅,train,synthetic_augmented,,,synthetic_v8,depression_only
,,synv8_021_depression_only,synv8_0297,synthetic_v8,synthetic_v8,感觉自己越来越空,这段时间什么都提不起兴趣，醒来就觉得累。对很多事都没有期待了。,"标题：感觉自己越来越空

正文：这段时间什么都提不起兴趣，醒来就觉得累。对很多事都没有期待了。",,depression,medium,,,,depression,synthetic_v8:depression_only; 正文为主，标题为辅,train,synthetic_augmented,,,synthetic_v8,depression_only
,,synv8_022_depression_only,synv8_0298,synthetic_v8,synthetic_v8,最近一直很压抑,最近什么都提不起兴趣，明明没发生大事却一直难受。有时候会突然掉眼泪。,"标题：最近一直很压抑

正文：最近什么都提不起兴趣，明明没发生大事却一直难受。有时候会突然掉眼泪。",,depression,medium,,,,depression,synthetic_v8:depression_only; 正文为主，标题为辅,train,synthetic_augmented,,,synthetic_v8,depression_only
,,synv8_023_depression_only,synv8_0299,synthetic_v8,synthetic_v8,最近一直很压抑,这段时间整个人都很沉，不想说话也不想动。现在就是很压抑。,"标题：最近一直很压抑

正文：这段时间整个人都很沉，不想说话也不想动。现在就是很压抑。",,depression,medium,,,,depression,synthetic_v8:depression_only; 正文为主，标题为辅,train,synthetic_augmented,,,synthetic_v8,depression_only
,,synv8_024_depression_only,synv8_0300,synthetic_v8,synthetic_v8,感觉自己越来越空,这一个月整个人都很沉，不想说话也不想动。对很多事都没有期待了。,"标题：感觉自己越来越空

正文：这一个月整个人都很沉，不想说话也不想动。对很多事都没有期待了。",,depression,medium,,,,depression,synthetic_v8:depression_only; 正文为主，标题为辅,train,synthetic_augmented,,,synthetic_v8,depression_only
,,synv8_025_depression_only,synv8_0301,synthetic_v8,synthetic_v8,最近总想哭,最近什么都提不起兴趣，不想说话也不想动。现在就是很压抑。,"标题：最近总想哭

正文：最近什么都提不起兴趣，不想说话也不想动。现在就是很压抑。",,depression,medium,,,,depression,synthetic_v8:depression_only; 正文为主，标题为辅,train,synthetic_augmented,,,synthetic_v8,depression_only
,,synv8_026_depression_only,synv8_0302,synthetic_v8,synthetic_v8,每天都没什么盼头,这一个月整个人都很沉，明明没发生大事却一直难受。对很多事都没有期待了。,"标题：每天都没什么盼头

正文：这一个月整个人都很沉，明明没发生大事却一直难受。对很多事都没有期待了。",,depression,medium,,,,depression,synthetic_v8:depression_only; 正文为主，标题为辅,train,synthetic_augmented,,,synthetic_v8,depression_only
,,synv8_027_depression_only,synv8_0303,synthetic_v8,synthetic_v8,最近总想哭,这段时间整个人都很沉，醒来就觉得累。现在就是很压抑。,"标题：最近总想哭

正文：这段时间整个人都很沉，醒来就觉得累。现在就是很压抑。",,depression,medium,,,,depression,synthetic_v8:depression_only; 正文为主，标题为辅,train,synthetic_augmented,,,synthetic_v8,depression_only
,,synv8_028_depression_only,synv8_0304,synthetic_v8,synthetic_v8,活着像在耗时间,这段时间整个人都很沉，明明没发生大事却一直难受。对很多事都没有期待了。,"标题：活着像在耗时间

正文：这段时间整个人都很沉，明明没发生大事却一直难受。对很多事都没有期待了。",,depression,medium,,,,depression,synthetic_v8:depression_only; 正文为主，标题为辅,train,synthetic_augmented,,,synthetic_v8,depression_only
,,synv8_029_depression_only,synv8_0305,synthetic_v8,synthetic_v8,最近总想哭,这一个月心情一直往下掉，不想说话也不想动。对很多事都没有期待了。,"标题：最近总想哭

正文：这一个月心情一直往下掉，不想说话也不想动。对很多事都没有期待了。",,depression,medium,,,,depression,synthetic_v8:depression_only; 正文为主，标题为辅,train,synthetic_augmented,,,synthetic_v8,depression_only
,,synv8_030_depression_only,synv8_0306,synthetic_v8,synthetic_v8,感觉自己越来越空,这一个月什么都提不起兴趣，醒来就觉得累。现在就是很压抑。,"标题：感觉自己越来越空

正文：这一个月什么都提不起兴趣，醒来就觉得累。现在就是很压抑。",,depression,medium,,,,depression,synthetic_v8:depression_only; 正文为主，标题为辅,train,synthetic_augmented,,,synthetic_v8,depression_only
,,synv8_031_depression_only,synv8_0307,synthetic_v8,synthetic_v8,最近总想哭,最近什么都提不起兴趣，明明没发生大事却一直难受。有时候会突然掉眼泪。,"标题：最近总想哭

正文：最近什么都提不起兴趣，明明没发生大事却一直难受。有时候会突然掉眼泪。",,depression,medium,,,,depression,synthetic_v8:depression_only; 正文为主，标题为辅,train,synthetic_augmented,,,synthetic_v8,depression_only
,,synv8_032_depression_only,synv8_0308,synthetic_v8,synthetic_v8,每天都没什么盼头,这一个月什么都提不起兴趣，明明没发生大事却一直难受。对很多事都没有期待了。,"标题：每天都没什么盼头

正文：这一个月什么都提不起兴趣，明明没发生大事却一直难受。对很多事都没有期待了。",,depression,medium,,,,depression,synthetic_v8:depression_only; 正文为主，标题为辅,train,synthetic_augmented,,,synthetic_v8,depression_only
,,synv8_033_depression_only,synv8_0309,synthetic_v8,synthetic_v8,活着像在耗时间,最近什么都提不起兴趣，不想说话也不想动。对很多事都没有期待了。,"标题：活着像在耗时间

正文：最近什么都提不起兴趣，不想说话也不想动。对很多事都没有期待了。",,depression,medium,,,,depression,synthetic_v8:depression_only; 正文为主，标题为辅,train,synthetic_augmented,,,synthetic_v8,depression_only
,,synv8_034_depression_only,synv8_0310,synthetic_v8,synthetic_v8,每天都没什么盼头,这一个月什么都提不起兴趣，明明没发生大事却一直难受。有时候会突然掉眼泪。,"标题：每天都没什么盼头

正文：这一个月什么都提不起兴趣，明明没发生大事却一直难受。有时候会突然掉眼泪。",,depression,medium,,,,depression,synthetic_v8:depression_only; 正文为主，标题为辅,train,synthetic_augmented,,,synthetic_v8,depression_only
,,synv8_000_anxiety_only,synv8_0311,synthetic_v8,synthetic_v8,整天都处在紧绷状态,这段时间莫名其妙就开始紧张，晚上更明显。想让自己放松也放不下来。,"标题：整天都处在紧绷状态

正文：这段时间莫名其妙就开始紧张，晚上更明显。想让自己放松也放不下来。",,anxiety,medium,,,,anxiety,synthetic_v8:anxiety_only; 正文为主，标题为辅,train,synthetic_augmented,,,synthetic_v8,anxiety_only
,,synv8_001_anxiety_only,synv8_0312,synthetic_v8,synthetic_v8,焦虑又犯了,这段时间总是突然心跳很快，一闲下来脑子就停不住。想让自己放松也放不下来。,"标题：焦虑又犯了

正文：这段时间总是突然心跳很快，一闲下来脑子就停不住。想让自己放松也放不下来。",,anxiety,medium,,,,anxiety,synthetic_v8:anxiety_only; 正文为主，标题为辅,train,synthetic_augmented,,,synthetic_v8,anxiety_only
,,synv8_002_anxiety_only,synv8_0313,synthetic_v8,synthetic_v8,焦虑又犯了,这几天莫名其妙就开始紧张，一闲下来脑子就停不住。这种状态真的很磨人。,"标题：焦虑又犯了

正文：这几天莫名其妙就开始紧张，一闲下来脑子就停不住。这种状态真的很磨人。",,anxiety,medium,,,,anxiety,synthetic_v8:anxiety_only; 正文为主，标题为辅,train,synthetic_augmented,,,synthetic_v8,anxiety_only
,,synv8_003_anxiety_only,synv8_0314,synthetic_v8,synthetic_v8,最近总是喘不过气,这段时间总是突然心跳很快，一闲下来脑子就停不住。这种状态真的很磨人。,"标题：最近总是喘不过气

正文：这段时间总是突然心跳很快，一闲下来脑子就停不住。这种状态真的很磨人。",,anxiety,medium,,,,anxiety,synthetic_v8:anxiety_only; 正文为主，标题为辅,train,synthetic_augmented,,,synthetic_v8,anxiety_only
,,synv8_004_anxiety_only,synv8_0315,synthetic_v8,synthetic_v8,焦虑又犯了,这几天莫名其妙就开始紧张，一闲下来脑子就停不住。我有点怕自己一直这样。,"标题：焦虑又犯了

正文：这几天莫名其妙就开始紧张，一闲下来脑子就停不住。我有点怕自己一直这样。",,anxiety,medium,,,,anxiety,synthetic_v8:anxiety_only; 正文为主，标题为辅,train,synthetic_augmented,,,synthetic_v8,anxiety_only
,,synv8_005_anxiety_only,synv8_0316,synthetic_v8,synthetic_v8,焦虑又犯了,这几天会反复担心很多小事，晚上更明显。我有点怕自己一直这样。,"标题：焦虑又犯了

正文：这几天会反复担心很多小事，晚上更明显。我有点怕自己一直这样。",,anxiety,medium,,,,anxiety,synthetic_v8:anxiety_only; 正文为主，标题为辅,train,synthetic_augmented,,,synthetic_v8,anxiety_only
,,synv8_006_anxiety_only,synv8_0317,synthetic_v8,synthetic_v8,焦虑又犯了,这几天会反复担心很多小事，一闲下来脑子就停不住。这种状态真的很磨人。,"标题：焦虑又犯了

正文：这几天会反复担心很多小事，一闲下来脑子就停不住。这种状态真的很磨人。",,anxiety,medium,,,,anxiety,synthetic_v8:anxiety_only; 正文为主，标题为辅,train,synthetic_augmented,,,synthetic_v8,anxiety_only
,,synv8_007_anxiety_only,synv8_0318,synthetic_v8,synthetic_v8,最近总是喘不过气,最近莫名其妙就开始紧张，晚上更明显。想让自己放松也放不下来。,"标题：最近总是喘不过气

正文：最近莫名其妙就开始紧张，晚上更明显。想让自己放松也放不下来。",,anxiety,medium,,,,anxiety,synthetic_v8:anxiety_only; 正文为主，标题为辅,train,synthetic_augmented,,,synthetic_v8,anxiety_only
,,synv8_008_anxiety_only,synv8_0319,synthetic_v8,synthetic_v8,整天都处在紧绷状态,这几天莫名其妙就开始紧张，晚上更明显。我有点怕自己一直这样。,"标题：整天都处在紧绷状态

正文：这几天莫名其妙就开始紧张，晚上更明显。我有点怕自己一直这样。",,anxiety,medium,,,,anxiety,synthetic_v8:anxiety_only; 正文为主，标题为辅,train,synthetic_augmented,,,synthetic_v8,anxiety_only
,,synv8_009_anxiety_only,synv8_0320,synthetic_v8,synthetic_v8,整天都处在紧绷状态,这段时间会反复担心很多小事，在宿舍也静不下来。这种状态真的很磨人。,"标题：整天都处在紧绷状态

正文：这段时间会反复担心很多小事，在宿舍也静不下来。这种状态真的很磨人。",,anxiety,medium,,,,anxiety,synthetic_v8:anxiety_only; 正文为主，标题为辅,train,synthetic_augmented,,,synthetic_v8,anxiety_only
,,synv8_010_anxiety_only,synv8_0321,synthetic_v8,synthetic_v8,整天都处在紧绷状态,这几天会反复担心很多小事，在宿舍也静不下来。我有点怕自己一直这样。,"标题：整天都处在紧绷状态

正文：这几天会反复担心很多小事，在宿舍也静不下来。我有点怕自己一直这样。",,anxiety,medium,,,,anxiety,synthetic_v8:anxiety_only; 正文为主，标题为辅,train,synthetic_augmented,,,synthetic_v8,anxiety_only
,,synv8_011_anxiety_only,synv8_0322,synthetic_v8,synthetic_v8,最近老是莫名心慌,这段时间莫名其妙就开始紧张，晚上更明显。想让自己放松也放不下来。,"标题：最近老是莫名心慌

正文：这段时间莫名其妙就开始紧张，晚上更明显。想让自己放松也放不下来。",,anxiety,medium,,,,anxiety,synthetic_v8:anxiety_only; 正文为主，标题为辅,train,synthetic_augmented,,,synthetic_v8,anxiety_only
,,synv8_012_anxiety_only,synv8_0323,synthetic_v8,synthetic_v8,焦虑又犯了,这几天会反复担心很多小事，一闲下来脑子就停不住。想让自己放松也放不下来。,"标题：焦虑又犯了

正文：这几天会反复担心很多小事，一闲下来脑子就停不住。想让自己放松也放不下来。",,anxiety,medium,,,,anxiety,synthetic_v8:anxiety_only; 正文为主，标题为辅,train,synthetic_augmented,,,synthetic_v8,anxiety_only
,,synv8_013_anxiety_only,synv8_0324,synthetic_v8,synthetic_v8,焦虑又犯了,最近总是突然心跳很快，一闲下来脑子就停不住。想让自己放松也放不下来。,"标题：焦虑又犯了

正文：最近总是突然心跳很快，一闲下来脑子就停不住。想让自己放松也放不下来。",,anxiety,medium,,,,anxiety,synthetic_v8:anxiety_only; 正文为主，标题为辅,train,synthetic_augmented,,,synthetic_v8,anxiety_only
,,synv8_014_anxiety_only,synv8_0325,synthetic_v8,synthetic_v8,最近老是莫名心慌,这几天总是突然心跳很快，在宿舍也静不下来。这种状态真的很磨人。,"标题：最近老是莫名心慌

正文：这几天总是突然心跳很快，在宿舍也静不下来。这种状态真的很磨人。",,anxiety,medium,,,,anxiety,synthetic_v8:anxiety_only; 正文为主，标题为辅,train,synthetic_augmented,,,synthetic_v8,anxiety_only
,,synv8_015_anxiety_only,synv8_0326,synthetic_v8,synthetic_v8,焦虑又犯了,这段时间总是突然心跳很快，晚上更明显。想让自己放松也放不下来。,"标题：焦虑又犯了

正文：这段时间总是突然心跳很快，晚上更明显。想让自己放松也放不下来。",,anxiety,medium,,,,anxiety,synthetic_v8:anxiety_only; 正文为主，标题为辅,train,synthetic_augmented,,,synthetic_v8,anxiety_only
,,synv8_016_anxiety_only,synv8_0327,synthetic_v8,synthetic_v8,最近老是莫名心慌,这段时间总是突然心跳很快，一闲下来脑子就停不住。想让自己放松也放不下来。,"标题：最近老是莫名心慌

正文：这段时间总是突然心跳很快，一闲下来脑子就停不住。想让自己放松也放不下来。",,anxiety,medium,,,,anxiety,synthetic_v8:anxiety_only; 正文为主，标题为辅,train,synthetic_augmented,,,synthetic_v8,anxiety_only
,,synv8_017_anxiety_only,synv8_0328,synthetic_v8,synthetic_v8,整天都处在紧绷状态,这几天总是突然心跳很快，在宿舍也静不下来。我有点怕自己一直这样。,"标题：整天都处在紧绷状态

正文：这几天总是突然心跳很快，在宿舍也静不下来。我有点怕自己一直这样。",,anxiety,medium,,,,anxiety,synthetic_v8:anxiety_only; 正文为主，标题为辅,train,synthetic_augmented,,,synthetic_v8,anxiety_only
,,synv8_018_anxiety_only,synv8_0329,synthetic_v8,synthetic_v8,焦虑又犯了,这几天莫名其妙就开始紧张，在宿舍也静不下来。想让自己放松也放不下来。,"标题：焦虑又犯了

正文：这几天莫名其妙就开始紧张，在宿舍也静不下来。想让自己放松也放不下来。",,anxiety,medium,,,,anxiety,synthetic_v8:anxiety_only; 正文为主，标题为辅,train,synthetic_augmented,,,synthetic_v8,anxiety_only
,,synv8_019_anxiety_only,synv8_0330,synthetic_v8,synthetic_v8,焦虑又犯了,这段时间会反复担心很多小事，晚上更明显。这种状态真的很磨人。,"标题：焦虑又犯了

正文：这段时间会反复担心很多小事，晚上更明显。这种状态真的很磨人。",,anxiety,medium,,,,anxiety,synthetic_v8:anxiety_only; 正文为主，标题为辅,train,synthetic_augmented,,,synthetic_v8,anxiety_only
,,synv8_020_anxiety_only,synv8_0331,synthetic_v8,synthetic_v8,整天都处在紧绷状态,这段时间会反复担心很多小事，晚上更明显。想让自己放松也放不下来。,"标题：整天都处在紧绷状态

正文：这段时间会反复担心很多小事，晚上更明显。想让自己放松也放不下来。",,anxiety,medium,,,,anxiety,synthetic_v8:anxiety_only; 正文为主，标题为辅,train,synthetic_augmented,,,synthetic_v8,anxiety_only
,,synv8_021_anxiety_only,synv8_0332,synthetic_v8,synthetic_v8,整天都处在紧绷状态,最近会反复担心很多小事，晚上更明显。我有点怕自己一直这样。,"标题：整天都处在紧绷状态

正文：最近会反复担心很多小事，晚上更明显。我有点怕自己一直这样。",,anxiety,medium,,,,anxiety,synthetic_v8:anxiety_only; 正文为主，标题为辅,train,synthetic_augmented,,,synthetic_v8,anxiety_only
,,synv8_022_anxiety_only,synv8_0333,synthetic_v8,synthetic_v8,最近总是喘不过气,这段时间会反复担心很多小事，一闲下来脑子就停不住。我有点怕自己一直这样。,"标题：最近总是喘不过气

正文：这段时间会反复担心很多小事，一闲下来脑子就停不住。我有点怕自己一直这样。",,anxiety,medium,,,,anxiety,synthetic_v8:anxiety_only; 正文为主，标题为辅,train,synthetic_augmented,,,synthetic_v8,anxiety_only
,,synv8_023_anxiety_only,synv8_0334,synthetic_v8,synthetic_v8,焦虑又犯了,最近总是突然心跳很快，在宿舍也静不下来。我有点怕自己一直这样。,"标题：焦虑又犯了

正文：最近总是突然心跳很快，在宿舍也静不下来。我有点怕自己一直这样。",,anxiety,medium,,,,anxiety,synthetic_v8:anxiety_only; 正文为主，标题为辅,train,synthetic_augmented,,,synthetic_v8,anxiety_only
,,synv8_024_anxiety_only,synv8_0335,synthetic_v8,synthetic_v8,最近总是喘不过气,这段时间总是突然心跳很快，晚上更明显。这种状态真的很磨人。,"标题：最近总是喘不过气

正文：这段时间总是突然心跳很快，晚上更明显。这种状态真的很磨人。",,anxiety,medium,,,,anxiety,synthetic_v8:anxiety_only; 正文为主，标题为辅,train,synthetic_augmented,,,synthetic_v8,anxiety_only
,,synv8_025_anxiety_only,synv8_0336,synthetic_v8,synthetic_v8,最近总是喘不过气,这几天莫名其妙就开始紧张，在宿舍也静不下来。想让自己放松也放不下来。,"标题：最近总是喘不过气

正文：这几天莫名其妙就开始紧张，在宿舍也静不下来。想让自己放松也放不下来。",,anxiety,medium,,,,anxiety,synthetic_v8:anxiety_only; 正文为主，标题为辅,train,synthetic_augmented,,,synthetic_v8,anxiety_only
,,synv8_026_anxiety_only,synv8_0337,synthetic_v8,synthetic_v8,最近老是莫名心慌,最近总是突然心跳很快，晚上更明显。这种状态真的很磨人。,"标题：最近老是莫名心慌

正文：最近总是突然心跳很快，晚上更明显。这种状态真的很磨人。",,anxiety,medium,,,,anxiety,synthetic_v8:anxiety_only; 正文为主，标题为辅,train,synthetic_augmented,,,synthetic_v8,anxiety_only
,,synv8_000_social_withdrawal_only,synv8_0338,synthetic_v8,synthetic_v8,越来越习惯一个人待着,这段时间越来越依赖一个人待着，不是讨厌别人，就是不想接触。,"标题：越来越习惯一个人待着

正文：这段时间越来越依赖一个人待着，不是讨厌别人，就是不想接触。",,social_withdrawal,medium,,,,social_withdrawal,synthetic_v8:social_withdrawal_only; 正文为主，标题为辅,train,synthetic_augmented,,,synthetic_v8,social_withdrawal_only
,,synv8_001_social_withdrawal_only,synv8_0339,synthetic_v8,synthetic_v8,感觉自己和外界断开了,这半年能回避社交就回避，见人会很累，所以总在躲。,"标题：感觉自己和外界断开了

正文：这半年能回避社交就回避，见人会很累，所以总在躲。",,social_withdrawal,medium,,,,social_withdrawal,synthetic_v8:social_withdrawal_only; 正文为主，标题为辅,train,synthetic_augmented,,,synthetic_v8,social_withdrawal_only
,,synv8_002_social_withdrawal_only,synv8_0340,synthetic_v8,synthetic_v8,越来越习惯一个人待着,这半年越来越依赖一个人待着，不是讨厌别人，就是不想接触。,"标题：越来越习惯一个人待着

正文：这半年越来越依赖一个人待着，不是讨厌别人，就是不想接触。",,social_withdrawal,medium,,,,social_withdrawal,synthetic_v8:social_withdrawal_only; 正文为主，标题为辅,train,synthetic_augmented,,,synthetic_v8,social_withdrawal_only
,,synv8_003_social_withdrawal_only,synv8_0341,synthetic_v8,synthetic_v8,感觉自己和外界断开了,这段时间能回避社交就回避，慢慢连聊天都觉得费劲。,"标题：感觉自己和外界断开了

正文：这段时间能回避社交就回避，慢慢连聊天都觉得费劲。",,social_withdrawal,medium,,,,social_withdrawal,synthetic_v8:social_withdrawal_only; 正文为主，标题为辅,train,synthetic_augmented,,,synthetic_v8,social_withdrawal_only
,,synv8_004_social_withdrawal_only,synv8_0342,synthetic_v8,synthetic_v8,感觉自己和外界断开了,最近基本不主动联系任何人，慢慢连聊天都觉得费劲。,"标题：感觉自己和外界断开了

正文：最近基本不主动联系任何人，慢慢连聊天都觉得费劲。",,social_withdrawal,medium,,,,social_withdrawal,synthetic_v8:social_withdrawal_only; 正文为主，标题为辅,train,synthetic_augmented,,,synthetic_v8,social_withdrawal_only
,,synv8_005_social_withdrawal_only,synv8_0343,synthetic_v8,synthetic_v8,已经很久没和人正常聊天了,这半年越来越依赖一个人待着，慢慢连聊天都觉得费劲。,"标题：已经很久没和人正常聊天了

正文：这半年越来越依赖一个人待着，慢慢连聊天都觉得费劲。",,social_withdrawal,medium,,,,social_withdrawal,synthetic_v8:social_withdrawal_only; 正文为主，标题为辅,train,synthetic_augmented,,,synthetic_v8,social_withdrawal_only
,,synv8_006_social_withdrawal_only,synv8_0344,synthetic_v8,synthetic_v8,最近只想躲起来,这段时间越来越依赖一个人待着，见人会很累，所以总在躲。,"标题：最近只想躲起来

正文：这段时间越来越依赖一个人待着，见人会很累，所以总在躲。",,social_withdrawal,medium,,,,social_withdrawal,synthetic_v8:social_withdrawal_only; 正文为主，标题为辅,train,synthetic_augmented,,,synthetic_v8,social_withdrawal_only
,,synv8_007_social_withdrawal_only,synv8_0345,synthetic_v8,synthetic_v8,越来越习惯一个人待着,这半年越来越依赖一个人待着，慢慢连聊天都觉得费劲。,"标题：越来越习惯一个人待着

正文：这半年越来越依赖一个人待着，慢慢连聊天都觉得费劲。",,social_withdrawal,medium,,,,social_withdrawal,synthetic_v8:social_withdrawal_only; 正文为主，标题为辅,train,synthetic_augmented,,,synthetic_v8,social_withdrawal_only
,,synv8_008_social_withdrawal_only,synv8_0346,synthetic_v8,synthetic_v8,越来越习惯一个人待着,这半年能回避社交就回避，不是讨厌别人，就是不想接触。,"标题：越来越习惯一个人待着

正文：这半年能回避社交就回避，不是讨厌别人，就是不想接触。",,social_withdrawal,medium,,,,social_withdrawal,synthetic_v8:social_withdrawal_only; 正文为主，标题为辅,train,synthetic_augmented,,,synthetic_v8,social_withdrawal_only
,,synv8_009_social_withdrawal_only,synv8_0347,synthetic_v8,synthetic_v8,已经很久没和人正常聊天了,这段时间基本不主动联系任何人，慢慢连聊天都觉得费劲。,"标题：已经很久没和人正常聊天了

正文：这段时间基本不主动联系任何人，慢慢连聊天都觉得费劲。",,social_withdrawal,medium,,,,social_withdrawal,synthetic_v8:social_withdrawal_only; 正文为主，标题为辅,train,synthetic_augmented,,,synthetic_v8,social_withdrawal_only
,,synv8_010_social_withdrawal_only,synv8_0348,synthetic_v8,synthetic_v8,越来越习惯一个人待着,这段时间能回避社交就回避，见人会很累，所以总在躲。,"标题：越来越习惯一个人待着

正文：这段时间能回避社交就回避，见人会很累，所以总在躲。",,social_withdrawal,medium,,,,social_withdrawal,synthetic_v8:social_withdrawal_only; 正文为主，标题为辅,train,synthetic_augmented,,,synthetic_v8,social_withdrawal_only
,,synv8_011_social_withdrawal_only,synv8_0349,synthetic_v8,synthetic_v8,越来越习惯一个人待着,这段时间越来越依赖一个人待着，慢慢连聊天都觉得费劲。,"标题：越来越习惯一个人待着

正文：这段时间越来越依赖一个人待着，慢慢连聊天都觉得费劲。",,social_withdrawal,medium,,,,social_withdrawal,synthetic_v8:social_withdrawal_only; 正文为主，标题为辅,train,synthetic_augmented,,,synthetic_v8,social_withdrawal_only
,,synv8_012_social_withdrawal_only,synv8_0350,synthetic_v8,synthetic_v8,最近只想躲起来,最近越来越依赖一个人待着，不是讨厌别人，就是不想接触。,"标题：最近只想躲起来

正文：最近越来越依赖一个人待着，不是讨厌别人，就是不想接触。",,social_withdrawal,medium,,,,social_withdrawal,synthetic_v8:social_withdrawal_only; 正文为主，标题为辅,train,synthetic_augmented,,,synthetic_v8,social_withdrawal_only
,,synv8_013_social_withdrawal_only,synv8_0351,synthetic_v8,synthetic_v8,感觉自己和外界断开了,最近能回避社交就回避，见人会很累，所以总在躲。,"标题：感觉自己和外界断开了

正文：最近能回避社交就回避，见人会很累，所以总在躲。",,social_withdrawal,medium,,,,social_withdrawal,synthetic_v8:social_withdrawal_only; 正文为主，标题为辅,train,synthetic_augmented,,,synthetic_v8,social_withdrawal_only
,,synv8_014_social_withdrawal_only,synv8_0352,synthetic_v8,synthetic_v8,已经很久没和人正常聊天了,最近能回避社交就回避，慢慢连聊天都觉得费劲。,"标题：已经很久没和人正常聊天了

正文：最近能回避社交就回避，慢慢连聊天都觉得费劲。",,social_withdrawal,medium,,,,social_withdrawal,synthetic_v8:social_withdrawal_only; 正文为主，标题为辅,train,synthetic_augmented,,,synthetic_v8,social_withdrawal_only
,,synv8_000_academic_stress_only,synv8_0353,synthetic_v8,synthetic_v8,复试前太慌了,这周作业考试全撞一起，每天都在担心来不及。,"标题：复试前太慌了

正文：这周作业考试全撞一起，每天都在担心来不及。",,academic_stress,medium,,,,academic_stress,synthetic_v8:academic_stress_only; 正文为主，标题为辅,train,synthetic_augmented,,,synthetic_v8,academic_stress_only
,,synv8_001_academic_stress_only,synv8_0354,synthetic_v8,synthetic_v8,实验报告和作业压麻了,这周作业考试全撞一起，每天都在担心来不及。,"标题：实验报告和作业压麻了

正文：这周作业考试全撞一起，每天都在担心来不及。",,academic_stress,medium,,,,academic_stress,synthetic_v8:academic_stress_only; 正文为主，标题为辅,train,synthetic_augmented,,,synthetic_v8,academic_stress_only
,,synv8_002_academic_stress_only,synv8_0355,synthetic_v8,synthetic_v8,复试前太慌了,这几天复试复习完全跟不上，每天都在担心来不及。,"标题：复试前太慌了

正文：这几天复试复习完全跟不上，每天都在担心来不及。",,academic_stress,medium,,,,academic_stress,synthetic_v8:academic_stress_only; 正文为主，标题为辅,train,synthetic_augmented,,,synthetic_v8,academic_stress_only
,,synv8_003_academic_stress_only,synv8_0356,synthetic_v8,synthetic_v8,复试前太慌了,最近实验和论文都在赶，时间怎么排都不够。,"标题：复试前太慌了

正文：最近实验和论文都在赶，时间怎么排都不够。",,academic_stress,medium,,,,academic_stress,synthetic_v8:academic_stress_only; 正文为主，标题为辅,train,synthetic_augmented,,,synthetic_v8,academic_stress_only
,,synv8_004_academic_stress_only,synv8_0357,synthetic_v8,synthetic_v8,期末周真的顶不住,最近复试复习完全跟不上，现在脑子里全是ddl。,"标题：期末周真的顶不住

正文：最近复试复习完全跟不上，现在脑子里全是ddl。",,academic_stress,medium,,,,academic_stress,synthetic_v8:academic_stress_only; 正文为主，标题为辅,train,synthetic_augmented,,,synthetic_v8,academic_stress_only
,,synv8_005_academic_stress_only,synv8_0358,synthetic_v8,synthetic_v8,论文进度卡死了,这几天作业考试全撞一起，每天都在担心来不及。,"标题：论文进度卡死了

正文：这几天作业考试全撞一起，每天都在担心来不及。",,academic_stress,medium,,,,academic_stress,synthetic_v8:academic_stress_only; 正文为主，标题为辅,train,synthetic_augmented,,,synthetic_v8,academic_stress_only
,,synv8_006_academic_stress_only,synv8_0359,synthetic_v8,synthetic_v8,实验报告和作业压麻了,最近复试复习完全跟不上，现在脑子里全是ddl。,"标题：实验报告和作业压麻了

正文：最近复试复习完全跟不上，现在脑子里全是ddl。",,academic_stress,medium,,,,academic_stress,synthetic_v8:academic_stress_only; 正文为主，标题为辅,train,synthetic_augmented,,,synthetic_v8,academic_stress_only
,,synv8_007_academic_stress_only,synv8_0360,synthetic_v8,synthetic_v8,实验报告和作业压麻了,这周实验和论文都在赶，时间怎么排都不够。,"标题：实验报告和作业压麻了

正文：这周实验和论文都在赶，时间怎么排都不够。",,academic_stress,medium,,,,academic_stress,synthetic_v8:academic_stress_only; 正文为主，标题为辅,train,synthetic_augmented,,,synthetic_v8,academic_stress_only
,,synv8_008_academic_stress_only,synv8_0361,synthetic_v8,synthetic_v8,复试前太慌了,这周复试复习完全跟不上，时间怎么排都不够。,"标题：复试前太慌了

正文：这周复试复习完全跟不上，时间怎么排都不够。",,academic_stress,medium,,,,academic_stress,synthetic_v8:academic_stress_only; 正文为主，标题为辅,train,synthetic_augmented,,,synthetic_v8,academic_stress_only
,,synv8_009_academic_stress_only,synv8_0362,synthetic_v8,synthetic_v8,论文进度卡死了,这周实验和论文都在赶，现在脑子里全是ddl。,"标题：论文进度卡死了

正文：这周实验和论文都在赶，现在脑子里全是ddl。",,academic_stress,medium,,,,academic_stress,synthetic_v8:academic_stress_only; 正文为主，标题为辅,train,synthetic_augmented,,,synthetic_v8,academic_stress_only
9,self_harm,811,10607100158,uncertain_academic,考研,终于结束了，双非二本上岸c9,终于结束了，双非二本上岸c9,终于结束了，双非二本上岸c9,https://tieba.baidu.com/p/10607100158,,,,,,,来源存疑样本；正文可见；仅作人工复核池，勿直接并入正式训练集,train,manual_review_uncertain_source,,rare_label_shortlist,manual_shortlist_merge,
7,academic_stress,812,10622131973,uncertain_academic,示例高校,鉴于ldx同级的朋友都开了帖子讲转专业，那ldx也来水水,鉴于ldx同级的朋友都开了帖子讲转专业，那ldx也来水水,鉴于ldx同级的朋友都开了帖子讲转专业，那ldx也来水水,https://tieba.baidu.com/p/10622131973,,,,,,,来源存疑样本；正文可见；仅作人工复核池，勿直接并入正式训练集,train,manual_review_uncertain_source,,rare_label_shortlist,manual_shortlist_merge,
7,academic_stress,813,9631826420,uncertain_academic,考研,鼓励贴:择校别保守，考研比高考简单太多,鼓励贴:择校别保守，考研比高考简单太多,鼓励贴:择校别保守，考研比高考简单太多,https://tieba.baidu.com/p/9631826420,,,,,,,来源存疑样本；正文可见；仅作人工复核池，勿直接并入正式训练集,train,manual_review_uncertain_source,,rare_label_shortlist,manual_shortlist_merge,
7,academic_stress,814,10625192167,uncertain_academic,考研,调剂失败了，但导师这样回复大家怎么看,调剂失败了，但导师这样回复大家怎么看,调剂失败了，但导师这样回复大家怎么看,https://tieba.baidu.com/p/10625192167,,,,,,academic_stress,来源存疑样本；正文可见；仅作人工复核池，勿直接并入正式训练集,train,manual_review_uncertain_source,,rare_label_shortlist,manual_shortlist_merge,
7,academic_stress,815,10620448037,uncertain_academic,考研,华东师大一考生落选后举报复试第一,华东师大一考生落选后举报复试第一,华东师大一考生落选后举报复试第一,https://tieba.baidu.com/p/10620448037,,,,,,,来源存疑样本；正文可见；仅作人工复核池，勿直接并入正式训练集,train,manual_review_uncertain_source,,rare_label_shortlist,manual_shortlist_merge,
7,academic_stress,816,10509909206,uncertain_academic,考研,考研真是这个世界上最烂的考试,考研真是这个世界上最烂的考试,考研真是这个世界上最烂的考试,https://tieba.baidu.com/p/10509909206,,,,,,"academic_stress,anxiety",来源存疑样本；正文可见；仅作人工复核池，勿直接并入正式训练集,train,manual_review_uncertain_source,,rare_label_shortlist,manual_shortlist_merge,
7,academic_stress,817,10625076519,uncertain_academic,示例高校,学院叫转专业的去开会有啥事,学院叫转专业的去开会有啥事,学院叫转专业的去开会有啥事,https://tieba.baidu.com/p/10625076519,,,,,,,来源存疑样本；正文可见；仅作人工复核池，勿直接并入正式训练集,train,manual_review_uncertain_source,,rare_label_shortlist,manual_shortlist_merge,
7,academic_stress,818,10619168869,uncertain_academic,示例高校,转专业中章,转专业中章,转专业中章,https://tieba.baidu.com/p/10619168869,,,,,,academic_stress,来源存疑样本；正文可见；仅作人工复核池，勿直接并入正式训练集,train,manual_review_uncertain_source,,rare_label_shortlist,manual_shortlist_merge,
