annotation_id,id,labels,label_status,label_confidence,label_reason,forum_name,title,content,text,content_length,post_url,author_name,publish_time,source,extraction_source,original_target_label,labeling_method
A001,10681851769,"anxiety,academic_stress",human_style_labeled,high,body-first human-style labels: 焦虑、惊恐、失眠、强迫或躯体化表达; 考试、升学、论文、学校或学习压力.,考研,想睡个懒觉都睡不着,依旧七点就醒了，图书馆1号2号闭馆两天，刚好打算放个假，昨天还特意熬到两点多打算睡一上午，醒来辗转反侧两个小时头更昏，起来打游戏也没精神。,"标题：想睡个懒觉都睡不着

正文：依旧七点就醒了，图书馆1号2号闭馆两天，刚好打算放个假，昨天还特意熬到两点多打算睡一上午，醒来辗转反侧两个小时头更昏，起来打游戏也没精神。",69,https://tieba.baidu.com/p/10681851769,灰色的小鱼苗,2026-05-01 10:12:20,baidu_tieba,tieba_client_api,academic_stress,human_style_body_first_no_local_model
A002,10476571138,"anxiety,academic_stress",human_style_labeled,high,body-first human-style labels: 焦虑、惊恐、失眠、强迫或躯体化表达; 考试、升学、论文、学校或学习压力.,公务员考试,求助公务员考试如何高效在职备考,本人36岁，求大神指点如何高效在职备考公务员考试，我自己已经学了快二个月时间了，一直没有起色，单纯的一个资料分析都没有吃透，怎么办？,"标题：求助公务员考试如何高效在职备考

正文：本人36岁，求大神指点如何高效在职备考公务员考试，我自己已经学了快二个月时间了，一直没有起色，单纯的一个资料分析都没有吃透，怎么办？",66,https://tieba.baidu.com/p/10476571138,yhg19890506,2026-02-10 13:44:55,baidu_tieba,tieba_client_api,academic_stress,human_style_body_first_no_local_model
A003,10649346988,academic_stress,human_style_labeled,medium,body-first human-style labels: 考试、升学、论文、学校或学习压力.,雅思,大佬们求助,本人大一四级刚过，想考雅思到6.5，请问要学习多久，八月份有戏吗，课特别多还要抽时间锻炼,"标题：大佬们求助

正文：本人大一四级刚过，想考雅思到6.5，请问要学习多久，八月份有戏吗，课特别多还要抽时间锻炼",44,https://tieba.baidu.com/p/10649346988,水光滟,2026-04-18 15:58:46,baidu_tieba,tieba_client_api,academic_stress,human_style_body_first_no_local_model
A004,10664771785,"anxiety,academic_stress,social_withdrawal",human_style_labeled,high,body-first human-style labels: 焦虑、惊恐、失眠、强迫或躯体化表达; 考试、升学、论文、学校或学习压力; 社交回避、孤独、闭门不出或退缩.,答辩,大佬们能教教答辩怎么说吗？,极度社恐 有点夸张的那种。。 怎么办光是想到要答辩就手脚流汗发抖了。。,"标题：大佬们能教教答辩怎么说吗？

正文：极度社恐 有点夸张的那种。。 怎么办光是想到要答辩就手脚流汗发抖了。。",35,https://tieba.baidu.com/p/10664771785,M_H,2026-04-24 15:44:19,baidu_tieba,tieba_client_api,academic_stress,human_style_body_first_no_local_model
A005,10636970976,academic_stress,human_style_labeled,medium,body-first human-style labels: 考试、升学、论文、学校或学习压力.,雅思,【交流】雅思有用吗,学长们，目前大一，英语单词背半年了，在网上听想考雅思，但是目标不是很坚定，想知道雅思考完意味着什么，用处大吗,"标题：【交流】雅思有用吗

正文：学长们，目前大一，英语单词背半年了，在网上听想考雅思，但是目标不是很坚定，想知道雅思考完意味着什么，用处大吗",54,https://tieba.baidu.com/p/10636970976,贴吧用户_a6bCEyP,2026-04-13 23:02:30,baidu_tieba,tieba_client_api,academic_stress,human_style_body_first_no_local_model
A006,10661647275,,human_style_normal_or_unclear,medium,body-first human-style labels: normal_or_unclear.,雅思,雅思备考最怕的就是没有方向，东拼西凑找资料，最后越学越乱。,一套体系化的资料，可以让复习思路更清晰，重点更突出，效率也更高。从词汇积累到题型技巧，从写作框架到口语素材，每一部分都有对应的学习重点和提升路径。 为方便朋友们复习，整理了雅思全科备考资料，内容包括高频词汇总结、听力精听素材、阅读解题技巧、写作范文思路、口语常考话题及回答逻辑，资料全面且实用，适合日常练习与考前冲刺。不用再花费大量时间搜集零散内容，一套资料即可覆盖主要备考需求。需要的朋友可找我哦～看到都会及时回复，愿大家都能如愿出分,"标题：雅思备考最怕的就是没有方向，东拼西凑找资料，最后越学越乱。

正文：一套体系化的资料，可以让复习思路更清晰，重点更突出，效率也更高。从词汇积累到题型技巧，从写作框架到口语素材，每一部分都有对应的学习重点和提升路径。 为方便朋友们复习，整理了雅思全科备考资料，内容包括高频词汇总结、听力精听素材、阅读解题技巧、写作范文思路、口语常考话题及回答逻辑，资料全面且实用，适合日常练习与考前冲刺。不用再花费大量时间搜集零散内容，一套资料即可覆盖主要备考需求。需要的朋友可找我哦～看到都会及时回复，愿大家都能如愿出分",218,https://tieba.baidu.com/p/10661647275,妮妮同学ya,2026-04-23 11:41:17,baidu_tieba,tieba_client_api,academic_stress,human_style_body_first_no_local_model
A007,10681941327,"depression,anxiety,academic_stress",human_style_labeled,high,body-first human-style labels: 明显低落、绝望、无意义感或抑郁相关表达; 焦虑、惊恐、失眠、强迫或躯体化表达; 考试、升学、论文、学校或学习压力.,专升本,有希望被公办录取吗，会赢吗,重庆一分一段表出来了，理工类253分排名3491，大概统计了一下理工类要招的人数应该是2200人，不去民办，我这是不是没救了，太痛苦了太痛苦了😭,"标题：有希望被公办录取吗，会赢吗

正文：重庆一分一段表出来了，理工类253分排名3491，大概统计了一下理工类要招的人数应该是2200人，不去民办，我这是不是没救了，太痛苦了太痛苦了😭",72,https://tieba.baidu.com/p/10681941327,偷吃的哈基米变哈基木,2026-05-01 10:56:34,baidu_tieba,tieba_client_api,academic_stress,human_style_body_first_no_local_model
A008,10653612759,"academic_stress,abuse",human_style_labeled,high,body-first human-style labels: 考试、升学、论文、学校或学习压力; 辱骂、霸凌、家暴、网暴、造谣或攻击性语言.,保研,md真被这种保研人恶心坏了,"声明一下：只是部分保研人，而且本人是主动放弃保研去考的。 有的保研人真的是一个比一个精，很多都一副利己主义者的嘴脸。九月份保研上岸地时候狠狠的发朋友圈，高兴地是他们，现在考研上岸发朋友圈，看到学校层次不如考研的，不高兴的还是他们，让他们去考又不敢，只会""暗自神伤""，纯纯懦夫一个。然后就破防说""玩了三年是一点不提""，这就是这些保研人地格局吗，真给爷逗笑了，看到这些保研人越是破防，越说明我说的没错。 还有些保研人，我真的很好奇哪来的莫名其妙的优越感啊，凭什么就觉得保研理所应当就要比考研的好啊，还总是迷之自信的把""保研优势""挂到嘴边，说什么暑假不提前做点什么，保研优势会全无，md说话跟个小孩一样 。这几年统考名额越来越少全给保研的了，保研的还这不愿意那不高兴的，干脆保研的全上岸9，我们考研的全去双非你们高兴了？？？ 我真不理解为什么要比较，保研的就没有水货吗，有的学校都不卡六级，什么买奖挂名也是无所谓的；考研的就没有大佬吗？ 都什么时候了，保研的还一副高高在上，张嘴闭嘴看不起考研的满满优越感的样子?真要是看到考研层次还心里有落差的，那nima就别bb退学重考就完事了。","标题：md真被这种保研人恶心坏了

正文：声明一下：只是部分保研人，而且本人是主动放弃保研去考的。 有的保研人真的是一个比一个精，很多都一副利己主义者的嘴脸。九月份保研上岸地时候狠狠的发朋友圈，高兴地是他们，现在考研上岸发朋友圈，看到学校层次不如考研的，不高兴的还是他们，让他们去考又不敢，只会""暗自神伤""，纯纯懦夫一个。然后就破防说""玩了三年是一点不提""，这就是这些保研人地格局吗，真给爷逗笑了，看到这些保研人越是破防，越说明我说的没错。 还有些保研人，我真的很好奇哪来的莫名其妙的优越感啊，凭什么就觉得保研理所应当就要比考研的好啊，还总是迷之自信的把""保研优势""挂到嘴边，说什么暑假不提前做点什么，保研优势会全无，md说话跟个小孩一样 。这几年统考名额越来越少全给保研的了，保研的还这不愿意那不高兴的，干脆保研的全上岸9，我们考研的全去双非你们高兴了？？？ 我真不理解为什么要比较，保研的就没有水货吗，有的学校都不卡六级，什么买奖挂名也是无所谓的；考研的就没有大佬吗？ 都什么时候了，保研的还一副高高在上，张嘴闭嘴看不起考研的满满优越感的样子?真要是看到考研层次还心里有落差的，那nima就别bb退学重考就完事了。",488,https://tieba.baidu.com/p/10653612759,破晓-.,2026-04-20 11:12:07,baidu_tieba,tieba_client_api,academic_stress,human_style_body_first_no_local_model
A009,10681911747,"anxiety,academic_stress",human_style_labeled,high,body-first human-style labels: 焦虑、惊恐、失眠、强迫或躯体化表达; 考试、升学、论文、学校或学习压力.,考研,29考研双非想考9，机构对我的帮助如何？,各位前辈们好，本人是双非大一(学校是山东的“考研神校”)，计算机科学与技术专业(学院不咋样)，准备考研考到9的院校。考11408或22408。 目前已经把数据结构快学完了(包括做王道的习题)。高数和线代学得不怎么样。 目前是想报一个考研机构(启航)的线下班，老师教的还可以，但是感觉节奏太慢了，而且个人感觉如果每天把精力分给考研的话，感觉对专业技术的学习会有不足。 目前阶段不是太想让自己每天在那种大三总复习的高压节奏里，还想学学别的，还想喝朋友们玩一玩 。 我是因为有个大二的朋友推荐的去咨询的这个机构，因为我也知道🐙(张宇)老师是这机构总部的老师，机构里给我说给我上课的老师是经过总部培训来的，用的方法和讲义与总部的一致。我试听了一下，还行(反正是比学校里的老师强多了)。 目前是再跟27考研的一起听课，开设英语与数学。英语同样的话，本人英语底子还不错，高考英语120(但是上了大学之后没怎么背过单词了)。感觉给我上课的英语老师讲的也还好，但是对我来说节奏有点慢(讲题的时候，会更繁琐一些，还会讲一些感觉不是太重要的知识点)。数学老师讲的也挺好，没什么太大问题。 让我感觉不舒服的是，每节课是跟着讲义和对应的例题，没怎么有课后习题来巩固我学的，这让我感觉学得不踏实。 这里倒是有一个监督学习的服务倒挺好(有每天布置的作业，明天打卡检查，每周复盘)。(但是对大一的我感觉会挤走一部分学专业技能的时间)。 哎，小生好迷茫啊，是继续留在这里，还是自己听网课走自己的节奏？求大佬指点,"标题：29考研双非想考9，机构对我的帮助如何？

正文：各位前辈们好，本人是双非大一(学校是山东的“考研神校”)，计算机科学与技术专业(学院不咋样)，准备考研考到9的院校。考11408或22408。 目前已经把数据结构快学完了(包括做王道的习题)。高数和线代学得不怎么样。 目前是想报一个考研机构(启航)的线下班，老师教的还可以，但是感觉节奏太慢了，而且个人感觉如果每天把精力分给考研的话，感觉对专业技术的学习会有不足。 目前阶段不是太想让自己每天在那种大三总复习的高压节奏里，还想学学别的，还想喝朋友们玩一玩 。 我是因为有个大二的朋友推荐的去咨询的这个机构，因为我也知道🐙(张宇)老师是这机构总部的老师，机构里给我说给我上课的老师是经过总部培训来的，用的方法和讲义与总部的一致。我试听了一下，还行(反正是比学校里的老师强多了)。 目前是再跟27考研的一起听课，开设英语与数学。英语同样的话，本人英语底子还不错，高考英语120(但是上了大学之后没怎么背过单词了)。感觉给我上课的英语老师讲的也还好，但是对我来说节奏有点慢(讲题的时候，会更繁琐一些，还会讲一些感觉不是太重要的知识点)。数学老师讲的也挺好，没什么太大问题。 让我感觉不舒服的是，每节课是跟着讲义和对应的例题，没怎么有课后习题来巩固我学的，这让我感觉学得不踏实。 这里倒是有一个监督学习的服务倒挺好(有每天布置的作业，明天打卡检查，每周复盘)。(但是对大一的我感觉会挤走一部分学专业技能的时间)。 哎，小生好迷茫啊，是继续留在这里，还是自己听网课走自己的节奏？求大佬指点",639,https://tieba.baidu.com/p/10681911747,Cu不是卷王鸭,2026-05-01 10:41:42,baidu_tieba,tieba_client_api,academic_stress,human_style_body_first_no_local_model
A010,10616246669,"anxiety,academic_stress",human_style_labeled,high,body-first human-style labels: 焦虑、惊恐、失眠、强迫或躯体化表达; 考试、升学、论文、学校或学习压力.,考研,兄弟们好像不太对,图片是江苏某211复试后老师归还我简历时里面有一张手稿，才发现是面试评判分数，本来我感觉没考上是自己的原因，现在感觉不太好说了,"标题：兄弟们好像不太对

正文：图片是江苏某211复试后老师归还我简历时里面有一张手稿，才发现是面试评判分数，本来我感觉没考上是自己的原因，现在感觉不太好说了",63,https://tieba.baidu.com/p/10616246669,宇宙来信。,2026-04-06 02:56:06,baidu_tieba,tieba_client_api,academic_stress,human_style_body_first_no_local_model
A011,10650221108,"anxiety,academic_stress",human_style_labeled,high,body-first human-style labels: 焦虑、惊恐、失眠、强迫或躯体化表达; 考试、升学、论文、学校或学习压力.,专升本,升本还是就业？求解答！,我是河南的学生，高三自己出问题了结果考到天津专科学石油燃气，现在大二有两条路：1，跟大流毕业找工作基本就是去干巡线了。2，考一个不对口的民办机械设计制造本科。我现在的学习能力还在，有信心考上，我是先升本还是听行业内长辈的先找工作再自考跳槽呢？,"标题：升本还是就业？求解答！

正文：我是河南的学生，高三自己出问题了结果考到天津专科学石油燃气，现在大二有两条路：1，跟大流毕业找工作基本就是去干巡线了。2，考一个不对口的民办机械设计制造本科。我现在的学习能力还在，有信心考上，我是先升本还是听行业内长辈的先找工作再自考跳槽呢？",121,https://tieba.baidu.com/p/10650221108,枕云眠石,2026-04-19 00:18:06,baidu_tieba,tieba_client_api,academic_stress,human_style_body_first_no_local_model
A012,9106489534,"academic_stress,social_withdrawal",human_style_labeled,high,body-first human-style labels: 考试、升学、论文、学校或学习压力; 社交回避、孤独、闭门不出或退缩.,高考,高三了，真的要放下手机吗,或者说玩的话要控制到多长时间。本人从一年级开始就配备了自己的手机，初中有了自己的电脑，从小到大习惯了和电子产品相伴。小学基本散养，初中则是在学校赶完作业回家打游戏（平均时长上学日5h，周六日10h+）玩的最凶的时候一个月打了近500h。如今升入高三，日均时长已经压缩到了3h左右，自以为在学校的时间利用率比较高，很少参与聊天和社交活动（纯粹对八卦和他人琐事不感兴趣）。近来老师三令五申远离手机，我妈也有意采取强制管理措施。想知道大家的高三如何度过？怎么处理自己热爱的事情？有哪些放松方式,"标题：高三了，真的要放下手机吗

正文：或者说玩的话要控制到多长时间。本人从一年级开始就配备了自己的手机，初中有了自己的电脑，从小到大习惯了和电子产品相伴。小学基本散养，初中则是在学校赶完作业回家打游戏（平均时长上学日5h，周六日10h+）玩的最凶的时候一个月打了近500h。如今升入高三，日均时长已经压缩到了3h左右，自以为在学校的时间利用率比较高，很少参与聊天和社交活动（纯粹对八卦和他人琐事不感兴趣）。近来老师三令五申远离手机，我妈也有意采取强制管理措施。想知道大家的高三如何度过？怎么处理自己热爱的事情？有哪些放松方式",243,https://tieba.baidu.com/p/9106489534,贴吧用户_GXZX2Ga,2024-07-27 20:53:10,baidu_tieba,tieba_client_api,academic_stress,human_style_body_first_no_local_model
A013,10601640509,"academic_stress,abuse",human_style_labeled,high,body-first human-style labels: 考试、升学、论文、学校或学习压力; 辱骂、霸凌、家暴、网暴、造谣或攻击性语言.,考研,谁造谣初试401，复试84是兰大最高分的？,兰大确实不喜欢双非，这点是公认的事实；该考生初复试分也不低，被淘汰心里不平衡有怀疑也能理解。但是罔顾事实，夸大其词将落榜考生包装成所谓初复试第一，来放大兰大的罪状，这又是何居心？你要骂也起码也拿事实来骂吧？ 吧里还有搬运所谓本人阐述的帖子，他说了自己的荣誉，说了自己的面试，就是没澄清自己并非网上谣传的初复试第一，任外面谣言满天飞听之任之，是想博眼球博同情，还是想携舆论之势逼兰大就范？ 我是兰大硕，双非报考确实劣势，但我身边也有很多同学都是双非上来的。,"标题：谁造谣初试401，复试84是兰大最高分的？

正文：兰大确实不喜欢双非，这点是公认的事实；该考生初复试分也不低，被淘汰心里不平衡有怀疑也能理解。但是罔顾事实，夸大其词将落榜考生包装成所谓初复试第一，来放大兰大的罪状，这又是何居心？你要骂也起码也拿事实来骂吧？ 吧里还有搬运所谓本人阐述的帖子，他说了自己的荣誉，说了自己的面试，就是没澄清自己并非网上谣传的初复试第一，任外面谣言满天飞听之任之，是想博眼球博同情，还是想携舆论之势逼兰大就范？ 我是兰大硕，双非报考确实劣势，但我身边也有很多同学都是双非上来的。",227,https://tieba.baidu.com/p/10601640509,大嘴蛙钙DW,2026-03-31 11:09:29,baidu_tieba,tieba_client_api,academic_stress,human_style_body_first_no_local_model
A014,10565590224,"anxiety,academic_stress",human_style_labeled,high,body-first human-style labels: 焦虑、惊恐、失眠、强迫或躯体化表达; 考试、升学、论文、学校或学习压力.,保研,大一上拉了,大一上如果考的很差的话，还优不优先考虑保研这条路啊，一个中等211的软件工程，我们保研率大概是19%，我大概算了一下，我大一上的均分刚好是比第十六名低了18分，但是大一上的总学分只占总的的1/7 左右，想问一下如果后面努努力有没有机会，不会有什么上限导致不成功，有没有大佬指点一下,"标题：大一上拉了

正文：大一上如果考的很差的话，还优不优先考虑保研这条路啊，一个中等211的软件工程，我们保研率大概是19%，我大概算了一下，我大一上的均分刚好是比第十六名低了18分，但是大一上的总学分只占总的的1/7 左右，想问一下如果后面努努力有没有机会，不会有什么上限导致不成功，有没有大佬指点一下",140,https://tieba.baidu.com/p/10565590224,东依君M,2026-03-17 21:29:59,baidu_tieba,tieba_client_api,academic_stress,human_style_body_first_no_local_model
A015,8240923712,abuse,human_style_labeled,medium,body-first human-style labels: 辱骂、霸凌、家暴、网暴、造谣或攻击性语言.,答辩,这是我见过最恶心的吧,答辩是大b**n的谐音，这个吧里面说不定还有昊京、战狠、矮人科技、伪军父子。 最后我想说的是：任何邪恶，终将绳之以法！,"标题：这是我见过最恶心的吧

正文：答辩是大b**n的谐音，这个吧里面说不定还有昊京、战狠、矮人科技、伪军父子。 最后我想说的是：任何邪恶，终将绳之以法！",59,https://tieba.baidu.com/p/8240923712,我的世界普忒头,2023-01-31 21:53:46,baidu_tieba,tieba_client_api,academic_stress,human_style_body_first_no_local_model
A016,10638566218,"anxiety,academic_stress",human_style_labeled,high,body-first human-style labels: 焦虑、惊恐、失眠、强迫或躯体化表达; 考试、升学、论文、学校或学习压力.,专升本,有点迷茫不知道怎么制定学习计划,鼠鼠 大二下，计算机一级，英语四级都过了，高数也学了一点，身边认识一个专本硕的牛逼人物，我也是有点理想，的想要像他一样，可是每天的课太多了，而且我非常喜欢健身，可以说是上瘾了，我也喜欢玩游戏，三角洲自认为技术不错可以当个野鸡护，我是真挺喜欢玩这个的，朋友也会叫我玩，可是一跟他们玩时间完全不够，而且我也有剪视频的兴趣，有时候会学剪辑加剪辑视频，图书馆9点就关门，宿舍楼的自习室11点关门，我目前想培养一下学习习惯，差不多7点会去自习室被20个单词，看看高数再做做题一个小时，可是我觉得这个还是够，希望吧友给点意见,"标题：有点迷茫不知道怎么制定学习计划

正文：鼠鼠 大二下，计算机一级，英语四级都过了，高数也学了一点，身边认识一个专本硕的牛逼人物，我也是有点理想，的想要像他一样，可是每天的课太多了，而且我非常喜欢健身，可以说是上瘾了，我也喜欢玩游戏，三角洲自认为技术不错可以当个野鸡护，我是真挺喜欢玩这个的，朋友也会叫我玩，可是一跟他们玩时间完全不够，而且我也有剪视频的兴趣，有时候会学剪辑加剪辑视频，图书馆9点就关门，宿舍楼的自习室11点关门，我目前想培养一下学习习惯，差不多7点会去自习室被20个单词，看看高数再做做题一个小时，可是我觉得这个还是够，希望吧友给点意见",256,https://tieba.baidu.com/p/10638566218,一橙人K,2026-04-14 15:05:05,baidu_tieba,tieba_client_api,academic_stress,human_style_body_first_no_local_model
A017,10668423339,"anxiety,academic_stress,abuse",human_style_labeled,high,body-first human-style labels: 焦虑、惊恐、失眠、强迫或躯体化表达; 考试、升学、论文、学校或学习压力; 辱骂、霸凌、家暴、网暴、造谣或攻击性语言.,高考,喵喵喵喵喵,我高一想回家自学了，可是老师和家长都不同意。 我们学校连书都发不齐全。现在开学一个半月了，只发了课本，练习册一本都没有发。我是开学两个星期才拿到课本的。学校怕有人没交书本费就领课本，就让我们去找分班前的原班主任出示证明，然后再一起去教务处领书。 老师就算只讲课本，练习册、试卷什么都不碰，还是连课都讲不完，期末考试前一周才讲完三角函数。 宿舍里全员抽烟，又没有宿管。他们晚上玩手机玩到两三点，我叫他们安静一点、出去抽，还差点跟他们打起来。同学的事说不完了，只能粗略讲一下，都挺逆天的。有个人借了我五百多，已经半年了，一毛没还，还让我去帮他取快递，不帮还发脾气。还有零零散散的几十块欠款。宿舍的人知道有人欠我钱不还，直接去找他们要了，我拦都拦不住。要回来的钱就是他们自己的了，和我没关系。他们说，是我自己要回来的钱，为什么给你？ 我们班虽然是学校最好的班，可全班都在摆烂。一上课基本上全都睡觉，老师也不管，甚至有人当着班主任的面走出教室。,"标题：喵喵喵喵喵

正文：我高一想回家自学了，可是老师和家长都不同意。 我们学校连书都发不齐全。现在开学一个半月了，只发了课本，练习册一本都没有发。我是开学两个星期才拿到课本的。学校怕有人没交书本费就领课本，就让我们去找分班前的原班主任出示证明，然后再一起去教务处领书。 老师就算只讲课本，练习册、试卷什么都不碰，还是连课都讲不完，期末考试前一周才讲完三角函数。 宿舍里全员抽烟，又没有宿管。他们晚上玩手机玩到两三点，我叫他们安静一点、出去抽，还差点跟他们打起来。同学的事说不完了，只能粗略讲一下，都挺逆天的。有个人借了我五百多，已经半年了，一毛没还，还让我去帮他取快递，不帮还发脾气。还有零零散散的几十块欠款。宿舍的人知道有人欠我钱不还，直接去找他们要了，我拦都拦不住。要回来的钱就是他们自己的了，和我没关系。他们说，是我自己要回来的钱，为什么给你？ 我们班虽然是学校最好的班，可全班都在摆烂。一上课基本上全都睡觉，老师也不管，甚至有人当着班主任的面走出教室。",418,https://tieba.baidu.com/p/10668423339,赫尔佐格博士258,2026-04-26 01:52:50,baidu_tieba,tieba_client_api,academic_stress,human_style_body_first_no_local_model
A018,10630679948,academic_stress,human_style_labeled,medium,body-first human-style labels: 考试、升学、论文、学校或学习压力.,保研,跨保去自己想要的专业可行吗,本人双一流大一测绘工程，转专业之 前排 名是4/36，转去车辆工程惜败（面试没经验，分比较低）。转专业结束后排名变为2/33，去年本专业保研了3个人，我离下一名的差距也蛮大，感觉还是很有机会争取保研的，那么跨保去机械或者车辆可行吗？当然如果只能保相近专业我也能接受。,"标题：跨保去自己想要的专业可行吗

正文：本人双一流大一测绘工程，转专业之 前排 名是4/36，转去车辆工程惜败（面试没经验，分比较低）。转专业结束后排名变为2/33，去年本专业保研了3个人，我离下一名的差距也蛮大，感觉还是很有机会争取保研的，那么跨保去机械或者车辆可行吗？当然如果只能保相近专业我也能接受。",133,https://tieba.baidu.com/p/10630679948,幽谷深风_,2026-04-11 12:47:17,baidu_tieba,tieba_client_api,academic_stress,human_style_body_first_no_local_model
A019,10644978045,"depression,anxiety,academic_stress",human_style_labeled,high,body-first human-style labels: 明显低落、绝望、无意义感或抑郁相关表达; 焦虑、惊恐、失眠、强迫或躯体化表达; 考试、升学、论文、学校或学习压力.,专升本,大半夜睡不着😣麻烦大家给点建议,我是06年的，河北的女生，来江苏上的大专。 目前想着大专毕业了就去打零工做自媒体混日子 专升本以我的萎缩小脑子应该是不够用的，学的财务管理专业，去图书馆学习可以做到五个小时就做俩个题，纯玩手机或者走神，我的脑子压根学习不了 英语四级裸考了一个401，初级会计还有一个月就考试了但是我还是一点没学，就是学不进去。。 家庭情况的话，妈妈哥哥tzn，爸爸私企 家里四线城市俩房，县城一个小房子，成都还有个公寓🏠 我认为现在的社会生存成本其实很低，去菜市场捡点烂菜叶都能活，那人们干嘛还要把自己活的那么累 去工作，干到五十五再退休，退休了身体也累出毛病了，感觉说是退休其实就养病等s来了 我现在大二，还有仨月就去实习了，学校生活就这么结束了。 我脑子很笨，感觉去工作还得闯祸，不如做点简单的苦力一类的工作 说的好乱。。但是总体情况就是这样。。麻烦大家给点建议，想知道升本是不是真的那么有必要，或者说我感觉我就是升本也是升不上，升个民办二本我感觉也没必要。。说话严厉点也没关系,"标题：大半夜睡不着😣麻烦大家给点建议

正文：我是06年的，河北的女生，来江苏上的大专。 目前想着大专毕业了就去打零工做自媒体混日子 专升本以我的萎缩小脑子应该是不够用的，学的财务管理专业，去图书馆学习可以做到五个小时就做俩个题，纯玩手机或者走神，我的脑子压根学习不了 英语四级裸考了一个401，初级会计还有一个月就考试了但是我还是一点没学，就是学不进去。。 家庭情况的话，妈妈哥哥tzn，爸爸私企 家里四线城市俩房，县城一个小房子，成都还有个公寓🏠 我认为现在的社会生存成本其实很低，去菜市场捡点烂菜叶都能活，那人们干嘛还要把自己活的那么累 去工作，干到五十五再退休，退休了身体也累出毛病了，感觉说是退休其实就养病等s来了 我现在大二，还有仨月就去实习了，学校生活就这么结束了。 我脑子很笨，感觉去工作还得闯祸，不如做点简单的苦力一类的工作 说的好乱。。但是总体情况就是这样。。麻烦大家给点建议，想知道升本是不是真的那么有必要，或者说我感觉我就是升本也是升不上，升个民办二本我感觉也没必要。。说话严厉点也没关系",433,https://tieba.baidu.com/p/10644978045,甘舌,2026-04-17 00:09:32,baidu_tieba,tieba_client_api,academic_stress,human_style_body_first_no_local_model
A020,10677301461,academic_stress,human_style_labeled,medium,body-first human-style labels: 考试、升学、论文、学校或学习压力.,考研,一个好专业真的很重要吗？,机械，控制，电气，机科考研难度都远大于冶金，地质之类。考研考一个985的冶金真就不如一个末2的控制？,"标题：一个好专业真的很重要吗？

正文：机械，控制，电气，机科考研难度都远大于冶金，地质之类。考研考一个985的冶金真就不如一个末2的控制？",50,https://tieba.baidu.com/p/10677301461,一卓芷,2026-04-29 15:24:33,baidu_tieba,tieba_client_api,academic_stress,human_style_body_first_no_local_model
A021,10670220694,academic_stress,human_style_labeled,medium,body-first human-style labels: 考试、升学、论文、学校或学习压力.,考研,想考985的，都给我去当兵。,大一，入伍。当兵复学后拿20万退伍费，选择085400(当兵后任选专业)，然后考研备战985，报士兵计划。不特么比备战2战和3战轻松太多了。而且工作单位不会因为你去当兵说你年龄的问题，当兵是优点。双非的最优解。,"标题：想考985的，都给我去当兵。

正文：大一，入伍。当兵复学后拿20万退伍费，选择085400(当兵后任选专业)，然后考研备战985，报士兵计划。不特么比备战2战和3战轻松太多了。而且工作单位不会因为你去当兵说你年龄的问题，当兵是优点。双非的最优解。",105,https://tieba.baidu.com/p/10670220694,外外外外大大,2026-04-26 19:58:24,baidu_tieba,tieba_client_api,academic_stress,human_style_body_first_no_local_model
A022,10678349981,academic_stress,human_style_labeled,medium,body-first human-style labels: 考试、升学、论文、学校或学习压力.,考研,26已上岸的考研人对考研数学的一些个人理解,如题，本人考研数学考了143分，这个分数在今年数学难度的前提下不算高分，但是我是涂错了一个选择题，而且我平常模拟卷都在130+，参加过几次欧几里得模考，两千人参加的考试，基本都在前五十，所以我觉得我自己对考研数学还是有一点见解的，如果有对数学迷茫的27小登，可以听听我的想法，如果你不认同，也欢迎讨论。,"标题：26已上岸的考研人对考研数学的一些个人理解

正文：如题，本人考研数学考了143分，这个分数在今年数学难度的前提下不算高分，但是我是涂错了一个选择题，而且我平常模拟卷都在130+，参加过几次欧几里得模考，两千人参加的考试，基本都在前五十，所以我觉得我自己对考研数学还是有一点见解的，如果有对数学迷茫的27小登，可以听听我的想法，如果你不认同，也欢迎讨论。",151,https://tieba.baidu.com/p/10678349981,炽天魁罗,2026-04-29 23:53:12,baidu_tieba,tieba_client_api,academic_stress,human_style_body_first_no_local_model
A023,10681935212,,human_style_normal_or_unclear,medium,body-first human-style labels: normal_or_unclear.,考研,考研上岸了,一直在做相关工作，经验丰富，已经带上岸多名学生，可以帮忙规划，答疑，辅导，全科都行，性价比高，有需要私聊～,"标题：考研上岸了

正文：一直在做相关工作，经验丰富，已经带上岸多名学生，可以帮忙规划，答疑，辅导，全科都行，性价比高，有需要私聊～",53,https://tieba.baidu.com/p/10681935212,木子业火,2026-05-01 10:53:26,baidu_tieba,tieba_client_api,academic_stress,human_style_body_first_no_local_model
A024,10669871706,"depression,anxiety,academic_stress",human_style_labeled,high,body-first human-style labels: 明显低落、绝望、无意义感或抑郁相关表达; 焦虑、惊恐、失眠、强迫或躯体化表达; 考试、升学、论文、学校或学习压力.,高考,上一条帖子写错了，实在抱歉，有些情况没说明完全,我是学文科的男生，感觉文科就业前景不太好，我家里基本属于一分钱没有的，父亲是外卖员但是不怎么干基本每月3000左右，母亲没有工作，在我们这边市重点读书，分数大概就是过民办本科线，我在想如果我去读了一个民办本科毕业出来找不到工作我将来怎么办啊，还是说我去走单招学一门技术好找工作的然后专升本这种起码不愁工作吧应该。然后我现在是因为身体原因每周基本固定请假2-3天，在外面找了一份兼职打工赚一点钱，还有就是在家里接一些游戏的单子也能稍微挣一些，我现在想如果民办本科出来找不到工作，这个学费其实也得我自己出，感觉有些得不偿失,"标题：上一条帖子写错了，实在抱歉，有些情况没说明完全

正文：我是学文科的男生，感觉文科就业前景不太好，我家里基本属于一分钱没有的，父亲是外卖员但是不怎么干基本每月3000左右，母亲没有工作，在我们这边市重点读书，分数大概就是过民办本科线，我在想如果我去读了一个民办本科毕业出来找不到工作我将来怎么办啊，还是说我去走单招学一门技术好找工作的然后专升本这种起码不愁工作吧应该。然后我现在是因为身体原因每周基本固定请假2-3天，在外面找了一份兼职打工赚一点钱，还有就是在家里接一些游戏的单子也能稍微挣一些，我现在想如果民办本科出来找不到工作，这个学费其实也得我自己出，感觉有些得不偿失",259,https://tieba.baidu.com/p/10669871706,这该怎么办？,2026-04-26 16:42:04,baidu_tieba,tieba_client_api,academic_stress,human_style_body_first_no_local_model
A025,10121672245,"anxiety,academic_stress",human_style_labeled,high,body-first human-style labels: 焦虑、惊恐、失眠、强迫或躯体化表达; 考试、升学、论文、学校或学习压力.,高考,英语成绩怎么提？,为什么我英语该记的记了，该背的也背了，为什么总是成绩不理想？多半只有95分左右，平时也经常写自己买的45套，听力经常性的错8个，abcd篇加七选五一共错6个，完型和填词错8分左右。求各位大佬指点我一下，告诉我提成绩的方法，我现在真的好迷茫，拜托了！！,"标题：英语成绩怎么提？

正文：为什么我英语该记的记了，该背的也背了，为什么总是成绩不理想？多半只有95分左右，平时也经常写自己买的45套，听力经常性的错8个，abcd篇加七选五一共错6个，完型和填词错8分左右。求各位大佬指点我一下，告诉我提成绩的方法，我现在真的好迷茫，拜托了！！",125,https://tieba.baidu.com/p/10121672245,山间清谈的风,2025-10-13 12:49:41,baidu_tieba,tieba_client_api,academic_stress,human_style_body_first_no_local_model
A026,10652137398,academic_stress,human_style_labeled,medium,body-first human-style labels: 考试、升学、论文、学校或学习压力.,高考,卡方还阴啊,lz高二这个题学校当作业题给我们做，我算出来700也有点震惊，但是一看数据20和180明显不独立啊，700多也很正常啊，换做是我高考算出这数我就闭眼写上了,"标题：卡方还阴啊

正文：lz高二这个题学校当作业题给我们做，我算出来700也有点震惊，但是一看数据20和180明显不独立啊，700多也很正常啊，换做是我高考算出这数我就闭眼写上了",77,https://tieba.baidu.com/p/10652137398,V.King,2026-04-19 19:02:08,baidu_tieba,tieba_client_api,academic_stress,human_style_body_first_no_local_model
A027,10517165380,"anxiety,academic_stress",human_style_labeled,high,body-first human-style labels: 焦虑、惊恐、失眠、强迫或躯体化表达; 考试、升学、论文、学校或学习压力.,专升本,公办大专和民办本科有什么区别？,我是3+2的学生，已经通过了学校的转段考试，也参加了今年的考试，三科的分数肯定是过了本科线，现在我很纠结的是上我对接的公办大专，还是报名民办本科（截至目前没有公办本科有这个专业的招生，希望后面几天可以有一所公办的本科），我问了目前教我的几个老师都是让我继续读大专，因为这个大专还是在省内比较有知名度的，大专第二年再进行专升本，但是有一个关系很好的姐姐说让我冲一把民办本科，因为如果专升本的话要和高考考到大专的学生竞争，而且我不是广东户口，只能考一次。我现在也能纠结，因为我的英语不太好，还有文凭上会写专升本，但是万一专升本可以冲击公办本科。像我这样的怎么选择比较好,"标题：公办大专和民办本科有什么区别？

正文：我是3+2的学生，已经通过了学校的转段考试，也参加了今年的考试，三科的分数肯定是过了本科线，现在我很纠结的是上我对接的公办大专，还是报名民办本科（截至目前没有公办本科有这个专业的招生，希望后面几天可以有一所公办的本科），我问了目前教我的几个老师都是让我继续读大专，因为这个大专还是在省内比较有知名度的，大专第二年再进行专升本，但是有一个关系很好的姐姐说让我冲一把民办本科，因为如果专升本的话要和高考考到大专的学生竞争，而且我不是广东户口，只能考一次。我现在也能纠结，因为我的英语不太好，还有文凭上会写专升本，但是万一专升本可以冲击公办本科。像我这样的怎么选择比较好",282,https://tieba.baidu.com/p/10517165380,贴吧用户_a6UCSaD,2026-02-27 00:39:28,baidu_tieba,tieba_client_api,academic_stress,human_style_body_first_no_local_model
A028,10546427664,"anxiety,academic_stress,social_withdrawal",human_style_labeled,high,body-first human-style labels: 焦虑、惊恐、失眠、强迫或躯体化表达; 考试、升学、论文、学校或学习压力; 社交回避、孤独、闭门不出或退缩.,四六级,很想要一个互相监督学习的圈子……,组建一个安静又治愈的大学生自律联盟，给喜欢独处、默默努力的你一个落脚处。 在这里，你可以： ● 保持自己的节奏，不被打扰，也随时有人回应 ● 每日学习/生活打卡，互相监督，一起变优秀 ● 聊聊大学的迷茫、焦虑、困惑，有人懂你 ● 分享书单、经验、干货，减少信息差 不喧闹、不内卷、不尬聊。 只需要真诚、自律、愿意彼此陪伴。 如果你： ✅ 喜欢独处，但也想有人一起前行 ✅ 想自律上进，却总缺一点坚持 ✅ 面对大学迷茫，希望有人倾听建议 ✅ 渴望同频、温和、靠谱的伙伴 欢迎留言「11」，我拉你进群。 独行的路很长，我们一起走，就不孤单。 #大学自律 # 学习打卡 #大学生互助 # 独处成长 #搭子 # 大学迷茫 #自律群,"标题：很想要一个互相监督学习的圈子……

正文：组建一个安静又治愈的大学生自律联盟，给喜欢独处、默默努力的你一个落脚处。 在这里，你可以： ● 保持自己的节奏，不被打扰，也随时有人回应 ● 每日学习/生活打卡，互相监督，一起变优秀 ● 聊聊大学的迷茫、焦虑、困惑，有人懂你 ● 分享书单、经验、干货，减少信息差 不喧闹、不内卷、不尬聊。 只需要真诚、自律、愿意彼此陪伴。 如果你： ✅ 喜欢独处，但也想有人一起前行 ✅ 想自律上进，却总缺一点坚持 ✅ 面对大学迷茫，希望有人倾听建议 ✅ 渴望同频、温和、靠谱的伙伴 欢迎留言「11」，我拉你进群。 独行的路很长，我们一起走，就不孤单。 #大学自律 # 学习打卡 #大学生互助 # 独处成长 #搭子 # 大学迷茫 #自律群",311,https://tieba.baidu.com/p/10546427664,宗宗子EB2e3,2026-03-10 09:17:32,baidu_tieba,tieba_client_api,academic_stress,human_style_body_first_no_local_model
A029,3780040088,"self_harm,depression,academic_stress",human_style_labeled,high,body-first human-style labels: 自伤/轻生相关表达; 明显低落、绝望、无意义感或抑郁相关表达; 考试、升学、论文、学校或学习压力.,挂科,挂科真的不是什么好事啊,大学四年挂科无数，大四了，学校还没有清考，只能重修，重修又没过，BOOM！想死的心都有了，毕业证，没了！学位证，没了！！以前一直不敢跟家里说，最后没办法了，跟爸妈说了，老爸就说，你早干什么去了，这种事早说给你找找关系说不定还行，非得拖到这个时候。奉劝各位，毕竟爹妈，早点说了，让家里给使使劲,"标题：挂科真的不是什么好事啊

正文：大学四年挂科无数，大四了，学校还没有清考，只能重修，重修又没过，BOOM！想死的心都有了，毕业证，没了！学位证，没了！！以前一直不敢跟家里说，最后没办法了，跟爸妈说了，老爸就说，你早干什么去了，这种事早说给你找找关系说不定还行，非得拖到这个时候。奉劝各位，毕竟爹妈，早点说了，让家里给使使劲",145,https://tieba.baidu.com/p/3780040088,子情冢,2015-05-22 21:23:44,baidu_tieba,tieba_client_api,academic_stress,human_style_body_first_no_local_model
A030,10651960992,academic_stress,human_style_labeled,medium,body-first human-style labels: 考试、升学、论文、学校或学习压力.,专升本,对于专升本的一些观点,如果专升本不是为了考公考编考研，那升本毫无意义。尤其现在学历贬值的时代，用专升本的学历去找工作，除了考公考编，基本上单位或者企业都不认，所以大家自己看着办吧,"标题：对于专升本的一些观点

正文：如果专升本不是为了考公考编考研，那升本毫无意义。尤其现在学历贬值的时代，用专升本的学历去找工作，除了考公考编，基本上单位或者企业都不认，所以大家自己看着办吧",78,https://tieba.baidu.com/p/10651960992,crimos,2026-04-19 17:18:35,baidu_tieba,tieba_client_api,academic_stress,human_style_body_first_no_local_model
A031,10626588333,"anxiety,academic_stress",human_style_labeled,high,body-first human-style labels: 焦虑、惊恐、失眠、强迫或躯体化表达; 考试、升学、论文、学校或学习压力.,保研,老师这是婉拒我了吗,主包大三，想申请跟老师参加科研丰富一下科研经历，因为主包要保研了，就差科研这一块了，想求老师让我进组学习一下，完全不期望能出成果，只希望能有个经历，到时候能写进简历里就行。跟老师发邮件后老师这样回的我，是婉拒我了吗，我还有必要回信吗😭,"标题：老师这是婉拒我了吗

正文：主包大三，想申请跟老师参加科研丰富一下科研经历，因为主包要保研了，就差科研这一块了，想求老师让我进组学习一下，完全不期望能出成果，只希望能有个经历，到时候能写进简历里就行。跟老师发邮件后老师这样回的我，是婉拒我了吗，我还有必要回信吗😭",117,https://tieba.baidu.com/p/10626588333,③井瘦,2026-04-09 22:57:33,baidu_tieba,tieba_client_api,academic_stress,human_style_body_first_no_local_model
A032,10660508373,,human_style_normal_or_unclear,medium,body-first human-style labels: normal_or_unclear.,保研,保研咨询社来了～,各位同学，大家好！我们工作室近期正在开展保研咨询业务，为了更好地服务学弟学妹，现诚邀各位已成功保研的学长学姐加入我们的导师团队。 我们深知大家的时间宝贵，因此郑重承诺：“咨询费用”与“时间安排”完全由您自主决定，我们提供最大的灵活性。 目前咨询需求量较大，请快快行动。我们承诺，所有信息将严格保密，绝不会泄露或打扰到您的正常学习生活。期待与您携手，为学弟学妹的保研之路保驾护航！ 感兴趣的各位学长学姐，请私我，后面好为大家分配，感谢支持。,"标题：保研咨询社来了～

正文：各位同学，大家好！我们工作室近期正在开展保研咨询业务，为了更好地服务学弟学妹，现诚邀各位已成功保研的学长学姐加入我们的导师团队。 我们深知大家的时间宝贵，因此郑重承诺：“咨询费用”与“时间安排”完全由您自主决定，我们提供最大的灵活性。 目前咨询需求量较大，请快快行动。我们承诺，所有信息将严格保密，绝不会泄露或打扰到您的正常学习生活。期待与您携手，为学弟学妹的保研之路保驾护航！ 感兴趣的各位学长学姐，请私我，后面好为大家分配，感谢支持。",219,https://tieba.baidu.com/p/10660508373,叾屾007,2026-04-22 23:53:45,baidu_tieba,tieba_client_api,academic_stress,human_style_body_first_no_local_model
A033,10670655716,,human_style_normal_or_unclear,medium,body-first human-style labels: normal_or_unclear.,公务员考试,突然感觉年纪大了，脑子比以前好用了。,没有那么弯弯绕绕，简单明了，很难的就蒙一个，不内耗留精力注意力给下一道题。,"标题：突然感觉年纪大了，脑子比以前好用了。

正文：没有那么弯弯绕绕，简单明了，很难的就蒙一个，不内耗留精力注意力给下一道题。",37,https://tieba.baidu.com/p/10670655716,远离颠倒🍀,2026-04-27 01:00:58,baidu_tieba,tieba_client_api,academic_stress,human_style_body_first_no_local_model
A034,10647742605,"anxiety,academic_stress",human_style_labeled,high,body-first human-style labels: 焦虑、惊恐、失眠、强迫或躯体化表达; 考试、升学、论文、学校或学习压力.,专升本,27四川专升本现在准备来得及吗,我是四川机械制造及其自动化的大专学生 数学基本忘的差不多了 英语一直很差 但是这个月开始背单词了 计算机一点没看 我这种情况建议自学还是报班啊 自学的话我主要是没有方向 就是不知道出题的模式那些 也不能及时更新题库 这是我在犹豫要不要报班的原因 我自制力是有的 就是不知道方向 也不知道我的专业的备考方向 和院校招生情况,"标题：27四川专升本现在准备来得及吗

正文：我是四川机械制造及其自动化的大专学生 数学基本忘的差不多了 英语一直很差 但是这个月开始背单词了 计算机一点没看 我这种情况建议自学还是报班啊 自学的话我主要是没有方向 就是不知道出题的模式那些 也不能及时更新题库 这是我在犹豫要不要报班的原因 我自制力是有的 就是不知道方向 也不知道我的专业的备考方向 和院校招生情况",160,https://tieba.baidu.com/p/10647742605,贴吧用户_JSZ9y2P,2026-04-18 00:41:37,baidu_tieba,tieba_client_api,academic_stress,human_style_body_first_no_local_model
A035,10634348434,academic_stress,human_style_labeled,medium,body-first human-style labels: 考试、升学、论文、学校或学习压力.,公务员考试,完全没学习过，测试一下自己天赋，26国考行测真题，70.7分,真题是26国考，行政执法类。但是超时了20分钟 请问这算是有天赋的吗？有继续学下去的必要吗？我是准备考公，还是准备考研（对考研欲望较强，但是所考专业竞争严重且为跨考）,"标题：完全没学习过，测试一下自己天赋，26国考行测真题，70.7分

正文：真题是26国考，行政执法类。但是超时了20分钟 请问这算是有天赋的吗？有继续学下去的必要吗？我是准备考公，还是准备考研（对考研欲望较强，但是所考专业竞争严重且为跨考）",83,https://tieba.baidu.com/p/10634348434,贴吧用户_GSAe3DP,2026-04-12 22:42:22,baidu_tieba,tieba_client_api,academic_stress,human_style_body_first_no_local_model
A036,10666565843,"anxiety,academic_stress",human_style_labeled,high,body-first human-style labels: 焦虑、惊恐、失眠、强迫或躯体化表达; 考试、升学、论文、学校或学习压力.,保研,保研offer拿到了过后最晚确认时间是多少啊,如题，本人中下985，计划美国直博申请和保研双线进行。保研是在申美博之前嘛，就想知道有没有可能先拿到保研的offer，先不慌接受，如果美国那边有心仪的offer就拒绝保研这边的offer。这种操作可行吗🤔,"标题：保研offer拿到了过后最晚确认时间是多少啊

正文：如题，本人中下985，计划美国直博申请和保研双线进行。保研是在申美博之前嘛，就想知道有没有可能先拿到保研的offer，先不慌接受，如果美国那边有心仪的offer就拒绝保研这边的offer。这种操作可行吗🤔",102,https://tieba.baidu.com/p/10666565843,贴吧用户_GNK77GP,2026-04-25 09:43:18,baidu_tieba,tieba_client_api,academic_stress,human_style_body_first_no_local_model
A037,4572036785,"anxiety,academic_stress",human_style_labeled,high,body-first human-style labels: 焦虑、惊恐、失眠、强迫或躯体化表达; 考试、升学、论文、学校或学习压力.,挂科,说说自己的挂科历史吧,后天还有一科开卷清考考试就结束了，楼主可以按时毕业了，从大一开始挂科的，大一15学分降级，楼主挂了14分，大二25学分降级，楼主挂了23学分，大三30学分降级，楼主挂了28学分。最危险的时候还是大一下学期挂了14学分，当时还有一科开卷的挂了，全班就我一个，而且是因为带手机考试让监考老师赶出了考场，当时倒霉，遇到一个和学生过不去的老师，开卷考试就是抄的，带手机咋的了？后来真有点害怕，虽然开卷，但是补考万一有个闪失直接降级啊！于是楼主第一次去了老师办公室，苦苦哀求啊，老师把范围话给我了，不用降级了，大二上学期没挂科，因为大一下真的给我吓到了，所以大二上学期还是有去上课的，考前背了一些，但是大二下，楼主原形毕露了，又挂了三科，包括一科迟到三十分以上不让考试的，楼主的学校旷考不允许补考的，要不就直接到大四参加清考，要不就重修，反正楼主没重修。到了大三的时候其实按导员的说法，她已经放弃我了，把我归入降级学生一列了，但是刚好又很巧，导员的好朋友的老公是我妈的下属，没错，就是这么巧，于是大三导员就经常看着我上课，虽然我还是经常逃课。虽然有导员的帮忙，但是导员其实职位不高，学校里好多副教授，教授的，根本不给导员面子，所以导员说的也很直白，我没那么大的能力，只能督促你，给你找个学习好的同学督促你，可楼主还是挂了2科，被导员一顿训，大三上其实已经挂了28学分了，基本大三下再挂一个就可以当学弟了，这个时候导员也不管我了，楼主心里明白，按楼主一贯的表现，降级没跑了，于是楼主第一次在考场上作弊，被逼无奈，考前一夜失眠，当时满脑子里想的就是，完了，肯定降级了，直到凌晨两点，楼主开始决定做小条，于是，后面的几科都做了小条，楼主学过魔术，反应还是挺快的，而且特别谨慎，科科作弊，就被抓了一次，但是当时已经答完了，我就直接交卷了，于是成绩发布那天，楼主一科没挂，导员还给我发微信，祝贺，不用降级了。大四没有降级制度了，于是楼主和降级的作战结束了。但是新的战斗开始了。,"标题：说说自己的挂科历史吧

正文：后天还有一科开卷清考考试就结束了，楼主可以按时毕业了，从大一开始挂科的，大一15学分降级，楼主挂了14分，大二25学分降级，楼主挂了23学分，大三30学分降级，楼主挂了28学分。最危险的时候还是大一下学期挂了14学分，当时还有一科开卷的挂了，全班就我一个，而且是因为带手机考试让监考老师赶出了考场，当时倒霉，遇到一个和学生过不去的老师，开卷考试就是抄的，带手机咋的了？后来真有点害怕，虽然开卷，但是补考万一有个闪失直接降级啊！于是楼主第一次去了老师办公室，苦苦哀求啊，老师把范围话给我了，不用降级了，大二上学期没挂科，因为大一下真的给我吓到了，所以大二上学期还是有去上课的，考前背了一些，但是大二下，楼主原形毕露了，又挂了三科，包括一科迟到三十分以上不让考试的，楼主的学校旷考不允许补考的，要不就直接到大四参加清考，要不就重修，反正楼主没重修。到了大三的时候其实按导员的说法，她已经放弃我了，把我归入降级学生一列了，但是刚好又很巧，导员的好朋友的老公是我妈的下属，没错，就是这么巧，于是大三导员就经常看着我上课，虽然我还是经常逃课。虽然有导员的帮忙，但是导员其实职位不高，学校里好多副教授，教授的，根本不给导员面子，所以导员说的也很直白，我没那么大的能力，只能督促你，给你找个学习好的同学督促你，可楼主还是挂了2科，被导员一顿训，大三上其实已经挂了28学分了，基本大三下再挂一个就可以当学弟了，这个时候导员也不管我了，楼主心里明白，按楼主一贯的表现，降级没跑了，于是楼主第一次在考场上作弊，被逼无奈，考前一夜失眠，当时满脑子里想的就是，完了，肯定降级了，直到凌晨两点，楼主开始决定做小条，于是，后面的几科都做了小条，楼主学过魔术，反应还是挺快的，而且特别谨慎，科科作弊，就被抓了一次，但是当时已经答完了，我就直接交卷了，于是成绩发布那天，楼主一科没挂，导员还给我发微信，祝贺，不用降级了。大四没有降级制度了，于是楼主和降级的作战结束了。但是新的战斗开始了。",828,https://tieba.baidu.com/p/4572036785,小牛吃嫩草😜,2016-05-26 15:43:34,baidu_tieba,tieba_client_api,academic_stress,human_style_body_first_no_local_model
A038,10678167974,,human_style_normal_or_unclear,medium,body-first human-style labels: normal_or_unclear.,保研,经管法保研避坑指南,经管法保研选机构避坑一、经管法保研核心痛点（中 2 条以上需专业助力）经管法保研的难，在于 “综合素养 + 细分赛道”：1.专业细分多（金融 / 会计 / 管科 / 法学 / 国贸等），院校考核侧重差异大，定位易偏差；2.文书需 “学术逻辑 + 实践亮点”，模板化文书直接被筛，PS / 推荐信难突出核心竞争力；3.面试重热点分析、案例拆解、学术思辨，无针对性训练易 “卡壳”；4.科研（论文 / 课题）与实习匹配度要求高，“做了但不会转化” 等于白忙；5.夏令营 / 预推免政策变动快，优质项目信息隐蔽，错过等于失格。这些痛点，只有深耕经管法的机构能精准破解，全科机构难以触及专业核心逻辑。二、主流保研机构经管法方向客观对比（干货表格如上）客观结论：保研人胜在社群与全科覆盖，后保研强于名校资源与背景提升，但两者在经管法 “细分专业深耕” 和 “个性化服务” 上稍显不足；而保研之家的核心优势是 —— 把经管法保研的 “专业匹配度、资料针对性、服务性价比” 做到极致，完全贴合不同背景经管法生的需求。,"标题：经管法保研避坑指南

正文：经管法保研选机构避坑一、经管法保研核心痛点（中 2 条以上需专业助力）经管法保研的难，在于 “综合素养 + 细分赛道”：1.专业细分多（金融 / 会计 / 管科 / 法学 / 国贸等），院校考核侧重差异大，定位易偏差；2.文书需 “学术逻辑 + 实践亮点”，模板化文书直接被筛，PS / 推荐信难突出核心竞争力；3.面试重热点分析、案例拆解、学术思辨，无针对性训练易 “卡壳”；4.科研（论文 / 课题）与实习匹配度要求高，“做了但不会转化” 等于白忙；5.夏令营 / 预推免政策变动快，优质项目信息隐蔽，错过等于失格。这些痛点，只有深耕经管法的机构能精准破解，全科机构难以触及专业核心逻辑。二、主流保研机构经管法方向客观对比（干货表格如上）客观结论：保研人胜在社群与全科覆盖，后保研强于名校资源与背景提升，但两者在经管法 “细分专业深耕” 和 “个性化服务” 上稍显不足；而保研之家的核心优势是 —— 把经管法保研的 “专业匹配度、资料针对性、服务性价比” 做到极致，完全贴合不同背景经管法生的需求。",451,https://tieba.baidu.com/p/10678167974,保研机构推荐官,2026-04-29 21:59:31,baidu_tieba,tieba_client_api,academic_stress,human_style_body_first_no_local_model
A039,8423945572,"anxiety,academic_stress",human_style_labeled,high,body-first human-style labels: 焦虑、惊恐、失眠、强迫或躯体化表达; 考试、升学、论文、学校或学习压力.,答辩,毕业论文答辩,兄弟们，咱们答辩难吗？毕业论文抽个新题目，根本找不到文献，指导教师还不理人，完全自己瞎弄，工科，基本没计算，就有个自己画的图，机构还不一定能实现，这能过嘛？,"标题：毕业论文答辩

正文：兄弟们，咱们答辩难吗？毕业论文抽个新题目，根本找不到文献，指导教师还不理人，完全自己瞎弄，工科，基本没计算，就有个自己画的图，机构还不一定能实现，这能过嘛？",78,https://tieba.baidu.com/p/8423945572,W2372962819,2023-05-22 02:48:46,baidu_tieba,tieba_client_api,academic_stress,human_style_body_first_no_local_model
A040,10660276680,,human_style_normal_or_unclear,medium,body-first human-style labels: normal_or_unclear.,保研,经管法保研机构对比表,经管法保研机构对比表｜985/211学子精准参考985/211 学子真实反馈（匿名）“对比三家后选了保研之家，最打动我的是导师能精准挖掘我实习中的商业分析亮点，还帮我打磨了会计方向的学术论文，身边同学都是同层次学霸，组队参加挑战杯拿了国奖，最终上岸人大会计 —— 这种学术与实务结合的辅导，其他机构很难提供。”——2025 级厦大经管上岸学员“保研岛的基础课程很扎实，但保研之家的经管法专项更对味：导师帮我把律所实习经历转化为复试核心案例，模拟的复旦法学辩论场景精准押中考点，身边 85% 同学都拿到 985 经管法 offer，圈层带来的实习内推资源太关键了！”——2025 级武大法学上岸学员✨ 总结：经管法保研选机构，核心看 “专项适配度”。表格清晰可见，保研之家在经管法细分师资匹配、学术 + 实务双赋能、学霸圈层聚合上更具优势，尤其适合想冲刺顶尖经管法院校、需要硬核竞争力的 985/211 学子。选对适配自己需求的机构，才能少走弯路、高效上岸！,"标题：经管法保研机构对比表

正文：经管法保研机构对比表｜985/211学子精准参考985/211 学子真实反馈（匿名）“对比三家后选了保研之家，最打动我的是导师能精准挖掘我实习中的商业分析亮点，还帮我打磨了会计方向的学术论文，身边同学都是同层次学霸，组队参加挑战杯拿了国奖，最终上岸人大会计 —— 这种学术与实务结合的辅导，其他机构很难提供。”——2025 级厦大经管上岸学员“保研岛的基础课程很扎实，但保研之家的经管法专项更对味：导师帮我把律所实习经历转化为复试核心案例，模拟的复旦法学辩论场景精准押中考点，身边 85% 同学都拿到 985 经管法 offer，圈层带来的实习内推资源太关键了！”——2025 级武大法学上岸学员✨ 总结：经管法保研选机构，核心看 “专项适配度”。表格清晰可见，保研之家在经管法细分师资匹配、学术 + 实务双赋能、学霸圈层聚合上更具优势，尤其适合想冲刺顶尖经管法院校、需要硬核竞争力的 985/211 学子。选对适配自己需求的机构，才能少走弯路、高效上岸！",428,https://tieba.baidu.com/p/10660276680,保研机构推荐官,2026-04-22 21:31:45,baidu_tieba,tieba_client_api,academic_stress,human_style_body_first_no_local_model
A041,10258135059,academic_stress,human_style_labeled,medium,body-first human-style labels: 考试、升学、论文、学校或学习压力.,雅思,小白提问，该怎么开始备考？,完全没学过雅思，六级低分飘过，词汇量6000+。备考时间2个月，目标6.5。 是直接刷近年雅思真题还是有什么准备方法？,"标题：小白提问，该怎么开始备考？

正文：完全没学过雅思，六级低分飘过，词汇量6000+。备考时间2个月，目标6.5。 是直接刷近年雅思真题还是有什么准备方法？",59,https://tieba.baidu.com/p/10258135059,重生之扎老鼠的实验鼠,2025-11-30 15:05:01,baidu_tieba,tieba_client_api,academic_stress,human_style_body_first_no_local_model
A042,9144374692,"anxiety,academic_stress",human_style_labeled,high,body-first human-style labels: 焦虑、惊恐、失眠、强迫或躯体化表达; 考试、升学、论文、学校或学习压力.,高考,救救可怜的理科小妹,河南2025届高考生。高一期末：语文118，数学28，英语108，物理23，化学83，生物79，总分439，开学高二，目标数学和物理及格。高考冲刺600分有希望吗?请教各位大神有什么好方法学数学和物理？数学平时就是60多，物理平时50左右。平时写到那种比较难的题就没有思路，老师讲课也比较差，很死板，大神们分享一下好的学习方法，谢谢！ #学习方法#,"标题：救救可怜的理科小妹

正文：河南2025届高考生。高一期末：语文118，数学28，英语108，物理23，化学83，生物79，总分439，开学高二，目标数学和物理及格。高考冲刺600分有希望吗?请教各位大神有什么好方法学数学和物理？数学平时就是60多，物理平时50左右。平时写到那种比较难的题就没有思路，老师讲课也比较差，很死板，大神们分享一下好的学习方法，谢谢！ #学习方法#",174,https://tieba.baidu.com/p/9144374692,脆花生🐭,2024-08-24 21:11:18,baidu_tieba,tieba_client_api,academic_stress,human_style_body_first_no_local_model
A043,10462565971,"anxiety,academic_stress",human_style_labeled,high,body-first human-style labels: 焦虑、惊恐、失眠、强迫或躯体化表达; 考试、升学、论文、学校或学习压力.,论文,好焦虑!毕业论文天天熬夜肝依旧死活写不出来!,不想内耗了，有什么写论文的捷径?!先选题deepseek给我一个提纲按照提纲一章章搜文献用豆包给我把文献打打包压缩精炼成一章再去搜一下写的好的综述提交给deepseek让他把我从豆包新鲜出炉的文献按照这个风格改一下屎盆子镶金边搜点牛逼的图片。这种方法适合选题能够搜到很多文献的情况，要是你选题能搜到的文献很少，还是直接用godxie论文吧，不需要自己找文献了，直接就可出开题、初稿、文献综述。,"标题：好焦虑!毕业论文天天熬夜肝依旧死活写不出来!

正文：不想内耗了，有什么写论文的捷径?!先选题deepseek给我一个提纲按照提纲一章章搜文献用豆包给我把文献打打包压缩精炼成一章再去搜一下写的好的综述提交给deepseek让他把我从豆包新鲜出炉的文献按照这个风格改一下屎盆子镶金边搜点牛逼的图片。这种方法适合选题能够搜到很多文献的情况，要是你选题能搜到的文献很少，还是直接用godxie论文吧，不需要自己找文献了，直接就可出开题、初稿、文献综述。",196,https://tieba.baidu.com/p/10462565971,小救星丶,2026-02-05 13:53:20,baidu_tieba,tieba_client_api,academic_stress,human_style_body_first_no_local_model
A044,7394872911,academic_stress,human_style_labeled,medium,body-first human-style labels: 考试、升学、论文、学校或学习压力.,高考,对于现在高考数学难度，我们应该知足了，不应过多吐槽。,看了网上不少考生们吐槽数学难度的留言，笔者想谈谈一点看法—— 其实，对于今年全国高考数学题的难度，考生们应该知足了——没有让大家考像1999年和2003年这样难度非常大的高考数学题，已经是大运了。 那时候的高考数学解答题，具体考哪些知识模块，并不像现在这样相对固定不变。这就要求考生们复习不但要全面，而且还要深入，不能有类似这个知识点模块不是重点，应该不会出解答题吧的想法。 以前数学试题的难，难得很有水平。当然，现在的试题，难得也挺有水平。但是，对比起来，似乎缺少点什么。 以1999年全国高考数学题为例，看看评卷人和高中数学老师们的评价（有图有真相）—— 看完99年高考数学题，再对比一下现在高考数学题，究竟哪个才是真正的难？欢迎大家评论，谢谢！,"标题：对于现在高考数学难度，我们应该知足了，不应过多吐槽。

正文：看了网上不少考生们吐槽数学难度的留言，笔者想谈谈一点看法—— 其实，对于今年全国高考数学题的难度，考生们应该知足了——没有让大家考像1999年和2003年这样难度非常大的高考数学题，已经是大运了。 那时候的高考数学解答题，具体考哪些知识模块，并不像现在这样相对固定不变。这就要求考生们复习不但要全面，而且还要深入，不能有类似这个知识点模块不是重点，应该不会出解答题吧的想法。 以前数学试题的难，难得很有水平。当然，现在的试题，难得也挺有水平。但是，对比起来，似乎缺少点什么。 以1999年全国高考数学题为例，看看评卷人和高中数学老师们的评价（有图有真相）—— 看完99年高考数学题，再对比一下现在高考数学题，究竟哪个才是真正的难？欢迎大家评论，谢谢！",325,https://tieba.baidu.com/p/7394872911,hljk2015,2021-06-08 22:47:08,baidu_tieba,tieba_client_api,academic_stress,human_style_body_first_no_local_model
A045,3596691442,"depression,anxiety,academic_stress",human_style_labeled,high,body-first human-style labels: 明显低落、绝望、无意义感或抑郁相关表达; 焦虑、惊恐、失眠、强迫或躯体化表达; 考试、升学、论文、学校或学习压力.,挂科,大四挂科注定要留级了,家里还准备找人帮我进国企，，，明天请人吃饭，，我该怎么办，，,"标题：大四挂科注定要留级了

正文：家里还准备找人帮我进国企，，，明天请人吃饭，，我该怎么办，，",30,https://tieba.baidu.com/p/3596691442,saberiskinghj,2015-02-21 15:13:25,baidu_tieba,tieba_client_api,academic_stress,human_style_body_first_no_local_model
A046,6301870204,academic_stress,human_style_labeled,medium,body-first human-style labels: 考试、升学、论文、学校或学习压力.,雅思,零基础先学新概念补充基础还是直接学雅思？,求问一下各位大佬，我本人是刚退役，基础特别差，是先学新概念补充基础还是直接报一个雅思班的基础词汇和语法课，然后转雅思？新概念和雅思的形式还是差的比较多，所以比较纠结，价钱新概念的一对一也和雅思的6.5都差不多了。求大佬指教。,"标题：零基础先学新概念补充基础还是直接学雅思？

正文：求问一下各位大佬，我本人是刚退役，基础特别差，是先学新概念补充基础还是直接报一个雅思班的基础词汇和语法课，然后转雅思？新概念和雅思的形式还是差的比较多，所以比较纠结，价钱新概念的一对一也和雅思的6.5都差不多了。求大佬指教。",112,https://tieba.baidu.com/p/6301870204,笑如来♤,2019-10-18 17:07:03,baidu_tieba,tieba_client_api,academic_stress,human_style_body_first_no_local_model
A047,10681778320,"anxiety,academic_stress",human_style_labeled,high,body-first human-style labels: 焦虑、惊恐、失眠、强迫或躯体化表达; 考试、升学、论文、学校或学习压力.,雅思,从来没接触过听力，想要考雅思6.5，听力难吗,"从小到大都没有接触过听力，对于考雅思听力的 话,学习困难吗？需要练多久听力，才能考雅思 雅思的听力难度高吗？我目前纯记单词，词汇量大概有3000左右，初中语法，零听力，,大概需要学习多久能考到雅思6.5分？每天大概可以学3到4个小时","标题：从来没接触过听力，想要考雅思6.5，听力难吗

正文：从小到大都没有接触过听力，对于考雅思听力的 话,学习困难吗？需要练多久听力，才能考雅思 雅思的听力难度高吗？我目前纯记单词，词汇量大概有3000左右，初中语法，零听力，,大概需要学习多久能考到雅思6.5分？每天大概可以学3到4个小时",116,https://tieba.baidu.com/p/10681778320,贴吧用户_aVPW3GG,2026-05-01 09:35:35,baidu_tieba,tieba_client_api,academic_stress,human_style_body_first_no_local_model
A048,10420341285,"anxiety,academic_stress",human_style_labeled,high,body-first human-style labels: 焦虑、惊恐、失眠、强迫或躯体化表达; 考试、升学、论文、学校或学习压力.,雅思,雅思机考一个月没出分是什么情况啊,也没有邮件通知我说延迟了，我22考的试跟我一起考的3天就出了，当时显示说12月27出分，到现在正好一个月也没出,"标题：雅思机考一个月没出分是什么情况啊

正文：也没有邮件通知我说延迟了，我22考的试跟我一起考的3天就出了，当时显示说12月27出分，到现在正好一个月也没出",55,https://tieba.baidu.com/p/10420341285,柚恩不加芥末,2026-01-22 14:56:37,baidu_tieba,tieba_client_api,academic_stress,human_style_body_first_no_local_model
A049,10544344912,academic_stress,human_style_labeled,medium,body-first human-style labels: 考试、升学、论文、学校或学习压力.,高考,现在考大学真的比80年代更难么？,不要只看录取率，虽然80年代录取率低于现在但80年代没现在这么卷，80年代会解个一元二次方程就是学霸了，现在不会解一元二次方程连个高中都考不上，高考更是要求不带根号的一元二次方程要求在2min内解出否则高考时间来不及，高考一直是千军万马过独木桥，只是加了几根木头但千军万马之间的竞争更加激烈残酷，实际上岸难度甚至高于80年代,"标题：现在考大学真的比80年代更难么？

正文：不要只看录取率，虽然80年代录取率低于现在但80年代没现在这么卷，80年代会解个一元二次方程就是学霸了，现在不会解一元二次方程连个高中都考不上，高考更是要求不带根号的一元二次方程要求在2min内解出否则高考时间来不及，高考一直是千军万马过独木桥，只是加了几根木头但千军万马之间的竞争更加激烈残酷，实际上岸难度甚至高于80年代",162,https://tieba.baidu.com/p/10544344912,钢铁协约练,2026-03-09 13:21:56,baidu_tieba,tieba_client_api,academic_stress,human_style_body_first_no_local_model
A050,10523789249,academic_stress,human_style_labeled,medium,body-first human-style labels: 考试、升学、论文、学校或学习压力.,四六级,替大家试过了，听力一个没听懂也能过！,"低分过4级选手，想分享一下我的4级备考经历。 4级前前后后差不多备考了两个星期（真正用来备考的时间）高考70分选手😭，平时课又多，基本只有晚上能抽点时间做题。 这是我第一次考四级，考完以后一对答案觉得自己过不了了，结果最后过了🚵🏻♂️，大家当个故事听听吧 ✅是写作和翻译救了我！唯一没想到的是作文和翻译得快160分，当时这两项是真的很差，以至于不断寻找学长学姐，问最低分是多少分，想靠听力和阅读拉上去 ，我的作文和翻译看的是刘晓燕老师讲的，老师告诉我翻译不会翻的找同义词或者他的上位词替换，所以我有不会翻译的单词，也不会空着，作文提前背了背模板（但仅限于首段和尾段，中间段落的连接词比如formost,Last but not least，肯定要比Firstly, secondly, thirdly要高级许多），中间段落的内容要自己想，可以试着先用中文说出来，然后再翻译成英语。虽然我的写作和翻译分数也不是很高，可能还有点儿运气的成分，不过希望能帮助到大家⛄ 💬再说说听力和阅读，听力我基本上听不懂，我主要是听的关键词，听到什么选什么，没有听到的坚决不选，4级听力那个速度，对于高中听力30分都能得15，16分的我来说，根本听不懂❌，所以用的是一些技巧，不管怎么说，把题做对了就好😝 阅读的话，其实我也没有太好的技巧，我长篇阅读20分钟才做对了3个空哈哈哈😂 反正就是要相信自己，你相信你能过，你就一定能过！也可以在社交圈里发布，然后让伙伴们监督啥的😝，要是有什么问题，也想和大家在评论区一起讨论。#分不在高，能过就win！","标题：替大家试过了，听力一个没听懂也能过！

正文：低分过4级选手，想分享一下我的4级备考经历。 4级前前后后差不多备考了两个星期（真正用来备考的时间）高考70分选手😭，平时课又多，基本只有晚上能抽点时间做题。 这是我第一次考四级，考完以后一对答案觉得自己过不了了，结果最后过了🚵🏻♂️，大家当个故事听听吧 ✅是写作和翻译救了我！唯一没想到的是作文和翻译得快160分，当时这两项是真的很差，以至于不断寻找学长学姐，问最低分是多少分，想靠听力和阅读拉上去 ，我的作文和翻译看的是刘晓燕老师讲的，老师告诉我翻译不会翻的找同义词或者他的上位词替换，所以我有不会翻译的单词，也不会空着，作文提前背了背模板（但仅限于首段和尾段，中间段落的连接词比如formost,Last but not least，肯定要比Firstly, secondly, thirdly要高级许多），中间段落的内容要自己想，可以试着先用中文说出来，然后再翻译成英语。虽然我的写作和翻译分数也不是很高，可能还有点儿运气的成分，不过希望能帮助到大家⛄ 💬再说说听力和阅读，听力我基本上听不懂，我主要是听的关键词，听到什么选什么，没有听到的坚决不选，4级听力那个速度，对于高中听力30分都能得15，16分的我来说，根本听不懂❌，所以用的是一些技巧，不管怎么说，把题做对了就好😝 阅读的话，其实我也没有太好的技巧，我长篇阅读20分钟才做对了3个空哈哈哈😂 反正就是要相信自己，你相信你能过，你就一定能过！也可以在社交圈里发布，然后让伙伴们监督啥的😝，要是有什么问题，也想和大家在评论区一起讨论。#分不在高，能过就win！",663,https://tieba.baidu.com/p/10523789249,用户yyds米奇小醛,2026-03-01 12:00:36,baidu_tieba,tieba_client_api,academic_stress,human_style_body_first_no_local_model
A051,10582010153,"violence,anxiety,social_withdrawal,abuse",human_style_labeled,high,body-first human-style labels: 暴力、伤害或暴力威胁/经历; 焦虑、惊恐、失眠、强迫或躯体化表达; 社交回避、孤独、闭门不出或退缩; 辱骂、霸凌、家暴、网暴、造谣或攻击性语言.,心理咨询,感觉自己的心理出问题了怎么办？,我以前在意大利上学生活，大概是从中国小学四年级下册就出去了一直读到高二因为一起暴力事件回国了，在那里的几年我基本上都是孤身一人，每天除了上学吃饭基本都是与游戏作伴，在学校因为种族歧视而被冷霸凌，什么小组活动都被孤立，这几年发生了特别多的事情太长我就不一一诉说了，我觉得我心理真的有点问题了每天都会做噩梦，一到晚上就想起了曾经发生的那些痛苦的回忆，我到底该怎么办？,"标题：感觉自己的心理出问题了怎么办？

正文：我以前在意大利上学生活，大概是从中国小学四年级下册就出去了一直读到高二因为一起暴力事件回国了，在那里的几年我基本上都是孤身一人，每天除了上学吃饭基本都是与游戏作伴，在学校因为种族歧视而被冷霸凌，什么小组活动都被孤立，这几年发生了特别多的事情太长我就不一一诉说了，我觉得我心理真的有点问题了每天都会做噩梦，一到晚上就想起了曾经发生的那些痛苦的回忆，我到底该怎么办？",181,https://tieba.baidu.com/p/10582010153,踩苍云踏狂风,2026-03-24 01:48:45,baidu_tieba,tieba_client_api,anxiety,human_style_body_first_no_local_model
A052,10573514315,"violence,depression,anxiety,abuse",human_style_labeled,high,body-first human-style labels: 暴力、伤害或暴力威胁/经历; 明显低落、绝望、无意义感或抑郁相关表达; 焦虑、惊恐、失眠、强迫或躯体化表达; 辱骂、霸凌、家暴、网暴、造谣或攻击性语言.,心理咨询,求助（实在受不了了）,真的好累，先介绍一下背景。本人男，十六岁高中生（目前住校），父母在我五六岁时离婚，不知道是不是他们吵架的原因，总之到现在我都怕有人大声吵架或是冷眼对着我。在初中时父亲因为他自以为我不认真学习打过我，当然第一次确实我没有在学习，可剩下的我都是冤枉的。之后他给我的感觉就是他永远不信任我，嘴上永远说着你长大了，你自主了，可永远害怕我不学习。到了高中，上半年住校，整间宿舍晚上就我一个人，心里有什么只能弊着，或者说去写点日记，到了下半学期，我实在受不了了，于是说想去住宿，我也和他说了是商量，家里没钱他们得忙我也知道，你说行我也可以理解，但你们为什么要当着我的面吵。我本来想弊的但实在没忍住，我父亲又开始说我，什么家里的条件你不知道，你回来有了手机不学习，你用手机查答案记住，不让你回来你在学校会赌气不学。呵什么话都让他说去了，我到那时都只说了一句，实在不行我可以继续住校。为什么，为什么他们听不进去我的话，我真的受不了了。感觉我在家里只能给他们负担。我活着究净有什么意义！,"标题：求助（实在受不了了）

正文：真的好累，先介绍一下背景。本人男，十六岁高中生（目前住校），父母在我五六岁时离婚，不知道是不是他们吵架的原因，总之到现在我都怕有人大声吵架或是冷眼对着我。在初中时父亲因为他自以为我不认真学习打过我，当然第一次确实我没有在学习，可剩下的我都是冤枉的。之后他给我的感觉就是他永远不信任我，嘴上永远说着你长大了，你自主了，可永远害怕我不学习。到了高中，上半年住校，整间宿舍晚上就我一个人，心里有什么只能弊着，或者说去写点日记，到了下半学期，我实在受不了了，于是说想去住宿，我也和他说了是商量，家里没钱他们得忙我也知道，你说行我也可以理解，但你们为什么要当着我的面吵。我本来想弊的但实在没忍住，我父亲又开始说我，什么家里的条件你不知道，你回来有了手机不学习，你用手机查答案记住，不让你回来你在学校会赌气不学。呵什么话都让他说去了，我到那时都只说了一句，实在不行我可以继续住校。为什么，为什么他们听不进去我的话，我真的受不了了。感觉我在家里只能给他们负担。我活着究净有什么意义！",434,https://tieba.baidu.com/p/10573514315,好耶~\(≧▽≦)/,2026-03-20 20:39:08,baidu_tieba,tieba_client_api,anxiety,human_style_body_first_no_local_model
A053,9864105290,"anxiety,abuse",human_style_labeled,high,body-first human-style labels: 焦虑、惊恐、失眠、强迫或躯体化表达; 辱骂、霸凌、家暴、网暴、造谣或攻击性语言.,精神内耗,精神内耗太痛苦了,好痛苦，老是想起那个讨厌的狗，害怕他来求我帮忙给份工作什么的，怕他死缠烂打恶心死了，怎样才能不想这件事？,"标题：精神内耗太痛苦了

正文：好痛苦，老是想起那个讨厌的狗，害怕他来求我帮忙给份工作什么的，怕他死缠烂打恶心死了，怎样才能不想这件事？",52,https://tieba.baidu.com/p/9864105290,凄凉过草😫,2025-07-11 21:46:49,baidu_tieba,tieba_client_api,anxiety,human_style_body_first_no_local_model
A054,10625352912,"self_harm,depression,anxiety",human_style_labeled,high,body-first human-style labels: 自伤/轻生相关表达; 明显低落、绝望、无意义感或抑郁相关表达; 焦虑、惊恐、失眠、强迫或躯体化表达.,强迫症,遵守吧规--《深渊或苍穹：一念之间》,我曾长久囚禁于强迫症的暗夜迷宫，在反复清洗、检查、计数、渎神、分析与固执的无尽循环中耗尽心神。随着病魔蔓延，我对着日常琐事、心理运动、影视剧情、手机操作、过往创伤进行病态过度解读，妄图捕捉虚幻安宁。为发表“恰当”言论、预防莫须有网络暴力，我耗费心神反复撰写长篇文案，若不完成便陷入极度不安。更深层的自我攻击随之浮现：生病时因恶习未除而拒绝服药，致药物闲置；或因无意弄伤亲戚而自虐毁容、拒绝修复。反观作恶多端之辈，反而事业有成、万人敬仰；而我一生积德行善，换来的却是重疾缠身、众叛亲离，不禁在绝望中萌生倘若生命重来，定要抛弃善良、成为十恶不赦之恶棍的极端念头！那么，此时此刻，我究竟是该任由那病态的执念再次将我拖入穷思竭虑的深渊，在反复咀嚼琐碎与苦涩中耗尽最后一丝心神与光阴；还是该昂起头颅，将那些尚未尽兴的娱乐、堆积如山的正事，连同那本该属于我的人生主导权，一并夺回手中，从此天高海阔，任我驰骋？,"标题：遵守吧规--《深渊或苍穹：一念之间》

正文：我曾长久囚禁于强迫症的暗夜迷宫，在反复清洗、检查、计数、渎神、分析与固执的无尽循环中耗尽心神。随着病魔蔓延，我对着日常琐事、心理运动、影视剧情、手机操作、过往创伤进行病态过度解读，妄图捕捉虚幻安宁。为发表“恰当”言论、预防莫须有网络暴力，我耗费心神反复撰写长篇文案，若不完成便陷入极度不安。更深层的自我攻击随之浮现：生病时因恶习未除而拒绝服药，致药物闲置；或因无意弄伤亲戚而自虐毁容、拒绝修复。反观作恶多端之辈，反而事业有成、万人敬仰；而我一生积德行善，换来的却是重疾缠身、众叛亲离，不禁在绝望中萌生倘若生命重来，定要抛弃善良、成为十恶不赦之恶棍的极端念头！那么，此时此刻，我究竟是该任由那病态的执念再次将我拖入穷思竭虑的深渊，在反复咀嚼琐碎与苦涩中耗尽最后一丝心神与光阴；还是该昂起头颅，将那些尚未尽兴的娱乐、堆积如山的正事，连同那本该属于我的人生主导权，一并夺回手中，从此天高海阔，任我驰骋？",398,https://tieba.baidu.com/p/10625352912,银河浪客xy,2026-04-09 13:34:25,baidu_tieba,tieba_client_api,anxiety,human_style_body_first_no_local_model
A055,10524885416,anxiety,human_style_labeled,medium,body-first human-style labels: 焦虑、惊恐、失眠、强迫或躯体化表达.,强迫症,遵守吧规--被强迫症折磨,离开家之后走到楼下，我突然有个想法，要是没关水龙头就麻烦了，我家在5楼爬上爬下很累，而且我有多种方法可以证明我洗完手后关了水，就走了。回公司的路上我一直在想这件事，一走就是一个礼拜，现在家里还没人，要是水流到楼下怎么办，可是我又不想回去了。就一直在脑海推断自己到底关了没有。现在已经心力憔悴，没有心思干别的事，满脑子都是自责和自我怀疑。说实话我总怀疑我不靠谱，并且有例子证明，所以我是既怕又破罐子破摔，导致胆子小小的干了很多胆子大的事，干完又内耗，扯远了，反正现在就是不开心，我有80%的肯定我关了水，因为我有这个生活习惯，并且走的时候没听到水声，就是忘了拍照,"标题：遵守吧规--被强迫症折磨

正文：离开家之后走到楼下，我突然有个想法，要是没关水龙头就麻烦了，我家在5楼爬上爬下很累，而且我有多种方法可以证明我洗完手后关了水，就走了。回公司的路上我一直在想这件事，一走就是一个礼拜，现在家里还没人，要是水流到楼下怎么办，可是我又不想回去了。就一直在脑海推断自己到底关了没有。现在已经心力憔悴，没有心思干别的事，满脑子都是自责和自我怀疑。说实话我总怀疑我不靠谱，并且有例子证明，所以我是既怕又破罐子破摔，导致胆子小小的干了很多胆子大的事，干完又内耗，扯远了，反正现在就是不开心，我有80%的肯定我关了水，因为我有这个生活习惯，并且走的时候没听到水声，就是忘了拍照",280,https://tieba.baidu.com/p/10524885416,贴吧用户_J6Je74Z,2026-03-01 21:23:30,baidu_tieba,tieba_client_api,anxiety,human_style_body_first_no_local_model
A056,8795386977,"self_harm,depression,anxiety",human_style_labeled,high,body-first human-style labels: 自伤/轻生相关表达; 明显低落、绝望、无意义感或抑郁相关表达; 焦虑、惊恐、失眠、强迫或躯体化表达.,强迫症,遵守吧规--求助，崩溃,强迫症不断地咒骂自己和自己亲人和自己信仰的宗教神佛，我一点儿都不想诅咒，但念头实在压不住，而且专挑可怕的时间点，比如零点，比如过十字路口的时候，那些可怕的咒骂念头就会无比清晰，然后我就会彻底崩溃，觉得自己肯定引起了灾难，进而有轻生的倾向 我真的快疯了，我一点儿都不愿意有那些可怕的念头，生怕被降罪，但是它们总是不断地清晰地在脑海里循环，而且越恐惧什么越要咒骂什么，什么恶毒挑什么，我完全压不住，脑子要炸了 求求大家救救我,"标题：遵守吧规--求助，崩溃

正文：强迫症不断地咒骂自己和自己亲人和自己信仰的宗教神佛，我一点儿都不想诅咒，但念头实在压不住，而且专挑可怕的时间点，比如零点，比如过十字路口的时候，那些可怕的咒骂念头就会无比清晰，然后我就会彻底崩溃，觉得自己肯定引起了灾难，进而有轻生的倾向 我真的快疯了，我一点儿都不愿意有那些可怕的念头，生怕被降罪，但是它们总是不断地清晰地在脑海里循环，而且越恐惧什么越要咒骂什么，什么恶毒挑什么，我完全压不住，脑子要炸了 求求大家救救我",210,https://tieba.baidu.com/p/8795386977,贴吧用户_561tRW6,2023-12-16 00:16:19,baidu_tieba,tieba_client_api,anxiety,human_style_body_first_no_local_model
A057,10647784509,"anxiety,social_withdrawal",human_style_labeled,high,body-first human-style labels: 焦虑、惊恐、失眠、强迫或躯体化表达; 社交回避、孤独、闭门不出或退缩.,心理咨询,我有没有心理方面的问题？,我是个十五岁的青少年，今年要中考，在补课那里认识了个女孩，有抑郁方面的问题，她喝过药，割过腕，晚上我一睡觉就给想起来了，就联想到柯南，就不敢睡觉了，这是我很小时候就有的问题，那时候我幼儿园，姨姨爱看柯南，电视被占我也跟着看，看到那些st后就有了阴影，从来不敢独自呆在一个较小空间，要是不玩手机连独自在家都做不到，从小学到初中，我有好几次都不怕了，但刷视频总会刷到诡异的，一到晚上就睡不着，特别害怕，总觉得到处有“东西”盯着我，想鲨wo，衣柜里，窗外，甚至闭眼后我都在想象头上就有个上了迪奥的st在死不瞑目的盯着我笑，别说安稳睡觉，连上厕所都不敢，总觉得镜子里有东西在看我，只能躺床上干瞪眼，都不敢闭眼，周围稍微有点声音就能吓个半死（稍微有点夸张了）只有白天人多的时候没有这种感觉，所以这是心理疾病吗？求解答,"标题：我有没有心理方面的问题？

正文：我是个十五岁的青少年，今年要中考，在补课那里认识了个女孩，有抑郁方面的问题，她喝过药，割过腕，晚上我一睡觉就给想起来了，就联想到柯南，就不敢睡觉了，这是我很小时候就有的问题，那时候我幼儿园，姨姨爱看柯南，电视被占我也跟着看，看到那些st后就有了阴影，从来不敢独自呆在一个较小空间，要是不玩手机连独自在家都做不到，从小学到初中，我有好几次都不怕了，但刷视频总会刷到诡异的，一到晚上就睡不着，特别害怕，总觉得到处有“东西”盯着我，想鲨wo，衣柜里，窗外，甚至闭眼后我都在想象头上就有个上了迪奥的st在死不瞑目的盯着我笑，别说安稳睡觉，连上厕所都不敢，总觉得镜子里有东西在看我，只能躺床上干瞪眼，都不敢闭眼，周围稍微有点声音就能吓个半死（稍微有点夸张了）只有白天人多的时候没有这种感觉，所以这是心理疾病吗？求解答",353,https://tieba.baidu.com/p/10647784509,邻墨co0a9,2026-04-18 01:05:33,baidu_tieba,tieba_client_api,anxiety,human_style_body_first_no_local_model
A058,6006978315,"depression,anxiety,social_withdrawal",human_style_labeled,high,body-first human-style labels: 明显低落、绝望、无意义感或抑郁相关表达; 焦虑、惊恐、失眠、强迫或躯体化表达; 社交回避、孤独、闭门不出或退缩.,惊恐障碍,老焦友来给你述说,05年八月第一次发作，后面一年几乎不敢一个人独自出门，坐车，去人多的地方，或者独自一人在家，痛苦万分，所有年轻人的美好梦想在我这里全部破灭，感觉自己成了废人，而且最可怕的是那会并不知道什么焦虑症和惊恐障碍，延误了病情，反反复复的去医院做各种检查，无果，但是还好在父亲的陪伴下，每天跑步，一开始根本不敢跑，心跳的特别厉害，后来慢慢越来越好，到10年就很少犯病了，可惜好景不长，好了没两年，学会开车了，一次大堵车，让我惊恐再次发作，几乎认定自己将心脏病发作，无法被救助，因为堵车么，那种恐慌让人发疯，最后又去做各种检查，身体健康，啥病都没有，医生建议我去看精神科，这才知道了焦虑惊恐这个病，然后就开始吃药啊，文拉，阿普，奥沙西泮，帕罗西汀，喹硫平，劳拉西泮，各种各种的药，我真的够够的了，以前年轻有父亲陪伴做各种锻炼，现在已经成家立业为人父，只能靠自己，但是那种恐慌发作，一般人难以想象，而且很怕在大庭广众之下出丑，就越来越抗拒出门，把自己封闭起来，怎么办呢，抑郁症状也越来越强烈，马上惊恐就十四年了，还有比我更长的吗,"标题：老焦友来给你述说

正文：05年八月第一次发作，后面一年几乎不敢一个人独自出门，坐车，去人多的地方，或者独自一人在家，痛苦万分，所有年轻人的美好梦想在我这里全部破灭，感觉自己成了废人，而且最可怕的是那会并不知道什么焦虑症和惊恐障碍，延误了病情，反反复复的去医院做各种检查，无果，但是还好在父亲的陪伴下，每天跑步，一开始根本不敢跑，心跳的特别厉害，后来慢慢越来越好，到10年就很少犯病了，可惜好景不长，好了没两年，学会开车了，一次大堵车，让我惊恐再次发作，几乎认定自己将心脏病发作，无法被救助，因为堵车么，那种恐慌让人发疯，最后又去做各种检查，身体健康，啥病都没有，医生建议我去看精神科，这才知道了焦虑惊恐这个病，然后就开始吃药啊，文拉，阿普，奥沙西泮，帕罗西汀，喹硫平，劳拉西泮，各种各种的药，我真的够够的了，以前年轻有父亲陪伴做各种锻炼，现在已经成家立业为人父，只能靠自己，但是那种恐慌发作，一般人难以想象，而且很怕在大庭广众之下出丑，就越来越抗拒出门，把自己封闭起来，怎么办呢，抑郁症状也越来越强烈，马上惊恐就十四年了，还有比我更长的吗",457,https://tieba.baidu.com/p/6006978315,wk727927,2019-01-14 06:10:08,baidu_tieba,tieba_client_api,anxiety,human_style_body_first_no_local_model
A059,7453482788,anxiety,human_style_labeled,medium,body-first human-style labels: 焦虑、惊恐、失眠、强迫或躯体化表达.,强迫症,遵守吧规--神佛强迫症太难了呜呜X﹏X,从小俺对神明十分敬畏，前年因为某事，觉得他们针对我，便对神佛怒气值爆表，在心中想了些亵渎神灵的话。 今年俺除了愧疚，更多的是怕遭神明报复。俺就对天祷告，以求原谅。 最近去旅游，看到神像，就烧香心中祷告，让这个神明和被我心中亵渎过的神明转告一下我的歉意。 but俺觉得自己对那座神像，表达的太过强势，在心中要求他一定要帮忙转达。 so俺觉得又新得罪了一位神明，但俺已经离开了那儿。也记不得这座神像的名字。 该怎么道歉呢，老铁们 #神佛强迫症# ？？？ bearchildren_05 bearchildren_05,"标题：遵守吧规--神佛强迫症太难了呜呜X﹏X

正文：从小俺对神明十分敬畏，前年因为某事，觉得他们针对我，便对神佛怒气值爆表，在心中想了些亵渎神灵的话。 今年俺除了愧疚，更多的是怕遭神明报复。俺就对天祷告，以求原谅。 最近去旅游，看到神像，就烧香心中祷告，让这个神明和被我心中亵渎过的神明转告一下我的歉意。 but俺觉得自己对那座神像，表达的太过强势，在心中要求他一定要帮忙转达。 so俺觉得又新得罪了一位神明，但俺已经离开了那儿。也记不得这座神像的名字。 该怎么道歉呢，老铁们 #神佛强迫症# ？？？ bearchildren_05 bearchildren_05",256,https://tieba.baidu.com/p/7453482788,东野十二条,2021-07-18 10:35:48,baidu_tieba,tieba_client_api,anxiety,human_style_body_first_no_local_model
A060,8527373964,"depression,anxiety",human_style_labeled,high,body-first human-style labels: 明显低落、绝望、无意义感或抑郁相关表达; 焦虑、惊恐、失眠、强迫或躯体化表达.,惊恐障碍,我真的真的撑不下去了真的太痛苦了,非常清晰因为那是2019年1月1日…像往常一样的去上班.新年新气象特意打扮了一下自己…走着走着.就在毫无征兆的情况下.突然觉得心脏憋气.呼吸困难..浑身无力..我连话都说不出来..有出气，没进气了…就是觉得我完了，我可能马上就死了，心肌梗死..我马上就躺在地下了，我满脸憋的觉得已经青紫色了…旁边都是路人…我慌忙得用我最后一丝力气蹲了起来..后来才知道这是一总强烈的濒死感…嬢嬢强强的.正好过了一辆出租车…我拦了上去..司机大概30岁左右.我做了上去。他看我不太对，要拉我去医院，我坐下之后好像就能说话了..我说去我上班的地方，他特意问我说真的不用去医院吗…我说话都觉得用掉了我最后的力气…唉…最后还是一个人扛了下来…从那开始第二天上班..大概还是走到那个位置，又一次重复昨天的那种感觉…连续两天…一下就把我弄崩溃了…至此…我怕的不敢离开人，我父母开始领着我各大医院奔波…心电图.新彩超..心肌酶谱…24小时动态心电图…最后又做了心脏造影检查cat…显示没有任何异常…我这个时候是很怕的，我甚至连去理发店都不敢，必须要父母一起跟着我我才敢坐下来去理发….洗澡也不敢..就是怕或犯病..那总濒死感实在 太太 太太痛苦了…你们有和我一样的吗..哪里都不敢走，每天忍受着各种躯体症状的折磨..我真的真的真的有点撑不下去了..我大概看了一下，你们有的能上班，有的可以独居，你们知道我有多羡慕可以自己去旅游去外面走一走的那总渴求，对于我都是一种奢求啊…可我…连自己去街上溜达都不敢…我成了一个等死的人…外表看来…我很乐观开朗..可谁又知道我心里的苦呢…我不悲观，我也接受治疗…帕罗..阿普…文拉法辛，懂螺环酮..贪渎罗通…劳拉西畔…呆立新..安非他酮..我吃了将近两年了，我真的撑不住了，我也不吃了…主要是也不见得好多少…唉…我真的真的受不了了..有没有和我一样的,"标题：我真的真的撑不下去了真的太痛苦了

正文：非常清晰因为那是2019年1月1日…像往常一样的去上班.新年新气象特意打扮了一下自己…走着走着.就在毫无征兆的情况下.突然觉得心脏憋气.呼吸困难..浑身无力..我连话都说不出来..有出气，没进气了…就是觉得我完了，我可能马上就死了，心肌梗死..我马上就躺在地下了，我满脸憋的觉得已经青紫色了…旁边都是路人…我慌忙得用我最后一丝力气蹲了起来..后来才知道这是一总强烈的濒死感…嬢嬢强强的.正好过了一辆出租车…我拦了上去..司机大概30岁左右.我做了上去。他看我不太对，要拉我去医院，我坐下之后好像就能说话了..我说去我上班的地方，他特意问我说真的不用去医院吗…我说话都觉得用掉了我最后的力气…唉…最后还是一个人扛了下来…从那开始第二天上班..大概还是走到那个位置，又一次重复昨天的那种感觉…连续两天…一下就把我弄崩溃了…至此…我怕的不敢离开人，我父母开始领着我各大医院奔波…心电图.新彩超..心肌酶谱…24小时动态心电图…最后又做了心脏造影检查cat…显示没有任何异常…我这个时候是很怕的，我甚至连去理发店都不敢，必须要父母一起跟着我我才敢坐下来去理发….洗澡也不敢..就是怕或犯病..那总濒死感实在 太太 太太痛苦了…你们有和我一样的吗..哪里都不敢走，每天忍受着各种躯体症状的折磨..我真的真的真的有点撑不下去了..我大概看了一下，你们有的能上班，有的可以独居，你们知道我有多羡慕可以自己去旅游去外面走一走的那总渴求，对于我都是一种奢求啊…可我…连自己去街上溜达都不敢…我成了一个等死的人…外表看来…我很乐观开朗..可谁又知道我心里的苦呢…我不悲观，我也接受治疗…帕罗..阿普…文拉法辛，懂螺环酮..贪渎罗通…劳拉西畔…呆立新..安非他酮..我吃了将近两年了，我真的撑不住了，我也不吃了…主要是也不见得好多少…唉…我真的真的受不了了..有没有和我一样的",777,https://tieba.baidu.com/p/8527373964,aini1314xc,2023-07-29 20:41:54,baidu_tieba,tieba_client_api,anxiety,human_style_body_first_no_local_model
A061,10615190264,"depression,anxiety,social_withdrawal",human_style_labeled,high,body-first human-style labels: 明显低落、绝望、无意义感或抑郁相关表达; 焦虑、惊恐、失眠、强迫或躯体化表达; 社交回避、孤独、闭门不出或退缩.,心理咨询,你好有没有公益性的心理咨询师,你好帮我分析原因，我今年33岁从09年开始到现在没在任何一个工作中坚持住没学到任何技术没背景，然后因为我成家了，上有老下有小的，家里唯一一个出来挣钱的，还有就是关于我性格不好，社交恐惧容易脸红，做事逃避，比如说在工作中遇到难题就会逃避爱撒谎，这个是什么心理，依赖性强，想被人管着赚钱，但是因为又爱躲避，自卑，喜欢忙碌的感觉不喜欢独处，独处的时候不喜欢看手机，对任何不赶兴趣，或者说是手*，这个是什么心理，怎么办，我也很绝望还有就是喜欢假装自己很忙，咋说呢，工作不稳当，然后呢又想挣得多，执行力差，光想不干，现在就是还是普工，没有任何工作经验，身边的亲戚朋友同学同事们基本上都有自己规划人生道路或者已经飞皇腾达了，我呢就是能混既混就是，凡事讲究差不多就行，还有就是我的想法就是男生要不挣得钱多不顾家，要不是挣得少顾家，我属于那种挣得少又不顾家，说谎成习惯了，不知道怎么办了我就是想改变自己的习惯，成为家人的榜样,"标题：你好有没有公益性的心理咨询师

正文：你好帮我分析原因，我今年33岁从09年开始到现在没在任何一个工作中坚持住没学到任何技术没背景，然后因为我成家了，上有老下有小的，家里唯一一个出来挣钱的，还有就是关于我性格不好，社交恐惧容易脸红，做事逃避，比如说在工作中遇到难题就会逃避爱撒谎，这个是什么心理，依赖性强，想被人管着赚钱，但是因为又爱躲避，自卑，喜欢忙碌的感觉不喜欢独处，独处的时候不喜欢看手机，对任何不赶兴趣，或者说是手*，这个是什么心理，怎么办，我也很绝望还有就是喜欢假装自己很忙，咋说呢，工作不稳当，然后呢又想挣得多，执行力差，光想不干，现在就是还是普工，没有任何工作经验，身边的亲戚朋友同学同事们基本上都有自己规划人生道路或者已经飞皇腾达了，我呢就是能混既混就是，凡事讲究差不多就行，还有就是我的想法就是男生要不挣得钱多不顾家，要不是挣得少顾家，我属于那种挣得少又不顾家，说谎成习惯了，不知道怎么办了我就是想改变自己的习惯，成为家人的榜样",404,https://tieba.baidu.com/p/10615190264,莪掵甴莪吥甴兲,2026-04-05 15:57:38,baidu_tieba,tieba_client_api,anxiety,human_style_body_first_no_local_model
A062,10298810302,anxiety,human_style_labeled,medium,body-first human-style labels: 焦虑、惊恐、失眠、强迫或躯体化表达.,强迫症,遵守吧规--我的強迫症已經伴隨我十年了,這其間有再吃藥 然後出門都會亂想 是因為按摩事件已引起的 然後我說了一句自衛太多會陽X 然後回家莫名害怕 不是念頭出現 然後我就去揪以前的思維想不能睡得想 然後會去思考不怕會不會怕 怕就認為會 沒想會不會想 結果我現在每次只要一思考什麼內容就有會 會後面內容又是不好的死或陽痿之類 例如打籃球會X 吃飯會X 當時害怕也不知道害怕什麼就認為是怕不想 又有不想會想 我該怎麼辦,"标题：遵守吧规--我的強迫症已經伴隨我十年了

正文：這其間有再吃藥 然後出門都會亂想 是因為按摩事件已引起的 然後我說了一句自衛太多會陽X 然後回家莫名害怕 不是念頭出現 然後我就去揪以前的思維想不能睡得想 然後會去思考不怕會不會怕 怕就認為會 沒想會不會想 結果我現在每次只要一思考什麼內容就有會 會後面內容又是不好的死或陽痿之類 例如打籃球會X 吃飯會X 當時害怕也不知道害怕什麼就認為是怕不想 又有不想會想 我該怎麼辦",186,https://tieba.baidu.com/p/10298810302,a7854321八八,2025-12-14 08:00:35,baidu_tieba,tieba_client_api,anxiety,human_style_body_first_no_local_model
A063,10589045715,"depression,anxiety",human_style_labeled,high,body-first human-style labels: 明显低落、绝望、无意义感或抑郁相关表达; 焦虑、惊恐、失眠、强迫或躯体化表达.,焦虑,不要再仗着那张让我嫉妒的脸好不好,为什么我看不起的人我憎恨的人我厌恶的人都可以长着那张本应该属于我的脸而我不能呢 为什么呢 好痛苦啊,"标题：不要再仗着那张让我嫉妒的脸好不好

正文：为什么我看不起的人我憎恨的人我厌恶的人都可以长着那张本应该属于我的脸而我不能呢 为什么呢 好痛苦啊",49,https://tieba.baidu.com/p/10589045715,河口6,2026-03-26 15:40:29,baidu_tieba,tieba_client_api,anxiety,human_style_body_first_no_local_model
A064,8402368936,anxiety,human_style_labeled,medium,body-first human-style labels: 焦虑、惊恐、失眠、强迫或躯体化表达.,强迫症,我看这次能坚持多久，在悬崖边上徘徊！,冷静下来后，感觉自己真的很了解自己！呵呵，知道强迫症会随时复发，会一直伴随着我，所以不敢下狠狠的决心，因为知道自己办不到，挺有趣的！只是期望自己对自己的掌控权，时间越来越长，它对我的干扰越来越小！所以我一直认同这个观点：强迫症不会完全好的，它对你的干扰越来越弱了，就是好了！很多人不认同这个观点，想着一点强迫也不能有，其实强迫症都有完美的倾向，这么想反而掉入强迫的陷阱中了。今天又摆平了一个强迫思维，看这次能坚持多久不犯病，不掉下去！ 小心翼翼，战战兢兢，如履薄冰，走在悬崖边上！看明天结果如何吧！,"标题：我看这次能坚持多久，在悬崖边上徘徊！

正文：冷静下来后，感觉自己真的很了解自己！呵呵，知道强迫症会随时复发，会一直伴随着我，所以不敢下狠狠的决心，因为知道自己办不到，挺有趣的！只是期望自己对自己的掌控权，时间越来越长，它对我的干扰越来越小！所以我一直认同这个观点：强迫症不会完全好的，它对你的干扰越来越弱了，就是好了！很多人不认同这个观点，想着一点强迫也不能有，其实强迫症都有完美的倾向，这么想反而掉入强迫的陷阱中了。今天又摆平了一个强迫思维，看这次能坚持多久不犯病，不掉下去！ 小心翼翼，战战兢兢，如履薄冰，走在悬崖边上！看明天结果如何吧！",249,https://tieba.baidu.com/p/8402368936,清羽飞鸿,2023-05-08 20:38:53,baidu_tieba,tieba_client_api,anxiety,human_style_body_first_no_local_model
A065,10613658683,"self_harm,depression,anxiety,social_withdrawal",human_style_labeled,high,body-first human-style labels: 自伤/轻生相关表达; 明显低落、绝望、无意义感或抑郁相关表达; 焦虑、惊恐、失眠、强迫或躯体化表达; 社交回避、孤独、闭门不出或退缩.,心理咨询,怎么治这种病。。好痛苦,心慌半年 整天喘不上气 头晕低血糖 有胃病胆囊炎 侧 躺平 躺都睡不着 睡觉极其敏感 最近发现自己在学校是睁眼睡 心情很糟 没有活下去的念头但依然活着 原生家庭很糟 父母时好时坏 哥哥辍学 社交也很糟 大部分时间一个人待着,"标题：怎么治这种病。。好痛苦

正文：心慌半年 整天喘不上气 头晕低血糖 有胃病胆囊炎 侧 躺平 躺都睡不着 睡觉极其敏感 最近发现自己在学校是睁眼睡 心情很糟 没有活下去的念头但依然活着 原生家庭很糟 父母时好时坏 哥哥辍学 社交也很糟 大部分时间一个人待着",111,https://tieba.baidu.com/p/10613658683,如果可以治就好了,2026-04-05 00:08:49,baidu_tieba,tieba_client_api,anxiety,human_style_body_first_no_local_model
A066,10626202519,"depression,anxiety",human_style_labeled,high,body-first human-style labels: 明显低落、绝望、无意义感或抑郁相关表达; 焦虑、惊恐、失眠、强迫或躯体化表达.,心理咨询,21岁，预算两千，希望通过心理咨询拉自己一把,21岁怎么说也是成年人了。我有自己想做的事情，但是我总是会因为人际和一些回忆陷入内耗、emo。偶尔难受得做不了任何事情。 我有在为我想完成的事情努力，但我总是因为这些不好的情绪而想要逃避现实。这么下去我真的会浪费好多时间。 这么多年了，心理问题一直困扰着我。成年人，也应该对自己负责。,"标题：21岁，预算两千，希望通过心理咨询拉自己一把

正文：21岁怎么说也是成年人了。我有自己想做的事情，但是我总是会因为人际和一些回忆陷入内耗、emo。偶尔难受得做不了任何事情。 我有在为我想完成的事情努力，但我总是因为这些不好的情绪而想要逃避现实。这么下去我真的会浪费好多时间。 这么多年了，心理问题一直困扰着我。成年人，也应该对自己负责。",142,https://tieba.baidu.com/p/10626202519,冰绒花,2026-04-09 19:35:21,baidu_tieba,tieba_client_api,anxiety,human_style_body_first_no_local_model
A067,10680187119,anxiety,human_style_labeled,medium,body-first human-style labels: 焦虑、惊恐、失眠、强迫或躯体化表达.,失眠,补个觉睡今天起太早了,不知道什么觉一醒来就是5点了，再也睡不着，于是起床，去外面吹吹风,"标题：补个觉睡今天起太早了

正文：不知道什么觉一醒来就是5点了，再也睡不着，于是起床，去外面吹吹风",32,https://tieba.baidu.com/p/10680187119,ajinglong135,2026-04-30 17:27:53,baidu_tieba,tieba_client_api,anxiety,human_style_body_first_no_local_model
A068,10513715610,"depression,anxiety",human_style_labeled,high,body-first human-style labels: 明显低落、绝望、无意义感或抑郁相关表达; 焦虑、惊恐、失眠、强迫或躯体化表达.,焦虑症,没人知道我这五年怎么熬过来的,不知道是不是五年，新冠得了的半个月后，得了这个病，当时查完了没查出来什么问题，出来查出躯体化焦虑症，跟中度抑郁，身体检查花了一个w，严重的时候不能下床，疑病恐癌，出门走一步都害怕，声音也不能大，情绪也不能波动，前期吃了一个月的药我直接把药扔了，直接自己硬抗，中间扛出来了小肿瘤，胃部抗出来了胃溃疡，抵抗力也抗差了，从前年开始我慢慢好转，目前就是换季轻微复发，平时没什么感觉，喝酒吃辣都可以，硬抗的那些日子简直跟地狱没区别，现在每天都运动，也开始打扮，我不服，凭什么别人就好就我有这个病，我会继续坚持下去，哪怕好不了我也不想做什么精神疾病的傀儡，我不想放弃自己，哪怕再世界上一天，我就得活出自己，往后我会越来越好，越来越棒！,"标题：没人知道我这五年怎么熬过来的

正文：不知道是不是五年，新冠得了的半个月后，得了这个病，当时查完了没查出来什么问题，出来查出躯体化焦虑症，跟中度抑郁，身体检查花了一个w，严重的时候不能下床，疑病恐癌，出门走一步都害怕，声音也不能大，情绪也不能波动，前期吃了一个月的药我直接把药扔了，直接自己硬抗，中间扛出来了小肿瘤，胃部抗出来了胃溃疡，抵抗力也抗差了，从前年开始我慢慢好转，目前就是换季轻微复发，平时没什么感觉，喝酒吃辣都可以，硬抗的那些日子简直跟地狱没区别，现在每天都运动，也开始打扮，我不服，凭什么别人就好就我有这个病，我会继续坚持下去，哪怕好不了我也不想做什么精神疾病的傀儡，我不想放弃自己，哪怕再世界上一天，我就得活出自己，往后我会越来越好，越来越棒！",311,https://tieba.baidu.com/p/10513715610,酱可佳,2026-02-25 17:45:11,baidu_tieba,tieba_client_api,anxiety,human_style_body_first_no_local_model
A069,10218052813,,human_style_normal_or_unclear,medium,body-first human-style labels: normal_or_unclear.,焦虑,鬼门十三针,新的一天，朋友们，大家好！ 有时候我们之所以焦虑，是因为看得太近。只盯着眼前的得失，就容易被一时的成败牵着走。凡事多往好处想，多往远处看，会更有动力去迎接挑战、解决问题。 看远一点，意味着学会用更长的时间维度去看待生活。眼前的挫折，或许正是积累力量的过程；暂时的等待，是为了未来绽放更耀眼的光彩。当我们把眼光放远，就会发现：眼前的坎儿，不过是成长路上的一个台阶。,"标题：鬼门十三针

正文：新的一天，朋友们，大家好！ 有时候我们之所以焦虑，是因为看得太近。只盯着眼前的得失，就容易被一时的成败牵着走。凡事多往好处想，多往远处看，会更有动力去迎接挑战、解决问题。 看远一点，意味着学会用更长的时间维度去看待生活。眼前的挫折，或许正是积累力量的过程；暂时的等待，是为了未来绽放更耀眼的光彩。当我们把眼光放远，就会发现：眼前的坎儿，不过是成长路上的一个台阶。",181,https://tieba.baidu.com/p/10218052813,wangyiyang0810,2025-11-16 12:08:12,baidu_tieba,tieba_client_api,anxiety,human_style_body_first_no_local_model
A070,10672855744,"depression,anxiety",human_style_labeled,high,body-first human-style labels: 明显低落、绝望、无意义感或抑郁相关表达; 焦虑、惊恐、失眠、强迫或躯体化表达.,心理咨询,情绪性暴食怎么办,自从减肥起迷恋上每天骤减的数字越来越极端从每天少吃变成一天只吃一顿疯狂健身爬坡皮质醇爆了经常两三点睡不着整个人精神萎靡用了两个月BMI降到18.1也有了肌肉线条开始调整运动频率注重无氧增肌但是饮食上的心理疾病我感觉改不了我还是会疯狂计算热量吃多了以前一顿正餐的热量就逼自己出门暴走两万步前一天放纵了一顿麻辣烫第二天就液断一整天。 于是我不出意料暴食了。 我已经暴食了两天，昨天吃了很多数不过来的糖油混合物各种煎饼炸串烤冷面炸鸡汉堡一开始只吃了顿麻辣烫但我太注重体重了吃完一顿上称发现胖了三斤开始自暴自弃不停往嘴里塞东西一开始只想着反正都暴食了就吃的彻底后面根本停不下来感觉胃已经快撑破了胀的特别难受但是脑子告诉自己把手里剩下的食物全吃完塞进去后面食物顶到喉咙吃太多我直接吐了。 今天打算液断一天因为昨天吃了至少三四千大卡结果还是没控制住自己继续暴食疯狂往嘴里塞东西一直不停的吃感觉心里很空情绪不好胃里塞满直到再也吃不下去的时候我才停现在胃好难受想吐又不敢像那些人一样催吐只能把自己关在厕所哭两天我吃了七千多大卡会胖两斤了已经我小半个月都白减了。 我已经不会正常吃饭了我该怎么办,"标题：情绪性暴食怎么办

正文：自从减肥起迷恋上每天骤减的数字越来越极端从每天少吃变成一天只吃一顿疯狂健身爬坡皮质醇爆了经常两三点睡不着整个人精神萎靡用了两个月BMI降到18.1也有了肌肉线条开始调整运动频率注重无氧增肌但是饮食上的心理疾病我感觉改不了我还是会疯狂计算热量吃多了以前一顿正餐的热量就逼自己出门暴走两万步前一天放纵了一顿麻辣烫第二天就液断一整天。 于是我不出意料暴食了。 我已经暴食了两天，昨天吃了很多数不过来的糖油混合物各种煎饼炸串烤冷面炸鸡汉堡一开始只吃了顿麻辣烫但我太注重体重了吃完一顿上称发现胖了三斤开始自暴自弃不停往嘴里塞东西一开始只想着反正都暴食了就吃的彻底后面根本停不下来感觉胃已经快撑破了胀的特别难受但是脑子告诉自己把手里剩下的食物全吃完塞进去后面食物顶到喉咙吃太多我直接吐了。 今天打算液断一天因为昨天吃了至少三四千大卡结果还是没控制住自己继续暴食疯狂往嘴里塞东西一直不停的吃感觉心里很空情绪不好胃里塞满直到再也吃不下去的时候我才停现在胃好难受想吐又不敢像那些人一样催吐只能把自己关在厕所哭两天我吃了七千多大卡会胖两斤了已经我小半个月都白减了。 我已经不会正常吃饭了我该怎么办",488,https://tieba.baidu.com/p/10672855744,贴吧用户_aZDG96D,2026-04-27 21:05:22,baidu_tieba,tieba_client_api,anxiety,human_style_body_first_no_local_model
A071,10540186032,"depression,anxiety",human_style_labeled,high,body-first human-style labels: 明显低落、绝望、无意义感或抑郁相关表达; 焦虑、惊恐、失眠、强迫或躯体化表达.,精神内耗,想问问大家，确诊慢性病之后，你们都是怎么戒掉内耗的？,到今天，确诊整整 6 年了。前两年几乎每天都活在内耗里，因为一点小小的波动就整夜失眠，因为一次没做好就全盘否定自己，总觉得自己的人生彻底毁了，和别人不一样了，再也回不到以前的样子了。 试过很多办法，运动、看书、找人聊天，都只能好一阵子，转头又陷进去了。最后还是靠沉下心读史书，在千百年前那些走过人生低谷的古人故事里，慢慢找到了和自己和解的办法。 想问问吧里的朋友们，你们都是怎么度过那段最难熬的内耗日子的？有什么好用的小办法吗？评论区一起聊聊吧，我们互相打打气，总能熬过去的。,"标题：想问问大家，确诊慢性病之后，你们都是怎么戒掉内耗的？

正文：到今天，确诊整整 6 年了。前两年几乎每天都活在内耗里，因为一点小小的波动就整夜失眠，因为一次没做好就全盘否定自己，总觉得自己的人生彻底毁了，和别人不一样了，再也回不到以前的样子了。 试过很多办法，运动、看书、找人聊天，都只能好一阵子，转头又陷进去了。最后还是靠沉下心读史书，在千百年前那些走过人生低谷的古人故事里，慢慢找到了和自己和解的办法。 想问问吧里的朋友们，你们都是怎么度过那段最难熬的内耗日子的？有什么好用的小办法吗？评论区一起聊聊吧，我们互相打打气，总能熬过去的。",238,https://tieba.baidu.com/p/10540186032,阿欣的读史养心记,2026-03-07 18:40:46,baidu_tieba,tieba_client_api,anxiety,human_style_body_first_no_local_model
A072,10660937102,anxiety,human_style_labeled,medium,body-first human-style labels: 焦虑、惊恐、失眠、强迫或躯体化表达.,强迫症,遵守吧规--走出强迫的方向在哪啊,经常听到不管，接纳，不做强迫行为，不解决不分析不思考， 当我做不到的时候强迫自己一定要做到不也是强迫吗，如果跟着他去解决好像又是治标，强迫自己不解决就跟压制控制一样更苦，解决也不是不解决也不是，不是强迫自己解决就是强迫自己不解决，完全乱了怎么做都不行。,"标题：遵守吧规--走出强迫的方向在哪啊

正文：经常听到不管，接纳，不做强迫行为，不解决不分析不思考， 当我做不到的时候强迫自己一定要做到不也是强迫吗，如果跟着他去解决好像又是治标，强迫自己不解决就跟压制控制一样更苦，解决也不是不解决也不是，不是强迫自己解决就是强迫自己不解决，完全乱了怎么做都不行。",126,https://tieba.baidu.com/p/10660937102,南风不知我40,2026-04-23 04:58:01,baidu_tieba,tieba_client_api,anxiety,human_style_body_first_no_local_model
A073,8337552097,"depression,anxiety,academic_stress,social_withdrawal",human_style_labeled,high,body-first human-style labels: 明显低落、绝望、无意义感或抑郁相关表达; 焦虑、惊恐、失眠、强迫或躯体化表达; 考试、升学、论文、学校或学习压力; 社交回避、孤独、闭门不出或退缩.,精神内耗,人活着好累,总是很在意别人的目光 ，和别人交往 ，总是委曲求全 ，不懂得拒绝别人 ，没有主见 。怕和别人闹矛盾 。可即便这样，我还是被人讨厌 ，因为我内向， 总是把事情憋在心里 ， 别人也不曾真正了解过我 。因为独来独往，就被人认为目中无人 。因为自己不自觉露出的小心翼翼，被人认为虚伪。因为别人的一点小动作 ，微表情，就可以在内心做着长时间的思想争斗。真的好讨厌 这样的自己 。希望自己可以像风一样自由 ，不会这世俗，这充满偏见的世界所烦恼 。希望以后能真正的做自己 ，希望今年能够圆梦大学，金榜题名。,"标题：人活着好累

正文：总是很在意别人的目光 ，和别人交往 ，总是委曲求全 ，不懂得拒绝别人 ，没有主见 。怕和别人闹矛盾 。可即便这样，我还是被人讨厌 ，因为我内向， 总是把事情憋在心里 ， 别人也不曾真正了解过我 。因为独来独往，就被人认为目中无人 。因为自己不自觉露出的小心翼翼，被人认为虚伪。因为别人的一点小动作 ，微表情，就可以在内心做着长时间的思想争斗。真的好讨厌 这样的自己 。希望自己可以像风一样自由 ，不会这世俗，这充满偏见的世界所烦恼 。希望以后能真正的做自己 ，希望今年能够圆梦大学，金榜题名。",246,https://tieba.baidu.com/p/8337552097,申屠州0g0,2023-04-02 13:06:50,baidu_tieba,tieba_client_api,anxiety,human_style_body_first_no_local_model
A074,10367307964,anxiety,human_style_labeled,medium,body-first human-style labels: 焦虑、惊恐、失眠、强迫或躯体化表达.,焦虑症,昨晚看贴吧，突然感觉好了…,昨晚看贴吧，一个哥们每天记录日常…看完突然感觉好了！感觉最少好了90%，然后今天又不行了…紧张的心情好了一些 但是 还是伴随着心慌难受…今天是 第二天吃草酸一片，劳拉半片，美托洛尔半片。我倒是没有身体上的 不舒服 就是神经绷得很紧 有点啥事就慌,"标题：昨晚看贴吧，突然感觉好了…

正文：昨晚看贴吧，一个哥们每天记录日常…看完突然感觉好了！感觉最少好了90%，然后今天又不行了…紧张的心情好了一些 但是 还是伴随着心慌难受…今天是 第二天吃草酸一片，劳拉半片，美托洛尔半片。我倒是没有身体上的 不舒服 就是神经绷得很紧 有点啥事就慌",122,https://tieba.baidu.com/p/10367307964,根本不会呀,2026-01-05 09:28:28,baidu_tieba,tieba_client_api,anxiety,human_style_body_first_no_local_model
A075,10660813220,"depression,anxiety",human_style_labeled,high,body-first human-style labels: 明显低落、绝望、无意义感或抑郁相关表达; 焦虑、惊恐、失眠、强迫或躯体化表达.,焦虑症,好累啊真的好累啦,刚刚又痛哭了一场，我知道我不能这样情绪激动，可是我控制不住，有时真的觉得好累啊，真的好难受，感觉情绪又给我打败了，为什么我就好不起来了呢，有时有的自己好崩溃，特别没有安全感，特别害怕，惊恐，然后更加难受，躯体化也没有缓解，感觉一到一个程度就这样，虽然我知道是正常的，但是就是觉得心累，特别累，想大吼一声，想发泄得厉害…没招啦，所以我又来这里叨叨了，没招,"标题：好累啊真的好累啦

正文：刚刚又痛哭了一场，我知道我不能这样情绪激动，可是我控制不住，有时真的觉得好累啊，真的好难受，感觉情绪又给我打败了，为什么我就好不起来了呢，有时有的自己好崩溃，特别没有安全感，特别害怕，惊恐，然后更加难受，躯体化也没有缓解，感觉一到一个程度就这样，虽然我知道是正常的，但是就是觉得心累，特别累，想大吼一声，想发泄得厉害…没招啦，所以我又来这里叨叨了，没招",176,https://tieba.baidu.com/p/10660813220,星愿便利贴✨,2026-04-23 03:01:29,baidu_tieba,tieba_client_api,anxiety,human_style_body_first_no_local_model
A076,10654295498,anxiety,human_style_labeled,medium,body-first human-style labels: 焦虑、惊恐、失眠、强迫或躯体化表达.,失眠,失眠已康复，感恩此吧,其实失眠已经好了2-3年了，心理一直记得要回来失眠吧写一下自己的经历鼓励吧友。这么久才来写是因为1、不敢确定自己是否真实的好了 ，怕过早发文误人 2、失眠经历太痛苦了不想一一回顾 3、工作太忙了 失眠是5年前的1个普通的夜晚开始的，我正常上床睡觉但是一直无法入睡，漫漫长夜陪伴自己的只有自己的心跳声。第二天夜晚想着昨晚没睡好今晚一定能睡好的心态入睡但是依然睡不着，几天下来依然不断循环失眠这件事心里是慌乱的 ，几天后我接受了失眠的事实去医院求医，下面就说说我的康复历程吧。 先从看医生吃药开始说哈，我觉得看中医比看西医好，因为本人吃了西药后能入睡但是依赖性很强不吃就睡不着了，中药一开始吃了没效果，但是后来坚持了1个多月后慢慢自己能入睡了，几个月后我怕有依赖所以连中药也停了。 然后说一下心理吧，刚开始我一看到床我就有点怕，怕睡不着。不知道有没有人和我一样，哈哈哈哈哈。我害怕但是我还是坚持10点半一到点就上床，是的，只是上床因为失眠就没说睡觉这两个字，睡觉简直是奢望。上床就躺着睡不睡得着不重要，别把入睡看得那么重，入睡不是你能控制的随遇而安吧，流沙抓得再紧也是徒劳。放平心态不抱任何希望，做自己能控制的事就好，例如准时准点上床躺着。但行好事，莫问前程。 最后说一下运动吧，从失眠开始我就每天坚持1小时的跳操或者步行。如果下班早那就跳操（如果下班晚的话那就不跳了，因为太晚跳的话跳完后会兴奋，所以9点前要跳完），下班晚那就去公园步行一小时，每天坚持着，不知道坚持了多久慢慢地我能自己入睡了，再慢慢地失眠少了，再慢慢地不再失眠了。 康复的旅程很漫长很孤独，没人会理解你的痛苦，在我失眠的期间里翻看着吧内的一篇篇励志的文章缓解了我的慌乱我的孤独，让我相信真的可以治好失眠，所以我一直记得如果有一天我康复了一定要在贴吧发布一篇文章的事。让正在失眠的你们也感受到我曾在其他人的文章里感受的鼓舞与温暖。 这几年我已经很少很少上贴吧了，所以你们的留言我很可能没看到，但是请相信失眠它真的能好，感谢失眠吧。,"标题：失眠已康复，感恩此吧

正文：其实失眠已经好了2-3年了，心理一直记得要回来失眠吧写一下自己的经历鼓励吧友。这么久才来写是因为1、不敢确定自己是否真实的好了 ，怕过早发文误人 2、失眠经历太痛苦了不想一一回顾 3、工作太忙了 失眠是5年前的1个普通的夜晚开始的，我正常上床睡觉但是一直无法入睡，漫漫长夜陪伴自己的只有自己的心跳声。第二天夜晚想着昨晚没睡好今晚一定能睡好的心态入睡但是依然睡不着，几天下来依然不断循环失眠这件事心里是慌乱的 ，几天后我接受了失眠的事实去医院求医，下面就说说我的康复历程吧。 先从看医生吃药开始说哈，我觉得看中医比看西医好，因为本人吃了西药后能入睡但是依赖性很强不吃就睡不着了，中药一开始吃了没效果，但是后来坚持了1个多月后慢慢自己能入睡了，几个月后我怕有依赖所以连中药也停了。 然后说一下心理吧，刚开始我一看到床我就有点怕，怕睡不着。不知道有没有人和我一样，哈哈哈哈哈。我害怕但是我还是坚持10点半一到点就上床，是的，只是上床因为失眠就没说睡觉这两个字，睡觉简直是奢望。上床就躺着睡不睡得着不重要，别把入睡看得那么重，入睡不是你能控制的随遇而安吧，流沙抓得再紧也是徒劳。放平心态不抱任何希望，做自己能控制的事就好，例如准时准点上床躺着。但行好事，莫问前程。 最后说一下运动吧，从失眠开始我就每天坚持1小时的跳操或者步行。如果下班早那就跳操（如果下班晚的话那就不跳了，因为太晚跳的话跳完后会兴奋，所以9点前要跳完），下班晚那就去公园步行一小时，每天坚持着，不知道坚持了多久慢慢地我能自己入睡了，再慢慢地失眠少了，再慢慢地不再失眠了。 康复的旅程很漫长很孤独，没人会理解你的痛苦，在我失眠的期间里翻看着吧内的一篇篇励志的文章缓解了我的慌乱我的孤独，让我相信真的可以治好失眠，所以我一直记得如果有一天我康复了一定要在贴吧发布一篇文章的事。让正在失眠的你们也感受到我曾在其他人的文章里感受的鼓舞与温暖。 这几年我已经很少很少上贴吧了，所以你们的留言我很可能没看到，但是请相信失眠它真的能好，感谢失眠吧。",847,https://tieba.baidu.com/p/10654295498,贴吧用户_7AUX45a,2026-04-20 16:09:16,baidu_tieba,tieba_client_api,anxiety,human_style_body_first_no_local_model
A077,10668471659,"depression,anxiety",human_style_labeled,high,body-first human-style labels: 明显低落、绝望、无意义感或抑郁相关表达; 焦虑、惊恐、失眠、强迫或躯体化表达.,失眠,不要让我失眠૮₍ɵ̷﹏ɵ̷̥̥᷅₎ა,这个世界好复杂，只想睡个好觉，整夜失眠好痛苦૮₍ɵ̷﹏ɵ̷̥̥᷅₎ა,"标题：不要让我失眠૮₍ɵ̷﹏ɵ̷̥̥᷅₎ა

正文：这个世界好复杂，只想睡个好觉，整夜失眠好痛苦૮₍ɵ̷﹏ɵ̷̥̥᷅₎ა",34,https://tieba.baidu.com/p/10668471659,景上闻弦,2026-04-26 02:34:54,baidu_tieba,tieba_client_api,anxiety,human_style_body_first_no_local_model
A078,5763483375,"anxiety,social_withdrawal",human_style_labeled,high,body-first human-style labels: 焦虑、惊恐、失眠、强迫或躯体化表达; 社交回避、孤独、闭门不出或退缩.,失眠,失眠10年，康复3年，谈谈我对失眠的理解,好久没来失眠吧了，以前最喜欢的就是在晚上睡不着的时候逛逛贴吧，因为这样我会感觉自己不太孤独，感觉虽然屏幕的没有温度的，但是想象的世界里屏幕那面有很多和我一模一样的朋友。这是康复的第三年了，昨天凌晨三点多的时候，突然一个非常要好的朋友给我打电话告诉我已经有一个多月没有很好的睡觉了，每天都睡的不踏实，像没有睡觉一样，每天都早醒，每天都头晕、心慌很明显，很痛苦，感觉自己好像抗不住了，在电话里一直痛哭。我想到了曾经的自己，我感觉应该写点什么。曾经一直是别人在帮助我，但是我想如果此时此刻我在这里也写点什么，屏幕那一面的你一定也能感受到一些温暖。,"标题：失眠10年，康复3年，谈谈我对失眠的理解

正文：好久没来失眠吧了，以前最喜欢的就是在晚上睡不着的时候逛逛贴吧，因为这样我会感觉自己不太孤独，感觉虽然屏幕的没有温度的，但是想象的世界里屏幕那面有很多和我一模一样的朋友。这是康复的第三年了，昨天凌晨三点多的时候，突然一个非常要好的朋友给我打电话告诉我已经有一个多月没有很好的睡觉了，每天都睡的不踏实，像没有睡觉一样，每天都早醒，每天都头晕、心慌很明显，很痛苦，感觉自己好像抗不住了，在电话里一直痛哭。我想到了曾经的自己，我感觉应该写点什么。曾经一直是别人在帮助我，但是我想如果此时此刻我在这里也写点什么，屏幕那一面的你一定也能感受到一些温暖。",270,https://tieba.baidu.com/p/5763483375,天使爱美丽🌹,2018-06-24 00:21:58,baidu_tieba,tieba_client_api,anxiety,human_style_body_first_no_local_model
A079,10584074858,"depression,anxiety",human_style_labeled,high,body-first human-style labels: 明显低落、绝望、无意义感或抑郁相关表达; 焦虑、惊恐、失眠、强迫或躯体化表达.,焦虑,因为一些小事就开始崩溃,我不知道怎么了，恐惧聊天发消息。因为一个事就开始哭，说出来又觉得矫情，想到后面觉得一切都完了。,"标题：因为一些小事就开始崩溃

正文：我不知道怎么了，恐惧聊天发消息。因为一个事就开始哭，说出来又觉得矫情，想到后面觉得一切都完了。",47,https://tieba.baidu.com/p/10584074858,贴吧用户_J23ZVUe,2026-03-24 19:30:03,baidu_tieba,tieba_client_api,anxiety,human_style_body_first_no_local_model
A080,10523540125,depression,human_style_labeled,medium,body-first human-style labels: 明显低落、绝望、无意义感或抑郁相关表达.,焦虑症,真正拥有了，却索然无味,感觉每天都在过着重复和毫无意义的生活，没有盼头，没有目的，农村两套房，有辆十多万的车，存款150个，现在混吃等死，没意思～,"标题：真正拥有了，却索然无味

正文：感觉每天都在过着重复和毫无意义的生活，没有盼头，没有目的，农村两套房，有辆十多万的车，存款150个，现在混吃等死，没意思～",61,https://tieba.baidu.com/p/10523540125,共度余生的人,2026-03-01 10:06:50,baidu_tieba,tieba_client_api,anxiety,human_style_body_first_no_local_model
A081,10565686559,anxiety,human_style_labeled,medium,body-first human-style labels: 焦虑、惊恐、失眠、强迫或躯体化表达.,失眠,该怎么慢慢戒掉啊？,因为失眠一直很严重，所以24年的时候去挂号神经内，医生给开了右佐匹克隆，之后基本每天吃一粒右佐匹克隆一直到现在，大概有一年半多。一开始是一粒，我开始减量到半粒，之后这一年我基本上都是每天吃半粒，中间换过药，右佐匹克隆换成思诺思，现在又换成艾司唑仑🙇🏻♀️想问问戒药的人都是怎么戒的，我不吃完全睡不着。医院也给我开过助眠胶囊，但是我感觉那个没什么用。我属于那种入睡困难，而且醒了之后就睡不着的类型，白天困也睡不着，有时候早上四五点醒了然后就再也睡不着了,"标题：该怎么慢慢戒掉啊？

正文：因为失眠一直很严重，所以24年的时候去挂号神经内，医生给开了右佐匹克隆，之后基本每天吃一粒右佐匹克隆一直到现在，大概有一年半多。一开始是一粒，我开始减量到半粒，之后这一年我基本上都是每天吃半粒，中间换过药，右佐匹克隆换成思诺思，现在又换成艾司唑仑🙇🏻♀️想问问戒药的人都是怎么戒的，我不吃完全睡不着。医院也给我开过助眠胶囊，但是我感觉那个没什么用。我属于那种入睡困难，而且醒了之后就睡不着的类型，白天困也睡不着，有时候早上四五点醒了然后就再也睡不着了",225,https://tieba.baidu.com/p/10565686559,杓许,2026-03-17 22:28:35,baidu_tieba,tieba_client_api,anxiety,human_style_body_first_no_local_model
A082,10672806696,"depression,anxiety",human_style_labeled,high,body-first human-style labels: 明显低落、绝望、无意义感或抑郁相关表达; 焦虑、惊恐、失眠、强迫或躯体化表达.,焦虑症,终于迈出第一步,本人吃了十三年药，今年开始断药。为什么断药呢？因为身体已经开始耐药性了。而三甲医院的心理医生我已经不抱任何希望了。只会敲键盘登记症状，然后跟你说要不能停、继续加量等等～我记得前几年我问我的主治医生，像我这样的人多久能断药，我感觉记忆力变差了，担心伤肝，而且越来越觉得药已经不能控制了。能不能告诉我发作时该怎么办？有没有缓解办法？她跟我说的就是为什么要断药？就当高血压药吃一样，这病治不好的。再加一粒药就好了。我当时就心凉半截，这是一个心理医生该说的吗？在经历几年纠结后还是走出第一步，头几天还是挺好的，但是没想到反扑也挺厉害。希望能挺住,"标题：终于迈出第一步

正文：本人吃了十三年药，今年开始断药。为什么断药呢？因为身体已经开始耐药性了。而三甲医院的心理医生我已经不抱任何希望了。只会敲键盘登记症状，然后跟你说要不能停、继续加量等等～我记得前几年我问我的主治医生，像我这样的人多久能断药，我感觉记忆力变差了，担心伤肝，而且越来越觉得药已经不能控制了。能不能告诉我发作时该怎么办？有没有缓解办法？她跟我说的就是为什么要断药？就当高血压药吃一样，这病治不好的。再加一粒药就好了。我当时就心凉半截，这是一个心理医生该说的吗？在经历几年纠结后还是走出第一步，头几天还是挺好的，但是没想到反扑也挺厉害。希望能挺住",268,https://tieba.baidu.com/p/10672806696,发呆的幽幽,2026-04-27 20:38:43,baidu_tieba,tieba_client_api,anxiety,human_style_body_first_no_local_model
A083,10660437580,"depression,anxiety,social_withdrawal",human_style_labeled,high,body-first human-style labels: 明显低落、绝望、无意义感或抑郁相关表达; 焦虑、惊恐、失眠、强迫或躯体化表达; 社交回避、孤独、闭门不出或退缩.,焦虑症,一个人在家里躯体化,家里没有药了，一直在躯体化，动不了，好久没有洗澡了，没人拉我去医院，是不是只能慢慢磨到好一点去医院,"标题：一个人在家里躯体化

正文：家里没有药了，一直在躯体化，动不了，好久没有洗澡了，没人拉我去医院，是不是只能慢慢磨到好一点去医院",49,https://tieba.baidu.com/p/10660437580,小贝果酱qwq,2026-04-22 23:01:26,baidu_tieba,tieba_client_api,anxiety,human_style_body_first_no_local_model
A084,3385035717,,human_style_normal_or_unclear,medium,body-first human-style labels: normal_or_unclear.,失眠,【经验贴】如何应对恢复期的“反复”？,这段时间，工作岗位调动，不常来失眠吧了。“失眠吧”不再象之前恢复期那样成为我的精神之柱和能量之源。而间断性地逛失眠吧时，发现很多吧友都已恢复或正在恢复的路上，真心为他们高兴。正在恢复很多吧友提出了同样的问题：如何应对恢复期的失眠“反复”？,"标题：【经验贴】如何应对恢复期的“反复”？

正文：这段时间，工作岗位调动，不常来失眠吧了。“失眠吧”不再象之前恢复期那样成为我的精神之柱和能量之源。而间断性地逛失眠吧时，发现很多吧友都已恢复或正在恢复的路上，真心为他们高兴。正在恢复很多吧友提出了同样的问题：如何应对恢复期的失眠“反复”？",119,https://tieba.baidu.com/p/3385035717,prince郡主,2014-11-01 19:33:50,baidu_tieba,tieba_client_api,anxiety,human_style_body_first_no_local_model
A085,10624673263,"depression,anxiety,social_withdrawal",human_style_labeled,high,body-first human-style labels: 明显低落、绝望、无意义感或抑郁相关表达; 焦虑、惊恐、失眠、强迫或躯体化表达; 社交回避、孤独、闭门不出或退缩.,焦虑,焦虑过度·热闹与光鲜背后藏着无数不为人知的情绪与孤独，你说来吧,这个光鲜世界的背面，总有人在悄悄难过我们活在一个看起来格外耀眼的世界里。人人步履匆匆，笑容体面，生活被包装得光鲜明亮。可很少有人看见，世界是多维的。在那些热闹与光鲜背后，藏着无数不为人知的情绪与孤独。有人外表平静，内心早已溃不成军；有人努力微笑，却被焦虑、压抑、委屈日夜缠绕；有人渴望被理解、被拥抱，却始终找不到一个，可以无条件接纳、无条件倾听自己的人。你不必一直坚强，不必事事硬扛，更不必把所有情绪都藏在心里。倾诉，从来不是脆弱，而是最温柔、最直接的释放。说出来，压力就轻了；讲出来，心里就松了。,"标题：焦虑过度·热闹与光鲜背后藏着无数不为人知的情绪与孤独，你说来吧

正文：这个光鲜世界的背面，总有人在悄悄难过我们活在一个看起来格外耀眼的世界里。人人步履匆匆，笑容体面，生活被包装得光鲜明亮。可很少有人看见，世界是多维的。在那些热闹与光鲜背后，藏着无数不为人知的情绪与孤独。有人外表平静，内心早已溃不成军；有人努力微笑，却被焦虑、压抑、委屈日夜缠绕；有人渴望被理解、被拥抱，却始终找不到一个，可以无条件接纳、无条件倾听自己的人。你不必一直坚强，不必事事硬扛，更不必把所有情绪都藏在心里。倾诉，从来不是脆弱，而是最温柔、最直接的释放。说出来，压力就轻了；讲出来，心里就松了。",249,https://tieba.baidu.com/p/10624673263,心安疗愈社,2026-04-09 08:41:32,baidu_tieba,tieba_client_api,anxiety,human_style_body_first_no_local_model
A086,10606044300,"depression,anxiety",human_style_labeled,high,body-first human-style labels: 明显低落、绝望、无意义感或抑郁相关表达; 焦虑、惊恐、失眠、强迫或躯体化表达.,失眠,感觉快不行了,连续4天了，10.多上床，4点才能睡着，还有早8，校医务室开了安神补脑液，感觉没效果，天天吃褪黑素，也没用了，佐匹克隆也买不到，打算明天去医院挂个神经科，不知有何推荐,"标题：感觉快不行了

正文：连续4天了，10.多上床，4点才能睡着，还有早8，校医务室开了安神补脑液，感觉没效果，天天吃褪黑素，也没用了，佐匹克隆也买不到，打算明天去医院挂个神经科，不知有何推荐",83,https://tieba.baidu.com/p/10606044300,无敌了666888,2026-04-02 00:54:01,baidu_tieba,tieba_client_api,anxiety,human_style_body_first_no_local_model
A087,9653675462,"depression,anxiety,social_withdrawal",human_style_labeled,high,body-first human-style labels: 明显低落、绝望、无意义感或抑郁相关表达; 焦虑、惊恐、失眠、强迫或躯体化表达; 社交回避、孤独、闭门不出或退缩.,精神内耗,自言自语半天,很久没有好好跟自己讲讲话了，这些年很累，心里无形压力一直鞭策自己，不知道为什么会变成这样，很孤独，不是没有朋友，而是没有分享喜悦和痛苦的朋友，朋友都希望你过得好，但就是不能比他好，所以你怎么去分享你的快乐和难过呢？我不是一个喜欢诉苦的人，也不是一个喜欢炫耀的人，每天都在内耗自己，不知道自己想要什么，在追求什么，没有一件事能够刺激到我，我一直觉得自己很佛系，但没有想到佛系到对什么都不感兴趣，做的事也是很匪夷所思，我是一名医务工作者，疫情期间在一线，疫情结束后，我记得那是我哭的最严重的一次，我不知道为什么哭，是哭我还活着？还是哭已经离开的人？我也分不清楚。从小其实我是一个个性非常要强的人，做任何事我都不会服输，想要一样东西，我一定会努力的去得到，但是我这个人又过度善良，我觉得过度善良并不是一件好事，让自己成了玻璃心，这年头财发狠心人是没错的，我这类人永远发不了财，我现在成了我曾经最讨厌的人，明明拿不出一点钱，还瞧不上一两百万，不知道是学了谁？疫情结束我像得了失心疯一样，疫情前我还挺正常，不过12-19年我换了三台车，换车频率还挺正常，疫情结束后，我贷款买了一台所谓的二线豪华品牌，沃尔沃，让我兴奋了一阵子，我也不知道为什么，不是我多么喜欢车子，我也不了解，什么车子多少匹啊，动力，我压根没去了解，沃尔沃开了半年，觉得油耗太高了，又萌生换车想法，想把沃尔沃卖了，结果半年掉价10万，舍不得没卖，就放在家里，电车那会儿兴起，咬牙买了一台长安刚出来的深蓝，开了7个月，觉得底盘太低了亏七万换了一台零跑刚兴起的C11，开了四个月亏11万换了一台理想，反正换车我总能说服自己找一些理由，前段时间我脑子发热，突然想开手动挡，我又去买了一台手动挡的车，开了两天我就卖了，亏一万多。我都不知道自己在干什么，但是最让我心里有触动的时候就是新车上牌的时候，我会特别期待，心里会很激动，你说要是有个女孩子约我，我可能一点兴趣没有，但是说起车，你说我对车多喜欢，也没有，但是朋友看车，买车，哪里有车展我都会看两眼，朋友对我做法不认同，所以我也干脆不解释了，解释很累，我不是有钱烧的慌，是有些情绪价值只有自己懂，我现在每天失眠，不知道未来的路该怎么走，心里有话不知道跟谁讲，这些年我不买车，我想我应该也可以存一点钱吧？活的累，说想挣钱吧，老是作来作去，说不想挣钱吧，天天又想着该怎么挣钱，感觉自己像进入一个死胡同，恶性循环，出来又进去，心里很乱，也不知道自己讲了些什么，晚安吧。,"标题：自言自语半天

正文：很久没有好好跟自己讲讲话了，这些年很累，心里无形压力一直鞭策自己，不知道为什么会变成这样，很孤独，不是没有朋友，而是没有分享喜悦和痛苦的朋友，朋友都希望你过得好，但就是不能比他好，所以你怎么去分享你的快乐和难过呢？我不是一个喜欢诉苦的人，也不是一个喜欢炫耀的人，每天都在内耗自己，不知道自己想要什么，在追求什么，没有一件事能够刺激到我，我一直觉得自己很佛系，但没有想到佛系到对什么都不感兴趣，做的事也是很匪夷所思，我是一名医务工作者，疫情期间在一线，疫情结束后，我记得那是我哭的最严重的一次，我不知道为什么哭，是哭我还活着？还是哭已经离开的人？我也分不清楚。从小其实我是一个个性非常要强的人，做任何事我都不会服输，想要一样东西，我一定会努力的去得到，但是我这个人又过度善良，我觉得过度善良并不是一件好事，让自己成了玻璃心，这年头财发狠心人是没错的，我这类人永远发不了财，我现在成了我曾经最讨厌的人，明明拿不出一点钱，还瞧不上一两百万，不知道是学了谁？疫情结束我像得了失心疯一样，疫情前我还挺正常，不过12-19年我换了三台车，换车频率还挺正常，疫情结束后，我贷款买了一台所谓的二线豪华品牌，沃尔沃，让我兴奋了一阵子，我也不知道为什么，不是我多么喜欢车子，我也不了解，什么车子多少匹啊，动力，我压根没去了解，沃尔沃开了半年，觉得油耗太高了，又萌生换车想法，想把沃尔沃卖了，结果半年掉价10万，舍不得没卖，就放在家里，电车那会儿兴起，咬牙买了一台长安刚出来的深蓝，开了7个月，觉得底盘太低了亏七万换了一台零跑刚兴起的C11，开了四个月亏11万换了一台理想，反正换车我总能说服自己找一些理由，前段时间我脑子发热，突然想开手动挡，我又去买了一台手动挡的车，开了两天我就卖了，亏一万多。我都不知道自己在干什么，但是最让我心里有触动的时候就是新车上牌的时候，我会特别期待，心里会很激动，你说要是有个女孩子约我，我可能一点兴趣没有，但是说起车，你说我对车多喜欢，也没有，但是朋友看车，买车，哪里有车展我都会看两眼，朋友对我做法不认同，所以我也干脆不解释了，解释很累，我不是有钱烧的慌，是有些情绪价值只有自己懂，我现在每天失眠，不知道未来的路该怎么走，心里有话不知道跟谁讲，这些年我不买车，我想我应该也可以存一点钱吧？活的累，说想挣钱吧，老是作来作去，说不想挣钱吧，天天又想着该怎么挣钱，感觉自己像进入一个死胡同，恶性循环，出来又进去，心里很乱，也不知道自己讲了些什么，晚安吧。",1031,https://tieba.baidu.com/p/9653675462,Hsp丶,2025-04-19 00:09:25,baidu_tieba,tieba_client_api,anxiety,human_style_body_first_no_local_model
A088,6482424638,anxiety,human_style_labeled,medium,body-first human-style labels: 焦虑、惊恐、失眠、强迫或躯体化表达.,惊恐障碍,请问一下大家有没有得了惊恐障碍然后继续抽烟的病友啊……我前两,请问一下大家有没有得了惊恐障碍然后继续抽烟的病友啊……我前两天确诊了，然后医生说要戒烟，但是我一下子戒掉感觉很难，现在吃了药还会抽，只是我抽的电子烟，感觉瘾太大了戒掉好难啊,"标题：请问一下大家有没有得了惊恐障碍然后继续抽烟的病友啊……我前两

正文：请问一下大家有没有得了惊恐障碍然后继续抽烟的病友啊……我前两天确诊了，然后医生说要戒烟，但是我一下子戒掉感觉很难，现在吃了药还会抽，只是我抽的电子烟，感觉瘾太大了戒掉好难啊",86,https://tieba.baidu.com/p/6482424638,乌尔骨解毒中ლ,2020-02-09 18:07:46,baidu_tieba,tieba_client_api,anxiety,human_style_body_first_no_local_model
A089,8175510150,anxiety,human_style_labeled,medium,body-first human-style labels: 焦虑、惊恐、失眠、强迫或躯体化表达.,焦虑症,成功停药两年，过程有点艰辛先后在沈阳医大一院和盛京医院治疗，,成功停药两年，过程有点艰辛 先后在沈阳医大一院和盛京医院治疗，服用舍曲林长达4年。停药这两年，两次濒临复发(其中一次是因为考驾照)，好在有惊无险。 先说个大家比较关心的体重问题，吃药后胖了50斤 ，停药后食欲下降，已经从140斤掉到100斤，担心变胖的小伙伴可以稍稍放心，停药后有可能瘦回去的！ 然后就是家人和朋友的支持真的很重要，我有个沈阳病友群，难受的时候就在群里跟大家一起发发疯 ，很快就挺过去了。 至于未来，不敢期盼永远不复发，但复发了也不怕，反正药物管用，起码我今天很开心 。,"标题：成功停药两年，过程有点艰辛先后在沈阳医大一院和盛京医院治疗，

正文：成功停药两年，过程有点艰辛 先后在沈阳医大一院和盛京医院治疗，服用舍曲林长达4年。停药这两年，两次濒临复发(其中一次是因为考驾照)，好在有惊无险。 先说个大家比较关心的体重问题，吃药后胖了50斤 ，停药后食欲下降，已经从140斤掉到100斤，担心变胖的小伙伴可以稍稍放心，停药后有可能瘦回去的！ 然后就是家人和朋友的支持真的很重要，我有个沈阳病友群，难受的时候就在群里跟大家一起发发疯 ，很快就挺过去了。 至于未来，不敢期盼永远不复发，但复发了也不怕，反正药物管用，起码我今天很开心 。",243,https://tieba.baidu.com/p/8175510150,是老田呀😘,2022-12-07 11:14:11,baidu_tieba,tieba_client_api,anxiety,human_style_body_first_no_local_model
A090,10583655023,,human_style_normal_or_unclear,medium,body-first human-style labels: normal_or_unclear.,精神内耗,《你好，爱美丽》为何能治愈8.5亿人的精神内耗,"看了《你好，爱美丽》,我直接跪了,这电影才是真治愈,其他都是假鸡汤,爱美丽从管子到觉醒,狠狠打了那些伪治愈片的脸,我们这些内耗狗早该学学怎么接纳自己了,你们不服来辩,","标题：《你好，爱美丽》为何能治愈8.5亿人的精神内耗

正文：看了《你好，爱美丽》,我直接跪了,这电影才是真治愈,其他都是假鸡汤,爱美丽从管子到觉醒,狠狠打了那些伪治愈片的脸,我们这些内耗狗早该学学怎么接纳自己了,你们不服来辩,",83,https://tieba.baidu.com/p/10583655023,慕汉堡,2026-03-24 16:30:37,baidu_tieba,tieba_client_api,anxiety,human_style_body_first_no_local_model
A091,5126450721,anxiety,human_style_labeled,medium,body-first human-style labels: 焦虑、惊恐、失眠、强迫或躯体化表达.,惊恐障碍,原来不是我才有这样的症状啊。。,原来我不是孤独的一个人。。。。你们都有那样的症状吗？？2017年除夕前夜，莫名其妙地突然出现震颤，手抖，心悸，胸闷的症状，同时感觉自己身体里有一股气流往下泻，喉咙发紧，呼吸困难，心脏狂跳。。。打了120，急忙送往医院，可是心电图却只是窦性心律过速，啥也没查到。。。第二天去了心内科，心脏彩超，只是轻微三尖瓣返流，医生说好多人都有这个，不算是病。也检查了肺部X光片，血常规，排除甲亢，低血糖，糖尿病。。。稀里糊涂出了医院，从那以后，总是时不时间隔地发作以上的症状，痛苦至极，感觉像要濒临死亡，也陆陆续续去了几家不同的医院，啥也没查到，可我总觉得自己肯定有心脏病，只是没查出来，加上时不时发作，更加肯定自己有病。无意间搜索到焦虑症和惊恐障碍，感觉和自己的症状好像啊，不知道是不是。昨天无意间喝了一杯咖啡，没想到居然又发作了，差点又打120。。。。下周还预约了我们这里的省医院的心内科专家检查，感觉自己都要疯了。。。这段日子，自己查百度学会了好多医学术语啊，冠心病，心绞痛，（最可怕的就是心肌梗死和猝死），肺不张，肺动脉高压，房颤，房扑。。。。我是不是应该取消心内科预约去看看心理医生.....非常痛苦，因为已经影响到了我的生活和工作了。。。唉。。,"标题：原来不是我才有这样的症状啊。。

正文：原来我不是孤独的一个人。。。。你们都有那样的症状吗？？2017年除夕前夜，莫名其妙地突然出现震颤，手抖，心悸，胸闷的症状，同时感觉自己身体里有一股气流往下泻，喉咙发紧，呼吸困难，心脏狂跳。。。打了120，急忙送往医院，可是心电图却只是窦性心律过速，啥也没查到。。。第二天去了心内科，心脏彩超，只是轻微三尖瓣返流，医生说好多人都有这个，不算是病。也检查了肺部X光片，血常规，排除甲亢，低血糖，糖尿病。。。稀里糊涂出了医院，从那以后，总是时不时间隔地发作以上的症状，痛苦至极，感觉像要濒临死亡，也陆陆续续去了几家不同的医院，啥也没查到，可我总觉得自己肯定有心脏病，只是没查出来，加上时不时发作，更加肯定自己有病。无意间搜索到焦虑症和惊恐障碍，感觉和自己的症状好像啊，不知道是不是。昨天无意间喝了一杯咖啡，没想到居然又发作了，差点又打120。。。。下周还预约了我们这里的省医院的心内科专家检查，感觉自己都要疯了。。。这段日子，自己查百度学会了好多医学术语啊，冠心病，心绞痛，（最可怕的就是心肌梗死和猝死），肺不张，肺动脉高压，房颤，房扑。。。。我是不是应该取消心内科预约去看看心理医生.....非常痛苦，因为已经影响到了我的生活和工作了。。。唉。。",521,https://tieba.baidu.com/p/5126450721,FORDANCING,2017-05-21 20:57:55,baidu_tieba,tieba_client_api,anxiety,human_style_body_first_no_local_model
A092,9823271954,"depression,anxiety",human_style_labeled,high,body-first human-style labels: 明显低落、绝望、无意义感或抑郁相关表达; 焦虑、惊恐、失眠、强迫或躯体化表达.,精神内耗,求求你们了，有没有人来支个招,我现在对啥都没兴趣，游戏也打惯了，只有小视频可以让我感一点兴趣，每天都在精神内耗，我该怎么办？,"标题：求求你们了，有没有人来支个招

正文：我现在对啥都没兴趣，游戏也打惯了，只有小视频可以让我感一点兴趣，每天都在精神内耗，我该怎么办？",47,https://tieba.baidu.com/p/9823271954,fanfanrui569,2025-06-26 11:47:48,baidu_tieba,tieba_client_api,anxiety,human_style_body_first_no_local_model
A093,9335064826,anxiety,human_style_labeled,medium,body-first human-style labels: 焦虑、惊恐、失眠、强迫或躯体化表达.,惊恐障碍,研究一下惊恐发作和作息的关系,为了研究一下惊恐发作和作息时间的关系，希望各位有过惊恐发作经历的吧友评论一下自己在惊恐发作前六个月的作息以及睡眠时常,"标题：研究一下惊恐发作和作息的关系

正文：为了研究一下惊恐发作和作息时间的关系，希望各位有过惊恐发作经历的吧友评论一下自己在惊恐发作前六个月的作息以及睡眠时常",58,https://tieba.baidu.com/p/9335064826,回头的同学i😳,2024-12-16 11:14:15,baidu_tieba,tieba_client_api,anxiety,human_style_body_first_no_local_model
A094,6905728293,anxiety,human_style_labeled,medium,body-first human-style labels: 焦虑、惊恐、失眠、强迫或躯体化表达.,惊恐障碍,来来来，大家都给我讲讲你们是怎么得惊恐障碍的,大家还记得第一次惊恐发作的时候是在怎样的吗？是什么诱发的？给我看病的心理医生说这个病和人的性格有一定关系,"标题：来来来，大家都给我讲讲你们是怎么得惊恐障碍的

正文：大家还记得第一次惊恐发作的时候是在怎样的吗？是什么诱发的？给我看病的心理医生说这个病和人的性格有一定关系",52,https://tieba.baidu.com/p/6905728293,chenlian传奇,2020-08-26 00:43:36,baidu_tieba,tieba_client_api,anxiety,human_style_body_first_no_local_model
A095,10614726036,,human_style_normal_or_unclear,medium,body-first human-style labels: normal_or_unclear.,焦虑,有需要安慰的小哥哥嘛,坐标在烟台哦，有焦虑的时候不开心的时候可以跟我分享，我可以陪你，可以语音，可以见面，我长得还凑合，声音也还行，你休息的时候我们可以一起出去玩，我有车车的，离得近的可以接你一起出去玩，不舒服我陪你一起去医院~唯一的要求是希望你能在不舒服的时候第一时间想到我跟我分享，有的话可以后台滴我~,"标题：有需要安慰的小哥哥嘛

正文：坐标在烟台哦，有焦虑的时候不开心的时候可以跟我分享，我可以陪你，可以语音，可以见面，我长得还凑合，声音也还行，你休息的时候我们可以一起出去玩，我有车车的，离得近的可以接你一起出去玩，不舒服我陪你一起去医院~唯一的要求是希望你能在不舒服的时候第一时间想到我跟我分享，有的话可以后台滴我~",142,https://tieba.baidu.com/p/10614726036,金丝草砰砰砰,2026-04-05 11:54:37,baidu_tieba,tieba_client_api,anxiety,human_style_body_first_no_local_model
A096,10656221732,"depression,anxiety,abuse",human_style_labeled,high,body-first human-style labels: 明显低落、绝望、无意义感或抑郁相关表达; 焦虑、惊恐、失眠、强迫或躯体化表达; 辱骂、霸凌、家暴、网暴、造谣或攻击性语言.,抑郁症,【260421 求助】爸妈都出轨有心理阴影怎么办,八九岁的时候爸爸去上海上班，在上海出轨，妈妈带着我在老家，找了一个叔叔，也出轨，因为我爸不在家，我妈就把那个叔叔带回家里住，我特别讨厌他，我说了我不喜欢，我不想见他，不要每次见他都带着我，我妈非要带我，在这段时间里，我妈对我非常差 比如说，我早上问今天穿什么上学，我不知道上小学的孩子问这个问题怎么了，她就会非常生气的说，穿穿穿，成天穿你那两个皮，不知道穿啥就光着去，别问我 她下班我去接她接晚了要骂我，我上完补习班忘带钥匙了我在楼下等她要骂我，我不想和她跟她的出轨对象吃饭要骂我 直到现在，我已经上高中了，午夜梦回，还是会梦到那个叔叔在我家白吃白喝，我妈对我的辱骂，我那个时候特别想爸爸，其实爸爸也在上海出轨 我不想再让这些事扰乱我的心情，都已经过去了，但是我做不到，我还是很伤心，经常会做梦,"标题：【260421 求助】爸妈都出轨有心理阴影怎么办

正文：八九岁的时候爸爸去上海上班，在上海出轨，妈妈带着我在老家，找了一个叔叔，也出轨，因为我爸不在家，我妈就把那个叔叔带回家里住，我特别讨厌他，我说了我不喜欢，我不想见他，不要每次见他都带着我，我妈非要带我，在这段时间里，我妈对我非常差 比如说，我早上问今天穿什么上学，我不知道上小学的孩子问这个问题怎么了，她就会非常生气的说，穿穿穿，成天穿你那两个皮，不知道穿啥就光着去，别问我 她下班我去接她接晚了要骂我，我上完补习班忘带钥匙了我在楼下等她要骂我，我不想和她跟她的出轨对象吃饭要骂我 直到现在，我已经上高中了，午夜梦回，还是会梦到那个叔叔在我家白吃白喝，我妈对我的辱骂，我那个时候特别想爸爸，其实爸爸也在上海出轨 我不想再让这些事扰乱我的心情，都已经过去了，但是我做不到，我还是很伤心，经常会做梦",347,https://tieba.baidu.com/p/10656221732,ömrai,2026-04-21 10:45:51,baidu_tieba,tieba_client_api,depression,human_style_body_first_no_local_model
A097,9513094281,"depression,social_withdrawal",human_style_labeled,high,body-first human-style labels: 明显低落、绝望、无意义感或抑郁相关表达; 社交回避、孤独、闭门不出或退缩.,孤独,孤独是我一个人的清欢,这样的生活好几年了 已经慢慢习惯了一个人 每天一个人上班 一个人吃饭 一个人睡觉 休息了就在家待着看看书 慢慢的也没什么朋友 也没人找我聊天,"标题：孤独是我一个人的清欢

正文：这样的生活好几年了 已经慢慢习惯了一个人 每天一个人上班 一个人吃饭 一个人睡觉 休息了就在家待着看看书 慢慢的也没什么朋友 也没人找我聊天",70,https://tieba.baidu.com/p/9513094281,徽州姑娘8,2025-02-21 13:42:52,baidu_tieba,tieba_client_api,depression,human_style_body_first_no_local_model
A098,10637283402,"depression,anxiety,academic_stress,abuse",human_style_labeled,high,body-first human-style labels: 明显低落、绝望、无意义感或抑郁相关表达; 焦虑、惊恐、失眠、强迫或躯体化表达; 考试、升学、论文、学校或学习压力; 辱骂、霸凌、家暴、网暴、造谣或攻击性语言.,抑郁症,【260414 求助】现在高二抑郁症长期请假在家，家长压力，应不应该自己打工外出租房,我是一个08的女孩子，因为身体原因，加上学业规划原因（普高这个学期只讲选修内容，本人选择春招，所以这个学期在学校并没有实际用途）加上我在学校可能会有些生理不适，这学期长期请假在家，我爸不理解，觉得我在胡闹，一直是我单方面在跟我妈妈沟通，我妈也没有跟我爸做到有效交流，我一直觉得我跟我爸相处的很困难吧，他是属于有点专制的，可能真的理解不了我吧，觉得我在好吃懒做家务也不干，学也不上，呆在家混吃混喝，甚至觉得我天天花钱点外卖，（其实那是在美团的外卖超市买菜回来做饭）。。。。我今晚彻底跟我爸撕破脸了，他觉得我就是在无理取闹，他可能真的理解不了这个病吧，他问我为什么不按时吃药，他也不懂抑郁症患者，有时候看见药就厌烦吧，而且他觉得世界不全是围着我转，他没有义务怎么让着我？其实我已经很避免跟她交流了，他叫我干啥家务我都是搭理的，只不过叠衣服频率不是每天，他觉得他很容忍我，他问我到底想让他怎么样？我真的回答不上来吧，我很难受，我和他说我从请假回来没有跟他要过一分钱，他说你住的房间房贷不是他还的吗？学费不是他交的吗？（可关键这个学期我根本就不回去啊）但是这个房贷还是深深的刺痛到了我吧，我开始考虑要不要出去打工，外出租房了 我这里处于一个新一线城市的小镇吧，其实房租说贵不贵，而且我也能容忍自己住那种老破小爬楼梯，所以说如果住那种所以我大概率会找那种房租五百左右的。我真的挺难受的吧，就是自己家长跟自己说这种东西。我是第一次下载这个软件，我不知道有没有人能给我一些实际一点的帮助。,"标题：【260414 求助】现在高二抑郁症长期请假在家，家长压力，应不应该自己打工外出租房

正文：我是一个08的女孩子，因为身体原因，加上学业规划原因（普高这个学期只讲选修内容，本人选择春招，所以这个学期在学校并没有实际用途）加上我在学校可能会有些生理不适，这学期长期请假在家，我爸不理解，觉得我在胡闹，一直是我单方面在跟我妈妈沟通，我妈也没有跟我爸做到有效交流，我一直觉得我跟我爸相处的很困难吧，他是属于有点专制的，可能真的理解不了我吧，觉得我在好吃懒做家务也不干，学也不上，呆在家混吃混喝，甚至觉得我天天花钱点外卖，（其实那是在美团的外卖超市买菜回来做饭）。。。。我今晚彻底跟我爸撕破脸了，他觉得我就是在无理取闹，他可能真的理解不了这个病吧，他问我为什么不按时吃药，他也不懂抑郁症患者，有时候看见药就厌烦吧，而且他觉得世界不全是围着我转，他没有义务怎么让着我？其实我已经很避免跟她交流了，他叫我干啥家务我都是搭理的，只不过叠衣服频率不是每天，他觉得他很容忍我，他问我到底想让他怎么样？我真的回答不上来吧，我很难受，我和他说我从请假回来没有跟他要过一分钱，他说你住的房间房贷不是他还的吗？学费不是他交的吗？（可关键这个学期我根本就不回去啊）但是这个房贷还是深深的刺痛到了我吧，我开始考虑要不要出去打工，外出租房了 我这里处于一个新一线城市的小镇吧，其实房租说贵不贵，而且我也能容忍自己住那种老破小爬楼梯，所以说如果住那种所以我大概率会找那种房租五百左右的。我真的挺难受的吧，就是自己家长跟自己说这种东西。我是第一次下载这个软件，我不知道有没有人能给我一些实际一点的帮助。",637,https://tieba.baidu.com/p/10637283402,殊余霁惘,2026-04-14 02:36:29,baidu_tieba,tieba_client_api,depression,human_style_body_first_no_local_model
A099,9041946853,,human_style_normal_or_unclear,medium,body-first human-style labels: normal_or_unclear.,分手,驾驭人性本质，恋爱就不会分手。,驾驭人性本质，恋爱就不会分手。 无论多深的感情，都会面临分手阶段。 只有百分之十的人没有经历过，如果你是那百分之九十的人，而且正在经历。 毫无疑问，那就是对人性的认知还不够。 对人性认知很深的人，爱情真的非常幸福。 分开对方不联系你，其实不是真正的分开，因为分手只是对你表达不满，如果对你产生了厌恶，毫无疑问，那就是你太过于纠缠。 对方分开后不回你消息，对你其实是一种考验，考验你的素质是否过硬，考验你的内心是否足够强大，与此同时也是考验你的格局。 其实老话很早就对此做过解释，就是分手见人品。 你要明白爱情这东西并不是你付出多少，就会得到相同的回报，恰恰相反，你付出的越多，就会给你带来越多的伤害。 你不能因为你们刚认识的时候，彼此都很付出，都很迎合彼此，但是你要知道，这仅限于你们刚认识的时候，因为刚认识的时候，彼此都有吸引力，互相都产生了火花，所以各自都很开心。 可是时间久了呢？吸引力消失后，新鲜感消失后，对方自然而然就会对你产生意见，然后产生厌恶感，这就是人性，这就是天性的本质，这就是喜新厌旧。 所以对方不理你的时候，不回你消息的时候，你就不要去纠缠，不要去主动。 把格局打开，让自己的内心强大起来，忍住自己的纠缠冲动，做一个有品质的人，只有这样，你才会获得你想要的爱情，对方才会对你高看一眼。 咱们都知道，越容易得到的东西，越不会被珍惜，你这样不要面子的去挽回，你觉得他会珍惜你吗？ 分开以后对方明知道你不会同意，明知道你会纠缠，明知道你也会死缠烂打，所以当你苦苦哀求的时候，他表现的很无动于衷，因为这一切都在他意料之内。 如果你不去做这些苦苦哀求的事，反而他会很惊讶，他会很好奇，他会主动来问你，这就是人性的本质。 想让对方回来，要稳住内心，同时做好铺垫，把吸引力法则学习好，这才是挽回有效方法。 记住我这一句话，当价值已经失去的时候，就算你是金子也会被认定是一块石头，这也是人性的本质。 所以当对方不联系你的时候，你要保留自己的底线和价值，先好好的自我提升认知，学习人性的黑暗面，掌握了这些知识，你就自然而然的明白我今天和你讲的这些话。 等你真正理解恋爱不是付出，而是自身条件吸引的时候，你就能在繁华世界里来去自如。 你今天的焦虑和苦恼，就会转化到对方身上。,"标题：驾驭人性本质，恋爱就不会分手。

正文：驾驭人性本质，恋爱就不会分手。 无论多深的感情，都会面临分手阶段。 只有百分之十的人没有经历过，如果你是那百分之九十的人，而且正在经历。 毫无疑问，那就是对人性的认知还不够。 对人性认知很深的人，爱情真的非常幸福。 分开对方不联系你，其实不是真正的分开，因为分手只是对你表达不满，如果对你产生了厌恶，毫无疑问，那就是你太过于纠缠。 对方分开后不回你消息，对你其实是一种考验，考验你的素质是否过硬，考验你的内心是否足够强大，与此同时也是考验你的格局。 其实老话很早就对此做过解释，就是分手见人品。 你要明白爱情这东西并不是你付出多少，就会得到相同的回报，恰恰相反，你付出的越多，就会给你带来越多的伤害。 你不能因为你们刚认识的时候，彼此都很付出，都很迎合彼此，但是你要知道，这仅限于你们刚认识的时候，因为刚认识的时候，彼此都有吸引力，互相都产生了火花，所以各自都很开心。 可是时间久了呢？吸引力消失后，新鲜感消失后，对方自然而然就会对你产生意见，然后产生厌恶感，这就是人性，这就是天性的本质，这就是喜新厌旧。 所以对方不理你的时候，不回你消息的时候，你就不要去纠缠，不要去主动。 把格局打开，让自己的内心强大起来，忍住自己的纠缠冲动，做一个有品质的人，只有这样，你才会获得你想要的爱情，对方才会对你高看一眼。 咱们都知道，越容易得到的东西，越不会被珍惜，你这样不要面子的去挽回，你觉得他会珍惜你吗？ 分开以后对方明知道你不会同意，明知道你会纠缠，明知道你也会死缠烂打，所以当你苦苦哀求的时候，他表现的很无动于衷，因为这一切都在他意料之内。 如果你不去做这些苦苦哀求的事，反而他会很惊讶，他会很好奇，他会主动来问你，这就是人性的本质。 想让对方回来，要稳住内心，同时做好铺垫，把吸引力法则学习好，这才是挽回有效方法。 记住我这一句话，当价值已经失去的时候，就算你是金子也会被认定是一块石头，这也是人性的本质。 所以当对方不联系你的时候，你要保留自己的底线和价值，先好好的自我提升认知，学习人性的黑暗面，掌握了这些知识，你就自然而然的明白我今天和你讲的这些话。 等你真正理解恋爱不是付出，而是自身条件吸引的时候，你就能在繁华世界里来去自如。 你今天的焦虑和苦恼，就会转化到对方身上。",938,https://tieba.baidu.com/p/9041946853,心爱帮挽回,2024-06-05 14:42:25,baidu_tieba,tieba_client_api,depression,human_style_body_first_no_local_model
A100,10488646044,depression,human_style_labeled,medium,body-first human-style labels: 明显低落、绝望、无意义感或抑郁相关表达.,emo,极度内耗中,如果用尽自己所能拥有的手段，仍无法取悦自己，又该怎么办呢?,"标题：极度内耗中

正文：如果用尽自己所能拥有的手段，仍无法取悦自己，又该怎么办呢?",29,https://tieba.baidu.com/p/10488646044,一个落魄的男人,2026-02-15 00:59:35,baidu_tieba,tieba_client_api,depression,human_style_body_first_no_local_model
A101,10590060805,"depression,anxiety,social_withdrawal",human_style_labeled,high,body-first human-style labels: 明显低落、绝望、无意义感或抑郁相关表达; 焦虑、惊恐、失眠、强迫或躯体化表达; 社交回避、孤独、闭门不出或退缩.,抑郁症,【260326 倾诉】家里蹲好几年好焦虑,一段时间没网络聊天没事加了几个群，又感觉融不进去，与这个世界有着深深的隔阂感,"标题：【260326 倾诉】家里蹲好几年好焦虑

正文：一段时间没网络聊天没事加了几个群，又感觉融不进去，与这个世界有着深深的隔阂感",38,https://tieba.baidu.com/p/10590060805,樱花团扇鸣门卷,2026-03-26 23:36:57,baidu_tieba,tieba_client_api,depression,human_style_body_first_no_local_model
A102,10351890549,"depression,anxiety,social_withdrawal",human_style_labeled,high,body-first human-style labels: 明显低落、绝望、无意义感或抑郁相关表达; 焦虑、惊恐、失眠、强迫或躯体化表达; 社交回避、孤独、闭门不出或退缩.,孤独,我女生21岁找朋友，想从线上发展成线下（不看颜）,你可以是外向的，也可以是内向的，不看样貌身材身体，高矮胖瘦无所谓我只看心，我想要一个亲密无间的朋友，有真实的肢体接触的朋友（不是虚假的）就像情侣那样亲密，当然，是除了不做情侣间那种事的朋友，一个有相似的爱好相同的话题相似的三观和想法，互相共鸣/共情想彻夜长谈的朋友，不会对彼此乱发脾气的朋友，愿意了解彼此理解彼此喜欢彼此的朋友，对彼此热情的朋友，互相什么都愿意说愿意倾诉没有限制的朋友，我渴望，如果同样渴望的你相信也会和我一样，看到别人都有亲密无间的朋友/闺蜜时，当看到做什么她们都好在一起时，只有我什么也没有，我社恐很严重，就是非常严重的那种而且总是对别人戒备心很强，别人都觉得我高冷难接近，但我比谁都清楚，我很孤独空虚寂寞，我也渴望朋友，别人都有朋友，就我没有，就算有也是“假”朋友，我真正想要的是做什么都在一起不分开，关系好到能穿一条裤子，不会背叛彼此/贬低彼此/嘲笑彼此，不会为难彼此，能站在朋友那边，会换位思考，为彼此着想的朋友，不会欺负彼此的人，互相理解，最最日常普通的日子里有彼此的陪伴，了解理解对方，不会嫌弃对方，只有陪伴，情绪上的支持与鼓励，不会互相看对方不顺眼/看不起/讨厌，互相信任的朋友，把彼此交给对方的朋友，与假朋友酒肉朋友不同，是彼此互相搀扶的朋友，永远不会有背叛，在一起很开心也很珍惜彼此的朋友，不会当面一套背后一套的朋友，不会双标，彼此之间不图利益关系，只图陪伴，在一起的开心，难过孤独时的拥抱鼓励（我有点词穷了），一旦让一方过度付出或过度委屈受气，那再好的朋友也没办法走到最后，接受对方身上所有（好与坏，性格与习惯/与众不同）的朋友，因为我身上就是有很多缺点，每个人身上或多或少都有，如果彼此都不能接受，还要带有色眼镜看对方那算什么真心朋友，我不被大多数人所接受，但我希望至少你能接受，无论何时你都在，你都愿意鼓励陪伴我的朋友，真心互相珍惜的朋友，真心换真心，没有遮掩，把彼此的真实或不堪都暴露出来后，我们还愿意接受对方，最真实的样子的朋友，不在乎对方的样貌年龄（体重身高或是身上的缺陷），不会在意对方是否有钱，不图利益的朋友。 我们可以一起玩游戏看喜欢的电视剧电影动漫，一起出去玩，一起宅在家，一起做饭，一起遛狗养宠物画画听音乐一起学东西，一起工作各种,"标题：我女生21岁找朋友，想从线上发展成线下（不看颜）

正文：你可以是外向的，也可以是内向的，不看样貌身材身体，高矮胖瘦无所谓我只看心，我想要一个亲密无间的朋友，有真实的肢体接触的朋友（不是虚假的）就像情侣那样亲密，当然，是除了不做情侣间那种事的朋友，一个有相似的爱好相同的话题相似的三观和想法，互相共鸣/共情想彻夜长谈的朋友，不会对彼此乱发脾气的朋友，愿意了解彼此理解彼此喜欢彼此的朋友，对彼此热情的朋友，互相什么都愿意说愿意倾诉没有限制的朋友，我渴望，如果同样渴望的你相信也会和我一样，看到别人都有亲密无间的朋友/闺蜜时，当看到做什么她们都好在一起时，只有我什么也没有，我社恐很严重，就是非常严重的那种而且总是对别人戒备心很强，别人都觉得我高冷难接近，但我比谁都清楚，我很孤独空虚寂寞，我也渴望朋友，别人都有朋友，就我没有，就算有也是“假”朋友，我真正想要的是做什么都在一起不分开，关系好到能穿一条裤子，不会背叛彼此/贬低彼此/嘲笑彼此，不会为难彼此，能站在朋友那边，会换位思考，为彼此着想的朋友，不会欺负彼此的人，互相理解，最最日常普通的日子里有彼此的陪伴，了解理解对方，不会嫌弃对方，只有陪伴，情绪上的支持与鼓励，不会互相看对方不顺眼/看不起/讨厌，互相信任的朋友，把彼此交给对方的朋友，与假朋友酒肉朋友不同，是彼此互相搀扶的朋友，永远不会有背叛，在一起很开心也很珍惜彼此的朋友，不会当面一套背后一套的朋友，不会双标，彼此之间不图利益关系，只图陪伴，在一起的开心，难过孤独时的拥抱鼓励（我有点词穷了），一旦让一方过度付出或过度委屈受气，那再好的朋友也没办法走到最后，接受对方身上所有（好与坏，性格与习惯/与众不同）的朋友，因为我身上就是有很多缺点，每个人身上或多或少都有，如果彼此都不能接受，还要带有色眼镜看对方那算什么真心朋友，我不被大多数人所接受，但我希望至少你能接受，无论何时你都在，你都愿意鼓励陪伴我的朋友，真心互相珍惜的朋友，真心换真心，没有遮掩，把彼此的真实或不堪都暴露出来后，我们还愿意接受对方，最真实的样子的朋友，不在乎对方的样貌年龄（体重身高或是身上的缺陷），不会在意对方是否有钱，不图利益的朋友。 我们可以一起玩游戏看喜欢的电视剧电影动漫，一起出去玩，一起宅在家，一起做饭，一起遛狗养宠物画画听音乐一起学东西，一起工作各种",944,https://tieba.baidu.com/p/10351890549,奶酪酪🧀,2025-12-31 02:44:09,baidu_tieba,tieba_client_api,depression,human_style_body_first_no_local_model
A103,10640645343,,human_style_normal_or_unclear,medium,body-first human-style labels: normal_or_unclear.,情感,挽回过程中的5个关键点，你掌握了吗？,总有人问我，努力追回前任到底是什么体验？无非就是两种：死也追不回，抓心挠肺；失而复得了，欣喜若狂。 下面几个错误，希望大家引以为戒。 第一个错误：长期冷处理 我们是一时冲动分手的，那时的我还年轻，总以为这次是再普通不过的争吵，到时间了她就会来找我和好。所以我碍于面子，没有主动低头认错，更不肯去主动联系对方。 我们当时断开联系的时间太长了，等我陡然惊醒，她已经对我失望，决定彻底放手。这时，我彻底慌了，开始手忙脚乱地挽回她。 在这里我也要提醒你们，刚分开的时候不去打扰对方，让彼此冷静一下是好的。正确使用冷处理可以让你们的情绪都稳定下来，给彼此一个过渡期。但绝对不要任由事情冷下来，与对方长时间断绝联系，不解决你们的问题。 那时的我没明白，时间不仅能让我们的矛盾冷却，还能让我们的爱凉凉。 第二个错误：一直纠缠 我失去了理智，犯了第二个致命错误——对她死缠烂打。 我通过各种方式联系她，给她打电话、发短信、发微信。还去她公司楼下等候，只是为了在下雨天的时候送把伞给她。我不停地缠着她，追问她还能不能再给我次机会，不止一次地和她说没有她我就活不下去，求她原谅我之前犯的错。 我拼尽全力制造靠近她的机会，但死缠烂打的方式并没有向她证明我的忠情。当时我的苦苦哀求有点影响到了她的正常生活，她对我的厌恶到达了极点。不停地纠缠让我们的关系临近冰点，最后她删除拉黑了我所有的联系方式。 所以，挽回最忌讳的就是急功近利，太急于向对方展示自己想要复合的目的，硬要求对方原谅，往往会弄巧成拙。 第三个错误：过于卑微 再说一下挽回中我犯过的大家也容易犯的心态问题吧，就是过于卑微。 后来通过我们共同的朋友，我又和她取得了联系。这时的我学乖了，已经不敢太“努力”了。我将自己放在一个很卑微的位置，小心翼翼地和对方联系。没有自己的生活，也没有尊严。我一直在揣摩对方的想法，回她的每个字都要斟酌再三，简直是卑微到尘埃里。 她如果对我的消息快速回应了，我就开始飘了，“她果然还是喜欢我的，希望就在眼前！” 她如果长时间没回我消息，我内心就开始打鼓： “我是不是说错话了” “我这么做是不是太过火了” “她是不是对我又失望了，我应该没有希望了吧” 那些日子真的很煎熬，我就像苦情戏里的男主一样苦兮兮地做了很多，拼死拼活挽回对方，最后只能感动了自己，她却丝毫不动摇。原来，卑微换不来爱，念念不忘也不一定有回响。 理智回炉后，我明确了：我真的想要她回来，继续做无用功是不可行的。于是思考总结了之前出现过的一些问题，调整好状态，给自己制定了一个挽回方案。在我的不懈努力下，终于挽回了她！ 挽回方案有这么几个要点，你们一定要做好笔记。 要点一：不去扮演苦情的角色 不给自己加苦情者的戏，才有可能让挽回不变成真正的悲剧。 之前挽回一直不成功，是我一直在扮演一个苦苦求不得的苦情角色。好像对方和我分手都是因为她辜负了我，我的挽回总带了一种不甘心的感觉。我不是不努力，我只是在挽回的过程中太不快乐了。 在追回她的过程中我的心态没有摆平，情绪一直是动荡的，她和我聊天非常有压力。和我在一起都不快乐，又怎么会想要和我重新在一起呢？ 挽回最重要的还是心态，我需要做的第一件事就是先过好自己的生活，不再把挽回她放在我的第一顺位。 只有找回了自己，才能摆脱自己负能量满满的状态。这时的我才有信心去找她聊天，就把自己放在一个普通朋友的位置上，不战战兢兢地说话。只需要营造一个轻松、开心的氛围就好。 不再把对方当成自己负面情绪的垃圾桶，才能一直给她传递和我聊天是愉悦的信息。她也愿意和我多聊天多给我回应了，我的挽回才算正式迈出了第一步。 要点二：给我们的关系做减法 真正会挽回的人，是不断在做减法，而不是加法。 相信很多人都会在挽回中犯和我一样的错误：将自己的所有付出都累积在这段关系里。想得到对方的欲望非常强烈，所以用付出给对方压力。你做的一切不是基于喜欢对方，而是想挽回这段关系。这种想法会让你们的关系变得复杂化，事实上，对一个人好应该是因为喜欢而不是想得到。 当想通了这一层，我就回到了爱她的初心。不再将那些爱恨情仇累加到我们的关系里，只是单纯地对她好。让我们回到最初相遇的状态。把所有的一切都推倒重来，用对方喜欢的样子出现在她面前，很快就重新建立了联结。 要点三：撞了南墙就要回头 很多人都问过我：我们是因为XX问题分手的，但这个矛盾不可调和，我们两个都无法让步，实在是解决不了。我们难道永远要被困在这里，无法前进吗？ 说实话，我当时也差点和你们一样犯轴。幸亏我想通了：搞不定就先放放，不去硬搞，别莫名地产生一些叛逆的情绪。都撞了南墙，该回头了。爱情不是战争，没必要争个输赢，不要让你的挽回被情绪打败。 当然我说的是那些目前实在解决不了的状况不必执著，可以慢慢找思路。那些能改的问题还是要立刻着手解决的。 举个例子： 什么是可解决的问题呢？比如说她当时嫌弃我思维太直男，在特殊日子没有送她礼物。我就从她平时的习惯、喜好下手，甚至连星座都研究了。通过种种途径挑选她会喜欢的礼物，在节日的时候给她惊喜，搞得她很感动。 什么是“南墙”呢？我们分手的一个原因是我的工作太忙了，经常需要加班，平时就忽略了她，陪她的时间很少了。你说要我辞职去全天候的陪她？那是不现实的！我是怎么做的呢？先缓和一下我们之间出现的这个问题，不去执着于换不换工作。换一种方式陪她，比如在我加班的时候也和她视频聊会天，周六周末多和她呆在一起。她最后也接受了这样的解决方案。 有时候感情就是这样，与其两个人争个头破血流，给自己和对方那么大的压力，不如去换个思路解决问题，总有一个人会心软的。 要点四：变成她某些方面的唯一 举个例子： 记得之前看过一个段子，一个女生在分手后对前男友调的火锅蘸料念念不忘，还发短信给前任问蘸料配方。这时候，如果她前任想挽回，那不就可以顺水推舟了？ 当时我就顿悟了一个道理，一个人的唯一性是多么重要！像送花送礼物陪聊这些鸡毛蒜皮的事是基本，是我本来就应该做的。但这些事我能做，别人也可以做。要想挽回她，我就必须变成她某些方面的唯一，给她的东西一定要是别人给不了的，这才能让她离不开我。 如果你在苦恼如何提升自己的不可替代性，不妨参考一下我是怎么创造自己的独特性的。 1、切忌讨好对方 我深知，讨好一个人很容易，每个人都可以做到。这种讨好往往会让自己的付出变得很廉价，谁又会去把一个很容易得到的东西当成自己的唯一呢？我要把自己为她做的事情，变成独一无二的。 2、了解、发掘自己的优势 究竟有什么地方是自己难以被替代的呢？ 我思考了很久，在她心里我的长处是什么。最后，我终于发现了自己的核心竞争力：糖醋里脊。是的，你没有看错。就是这么简单，她非常喜欢我做的糖醋里脊，连吃三天都不带腻的。 这就是我在她心中的独特性，这种独特让我变成了她的与众不同，也是让我们能重新在一起的助力。 要点五：成为她的同行者，而不是附属品 要记住：挽回的最高姿态是做好自己不迎合。 之前挽回失败的血泪教训我：挽回时一定不能太失去自我，既要懂得尊重对方，也要懂得尊重自己。她想要的一定是一个并肩同行的人，而不是附属品。 所以，我也不再那么用力地去挽回她。把爱情当成全部，将自己变成离了她就不行的小孩子行为，我也不再做了。在她面前，我尽力做那个放松的、独立的、快乐我。我自己强大了，才有能力为她制造快乐，快乐是她答应和我重新在一起的关键因素。,"标题：挽回过程中的5个关键点，你掌握了吗？

正文：总有人问我，努力追回前任到底是什么体验？无非就是两种：死也追不回，抓心挠肺；失而复得了，欣喜若狂。 下面几个错误，希望大家引以为戒。 第一个错误：长期冷处理 我们是一时冲动分手的，那时的我还年轻，总以为这次是再普通不过的争吵，到时间了她就会来找我和好。所以我碍于面子，没有主动低头认错，更不肯去主动联系对方。 我们当时断开联系的时间太长了，等我陡然惊醒，她已经对我失望，决定彻底放手。这时，我彻底慌了，开始手忙脚乱地挽回她。 在这里我也要提醒你们，刚分开的时候不去打扰对方，让彼此冷静一下是好的。正确使用冷处理可以让你们的情绪都稳定下来，给彼此一个过渡期。但绝对不要任由事情冷下来，与对方长时间断绝联系，不解决你们的问题。 那时的我没明白，时间不仅能让我们的矛盾冷却，还能让我们的爱凉凉。 第二个错误：一直纠缠 我失去了理智，犯了第二个致命错误——对她死缠烂打。 我通过各种方式联系她，给她打电话、发短信、发微信。还去她公司楼下等候，只是为了在下雨天的时候送把伞给她。我不停地缠着她，追问她还能不能再给我次机会，不止一次地和她说没有她我就活不下去，求她原谅我之前犯的错。 我拼尽全力制造靠近她的机会，但死缠烂打的方式并没有向她证明我的忠情。当时我的苦苦哀求有点影响到了她的正常生活，她对我的厌恶到达了极点。不停地纠缠让我们的关系临近冰点，最后她删除拉黑了我所有的联系方式。 所以，挽回最忌讳的就是急功近利，太急于向对方展示自己想要复合的目的，硬要求对方原谅，往往会弄巧成拙。 第三个错误：过于卑微 再说一下挽回中我犯过的大家也容易犯的心态问题吧，就是过于卑微。 后来通过我们共同的朋友，我又和她取得了联系。这时的我学乖了，已经不敢太“努力”了。我将自己放在一个很卑微的位置，小心翼翼地和对方联系。没有自己的生活，也没有尊严。我一直在揣摩对方的想法，回她的每个字都要斟酌再三，简直是卑微到尘埃里。 她如果对我的消息快速回应了，我就开始飘了，“她果然还是喜欢我的，希望就在眼前！” 她如果长时间没回我消息，我内心就开始打鼓： “我是不是说错话了” “我这么做是不是太过火了” “她是不是对我又失望了，我应该没有希望了吧” 那些日子真的很煎熬，我就像苦情戏里的男主一样苦兮兮地做了很多，拼死拼活挽回对方，最后只能感动了自己，她却丝毫不动摇。原来，卑微换不来爱，念念不忘也不一定有回响。 理智回炉后，我明确了：我真的想要她回来，继续做无用功是不可行的。于是思考总结了之前出现过的一些问题，调整好状态，给自己制定了一个挽回方案。在我的不懈努力下，终于挽回了她！ 挽回方案有这么几个要点，你们一定要做好笔记。 要点一：不去扮演苦情的角色 不给自己加苦情者的戏，才有可能让挽回不变成真正的悲剧。 之前挽回一直不成功，是我一直在扮演一个苦苦求不得的苦情角色。好像对方和我分手都是因为她辜负了我，我的挽回总带了一种不甘心的感觉。我不是不努力，我只是在挽回的过程中太不快乐了。 在追回她的过程中我的心态没有摆平，情绪一直是动荡的，她和我聊天非常有压力。和我在一起都不快乐，又怎么会想要和我重新在一起呢？ 挽回最重要的还是心态，我需要做的第一件事就是先过好自己的生活，不再把挽回她放在我的第一顺位。 只有找回了自己，才能摆脱自己负能量满满的状态。这时的我才有信心去找她聊天，就把自己放在一个普通朋友的位置上，不战战兢兢地说话。只需要营造一个轻松、开心的氛围就好。 不再把对方当成自己负面情绪的垃圾桶，才能一直给她传递和我聊天是愉悦的信息。她也愿意和我多聊天多给我回应了，我的挽回才算正式迈出了第一步。 要点二：给我们的关系做减法 真正会挽回的人，是不断在做减法，而不是加法。 相信很多人都会在挽回中犯和我一样的错误：将自己的所有付出都累积在这段关系里。想得到对方的欲望非常强烈，所以用付出给对方压力。你做的一切不是基于喜欢对方，而是想挽回这段关系。这种想法会让你们的关系变得复杂化，事实上，对一个人好应该是因为喜欢而不是想得到。 当想通了这一层，我就回到了爱她的初心。不再将那些爱恨情仇累加到我们的关系里，只是单纯地对她好。让我们回到最初相遇的状态。把所有的一切都推倒重来，用对方喜欢的样子出现在她面前，很快就重新建立了联结。 要点三：撞了南墙就要回头 很多人都问过我：我们是因为XX问题分手的，但这个矛盾不可调和，我们两个都无法让步，实在是解决不了。我们难道永远要被困在这里，无法前进吗？ 说实话，我当时也差点和你们一样犯轴。幸亏我想通了：搞不定就先放放，不去硬搞，别莫名地产生一些叛逆的情绪。都撞了南墙，该回头了。爱情不是战争，没必要争个输赢，不要让你的挽回被情绪打败。 当然我说的是那些目前实在解决不了的状况不必执著，可以慢慢找思路。那些能改的问题还是要立刻着手解决的。 举个例子： 什么是可解决的问题呢？比如说她当时嫌弃我思维太直男，在特殊日子没有送她礼物。我就从她平时的习惯、喜好下手，甚至连星座都研究了。通过种种途径挑选她会喜欢的礼物，在节日的时候给她惊喜，搞得她很感动。 什么是“南墙”呢？我们分手的一个原因是我的工作太忙了，经常需要加班，平时就忽略了她，陪她的时间很少了。你说要我辞职去全天候的陪她？那是不现实的！我是怎么做的呢？先缓和一下我们之间出现的这个问题，不去执着于换不换工作。换一种方式陪她，比如在我加班的时候也和她视频聊会天，周六周末多和她呆在一起。她最后也接受了这样的解决方案。 有时候感情就是这样，与其两个人争个头破血流，给自己和对方那么大的压力，不如去换个思路解决问题，总有一个人会心软的。 要点四：变成她某些方面的唯一 举个例子： 记得之前看过一个段子，一个女生在分手后对前男友调的火锅蘸料念念不忘，还发短信给前任问蘸料配方。这时候，如果她前任想挽回，那不就可以顺水推舟了？ 当时我就顿悟了一个道理，一个人的唯一性是多么重要！像送花送礼物陪聊这些鸡毛蒜皮的事是基本，是我本来就应该做的。但这些事我能做，别人也可以做。要想挽回她，我就必须变成她某些方面的唯一，给她的东西一定要是别人给不了的，这才能让她离不开我。 如果你在苦恼如何提升自己的不可替代性，不妨参考一下我是怎么创造自己的独特性的。 1、切忌讨好对方 我深知，讨好一个人很容易，每个人都可以做到。这种讨好往往会让自己的付出变得很廉价，谁又会去把一个很容易得到的东西当成自己的唯一呢？我要把自己为她做的事情，变成独一无二的。 2、了解、发掘自己的优势 究竟有什么地方是自己难以被替代的呢？ 我思考了很久，在她心里我的长处是什么。最后，我终于发现了自己的核心竞争力：糖醋里脊。是的，你没有看错。就是这么简单，她非常喜欢我做的糖醋里脊，连吃三天都不带腻的。 这就是我在她心中的独特性，这种独特让我变成了她的与众不同，也是让我们能重新在一起的助力。 要点五：成为她的同行者，而不是附属品 要记住：挽回的最高姿态是做好自己不迎合。 之前挽回失败的血泪教训我：挽回时一定不能太失去自我，既要懂得尊重对方，也要懂得尊重自己。她想要的一定是一个并肩同行的人，而不是附属品。 所以，我也不再那么用力地去挽回她。把爱情当成全部，将自己变成离了她就不行的小孩子行为，我也不再做了。在她面前，我尽力做那个放松的、独立的、快乐我。我自己强大了，才有能力为她制造快乐，快乐是她答应和我重新在一起的关键因素。",3025,https://tieba.baidu.com/p/10640645343,心爱帮挽回,2026-04-15 11:05:40,baidu_tieba,tieba_client_api,depression,human_style_body_first_no_local_model
A104,10542307009,"depression,anxiety,academic_stress,social_withdrawal",human_style_labeled,high,body-first human-style labels: 明显低落、绝望、无意义感或抑郁相关表达; 焦虑、惊恐、失眠、强迫或躯体化表达; 考试、升学、论文、学校或学习压力; 社交回避、孤独、闭门不出或退缩.,抑郁症,【260308 倾诉】高一弟弟休学半年，拒绝沟通，全网求破局方法 📍,真诚求助，希望能得到有经验的人指点。 【基本情况】弟弟，16岁，高一。半年前突然不去学校，至今闭门不出。不吵不闹，每天打游戏，作息规律，但拒绝任何形式的沟通。 【我们试过的】1️⃣ 找人劝说：父母、老师、爷爷奶奶、他最好的朋友，全部失败。他一被问就走。2️⃣ 非专业帮助：家里急得没办法，花了几万块请人做法事（现在知道没用）。3️⃣ 默默关心：每天给他留饭、留水果，不打扰，但也没有任何回应。 【目前困境】爸妈濒临崩溃，失眠、焦虑、争吵，家庭气氛很低落。我们既怕逼他出事，又怕一直等下去他再也出不来。 【真诚求问】1️⃣ 有没有类似经历的家长，你们的孩子后来是怎么走出来的？2️⃣ 心理学专业的姐妹，面对完全沉默的孩子，有没有具体的沟通技巧？3️⃣ 我们现在能做的最 正确的 事是什么？最忌讳的事又是什么？ 感谢每一位看完、留言的人。我们会认真对待每一条建议。希望所有孩子都能健康长大，也希望所有家庭都能度过难关。,"标题：【260308 倾诉】高一弟弟休学半年，拒绝沟通，全网求破局方法 📍

正文：真诚求助，希望能得到有经验的人指点。 【基本情况】弟弟，16岁，高一。半年前突然不去学校，至今闭门不出。不吵不闹，每天打游戏，作息规律，但拒绝任何形式的沟通。 【我们试过的】1️⃣ 找人劝说：父母、老师、爷爷奶奶、他最好的朋友，全部失败。他一被问就走。2️⃣ 非专业帮助：家里急得没办法，花了几万块请人做法事（现在知道没用）。3️⃣ 默默关心：每天给他留饭、留水果，不打扰，但也没有任何回应。 【目前困境】爸妈濒临崩溃，失眠、焦虑、争吵，家庭气氛很低落。我们既怕逼他出事，又怕一直等下去他再也出不来。 【真诚求问】1️⃣ 有没有类似经历的家长，你们的孩子后来是怎么走出来的？2️⃣ 心理学专业的姐妹，面对完全沉默的孩子，有没有具体的沟通技巧？3️⃣ 我们现在能做的最 正确的 事是什么？最忌讳的事又是什么？ 感谢每一位看完、留言的人。我们会认真对待每一条建议。希望所有孩子都能健康长大，也希望所有家庭都能度过难关。",407,https://tieba.baidu.com/p/10542307009,sadbad下划线,2026-03-08 16:18:17,baidu_tieba,tieba_client_api,depression,human_style_body_first_no_local_model
A105,10380109617,,human_style_normal_or_unclear,medium,body-first human-style labels: normal_or_unclear.,情感,婚姻遇到感情破裂，教你正确面对。,在婚姻的道路上，难免会遇到磕磕绊绊，甚至走到分岔路口。然而，当面临婚姻危机时，我们不应轻易放弃，而是要学会用智慧和勇气去挽回。本文将为你揭示挽回婚姻的六个技巧，帮助你重塑幸福婚姻。一、冷静分析，找出问题根源在挽回婚姻的第一步，我们需要冷静下来，对婚姻问题进行深入的分析。不要盲目地指责对方，而是要从多个角度审视婚姻中的问题。思考一下，是不是因为双方沟通不畅、缺乏共同目标、生活压力太大等原因导致了婚姻的裂痕？只有找出问题的根源，我们才能有针对性地解决。二、真诚沟通，化解误会与隔阂沟通是婚姻的桥梁，也是解决问题的关键。在挽回婚姻的过程中，我们要学会真诚地沟通，倾听对方的想法和感受，理解对方的立场和需求。通过沟通，我们可以化解误会与隔阂，增进彼此的了解和信任。同时，在沟通中，我们还要学会表达自己的感受和需求，让对方了解我们的内心世界。三、重塑共同目标，激发彼此动力婚姻中的共同目标是维系关系的重要纽带。当婚姻出现危机时，我们需要重新审视和重塑共同目标。思考一下，你们曾经共同追求的是什么？是事业成功、家庭幸福还是孩子教育？找到共同目标后，我们要一起努力，激发彼此的动力，让婚姻焕发新的活力。四、学会包容与宽恕，放下过去的包袱在婚姻中，我们难免会有矛盾和争吵。然而，当我们面临婚姻危机时，我们需要学会包容与宽恕。不要总是纠结于过去的错误和矛盾，而是要放下过去的包袱，以全新的心态去面对婚姻的未来。同时，我们还要学会感恩和珍惜，感激对方在婚姻中的付出和牺牲，珍惜彼此在一起的美好时光。五、创造浪漫与惊喜，找回恋爱的感觉恋爱时的浪漫与惊喜是婚姻中不可或缺的调味品。在挽回婚姻的过程中，我们要学会创造浪漫与惊喜，找回恋爱的感觉。可以安排一次浪漫的约会、为对方准备一份特别的礼物、写一封情书或者唱一首情歌等等。这些小小的举动可以让对方感受到你的用心和爱意，增进彼此的感情。六、寻求专业帮助，共同面对婚姻危机当婚姻危机严重时，我们可能需要寻求专业帮助。可以咨询心理医生、婚姻咨询师或者家庭治疗师等专业人士的意见和建议。他们可以帮助我们更全面地了解婚姻问题的根源和解决方法，提供个性化的指导和支持。同时，与专业人士一起探讨婚姻问题也可以让我们更加客观地看待问题本身，避免情绪化的冲动和决策。七、重塑信任与承诺，坚定婚姻信念在挽回婚姻的过程中，我们需要重塑信任与承诺。信任是婚姻的基石之一，只有彼此信任才能共同面对生活的挑战和困难。同时我们还要对婚姻有坚定的信念和承诺，相信彼此可以携手走过每一个难关共同创造美好的未来。八、持续努力与经营，让幸福成为习惯挽回婚姻并不是一蹴而就的事情而是需要持续的努力和经营。在挽回成功后我们还要继续保持良好的沟通和互动模式共同制定并执行家庭规划和目标。同时我们还要学会欣赏对方的优点和长处尊重彼此的差异和选择让幸福成为我们生活中的一种习惯。总结挽回婚姻需要智慧和勇气更需要耐心和毅力。通过冷静分析、真诚沟通、重塑共同目标、学会包容与宽恕、创造浪漫与惊喜、寻求专业帮助以及重塑信任与承诺等六个步骤，我们可以逐步解决婚姻中的问题并重新找回幸福的感觉。同时我们还要持续努力和经营，让幸福成为我们生活中的一种习惯。,"标题：婚姻遇到感情破裂，教你正确面对。

正文：在婚姻的道路上，难免会遇到磕磕绊绊，甚至走到分岔路口。然而，当面临婚姻危机时，我们不应轻易放弃，而是要学会用智慧和勇气去挽回。本文将为你揭示挽回婚姻的六个技巧，帮助你重塑幸福婚姻。一、冷静分析，找出问题根源在挽回婚姻的第一步，我们需要冷静下来，对婚姻问题进行深入的分析。不要盲目地指责对方，而是要从多个角度审视婚姻中的问题。思考一下，是不是因为双方沟通不畅、缺乏共同目标、生活压力太大等原因导致了婚姻的裂痕？只有找出问题的根源，我们才能有针对性地解决。二、真诚沟通，化解误会与隔阂沟通是婚姻的桥梁，也是解决问题的关键。在挽回婚姻的过程中，我们要学会真诚地沟通，倾听对方的想法和感受，理解对方的立场和需求。通过沟通，我们可以化解误会与隔阂，增进彼此的了解和信任。同时，在沟通中，我们还要学会表达自己的感受和需求，让对方了解我们的内心世界。三、重塑共同目标，激发彼此动力婚姻中的共同目标是维系关系的重要纽带。当婚姻出现危机时，我们需要重新审视和重塑共同目标。思考一下，你们曾经共同追求的是什么？是事业成功、家庭幸福还是孩子教育？找到共同目标后，我们要一起努力，激发彼此的动力，让婚姻焕发新的活力。四、学会包容与宽恕，放下过去的包袱在婚姻中，我们难免会有矛盾和争吵。然而，当我们面临婚姻危机时，我们需要学会包容与宽恕。不要总是纠结于过去的错误和矛盾，而是要放下过去的包袱，以全新的心态去面对婚姻的未来。同时，我们还要学会感恩和珍惜，感激对方在婚姻中的付出和牺牲，珍惜彼此在一起的美好时光。五、创造浪漫与惊喜，找回恋爱的感觉恋爱时的浪漫与惊喜是婚姻中不可或缺的调味品。在挽回婚姻的过程中，我们要学会创造浪漫与惊喜，找回恋爱的感觉。可以安排一次浪漫的约会、为对方准备一份特别的礼物、写一封情书或者唱一首情歌等等。这些小小的举动可以让对方感受到你的用心和爱意，增进彼此的感情。六、寻求专业帮助，共同面对婚姻危机当婚姻危机严重时，我们可能需要寻求专业帮助。可以咨询心理医生、婚姻咨询师或者家庭治疗师等专业人士的意见和建议。他们可以帮助我们更全面地了解婚姻问题的根源和解决方法，提供个性化的指导和支持。同时，与专业人士一起探讨婚姻问题也可以让我们更加客观地看待问题本身，避免情绪化的冲动和决策。七、重塑信任与承诺，坚定婚姻信念在挽回婚姻的过程中，我们需要重塑信任与承诺。信任是婚姻的基石之一，只有彼此信任才能共同面对生活的挑战和困难。同时我们还要对婚姻有坚定的信念和承诺，相信彼此可以携手走过每一个难关共同创造美好的未来。八、持续努力与经营，让幸福成为习惯挽回婚姻并不是一蹴而就的事情而是需要持续的努力和经营。在挽回成功后我们还要继续保持良好的沟通和互动模式共同制定并执行家庭规划和目标。同时我们还要学会欣赏对方的优点和长处尊重彼此的差异和选择让幸福成为我们生活中的一种习惯。总结挽回婚姻需要智慧和勇气更需要耐心和毅力。通过冷静分析、真诚沟通、重塑共同目标、学会包容与宽恕、创造浪漫与惊喜、寻求专业帮助以及重塑信任与承诺等六个步骤，我们可以逐步解决婚姻中的问题并重新找回幸福的感觉。同时我们还要持续努力和经营，让幸福成为我们生活中的一种习惯。",1313,https://tieba.baidu.com/p/10380109617,心爱帮挽回,2026-01-09 10:15:41,baidu_tieba,tieba_client_api,depression,human_style_body_first_no_local_model
A106,10380103591,,human_style_normal_or_unclear,medium,body-first human-style labels: normal_or_unclear.,情感,分手后，如何做才能复合如初？,爱情是人生中最美好的经历之一，但有时候爱情也会面临挑战和考验。如果你失去了你的情人，你可能感到心痛和沮丧。但是，你并不一定要放弃，你可以采取一些行动，重新挽回你的情人。在这篇文章中，我将为你提供一些有用的建议。首先，你需要认真思考导致你们关系破裂的原因。是因为你们之间出现了一些争执或者误解？还是因为你们的生活方式或者价值观不相符？或者是你做了一些伤害对方的事情？只有找到破裂的原因，才能采取相应的行动。其次，你需要真诚地向你的情人道歉。如果你的行为或言语造成了伤害或误解，你需要向你的情人道歉，并表达你对他们的关心和爱意。你的道歉需要是真诚的，不是为了达到目的而道歉。第三，你需要积极地改变自己。如果你的情人认为你的一些行为或习惯是导致你们关系破裂的原因之一，那么你需要积极地改变自己。这可能需要一些时间和努力，但只有通过改变自己，你才能重新赢得你的情人的信任和爱。第四，你需要给你的情人一些时间和空间。如果你的情人需要一些时间来冷静下来或者重新考虑你们的关系，你需要给他们这个空间。在这个时间里，你可以通过一些行动，向他们表达你的关爱和关心，但不要过于热情或者强迫。最后，你需要坚定地表达你的决心和承诺。如果你真的想挽回你的情人，你需要坚定地表达你的决心和承诺。你需要让你的情人知道，你真心爱他们，并且愿意为了你们的关系付出努力和时间。爱情并不是一帆风顺的旅程，但是如果你真心想挽回你的情人，你需要采取一些行动，表达你的爱意和关心，并且通过努力和时间，让你的情人重新回到你身边。如果你尝试了以上建议，但仍然没有成功挽回你的情人，那么你需要认真考虑是否继续追求。在某些情况下，挽回一个人可能是不可能的，或者你们的关系已经到了一个不可挽回的地步。在这种情况下，你需要接受这个事实，放下过去，开始迎接新的未来。不管最终结果如何，你需要学会从这次经历中成长和吸取教训。如果你犯了错误或者做错了事情，你需要从中学习并且不再犯同样的错误。如果你经历了心碎和失望，你需要学会如何照顾自己，并且在未来的关系中更加小心和谨慎。最后，记住爱情是珍贵的，但是它需要双方的努力和付出。如果你真心想挽回你的情人，你需要付出努力和时间，并且向他们表达你的爱意和关心。无论最终结果如何，你都可以从这次经历中成长，并且在未来的爱情中更加成熟和坚强。,"标题：分手后，如何做才能复合如初？

正文：爱情是人生中最美好的经历之一，但有时候爱情也会面临挑战和考验。如果你失去了你的情人，你可能感到心痛和沮丧。但是，你并不一定要放弃，你可以采取一些行动，重新挽回你的情人。在这篇文章中，我将为你提供一些有用的建议。首先，你需要认真思考导致你们关系破裂的原因。是因为你们之间出现了一些争执或者误解？还是因为你们的生活方式或者价值观不相符？或者是你做了一些伤害对方的事情？只有找到破裂的原因，才能采取相应的行动。其次，你需要真诚地向你的情人道歉。如果你的行为或言语造成了伤害或误解，你需要向你的情人道歉，并表达你对他们的关心和爱意。你的道歉需要是真诚的，不是为了达到目的而道歉。第三，你需要积极地改变自己。如果你的情人认为你的一些行为或习惯是导致你们关系破裂的原因之一，那么你需要积极地改变自己。这可能需要一些时间和努力，但只有通过改变自己，你才能重新赢得你的情人的信任和爱。第四，你需要给你的情人一些时间和空间。如果你的情人需要一些时间来冷静下来或者重新考虑你们的关系，你需要给他们这个空间。在这个时间里，你可以通过一些行动，向他们表达你的关爱和关心，但不要过于热情或者强迫。最后，你需要坚定地表达你的决心和承诺。如果你真的想挽回你的情人，你需要坚定地表达你的决心和承诺。你需要让你的情人知道，你真心爱他们，并且愿意为了你们的关系付出努力和时间。爱情并不是一帆风顺的旅程，但是如果你真心想挽回你的情人，你需要采取一些行动，表达你的爱意和关心，并且通过努力和时间，让你的情人重新回到你身边。如果你尝试了以上建议，但仍然没有成功挽回你的情人，那么你需要认真考虑是否继续追求。在某些情况下，挽回一个人可能是不可能的，或者你们的关系已经到了一个不可挽回的地步。在这种情况下，你需要接受这个事实，放下过去，开始迎接新的未来。不管最终结果如何，你需要学会从这次经历中成长和吸取教训。如果你犯了错误或者做错了事情，你需要从中学习并且不再犯同样的错误。如果你经历了心碎和失望，你需要学会如何照顾自己，并且在未来的关系中更加小心和谨慎。最后，记住爱情是珍贵的，但是它需要双方的努力和付出。如果你真心想挽回你的情人，你需要付出努力和时间，并且向他们表达你的爱意和关心。无论最终结果如何，你都可以从这次经历中成长，并且在未来的爱情中更加成熟和坚强。",960,https://tieba.baidu.com/p/10380103591,心爱帮挽回,2026-01-09 10:13:35,baidu_tieba,tieba_client_api,depression,human_style_body_first_no_local_model
A107,10525028977,depression,human_style_labeled,medium,body-first human-style labels: 明显低落、绝望、无意义感或抑郁相关表达.,心情,我也许是个很坏很坏的人吧,记录 不能也不想和别人说的心情秘密,"标题：我也许是个很坏很坏的人吧

正文：记录 不能也不想和别人说的心情秘密",17,https://tieba.baidu.com/p/10525028977,到处是猫💌,2026-03-01 23:13:50,baidu_tieba,tieba_client_api,depression,human_style_body_first_no_local_model
A108,10488611959,"depression,social_withdrawal",human_style_labeled,high,body-first human-style labels: 明显低落、绝望、无意义感或抑郁相关表达; 社交回避、孤独、闭门不出或退缩.,emo,笑给家人看，苦在深夜咽,在家人朋友面前笑嘻嘻，夜晚一人，何以解忧，只剩孤寂相伴,"标题：笑给家人看，苦在深夜咽

正文：在家人朋友面前笑嘻嘻，夜晚一人，何以解忧，只剩孤寂相伴",27,https://tieba.baidu.com/p/10488611959,一个落魄的男人,2026-02-15 00:42:02,baidu_tieba,tieba_client_api,depression,human_style_body_first_no_local_model
A109,10488611961,"depression,social_withdrawal",human_style_labeled,high,body-first human-style labels: 明显低落、绝望、无意义感或抑郁相关表达; 社交回避、孤独、闭门不出或退缩.,emo,笑给家人看，苦在深夜咽,在家人朋友面前笑嘻嘻，夜晚一人，何以解忧，只剩孤寂相伴,"标题：笑给家人看，苦在深夜咽

正文：在家人朋友面前笑嘻嘻，夜晚一人，何以解忧，只剩孤寂相伴",27,https://tieba.baidu.com/p/10488611961,一个落魄的男人,2026-02-15 00:42:02,baidu_tieba,tieba_client_api,depression,human_style_body_first_no_local_model
A110,10523419017,,human_style_normal_or_unclear,medium,body-first human-style labels: normal_or_unclear.,树洞,随想随想 随想,潜伏里 余则成说站长还有少将军衔啊，站长劝余则成早看破早解脱。。其实我觉得应该是早得到早解脱，你信不信如果吴景中还是校官，也会像李涯 陆桥山一样争权夺利。即使不这样，也不过是阿q的自我安慰罢了，真正解脱，一定对某种痴迷事物得到以后，,"标题：随想随想 随想

正文：潜伏里 余则成说站长还有少将军衔啊，站长劝余则成早看破早解脱。。其实我觉得应该是早得到早解脱，你信不信如果吴景中还是校官，也会像李涯 陆桥山一样争权夺利。即使不这样，也不过是阿q的自我安慰罢了，真正解脱，一定对某种痴迷事物得到以后，",116,https://tieba.baidu.com/p/10523419017,贴吧用户_7bJMJEP,2026-03-01 09:09:39,baidu_tieba,tieba_client_api,depression,human_style_body_first_no_local_model
A111,10651115619,"depression,academic_stress",human_style_labeled,high,body-first human-style labels: 明显低落、绝望、无意义感或抑郁相关表达; 考试、升学、论文、学校或学习压力.,抑郁症,【20260419 倾诉】我们的教育怎么了？接近一半的娃娃都抑郁了！,疫情期间连只苍蝇都能给你打个码，教育这事你说管不住？？？？直接拖堂教师扣工资，自习科上课记大过，霸占体育课给警告处分(最搞笑的是体育课不上，但军训，夏令营这些活动要搞，司马昭之心路人皆知)，在职教师校外补课开除公职，把减负确确实实落到实处，有什么管不住的？自己到校外补习的你不管我能理解，学校你说管不住就是搞笑了！,"标题：【20260419 倾诉】我们的教育怎么了？接近一半的娃娃都抑郁了！

正文：疫情期间连只苍蝇都能给你打个码，教育这事你说管不住？？？？直接拖堂教师扣工资，自习科上课记大过，霸占体育课给警告处分(最搞笑的是体育课不上，但军训，夏令营这些活动要搞，司马昭之心路人皆知)，在职教师校外补课开除公职，把减负确确实实落到实处，有什么管不住的？自己到校外补习的你不管我能理解，学校你说管不住就是搞笑了！",157,https://tieba.baidu.com/p/10651115619,贴吧用户_aZ8bPR5,2026-04-19 10:28:59,baidu_tieba,tieba_client_api,depression,human_style_body_first_no_local_model
A112,10533133892,"depression,anxiety",human_style_labeled,high,body-first human-style labels: 明显低落、绝望、无意义感或抑郁相关表达; 焦虑、惊恐、失眠、强迫或躯体化表达.,emo,记录贴(有空就记一下),今天她跟我分享了第五拍的归宿照，拍的挺好的，今天第五上了一百来分，六阶三，五十多胜率，沟通四黑真的挺重要的，一个人基本功差点，失误了点，都有其他人弥补 现在面对她情绪似乎没有那么强烈了，好吧，其实还是有的，只不过以躯体化的形式了，胸口下面一点痛 她现在追人还是我在出招，有问题依旧问我，我似乎一直没看，像我承诺的 “我在，我一直都在” 我爱她，真的很爱，在我眼里，她就是一个小孩子，容易没有安全感，对情感懵懂，做事不细心，又挺细心，很关心身边的朋友，小天使？ 很萌，家里也很有钱，很喜欢出去玩，看龙族，偶尔会去清吧，对自己体重很在意，喜欢拍自拍，喜欢玩洛丽塔，穿小裙子 在她眼里，我大致的形象应该是，我是她的前男友，可靠的大哥哥，也是一个挺复杂的人，但挺爱她的，一直有说希望她开心，找到喜欢的能一直谈到结婚的男友(她的恋爱经历颇为复杂，不方便讲解) 她还问过我，分手了为什么不能做朋友，像我们一样，我的回答是“我也不知道” 但我清楚，这其中有多少不足与她讲，因为我们的这种情况注定是特殊的，我也清楚何因造成的，至少我是因为足够爱，其他的尚不清楚 今天就先这样子了，晚安💤,"标题：记录贴(有空就记一下)

正文：今天她跟我分享了第五拍的归宿照，拍的挺好的，今天第五上了一百来分，六阶三，五十多胜率，沟通四黑真的挺重要的，一个人基本功差点，失误了点，都有其他人弥补 现在面对她情绪似乎没有那么强烈了，好吧，其实还是有的，只不过以躯体化的形式了，胸口下面一点痛 她现在追人还是我在出招，有问题依旧问我，我似乎一直没看，像我承诺的 “我在，我一直都在” 我爱她，真的很爱，在我眼里，她就是一个小孩子，容易没有安全感，对情感懵懂，做事不细心，又挺细心，很关心身边的朋友，小天使？ 很萌，家里也很有钱，很喜欢出去玩，看龙族，偶尔会去清吧，对自己体重很在意，喜欢拍自拍，喜欢玩洛丽塔，穿小裙子 在她眼里，我大致的形象应该是，我是她的前男友，可靠的大哥哥，也是一个挺复杂的人，但挺爱她的，一直有说希望她开心，找到喜欢的能一直谈到结婚的男友(她的恋爱经历颇为复杂，不方便讲解) 她还问过我，分手了为什么不能做朋友，像我们一样，我的回答是“我也不知道” 但我清楚，这其中有多少不足与她讲，因为我们的这种情况注定是特殊的，我也清楚何因造成的，至少我是因为足够爱，其他的尚不清楚 今天就先这样子了，晚安💤",485,https://tieba.baidu.com/p/10533133892,谁知道圆圆,2026-03-05 00:56:49,baidu_tieba,tieba_client_api,depression,human_style_body_first_no_local_model
A113,9717226512,depression,human_style_labeled,medium,body-first human-style labels: 明显低落、绝望、无意义感或抑郁相关表达.,树洞,为情所困，记录下自己的心情，非常欢迎大家来一起聊聊哈,这个帖子应该会长期更新吧，直到哪一天我解开了心结为止。就是记录下自己的心情，在网上倾诉下，不然实在憋得慌。。。,"标题：为情所困，记录下自己的心情，非常欢迎大家来一起聊聊哈

正文：这个帖子应该会长期更新吧，直到哪一天我解开了心结为止。就是记录下自己的心情，在网上倾诉下，不然实在憋得慌。。。",55,https://tieba.baidu.com/p/9717226512,你压到我头发啦,2025-05-16 18:45:20,baidu_tieba,tieba_client_api,depression,human_style_body_first_no_local_model
A114,10484812651,abuse,human_style_labeled,medium,body-first human-style labels: 辱骂、霸凌、家暴、网暴、造谣或攻击性语言.,emo,老赖绿茶白莲花好多……,"为什么刷那么多软件 求支招动态 基本都有 建议怎样怎样陷害人的评论 比如 一直刷仇恨 在别人暴怒时偷偷录像 造谣别人一点就炸精神问题 比如 弄坏别人东西不赔 随便掩盖一下 被查出来就说是本来就这样 比如 欺负人最后被讨说法时不用处理 装可怜说""别缠着我了""就行","标题：老赖绿茶白莲花好多……

正文：为什么刷那么多软件 求支招动态 基本都有 建议怎样怎样陷害人的评论 比如 一直刷仇恨 在别人暴怒时偷偷录像 造谣别人一点就炸精神问题 比如 弄坏别人东西不赔 随便掩盖一下 被查出来就说是本来就这样 比如 欺负人最后被讨说法时不用处理 装可怜说""别缠着我了""就行",130,https://tieba.baidu.com/p/10484812651,玛卡巴卡慕,2026-02-13 13:45:53,baidu_tieba,tieba_client_api,depression,human_style_body_first_no_local_model
A115,9070524102,,human_style_normal_or_unclear,medium,body-first human-style labels: normal_or_unclear.,分手,被女友分手后，我们应该如何正确挽回。,事情总是有两面性，分手也是这样的，有些人分手后即使分道扬镳也能重新相遇，有些人却是一离开就是真的一刀两断。有时分手只是为了证明在乎，有时分手却是她的理性抉择，所以决定是否挽回一段感情，首先你要知道分手的真假性。那么，男生应该怎样判断分手的真假性呢？有这些特征，说明女生是真的想要离开你。 01 断绝所有联系 不接你电话，不回你的消息，拒绝与你见面，甚至拉黑删除你的任何联系方式，恨不得把你们所有的过往都抹得一干二净，不想与你有任何瓜葛。如果她不听你解释，不回复你任何消息，在你的世界里彻底失踪，这就已经算是很明确地告诉你不要再联系她了，这就是真性分手了，你的任何行为都无法再感动到他。所以遇到这样的女生，一定要知道，她的分手决定是很理性的，你挽回不了她。 一个真的对你有感情的女人，也许会删除拉黑你的联系方式，但绝不会长久得不接受你的联系，也许你打的电话他不一定每一个都接到，但时间久了，一定会回复你的信息，哪怕态度很冷淡或者敷衍，但绝对不会舍得让你担惊受怕。一个真正爱你的女人，分手也许只是在试探，想要得到你的更多在乎，所以她们懂得见好就收，不会特意为难，他只是用这种方式在试探或者惩罚你。 02 情绪无任何波动 当女生与你提出分手时，情绪很稳定，平静至极，甚至能冷静地向你提出分手。对你熟视无睹，无论你说什么做什么，都无法影响她的情绪，对你不闻不问，不管不顾，爱答不理，这说明她真的是不再爱你了。此时你的任何行为都无法引起她的情绪有丝毫变化，说明分手一定是女人深思熟虑之后做出的选择。 而一段彼此双方还存在感情的情侣，哪怕提出了分手，即使大吵大闹，又或者撒娇任性，各种指责，也只是在宣泄她的不满而已，她在乎你，所以她想让你知道她的愤怒与不甘。对于女人来说，这只是他们想要引起你重视的手段而已，遇到这样的女人，应该学会珍惜。 03 朋友圈无异样 一个在提出分手后，朋友圈。微博等等平台均没有任何感情动态，或者是积极向上的动态又或者是沮丧地抱怨，上下班打卡，运动健身，心灵鸡汤等等。你的存在与失去均不存在于她的生活中，也无法激起她的任何涟漪，她的网络平台上也再无任何关于你的信息，这样的女人就真的是彻底与你决裂，不再回头了。 而一个真正爱你的女人，即使在提出分手后，不管是好的坏的，她们的网络平台都是极其活跃的，心灵鸡汤也好，心情惨淡也罢，至少不会沉默。有些女人也甚至会特意发一些照片，来刺激你，让你在乎，吃醋，这也只是她的小手段罢了。 爱的时候，就要珍惜，不要等到失去了再追悔莫及。只有你真正的辨别真假分手，才有可能挽回自己的感情，否则就是折磨自己。,"标题：被女友分手后，我们应该如何正确挽回。

正文：事情总是有两面性，分手也是这样的，有些人分手后即使分道扬镳也能重新相遇，有些人却是一离开就是真的一刀两断。有时分手只是为了证明在乎，有时分手却是她的理性抉择，所以决定是否挽回一段感情，首先你要知道分手的真假性。那么，男生应该怎样判断分手的真假性呢？有这些特征，说明女生是真的想要离开你。 01 断绝所有联系 不接你电话，不回你的消息，拒绝与你见面，甚至拉黑删除你的任何联系方式，恨不得把你们所有的过往都抹得一干二净，不想与你有任何瓜葛。如果她不听你解释，不回复你任何消息，在你的世界里彻底失踪，这就已经算是很明确地告诉你不要再联系她了，这就是真性分手了，你的任何行为都无法再感动到他。所以遇到这样的女生，一定要知道，她的分手决定是很理性的，你挽回不了她。 一个真的对你有感情的女人，也许会删除拉黑你的联系方式，但绝不会长久得不接受你的联系，也许你打的电话他不一定每一个都接到，但时间久了，一定会回复你的信息，哪怕态度很冷淡或者敷衍，但绝对不会舍得让你担惊受怕。一个真正爱你的女人，分手也许只是在试探，想要得到你的更多在乎，所以她们懂得见好就收，不会特意为难，他只是用这种方式在试探或者惩罚你。 02 情绪无任何波动 当女生与你提出分手时，情绪很稳定，平静至极，甚至能冷静地向你提出分手。对你熟视无睹，无论你说什么做什么，都无法影响她的情绪，对你不闻不问，不管不顾，爱答不理，这说明她真的是不再爱你了。此时你的任何行为都无法引起她的情绪有丝毫变化，说明分手一定是女人深思熟虑之后做出的选择。 而一段彼此双方还存在感情的情侣，哪怕提出了分手，即使大吵大闹，又或者撒娇任性，各种指责，也只是在宣泄她的不满而已，她在乎你，所以她想让你知道她的愤怒与不甘。对于女人来说，这只是他们想要引起你重视的手段而已，遇到这样的女人，应该学会珍惜。 03 朋友圈无异样 一个在提出分手后，朋友圈。微博等等平台均没有任何感情动态，或者是积极向上的动态又或者是沮丧地抱怨，上下班打卡，运动健身，心灵鸡汤等等。你的存在与失去均不存在于她的生活中，也无法激起她的任何涟漪，她的网络平台上也再无任何关于你的信息，这样的女人就真的是彻底与你决裂，不再回头了。 而一个真正爱你的女人，即使在提出分手后，不管是好的坏的，她们的网络平台都是极其活跃的，心灵鸡汤也好，心情惨淡也罢，至少不会沉默。有些女人也甚至会特意发一些照片，来刺激你，让你在乎，吃醋，这也只是她的小手段罢了。 爱的时候，就要珍惜，不要等到失去了再追悔莫及。只有你真正的辨别真假分手，才有可能挽回自己的感情，否则就是折磨自己。",1076,https://tieba.baidu.com/p/9070524102,心爱帮挽回,2024-06-29 05:38:53,baidu_tieba,tieba_client_api,depression,human_style_body_first_no_local_model
A116,10678653135,abuse,human_style_labeled,medium,body-first human-style labels: 辱骂、霸凌、家暴、网暴、造谣或攻击性语言.,树洞,每次都是这样，没有道歉没有对不起，一群小女孩哄着自己原谅你们,自从追星之后，好像变成了弼马温，放过你们一马又一马。。。,"标题：每次都是这样，没有道歉没有对不起，一群小女孩哄着自己原谅你们

正文：自从追星之后，好像变成了弼马温，放过你们一马又一马。。。",28,https://tieba.baidu.com/p/10678653135,咪咪眼眯着呢,2026-04-30 03:26:04,baidu_tieba,tieba_client_api,depression,human_style_body_first_no_local_model
A117,10583086147,depression,human_style_labeled,medium,body-first human-style labels: 明显低落、绝望、无意义感或抑郁相关表达.,心情,记录一下心情,今天天气晴朗，天空多云，心情就好像突然失去方向了一样，迷失在了一个安静的角落,"标题：记录一下心情

正文：今天天气晴朗，天空多云，心情就好像突然失去方向了一样，迷失在了一个安静的角落",38,https://tieba.baidu.com/p/10583086147,阴天啊雨天☔,2026-03-24 12:24:39,baidu_tieba,tieba_client_api,depression,human_style_body_first_no_local_model
A118,10557341488,"depression,social_withdrawal",human_style_labeled,high,body-first human-style labels: 明显低落、绝望、无意义感或抑郁相关表达; 社交回避、孤独、闭门不出或退缩.,抑郁症,【260314 倾诉】记录下在寺庙当义工的日常,我从23年独居挂逼了三年，弹尽粮绝还欠了信用卡。基本已经和社会脱节了，走投无路的时候一个认识了十来年的朋友劝我来这里试试,"标题：【260314 倾诉】记录下在寺庙当义工的日常

正文：我从23年独居挂逼了三年，弹尽粮绝还欠了信用卡。基本已经和社会脱节了，走投无路的时候一个认识了十来年的朋友劝我来这里试试",60,https://tieba.baidu.com/p/10557341488,南黎◎º,2026-03-14 13:35:04,baidu_tieba,tieba_client_api,depression,human_style_body_first_no_local_model
A119,10659249772,,human_style_normal_or_unclear,medium,body-first human-style labels: normal_or_unclear.,分手,异地恋如何维持长久？,异地恋如同一场漫长的马拉松，考验着两颗心的坚韧与默契。它不仅仅是地理上的距离，更是情感与信任的双重挑战。但请相信，只要用心经营，这段旅程也能绽放出别样的光彩。 一、日常沟通，情感的纽带 熬过去，就结婚。在异地恋中，每天的交流如同呼吸般不可或缺。无论是通过电话的温柔细语，还是微信上的即时分享，都是维系情感的重要纽带。记得那位朋友，他们大学四年异地，每晚十点准时通话，半小时的时光里，从日常琐碎到未来憧憬，无话不谈。这样的习惯，让彼此的生活紧密相连，即使身处不同城市，也能感受到对方的陪伴与温暖。 二、理解与包容，爱的润滑剂 异地恋中，女生偶尔的“作”并非无理取闹，而是情感需求的一种表达。她们渴望被关注、被理解，在孤独与不确定中寻求一份安全感。此时，男生的包容与宠爱如同冬日暖阳，能瞬间融化所有的阴霾。当然，这份包容也需适度，建立在相互尊重与理解的基础上。同样，女生也应学会体谅男生的不易，共同构建一个和谐稳定的情感环境。 三、直面冲突，共同成长 争吵是每段关系中难以避免的一部分，异地恋也不例外。但关键在于如何处理这些冲突。记住，吵架不是目的，而是为了更好地了解彼此，促进关系的成长。因此，当冲突发生时，应及时沟通，避免让误会隔夜发酵。同时，坚决不说“分手”二字，因为谎话说多了，真的会变成现实。每一次的争吵与和解，都是双方情感的一次升华，让彼此更加珍惜对方。 四、珍惜相聚，缩短距离 在条件允许的情况下，尽量多见面。每一次的相聚都是对异地恋的一次小小胜利，它能让你们更加确信彼此的爱意与决心。记得那位男生，为了见女友一面，不惜借钱坐24小时硬座火车从南京到重庆。这样的举动，不仅是对爱情的执着追求，更是对异地恋艰辛的勇敢面对。相聚的时光总是短暂而宝贵，但正是这些点点滴滴的相聚，汇聚成了你们共同的美好回忆。 五、信任，异地恋的基石 信任是异地恋中最难建立也最重要的部分。在各自的世界里，你们都会遇到形形色色的人与事，但请相信，对方的心始终与你同在。这种信任不是盲目的，而是基于深入了解与坚定信念的产物。当诱惑来临时，请记得你们共同走过的路、共同许下的诺言以及那份无法割舍的情感。正是这份信任，让你们在异地恋的旅途中能够携手前行、不离不弃。 六、制造惊喜，增添乐趣 生活需要仪式感，异地恋更是如此。不需要多么贵重的礼物，一份小小的惊喜就能让对方感受到满满的爱意。比如，突然寄去的一盒对方最爱的零食、一张手写的明信片或是一次意外的视频通话……这些看似微不足道的举动，却能在对方心中激起层层涟漪，让异地恋的生活充满乐趣与期待。 七、共同规划，展望未来 假期一起去旅行吧！在旅途中，你们会发现彼此更多的优点与默契，也会更加珍惜在一起的时光。同时，共同规划未来也是维持异地恋长久的重要一环。无论是关于工作的选择、生活的安排还是婚姻的打算，都应该坦诚地交流并达成共识。这样的规划不仅能让你们对未来充满憧憬与信心，也能在异地恋的旅途中找到前进的方向与动力。 八、融入彼此的生活圈 能够拥有彼此身边朋友的联系方式是一种幸运。这不仅能让你们更加了解对方的生活状态与社交圈子，还能在关键时刻为对方提供必要的支持与帮助。当你们的朋友圈开始重叠时，那份归属感与亲密感也会油然而生。这样的融合不仅加深了你们之间的情感联系，也让异地恋变得更加真实与可靠。,"标题：异地恋如何维持长久？

正文：异地恋如同一场漫长的马拉松，考验着两颗心的坚韧与默契。它不仅仅是地理上的距离，更是情感与信任的双重挑战。但请相信，只要用心经营，这段旅程也能绽放出别样的光彩。 一、日常沟通，情感的纽带 熬过去，就结婚。在异地恋中，每天的交流如同呼吸般不可或缺。无论是通过电话的温柔细语，还是微信上的即时分享，都是维系情感的重要纽带。记得那位朋友，他们大学四年异地，每晚十点准时通话，半小时的时光里，从日常琐碎到未来憧憬，无话不谈。这样的习惯，让彼此的生活紧密相连，即使身处不同城市，也能感受到对方的陪伴与温暖。 二、理解与包容，爱的润滑剂 异地恋中，女生偶尔的“作”并非无理取闹，而是情感需求的一种表达。她们渴望被关注、被理解，在孤独与不确定中寻求一份安全感。此时，男生的包容与宠爱如同冬日暖阳，能瞬间融化所有的阴霾。当然，这份包容也需适度，建立在相互尊重与理解的基础上。同样，女生也应学会体谅男生的不易，共同构建一个和谐稳定的情感环境。 三、直面冲突，共同成长 争吵是每段关系中难以避免的一部分，异地恋也不例外。但关键在于如何处理这些冲突。记住，吵架不是目的，而是为了更好地了解彼此，促进关系的成长。因此，当冲突发生时，应及时沟通，避免让误会隔夜发酵。同时，坚决不说“分手”二字，因为谎话说多了，真的会变成现实。每一次的争吵与和解，都是双方情感的一次升华，让彼此更加珍惜对方。 四、珍惜相聚，缩短距离 在条件允许的情况下，尽量多见面。每一次的相聚都是对异地恋的一次小小胜利，它能让你们更加确信彼此的爱意与决心。记得那位男生，为了见女友一面，不惜借钱坐24小时硬座火车从南京到重庆。这样的举动，不仅是对爱情的执着追求，更是对异地恋艰辛的勇敢面对。相聚的时光总是短暂而宝贵，但正是这些点点滴滴的相聚，汇聚成了你们共同的美好回忆。 五、信任，异地恋的基石 信任是异地恋中最难建立也最重要的部分。在各自的世界里，你们都会遇到形形色色的人与事，但请相信，对方的心始终与你同在。这种信任不是盲目的，而是基于深入了解与坚定信念的产物。当诱惑来临时，请记得你们共同走过的路、共同许下的诺言以及那份无法割舍的情感。正是这份信任，让你们在异地恋的旅途中能够携手前行、不离不弃。 六、制造惊喜，增添乐趣 生活需要仪式感，异地恋更是如此。不需要多么贵重的礼物，一份小小的惊喜就能让对方感受到满满的爱意。比如，突然寄去的一盒对方最爱的零食、一张手写的明信片或是一次意外的视频通话……这些看似微不足道的举动，却能在对方心中激起层层涟漪，让异地恋的生活充满乐趣与期待。 七、共同规划，展望未来 假期一起去旅行吧！在旅途中，你们会发现彼此更多的优点与默契，也会更加珍惜在一起的时光。同时，共同规划未来也是维持异地恋长久的重要一环。无论是关于工作的选择、生活的安排还是婚姻的打算，都应该坦诚地交流并达成共识。这样的规划不仅能让你们对未来充满憧憬与信心，也能在异地恋的旅途中找到前进的方向与动力。 八、融入彼此的生活圈 能够拥有彼此身边朋友的联系方式是一种幸运。这不仅能让你们更加了解对方的生活状态与社交圈子，还能在关键时刻为对方提供必要的支持与帮助。当你们的朋友圈开始重叠时，那份归属感与亲密感也会油然而生。这样的融合不仅加深了你们之间的情感联系，也让异地恋变得更加真实与可靠。",1365,https://tieba.baidu.com/p/10659249772,心爱帮挽回,2026-04-22 13:52:51,baidu_tieba,tieba_client_api,depression,human_style_body_first_no_local_model
A120,10651295308,,human_style_normal_or_unclear,medium,body-first human-style labels: normal_or_unclear.,情感,男人真正放不下一个女人，会有这6大表现,男人放不下你时，藏不住的小动作：偷偷打听你消息、对你忽冷忽热、总想帮你、提起你眼神发亮、拿新欢和你比、醉酒喊你名字…这些心动的残骸，都是爱未了的证据。 这一生，总有那么一个人，住进了心里，赶也赶不走，忘也忘不了。 男人嘴上可以说着“无所谓”，身体和行为却出卖了他。 真正放不下一个女人的男人，不是靠嘴说出来的，而是藏在他一个个不经意的小动作里，一举一动，都是心有不甘，都是爱意未了。 看懂这些细节，才能明白，他的心，到底还在不在你这里。 1.总是控制不住地打听你的消息 一个真正放不下的男人，哪怕不敢联系你，心里也总忍不住想知道你的近况。 他可能不会直接找你聊，但会通过朋友旁敲侧击，会在社交平台偷偷关注，甚至在你发了一条状态后，默默看了又看。 他嘴上不吭声，心里却早已排演了无数次：你过得好吗？有没有遇到比我更好的人？ 就像海明威说的：“真正爱你的人，连你的沉默都能读懂。” 男人若真的放不下，一个动态、一条消息，足以让他心绪起伏。 他不敢扰乱你的生活，却又舍不得彻底退出。越是克制，越是挂念；越是沉默，越是心疼。 2.对你的态度，时冷时热 别以为忽冷忽热是绝情，其实恰恰是他心里的拉扯。 他想靠近，又怕暴露；想疏远，又舍不得。 所以，有时候他突然对你特别热情，像以前那样关心你的一切； 有时候，他又变得冷淡，好像你只是个陌生人。这种反反复复，不是他不坚定，是他在和自己的心过不去。 真正不爱的男人，早就干净利落地走了；真正放不下的，才会在热情和冷漠中，反复拉扯、折磨自己。 一个人越是在意，越是没法做到彻底的冷静。 3.明明分开了，还总想帮你 别看他嘴上说着“各走各路”，一旦你遇到困难，他还是忍不住第一时间出现。 你搬家，他来；你生病，他问；你难过，他陪。 即使你们名义上早已没关系，他也放不下那份责任感，不是谁都值得一个男人甘愿做你的“备胎”， 愿意无条件伸手帮你的人，心里一定还有你的位置。 帮你，不是习惯；是放不下。 为你操心，不是多管闲事；是心疼。 真正放不下的人，连你的委屈，都想一把替你扛走。 4.无意间提到你，眼神都会变 男人最不会说谎的地方，是眼睛。 当有人在他面前提起你的名字，他可能表面波澜不惊，但眼神早已泄露了秘密。 一下子明亮了，一下子沉默了，一下子失了魂。 那些没说出口的话，那些藏在心里的想念，都在这一瞬间翻涌而出。 他越想装作若无其事，心里越是波涛汹涌。 所谓放不下，从来不是嘴上承认的，而是眼睛里藏着的光。 一个不爱你的人，提起你时冷冷淡淡；一个放不下你的人，哪怕只听到你的名字，心都会软成一滩水。 5.遇到新的人，总是不自觉拿来和你比较 他也许会试着开始新的感情，可只要心里还装着你，再新的人，也只是影子。 她笑得没你灿烂，她说话没你温柔，她再好，也缺了点味道。 放不下的人，总爱拿别人来对照，结果是——没有人能赢过你。 就像一句话说的：“你住过我的心，就没人能住得下。” 新的人来来去去，旧的人扎根心底。 一个男人，心里如果还有你，他就永远在和记忆谈恋爱，拿现实比不过回忆。 别人给的再多，都抵不过你当初的一个微笑。 6.偶尔醉了，总是想起你 一个清醒的人，可以把思念关进笼子； 可一个醉了的人，藏也藏不住。 酒后吐真言，不是空穴来风。 放不下你的男人，一杯下肚，心门就开了。 打电话，发消息，或者在朋友圈里发一些听不懂的感慨，全是醉态里的真心。 酒精，是最差的借口，也是最真的告白。 醒着的时候能装得很好，醉了的时候，只剩你。 爱得有多深，酒醒后就有多痛。 真正放不下你的人，哪怕分开了很久，醉意中，依然喊的是你的名字。 有句话说得好：“人这一生，能遇到一个放不下你的人，是一种幸运。” 男人真正放不下一个女人，不在于他嘴上说了多少，而在于那些藏不住的小细节里。 打听你的消息、对你忽冷忽热、想帮你、提起你眼神发亮、拿别人跟你比、醉酒时还记挂着你…… 这些不经意的表现，每一寸，都是心动的残骸。 一份爱，深到骨子里，就算分开了，余温也会在时间里，慢慢发光。 如果你遇到了这样的男人，请珍惜，也请温柔。 因为，在这个速食爱情的年代，能有人一直惦记着你，已经很难得了。,"标题：男人真正放不下一个女人，会有这6大表现

正文：男人放不下你时，藏不住的小动作：偷偷打听你消息、对你忽冷忽热、总想帮你、提起你眼神发亮、拿新欢和你比、醉酒喊你名字…这些心动的残骸，都是爱未了的证据。 这一生，总有那么一个人，住进了心里，赶也赶不走，忘也忘不了。 男人嘴上可以说着“无所谓”，身体和行为却出卖了他。 真正放不下一个女人的男人，不是靠嘴说出来的，而是藏在他一个个不经意的小动作里，一举一动，都是心有不甘，都是爱意未了。 看懂这些细节，才能明白，他的心，到底还在不在你这里。 1.总是控制不住地打听你的消息 一个真正放不下的男人，哪怕不敢联系你，心里也总忍不住想知道你的近况。 他可能不会直接找你聊，但会通过朋友旁敲侧击，会在社交平台偷偷关注，甚至在你发了一条状态后，默默看了又看。 他嘴上不吭声，心里却早已排演了无数次：你过得好吗？有没有遇到比我更好的人？ 就像海明威说的：“真正爱你的人，连你的沉默都能读懂。” 男人若真的放不下，一个动态、一条消息，足以让他心绪起伏。 他不敢扰乱你的生活，却又舍不得彻底退出。越是克制，越是挂念；越是沉默，越是心疼。 2.对你的态度，时冷时热 别以为忽冷忽热是绝情，其实恰恰是他心里的拉扯。 他想靠近，又怕暴露；想疏远，又舍不得。 所以，有时候他突然对你特别热情，像以前那样关心你的一切； 有时候，他又变得冷淡，好像你只是个陌生人。这种反反复复，不是他不坚定，是他在和自己的心过不去。 真正不爱的男人，早就干净利落地走了；真正放不下的，才会在热情和冷漠中，反复拉扯、折磨自己。 一个人越是在意，越是没法做到彻底的冷静。 3.明明分开了，还总想帮你 别看他嘴上说着“各走各路”，一旦你遇到困难，他还是忍不住第一时间出现。 你搬家，他来；你生病，他问；你难过，他陪。 即使你们名义上早已没关系，他也放不下那份责任感，不是谁都值得一个男人甘愿做你的“备胎”， 愿意无条件伸手帮你的人，心里一定还有你的位置。 帮你，不是习惯；是放不下。 为你操心，不是多管闲事；是心疼。 真正放不下的人，连你的委屈，都想一把替你扛走。 4.无意间提到你，眼神都会变 男人最不会说谎的地方，是眼睛。 当有人在他面前提起你的名字，他可能表面波澜不惊，但眼神早已泄露了秘密。 一下子明亮了，一下子沉默了，一下子失了魂。 那些没说出口的话，那些藏在心里的想念，都在这一瞬间翻涌而出。 他越想装作若无其事，心里越是波涛汹涌。 所谓放不下，从来不是嘴上承认的，而是眼睛里藏着的光。 一个不爱你的人，提起你时冷冷淡淡；一个放不下你的人，哪怕只听到你的名字，心都会软成一滩水。 5.遇到新的人，总是不自觉拿来和你比较 他也许会试着开始新的感情，可只要心里还装着你，再新的人，也只是影子。 她笑得没你灿烂，她说话没你温柔，她再好，也缺了点味道。 放不下的人，总爱拿别人来对照，结果是——没有人能赢过你。 就像一句话说的：“你住过我的心，就没人能住得下。” 新的人来来去去，旧的人扎根心底。 一个男人，心里如果还有你，他就永远在和记忆谈恋爱，拿现实比不过回忆。 别人给的再多，都抵不过你当初的一个微笑。 6.偶尔醉了，总是想起你 一个清醒的人，可以把思念关进笼子； 可一个醉了的人，藏也藏不住。 酒后吐真言，不是空穴来风。 放不下你的男人，一杯下肚，心门就开了。 打电话，发消息，或者在朋友圈里发一些听不懂的感慨，全是醉态里的真心。 酒精，是最差的借口，也是最真的告白。 醒着的时候能装得很好，醉了的时候，只剩你。 爱得有多深，酒醒后就有多痛。 真正放不下你的人，哪怕分开了很久，醉意中，依然喊的是你的名字。 有句话说得好：“人这一生，能遇到一个放不下你的人，是一种幸运。” 男人真正放不下一个女人，不在于他嘴上说了多少，而在于那些藏不住的小细节里。 打听你的消息、对你忽冷忽热、想帮你、提起你眼神发亮、拿别人跟你比、醉酒时还记挂着你…… 这些不经意的表现，每一寸，都是心动的残骸。 一份爱，深到骨子里，就算分开了，余温也会在时间里，慢慢发光。 如果你遇到了这样的男人，请珍惜，也请温柔。 因为，在这个速食爱情的年代，能有人一直惦记着你，已经很难得了。",1704,https://tieba.baidu.com/p/10651295308,心爱帮挽回,2026-04-19 11:50:42,baidu_tieba,tieba_client_api,depression,human_style_body_first_no_local_model
A121,10657371271,,human_style_normal_or_unclear,medium,body-first human-style labels: normal_or_unclear.,孤独,在网上找同性搭子是最傻的,我以前也见过同性网友，现在觉得真是浪费时间，要找就找异性朋友，活在这世上本来就是要男女搭配，上天都安排好的。已婚的当我没说。,"标题：在网上找同性搭子是最傻的

正文：我以前也见过同性网友，现在觉得真是浪费时间，要找就找异性朋友，活在这世上本来就是要男女搭配，上天都安排好的。已婚的当我没说。",62,https://tieba.baidu.com/p/10657371271,贴吧用户_JWSSSJK,2026-04-21 19:10:50,baidu_tieba,tieba_client_api,depression,human_style_body_first_no_local_model
A122,10030148178,social_withdrawal,human_style_labeled,medium,body-first human-style labels: 社交回避、孤独、闭门不出或退缩.,孤独,是孤独，更是自由～,这是我在孤吧更新的第七帖…… 走得好慢。也没成长多少。也没变强多少。照样有很多第一次第一次剩下……又怎样～ 做那黑暗中的一粒光，捧在手心，最终，它会化作最高最闪最亮的一颗星……,"标题：是孤独，更是自由～

正文：这是我在孤吧更新的第七帖…… 走得好慢。也没成长多少。也没变强多少。照样有很多第一次第一次剩下……又怎样～ 做那黑暗中的一粒光，捧在手心，最终，它会化作最高最闪最亮的一颗星……",88,https://tieba.baidu.com/p/10030148178,黛世,2025-09-11 21:22:01,baidu_tieba,tieba_client_api,depression,human_style_body_first_no_local_model
A123,10676945286,social_withdrawal,human_style_labeled,medium,body-first human-style labels: 社交回避、孤独、闭门不出或退缩.,孤独,许愿一个社交孤儿,想交一个朋友和我一样没有什么社交,"标题：许愿一个社交孤儿

正文：想交一个朋友和我一样没有什么社交",16,https://tieba.baidu.com/p/10676945286,淚色布偶,2026-04-29 12:52:16,baidu_tieba,tieba_client_api,depression,human_style_body_first_no_local_model
A124,10677875794,"depression,social_withdrawal",human_style_labeled,high,body-first human-style labels: 明显低落、绝望、无意义感或抑郁相关表达; 社交回避、孤独、闭门不出或退缩.,孤独,求助：我需要一些与人的能量的连接,最近我观察到自己身上一个变化：我的能量在一点点往下走。 以前我还能去大学校园里散步、跑步，给自己认真做顿饭。后来出门坐车来回一个小时就让我累了，跑步也跑不动了，腿上没什么力气。现在每天大部分时间在睡觉，剩下的时间练练字、抄抄经、玩玩手机。之前还每天和我妈聊聊天，现在连说话的力气都没有了。 我能感觉到，这条河的水流越来越小，河床快露出来了。 我也看到，在一些事情上——比如责任、比如对自己生活的承担——能量其实一直在累积。就像一个水坑慢慢挖深了，里面蓄了一些水。但当下水流太小，冲不起来。 所以我需要一些外部的连接，帮我把水流续上一点。我想找一些性格开朗、精力比较充沛的朋友，不需要刻意安慰我或为我做什么大事。只是如果你今天刚好有一件开心的小事，愿意的话，可以主动分享给我。我们形成一个轻松的、良性的互动。对我来说，这一点点连接，就像往快要干涸的河道里注一点水。 如果你愿意，可以留言或私信我。谢谢你读到这儿。,"标题：求助：我需要一些与人的能量的连接

正文：最近我观察到自己身上一个变化：我的能量在一点点往下走。 以前我还能去大学校园里散步、跑步，给自己认真做顿饭。后来出门坐车来回一个小时就让我累了，跑步也跑不动了，腿上没什么力气。现在每天大部分时间在睡觉，剩下的时间练练字、抄抄经、玩玩手机。之前还每天和我妈聊聊天，现在连说话的力气都没有了。 我能感觉到，这条河的水流越来越小，河床快露出来了。 我也看到，在一些事情上——比如责任、比如对自己生活的承担——能量其实一直在累积。就像一个水坑慢慢挖深了，里面蓄了一些水。但当下水流太小，冲不起来。 所以我需要一些外部的连接，帮我把水流续上一点。我想找一些性格开朗、精力比较充沛的朋友，不需要刻意安慰我或为我做什么大事。只是如果你今天刚好有一件开心的小事，愿意的话，可以主动分享给我。我们形成一个轻松的、良性的互动。对我来说，这一点点连接，就像往快要干涸的河道里注一点水。 如果你愿意，可以留言或私信我。谢谢你读到这儿。",405,https://tieba.baidu.com/p/10677875794,以心为道,2026-04-29 19:37:17,baidu_tieba,tieba_client_api,depression,human_style_body_first_no_local_model
A125,9478241296,social_withdrawal,human_style_labeled,medium,body-first human-style labels: 社交回避、孤独、闭门不出或退缩.,孤独,有没有同样孤独的人？,介绍下自己，女生，八零后，单身，话少，打呼噜，无不良嗜好。喜欢看电影看剧，念书学习。平时不怎么出门，没什么社交。最近正在努力减肥。有同样孤独的人吗？,"标题：有没有同样孤独的人？

正文：介绍下自己，女生，八零后，单身，话少，打呼噜，无不良嗜好。喜欢看电影看剧，念书学习。平时不怎么出门，没什么社交。最近正在努力减肥。有同样孤独的人吗？",74,https://tieba.baidu.com/p/9478241296,悲鸣的海鸟,2025-02-08 17:59:44,baidu_tieba,tieba_client_api,depression,human_style_body_first_no_local_model
A126,9057207031,,human_style_normal_or_unclear,medium,body-first human-style labels: normal_or_unclear.,情感,分手挽回的阶段，你目前面临那个阶段？,一般来说分手分为两种情况，真性分手和假性分手。假性分手大多是想通过分手，来博得对方的关心和在乎，释放自己的情绪。下面我们来说说真性分手的挽回时间 这是需要根据矛盾的严重程度来预判的。因为当下一定存在短时间内难以调和的矛盾，存在一方已经对另一方忍无可忍。那么这时候就需要给关系降压，不能急于去解决矛盾，带有情绪状态之下做的任何事情都不是理智的，都不会达到预期的效果。切记和对方唱反调，属于吃力不讨好。我特别理解大家失去恋情后的复杂心情，但是要切记“欲速则不达”。快速挽回成功的感情也会快速分手，因为短期相处靠技巧，长期相处靠真实。技巧可以加速挽回，但是你们的根本原因并没有得到解决，你自身也并未得到提升和改变，那么重蹈覆辙的概率也会很高。挽回是慢工出细活，所以一定不要总想着一步登天，有这种心理的我不建议挽回。因为这种心态能成功挽回的概率也就和中头彩差不多，下面是我对于真性分手最佳挽回时间表，可以截图保存，然后对照自己的情况妥善安排。最佳挽回时间：1.一般分手——冷处理时间：一至两周(3-7天)2.轻度真性分手——冷处理时间：两至三周(8-12天)3.中度真性分手——冷处理时间：一个月(13-17天左右)4.重度真性分手——冷处理时间：（18-30天左右)5.原则问题分手(严重犯错)——冷处理时间：一个月至两个月。还有一个判断标准就是根据对方的性格，感情基础比较深的情况下，有些人容易心软，在断开联系的期间会有一个感情的回溯过程，在你无纠缠的状态下对方会主动想起你们美好的回忆，这在心理学上也叫做“近因效应”，那么只要准确识别对方的情绪窗口，然后主动抛出台阶就可以挽回了。其次，如果对方是性格比较倔强的，你们之间的感情浓度也被消磨了很多。那么一定需要配合吸引力的重塑，先让对方感受到你的进步或者变化，先提起对你的兴趣和好奇，那么接下来才能引导对方回忆起你的优点。每个人的情感分手情况都会有一些另外因素，不能按照常规方式，那就需要针对性方式，才能更好的完善解决。一般来说分手后会有四个阶段：距离期→空白期→思考期→以及怀念期。,"标题：分手挽回的阶段，你目前面临那个阶段？

正文：一般来说分手分为两种情况，真性分手和假性分手。假性分手大多是想通过分手，来博得对方的关心和在乎，释放自己的情绪。下面我们来说说真性分手的挽回时间 这是需要根据矛盾的严重程度来预判的。因为当下一定存在短时间内难以调和的矛盾，存在一方已经对另一方忍无可忍。那么这时候就需要给关系降压，不能急于去解决矛盾，带有情绪状态之下做的任何事情都不是理智的，都不会达到预期的效果。切记和对方唱反调，属于吃力不讨好。我特别理解大家失去恋情后的复杂心情，但是要切记“欲速则不达”。快速挽回成功的感情也会快速分手，因为短期相处靠技巧，长期相处靠真实。技巧可以加速挽回，但是你们的根本原因并没有得到解决，你自身也并未得到提升和改变，那么重蹈覆辙的概率也会很高。挽回是慢工出细活，所以一定不要总想着一步登天，有这种心理的我不建议挽回。因为这种心态能成功挽回的概率也就和中头彩差不多，下面是我对于真性分手最佳挽回时间表，可以截图保存，然后对照自己的情况妥善安排。最佳挽回时间：1.一般分手——冷处理时间：一至两周(3-7天)2.轻度真性分手——冷处理时间：两至三周(8-12天)3.中度真性分手——冷处理时间：一个月(13-17天左右)4.重度真性分手——冷处理时间：（18-30天左右)5.原则问题分手(严重犯错)——冷处理时间：一个月至两个月。还有一个判断标准就是根据对方的性格，感情基础比较深的情况下，有些人容易心软，在断开联系的期间会有一个感情的回溯过程，在你无纠缠的状态下对方会主动想起你们美好的回忆，这在心理学上也叫做“近因效应”，那么只要准确识别对方的情绪窗口，然后主动抛出台阶就可以挽回了。其次，如果对方是性格比较倔强的，你们之间的感情浓度也被消磨了很多。那么一定需要配合吸引力的重塑，先让对方感受到你的进步或者变化，先提起对你的兴趣和好奇，那么接下来才能引导对方回忆起你的优点。每个人的情感分手情况都会有一些另外因素，不能按照常规方式，那就需要针对性方式，才能更好的完善解决。一般来说分手后会有四个阶段：距离期→空白期→思考期→以及怀念期。",865,https://tieba.baidu.com/p/9057207031,心爱帮挽回,2024-06-18 14:31:54,baidu_tieba,tieba_client_api,depression,human_style_body_first_no_local_model
A127,8621719953,,human_style_normal_or_unclear,medium,body-first human-style labels: normal_or_unclear.,情感,《前任坚决分手如何才能有效挽回》,一般来说分手分为两种情况，真性分手和假性分手。假性分手大多是想通过分手，来博得对方的关心和在乎，释放自己的情绪。 下面我们来说说真性分手的挽回时间 这是需要根据矛盾的严重程度来预判的。 因为当下一定存在短时间内难以调和的矛盾，存在一方已经对另一方忍无可忍。 那么这时候就需要给关系降压，不能急于去解决矛盾，带有情绪状态之下做的任何事情都不是理智的，都不会达到预期的效果。切记和对方唱反调，属于吃力不讨好。 我特别理解大家失去恋情后的复杂心情，但是要切记“欲速则不达”。 快速挽回成功的感情也会快速分手，因为短期相处靠技巧，长期相处靠真实。 技巧可以加速挽回，但是你们的根本原因并没有得到解决，你自身也并未得到提升和改变，那么重蹈覆辙的概率也会很高。 挽回是慢工出细活，所以一定不要总想着一步登天，有这种心理的我不建议挽回。 因为这种心态能成功挽回的概率也就和中头彩差不多，下面是我对于真性分手最佳挽回时间表，可以截图保存，然后对照自己的情况妥善安排。 最佳挽回时间： 1.一般分手——冷处理时间：一至两周(3-7天) 2.轻度真性分手——冷处理时间：两至三周(8-12天) 3.中度真性分手——冷处理时间：一个月(13-17天左右) 4.重度真性分手——冷处理时间：（18-30天左右) 5.原则问题分手(严重犯错)——冷处理时间：一个月至两个月。 《如您有需求，私信留下QQ，第一时间看到联系您，为您针对性帮助，私信留下Q》 还有一个判断标准就是根据对方的性格，感情基础比较深的情况下，有些人容易心软，在断开联系的期间会有一个感情的回溯过程，在你无纠缠的状态下对方会主动想起你们美好的回忆，这在心理学上也叫做“近因效应”，那么只要准确识别对方的情绪窗口，然后主动抛出台阶就可以挽回了。 其次，如果对方是性格比较倔强的，你们之间的感情浓度也被消磨了很多。那么一定需要配合吸引力的重塑，先让对方感受到你的进步或者变化，先提起对你的兴趣和好奇，那么接下来才能引导对方回忆起你的优点。 每个人的情感分手情况都会有一些另外因素，不能按照常规方式，那就需要针对性方式，才能更好的完善解决。 一般来说分手后会有四个阶段： 距离期→空白期→思考期→以及怀念期。,"标题：《前任坚决分手如何才能有效挽回》

正文：一般来说分手分为两种情况，真性分手和假性分手。假性分手大多是想通过分手，来博得对方的关心和在乎，释放自己的情绪。 下面我们来说说真性分手的挽回时间 这是需要根据矛盾的严重程度来预判的。 因为当下一定存在短时间内难以调和的矛盾，存在一方已经对另一方忍无可忍。 那么这时候就需要给关系降压，不能急于去解决矛盾，带有情绪状态之下做的任何事情都不是理智的，都不会达到预期的效果。切记和对方唱反调，属于吃力不讨好。 我特别理解大家失去恋情后的复杂心情，但是要切记“欲速则不达”。 快速挽回成功的感情也会快速分手，因为短期相处靠技巧，长期相处靠真实。 技巧可以加速挽回，但是你们的根本原因并没有得到解决，你自身也并未得到提升和改变，那么重蹈覆辙的概率也会很高。 挽回是慢工出细活，所以一定不要总想着一步登天，有这种心理的我不建议挽回。 因为这种心态能成功挽回的概率也就和中头彩差不多，下面是我对于真性分手最佳挽回时间表，可以截图保存，然后对照自己的情况妥善安排。 最佳挽回时间： 1.一般分手——冷处理时间：一至两周(3-7天) 2.轻度真性分手——冷处理时间：两至三周(8-12天) 3.中度真性分手——冷处理时间：一个月(13-17天左右) 4.重度真性分手——冷处理时间：（18-30天左右) 5.原则问题分手(严重犯错)——冷处理时间：一个月至两个月。 《如您有需求，私信留下QQ，第一时间看到联系您，为您针对性帮助，私信留下Q》 还有一个判断标准就是根据对方的性格，感情基础比较深的情况下，有些人容易心软，在断开联系的期间会有一个感情的回溯过程，在你无纠缠的状态下对方会主动想起你们美好的回忆，这在心理学上也叫做“近因效应”，那么只要准确识别对方的情绪窗口，然后主动抛出台阶就可以挽回了。 其次，如果对方是性格比较倔强的，你们之间的感情浓度也被消磨了很多。那么一定需要配合吸引力的重塑，先让对方感受到你的进步或者变化，先提起对你的兴趣和好奇，那么接下来才能引导对方回忆起你的优点。 每个人的情感分手情况都会有一些另外因素，不能按照常规方式，那就需要针对性方式，才能更好的完善解决。 一般来说分手后会有四个阶段： 距离期→空白期→思考期→以及怀念期。",923,https://tieba.baidu.com/p/8621719953,心爱帮挽回,2023-09-27 08:29:25,baidu_tieba,tieba_client_api,depression,human_style_body_first_no_local_model
A128,10680650888,,human_style_normal_or_unclear,medium,body-first human-style labels: normal_or_unclear.,心情,每天分享正能量语句20160220 雅加达,很多人一生的差别在于成功的人始终积极地思考，用最乐观的精神去讲，去做，去控制自己的人生。,"标题：每天分享正能量语句20160220 雅加达

正文：很多人一生的差别在于成功的人始终积极地思考，用最乐观的精神去讲，去做，去控制自己的人生。",44,https://tieba.baidu.com/p/10680650888,师父说的fyfy,2026-04-30 21:06:37,baidu_tieba,tieba_client_api,depression,human_style_body_first_no_local_model
A129,7960556995,,human_style_normal_or_unclear,medium,body-first human-style labels: normal_or_unclear.,分手,挽回最怕等待和拖延,挽回最怕等待和拖延，如果对方处在情感停滞的状态，挽回男朋友 不愿意提复合，那你就得施加力量逼他一下。假如对方想跟你发展新关系，比如备胎或炮友，这时候你必须得坚决拒绝对方的要求，甚至让对方明白，他如果再这么做，他就会彻底失去你，挽回前任 让他明白，你们之间只能存在恋人的关系。 #情感挽回# 当你在挽回时已经让彼此进入舒适区，你也要保证你的大框架不倾斜，分手复合 别因为鸡毛蒜皮的小事，就被他带入到他的情绪世界，让挽回付之一炬。 #挽回前男友男朋友前任#,"标题：挽回最怕等待和拖延

正文：挽回最怕等待和拖延，如果对方处在情感停滞的状态，挽回男朋友 不愿意提复合，那你就得施加力量逼他一下。假如对方想跟你发展新关系，比如备胎或炮友，这时候你必须得坚决拒绝对方的要求，甚至让对方明白，他如果再这么做，他就会彻底失去你，挽回前任 让他明白，你们之间只能存在恋人的关系。 #情感挽回# 当你在挽回时已经让彼此进入舒适区，你也要保证你的大框架不倾斜，分手复合 别因为鸡毛蒜皮的小事，就被他带入到他的情绪世界，让挽回付之一炬。 #挽回前男友男朋友前任#",226,https://tieba.baidu.com/p/7960556995,心爱帮挽回,2022-08-05 16:16:18,baidu_tieba,tieba_client_api,depression,human_style_body_first_no_local_model
A130,9921039349,,human_style_normal_or_unclear,medium,body-first human-style labels: normal_or_unclear.,分手,真假分手如何判断，又该如何正确挽回。,在爱情的世界里，分手往往是一种苦涩的回忆，但它同样也是人生成长的转折点。有时候，我们会听到别人说，“这是真性分手”，那么，什么是“真性分手”呢？又如何区分“真性分手”与“假性分手”呢？首先，我们要明确“真性分手”与“假性分手”的区别。真性分手是指情侣双方因为感情不和、性格不合或其他原因而确实分手，彼此已经失去了挽回的余地。而假性分手则可能只是因为一时冲动、情绪失控导致的短暂分手，双方可能很快就会和好如初。那么，当我们遇到了真性分手时，应该如何挽回呢？首先，要学会放手。真性分手意味着你们已经尽力挽回，但最终还是无法走到一起。放手是一种成长的过程，也是为了更好地面对未来的生活。其次，要学会反思自己。分手后，我们要对自己进行全面的剖析，找出自己的不足之处，并努力改变自己，让自己变得更优秀。最后，要尝试重新建立新的人际关系。在分手后，我们可以尝试拓展自己的社交圈子，认识新的人，也许会有新的爱情机遇等着我们。然而，有时候分手并非我们的意愿，而是被他人所逼迫。在这种情况下，我们要学会分辨“假性分手”，并采取适当的行动。如果对方只是因为寂寞或者玩玩罢了，我们可以尝试继续保持联系，但不要过多地干涉彼此的生活。如果对方是真心想分手，那么我们可以尝试通过朋友或心理咨询师的帮助，了解分手的原因，并学会如何处理后续的关系。无论遇到哪种分手情况，我们都应该学会成长。真性分手或许让我们更加珍惜曾经拥有的美好，假性分手则让我们更加明白爱情的真谛。在爱情的世界里，没有对错，只有经营。希望大家能够在分手后，找到属于自己的成长与收获，祝愿大家都能拥有美好的新生活。,"标题：真假分手如何判断，又该如何正确挽回。

正文：在爱情的世界里，分手往往是一种苦涩的回忆，但它同样也是人生成长的转折点。有时候，我们会听到别人说，“这是真性分手”，那么，什么是“真性分手”呢？又如何区分“真性分手”与“假性分手”呢？首先，我们要明确“真性分手”与“假性分手”的区别。真性分手是指情侣双方因为感情不和、性格不合或其他原因而确实分手，彼此已经失去了挽回的余地。而假性分手则可能只是因为一时冲动、情绪失控导致的短暂分手，双方可能很快就会和好如初。那么，当我们遇到了真性分手时，应该如何挽回呢？首先，要学会放手。真性分手意味着你们已经尽力挽回，但最终还是无法走到一起。放手是一种成长的过程，也是为了更好地面对未来的生活。其次，要学会反思自己。分手后，我们要对自己进行全面的剖析，找出自己的不足之处，并努力改变自己，让自己变得更优秀。最后，要尝试重新建立新的人际关系。在分手后，我们可以尝试拓展自己的社交圈子，认识新的人，也许会有新的爱情机遇等着我们。然而，有时候分手并非我们的意愿，而是被他人所逼迫。在这种情况下，我们要学会分辨“假性分手”，并采取适当的行动。如果对方只是因为寂寞或者玩玩罢了，我们可以尝试继续保持联系，但不要过多地干涉彼此的生活。如果对方是真心想分手，那么我们可以尝试通过朋友或心理咨询师的帮助，了解分手的原因，并学会如何处理后续的关系。无论遇到哪种分手情况，我们都应该学会成长。真性分手或许让我们更加珍惜曾经拥有的美好，假性分手则让我们更加明白爱情的真谛。在爱情的世界里，没有对错，只有经营。希望大家能够在分手后，找到属于自己的成长与收获，祝愿大家都能拥有美好的新生活。",675,https://tieba.baidu.com/p/9921039349,心爱帮挽回,2025-08-02 10:58:04,baidu_tieba,tieba_client_api,depression,human_style_body_first_no_local_model
A131,10545834457,"depression,anxiety,abuse",human_style_labeled,high,body-first human-style labels: 明显低落、绝望、无意义感或抑郁相关表达; 焦虑、惊恐、失眠、强迫或躯体化表达; 辱骂、霸凌、家暴、网暴、造谣或攻击性语言.,分手,关于谈了三年女友异地半年出轨 把我骗到她老家把我甩了这件事,我在福州我女朋友是龙岩人 谈了三年 去年五月她大学毕业回龙岩工作 2月份因为异地她不肯见面 冷战了一个星期 年初七 女朋友让我去龙岩虎岗 开了四百多公里 下午两点半从南平出发 到晚上八点才到 到了以后她说分手在她家里 她父母朋友都在 她跟她父母朋友说了要分手 让ta们跟我说 后面我问她怎么想 她笑着对我说就是这样的 被羞辱了一番然后被赶走 后续我开了3个小时的车回福州待了一天 不敢回南平不知道怎么跟家里说 回去后她把我全部联系方式都拉黑了 我想追回她 短信给她发了上百条信息 因为电话打不通 她一条信息没回我 就在昨天她回了微信 把抖音也拉回来了 给我发了一堆 男生没钱不能在一起 还有她emo的视频 然后说了一大堆 我浪费她青春的话 说我在福州她在龙岩包出轨的 还说公司有男同事追她了 但她拒绝了 她说她原谅我了 然后我就求她能不能复合 她就把我拉黑了 今天晚上八点半我给她打电话她说她在加班 其实可能在跟其他男人那啥 我也知道 她公司五点半下班 不可能加班到这么晚 我就奔溃了拉黑了她所有的联系方式 后续我恋爱脑上头 又给她打电话 显示的是呼叫转移说明又被她拉黑了 我觉得我好痛苦我知道自己碰到了一个很差劲的人 我知道她出轨了 还把我骗过去千里迢迢羞辱我 在虎岗在她家她对她闺蜜说的 你有男人追吗 更是扎心 我现在每晚都夜不能寐 我真的好爱她 也很恨她 开工到现在 我每天都熬到凌晨四五点才能睡 早上八点又要上班 每天就睡三四个小时 每周日单休但又都睡不好 睡个五个小时就做噩梦醒了 我现在浑身从心到身体各个部位都在疼 我感觉自己快要死了 但还是走不出 我爸妈都快六十岁了以后还要我养 这几天我经常想 要不然就不活了吧 太痛也太累了 但身上负担太多又不能这么轻松离开 现实生活中我从来没跟别人说过 怕被人取笑当成笑柄 我很要面子 #福州爱情故事#,"标题：关于谈了三年女友异地半年出轨 把我骗到她老家把我甩了这件事

正文：我在福州我女朋友是龙岩人 谈了三年 去年五月她大学毕业回龙岩工作 2月份因为异地她不肯见面 冷战了一个星期 年初七 女朋友让我去龙岩虎岗 开了四百多公里 下午两点半从南平出发 到晚上八点才到 到了以后她说分手在她家里 她父母朋友都在 她跟她父母朋友说了要分手 让ta们跟我说 后面我问她怎么想 她笑着对我说就是这样的 被羞辱了一番然后被赶走 后续我开了3个小时的车回福州待了一天 不敢回南平不知道怎么跟家里说 回去后她把我全部联系方式都拉黑了 我想追回她 短信给她发了上百条信息 因为电话打不通 她一条信息没回我 就在昨天她回了微信 把抖音也拉回来了 给我发了一堆 男生没钱不能在一起 还有她emo的视频 然后说了一大堆 我浪费她青春的话 说我在福州她在龙岩包出轨的 还说公司有男同事追她了 但她拒绝了 她说她原谅我了 然后我就求她能不能复合 她就把我拉黑了 今天晚上八点半我给她打电话她说她在加班 其实可能在跟其他男人那啥 我也知道 她公司五点半下班 不可能加班到这么晚 我就奔溃了拉黑了她所有的联系方式 后续我恋爱脑上头 又给她打电话 显示的是呼叫转移说明又被她拉黑了 我觉得我好痛苦我知道自己碰到了一个很差劲的人 我知道她出轨了 还把我骗过去千里迢迢羞辱我 在虎岗在她家她对她闺蜜说的 你有男人追吗 更是扎心 我现在每晚都夜不能寐 我真的好爱她 也很恨她 开工到现在 我每天都熬到凌晨四五点才能睡 早上八点又要上班 每天就睡三四个小时 每周日单休但又都睡不好 睡个五个小时就做噩梦醒了 我现在浑身从心到身体各个部位都在疼 我感觉自己快要死了 但还是走不出 我爸妈都快六十岁了以后还要我养 这几天我经常想 要不然就不活了吧 太痛也太累了 但身上负担太多又不能这么轻松离开 现实生活中我从来没跟别人说过 怕被人取笑当成笑柄 我很要面子 #福州爱情故事#",777,https://tieba.baidu.com/p/10545834457,花锦啊,2026-03-10 01:39:37,baidu_tieba,tieba_client_api,depression,human_style_body_first_no_local_model
A132,10681150535,"depression,anxiety,social_withdrawal",human_style_labeled,high,body-first human-style labels: 明显低落、绝望、无意义感或抑郁相关表达; 焦虑、惊恐、失眠、强迫或躯体化表达; 社交回避、孤独、闭门不出或退缩.,抑郁症,16岁，想开始独立生活，想听听大家的建议,"不想待在这个，令我感到不安的家庭，可一个16岁的辍学青年，既无住所，也无工作，该如何自主生活呢。没满18岁的一个辍学青年，似乎什么也不是，什么都被这个年龄限制着。 en,满十六了，能从事一些轻工作，有什么推荐吗？ 坐标：广西南宁","标题：16岁，想开始独立生活，想听听大家的建议

正文：不想待在这个，令我感到不安的家庭，可一个16岁的辍学青年，既无住所，也无工作，该如何自主生活呢。没满18岁的一个辍学青年，似乎什么也不是，什么都被这个年龄限制着。 en,满十六了，能从事一些轻工作，有什么推荐吗？ 坐标：广西南宁",114,https://tieba.baidu.com/p/10681150535,云道也,2026-05-01 01:43:44,baidu_tieba,tieba_client_api,depression,human_style_body_first_no_local_model
A133,10663117622,,human_style_normal_or_unclear,medium,body-first human-style labels: normal_or_unclear.,树洞,生活的意义到底是什么？,18-25这个年纪，是用最好的自己去体验生活还是去传宗接代呢？,"标题：生活的意义到底是什么？

正文：18-25这个年纪，是用最好的自己去体验生活还是去传宗接代呢？",31,https://tieba.baidu.com/p/10663117622,芝士泡沫,2026-04-23 23:36:34,baidu_tieba,tieba_client_api,depression,human_style_body_first_no_local_model
A134,10385898751,,human_style_normal_or_unclear,medium,body-first human-style labels: normal_or_unclear.,分手,欲擒故纵：一个动作勾起前任复合欲望,我们知道，很多人恋爱的时候，特别喜欢使用欲擒故纵的招数，简直百试不爽。这个策略其实对于挽回同样有用。 主要策略包括：在分手初期采取“先抓”的方式，通过道歉、示弱和示好的举动来挽回对方；在分手中期采取“后放”的策略，选择放弃，激发对方对失去的厌恶心理；而在分手后期则使用“欲抓再放”的原则，把被动的局面转变为主动，提升自己的地位。 为啥说这招可以帮助你挽回前任？ 因为这个方法论是服从于人性中的损失厌恶的。 举个例子，今天你在马路边捡到了100元，你的开心估计维持三天。但如果你不小心丢了100元，你可能会郁闷一周的时间。 人类天生就对失去产生一种反感。人类承受失去所带来的痛苦，远比获得的快乐要强烈得多。 “失去”会让人产生一种珍贵感，本来觉得平常的事物，一旦失去，就会让人感到痛苦和遗憾。,"标题：欲擒故纵：一个动作勾起前任复合欲望

正文：我们知道，很多人恋爱的时候，特别喜欢使用欲擒故纵的招数，简直百试不爽。这个策略其实对于挽回同样有用。 主要策略包括：在分手初期采取“先抓”的方式，通过道歉、示弱和示好的举动来挽回对方；在分手中期采取“后放”的策略，选择放弃，激发对方对失去的厌恶心理；而在分手后期则使用“欲抓再放”的原则，把被动的局面转变为主动，提升自己的地位。 为啥说这招可以帮助你挽回前任？ 因为这个方法论是服从于人性中的损失厌恶的。 举个例子，今天你在马路边捡到了100元，你的开心估计维持三天。但如果你不小心丢了100元，你可能会郁闷一周的时间。 人类天生就对失去产生一种反感。人类承受失去所带来的痛苦，远比获得的快乐要强烈得多。 “失去”会让人产生一种珍贵感，本来觉得平常的事物，一旦失去，就会让人感到痛苦和遗憾。",345,https://tieba.baidu.com/p/10385898751,心爱帮挽回,2026-01-11 08:27:12,baidu_tieba,tieba_client_api,depression,human_style_body_first_no_local_model
A135,10639680608,"depression,social_withdrawal",human_style_labeled,high,body-first human-style labels: 明显低落、绝望、无意义感或抑郁相关表达; 社交回避、孤独、闭门不出或退缩.,树洞,越来越觉得网上交不到真朋友,在贴吧加过不少网友，本来以为能找到同频的人相互分享日常，结果发现至少有一半多人是把我当情绪吐槽口。每次他们噼里啪啦说一堆，吐槽工作、吐槽生活、吐槽家庭，我都一条一条回。可只要我开口说自己的事，他们要么回一个 “哦”“嗯”要么是敷衍回复一两句，要么直接转移话题又说回他们自己。 还有些网友，聊着聊着就突然“消失”了，好几天都不回消息，也不知道是真的忙，还是根本就没把我当回事。 难道网上交朋友就只能是单方面输出吗？真的好难遇到那种愿意互相倾听的人啊。,"标题：越来越觉得网上交不到真朋友

正文：在贴吧加过不少网友，本来以为能找到同频的人相互分享日常，结果发现至少有一半多人是把我当情绪吐槽口。每次他们噼里啪啦说一堆，吐槽工作、吐槽生活、吐槽家庭，我都一条一条回。可只要我开口说自己的事，他们要么回一个 “哦”“嗯”要么是敷衍回复一两句，要么直接转移话题又说回他们自己。 还有些网友，聊着聊着就突然“消失”了，好几天都不回消息，也不知道是真的忙，还是根本就没把我当回事。 难道网上交朋友就只能是单方面输出吗？真的好难遇到那种愿意互相倾听的人啊。",224,https://tieba.baidu.com/p/10639680608,Valium🍄,2026-04-15 00:27:23,baidu_tieba,tieba_client_api,depression,human_style_body_first_no_local_model
A136,10665548375,,human_style_normal_or_unclear,medium,body-first human-style labels: normal_or_unclear.,心情,诗集推荐：《已过数载，不知花落》,最近读到一本很有感触的诗集——《已过数载，不知花落》。nn这本诗集收录了作者多年的诗作，从青涩到成熟。风格兼具古典韵味与现代直白，主题关于时间、离别、成长。nn有些句子读来让人心头一颤：n刻意堆砌辞藻，却能让人生出无限的惆怅，读着读者就入了心。nn适合喜欢安静读诗或借诗抒怀的朋友。愿我们都能在诗中找到片刻宁静。nn世界读书日快乐！,"标题：诗集推荐：《已过数载，不知花落》

正文：最近读到一本很有感触的诗集——《已过数载，不知花落》。nn这本诗集收录了作者多年的诗作，从青涩到成熟。风格兼具古典韵味与现代直白，主题关于时间、离别、成长。nn有些句子读来让人心头一颤：n刻意堆砌辞藻，却能让人生出无限的惆怅，读着读者就入了心。nn适合喜欢安静读诗或借诗抒怀的朋友。愿我们都能在诗中找到片刻宁静。nn世界读书日快乐！",166,https://tieba.baidu.com/p/10665548375,贴吧用户_5J3ZXb4,2026-04-24 21:51:23,baidu_tieba,tieba_client_api,depression,human_style_body_first_no_local_model
A137,10665545880,,human_style_normal_or_unclear,medium,body-first human-style labels: normal_or_unclear.,心情,诗集推荐：《已过数载，不知花落》,最近读到一本很有感触的诗集——《已过数载，不知花落》。nn这本诗集收录了作者多年的诗作，从青涩到成熟。风格兼具古典韵味与现代直白，主题关于时间、离别、成长。nn有些句子读来让人心头一颤：n刻意堆砌辞藻，却能让人生出无限的惆怅，读着读者就入了心。nn适合喜欢安静读诗或借诗抒怀的朋友。愿我们都能在诗中找到片刻宁静。nn世界读书日快乐！,"标题：诗集推荐：《已过数载，不知花落》

正文：最近读到一本很有感触的诗集——《已过数载，不知花落》。nn这本诗集收录了作者多年的诗作，从青涩到成熟。风格兼具古典韵味与现代直白，主题关于时间、离别、成长。nn有些句子读来让人心头一颤：n刻意堆砌辞藻，却能让人生出无限的惆怅，读着读者就入了心。nn适合喜欢安静读诗或借诗抒怀的朋友。愿我们都能在诗中找到片刻宁静。nn世界读书日快乐！",166,https://tieba.baidu.com/p/10665545880,贴吧用户_5J3ZXb4,2026-04-24 21:49:52,baidu_tieba,tieba_client_api,depression,human_style_body_first_no_local_model
A138,10544905485,"depression,academic_stress",human_style_labeled,high,body-first human-style labels: 明显低落、绝望、无意义感或抑郁相关表达; 考试、升学、论文、学校或学习压力.,emo,朋友送的礼物质量太差该咋办,在某书上认识的网友，同年同月同日生的小姐妹。就很巧嘛，两个人就会分享生活中经历的事情，看看有没有相似的。 但是她是比较自我，一直反复分享自己和男人的拉扯，楼主单身，现阶段在备考，对感情没什么兴趣。她经常刷屏式发小作文找我倾诉，我其实是看不进去的，有一搭没一搭地回。直到有一次我跟她讲我备考的emo，她回了一句以后又转移到自己身上说她的感情事，我就很不耐烦了，再也没回过消息。 我们热聊的期间刚好共同过生日，她送我礼物，本来我以为是网友之间的小礼物，就也在本地买了一点纪念品回礼。收到以后发现是一次性胶片机，在网上查了下要100多，感觉很不好意思，又挑了礼物寄过去。 一次性胶片机拍完之后送去冲洗，商家说是后期分装机，心里很不舒服了突然。,"标题：朋友送的礼物质量太差该咋办

正文：在某书上认识的网友，同年同月同日生的小姐妹。就很巧嘛，两个人就会分享生活中经历的事情，看看有没有相似的。 但是她是比较自我，一直反复分享自己和男人的拉扯，楼主单身，现阶段在备考，对感情没什么兴趣。她经常刷屏式发小作文找我倾诉，我其实是看不进去的，有一搭没一搭地回。直到有一次我跟她讲我备考的emo，她回了一句以后又转移到自己身上说她的感情事，我就很不耐烦了，再也没回过消息。 我们热聊的期间刚好共同过生日，她送我礼物，本来我以为是网友之间的小礼物，就也在本地买了一点纪念品回礼。收到以后发现是一次性胶片机，在网上查了下要100多，感觉很不好意思，又挑了礼物寄过去。 一次性胶片机拍完之后送去冲洗，商家说是后期分装机，心里很不舒服了突然。",318,https://tieba.baidu.com/p/10544905485,一北见,2026-03-09 17:21:04,baidu_tieba,tieba_client_api,depression,human_style_body_first_no_local_model
A139,10634578672,,human_style_normal_or_unclear,medium,body-first human-style labels: normal_or_unclear.,emo,我那个豆豆,？不是真的会自残吗。好奇,"标题：我那个豆豆

正文：？不是真的会自残吗。好奇",12,https://tieba.baidu.com/p/10634578672,小凝格2cffd,2026-04-13 01:30:11,baidu_tieba,tieba_client_api,depression,human_style_body_first_no_local_model
A140,10668306204,anxiety,human_style_labeled,medium,body-first human-style labels: 焦虑、惊恐、失眠、强迫或躯体化表达.,树洞,求大佬们看看什么情况,我在评论区认识了一个女生，是因为她说只要可以见面她都不介意，然后我们就聊起来了，刚刚开始的时候她非常冷淡直到我说了我要追她时的那一周她和我聊的挺好的，可是这周她却开始冷漠了不知道怎么了然后还绑了个恋人关系头像和她用的一样我也有点怀疑她是不是有男朋友了怎么办？我还说要给她送生日礼物现在发信息也是已读不回我也不懂怎么开口问她现在我只能偷偷点赞她的作品我现在不知道怎么办了我想问问她是不是有男朋友了。求解🙏 t她还说暑假来找我玩我现在不知道怎么办了，我该不该信呢还要不要送礼物,"标题：求大佬们看看什么情况

正文：我在评论区认识了一个女生，是因为她说只要可以见面她都不介意，然后我们就聊起来了，刚刚开始的时候她非常冷淡直到我说了我要追她时的那一周她和我聊的挺好的，可是这周她却开始冷漠了不知道怎么了然后还绑了个恋人关系头像和她用的一样我也有点怀疑她是不是有男朋友了怎么办？我还说要给她送生日礼物现在发信息也是已读不回我也不懂怎么开口问她现在我只能偷偷点赞她的作品我现在不知道怎么办了我想问问她是不是有男朋友了。求解🙏 t她还说暑假来找我玩我现在不知道怎么办了，我该不该信呢还要不要送礼物",236,https://tieba.baidu.com/p/10668306204,夯不甘,2026-04-26 00:29:25,baidu_tieba,tieba_client_api,depression,human_style_body_first_no_local_model
A141,10431783867,"violence,depression,anxiety,abuse",human_style_labeled,high,body-first human-style labels: 暴力、伤害或暴力威胁/经历; 明显低落、绝望、无意义感或抑郁相关表达; 焦虑、惊恐、失眠、强迫或躯体化表达; 辱骂、霸凌、家暴、网暴、造谣或攻击性语言.,校园霸凌,接着上次的事情接着讲,我上初中，有一次做课间操，那三个小子又开始欺负我，我当时懦弱，不敢还击，结果班上一些女生也开始瞧不起我，一些男生也开始欺负我，其中一个小子甚至当众骂我是“拖油瓶”我当时一下哭了，直接跟他们吵了起来，一个女生甚至踹了我一脚，回到班上，听完事情原委的班主任指着鼻子骂我“可怜之人必有可恨之处”我当时感觉天旋地转，觉得你一个老师怎么能这么说我，但是当时我并没有跟爸爸妈妈讲这事，现在想想就觉得后悔，这件事就这么成了我心里的一块顽疾，每每想起来都会隐隐作痛，他们可能全忘了，但我绝不会忘，可能几年，甚至十几年午夜梦回的时候我都会想起这段往事。 为什么我不告诉爸爸妈妈呢，因为那个时候家里天天吵架，我很没有安全感，觉得告诉了他们他们只会抄的更严重，而且也解决不了我的问题，我也没有告诉他们我要转班甚至转学，我就这么默默忍受着。,"标题：接着上次的事情接着讲

正文：我上初中，有一次做课间操，那三个小子又开始欺负我，我当时懦弱，不敢还击，结果班上一些女生也开始瞧不起我，一些男生也开始欺负我，其中一个小子甚至当众骂我是“拖油瓶”我当时一下哭了，直接跟他们吵了起来，一个女生甚至踹了我一脚，回到班上，听完事情原委的班主任指着鼻子骂我“可怜之人必有可恨之处”我当时感觉天旋地转，觉得你一个老师怎么能这么说我，但是当时我并没有跟爸爸妈妈讲这事，现在想想就觉得后悔，这件事就这么成了我心里的一块顽疾，每每想起来都会隐隐作痛，他们可能全忘了，但我绝不会忘，可能几年，甚至十几年午夜梦回的时候我都会想起这段往事。 为什么我不告诉爸爸妈妈呢，因为那个时候家里天天吵架，我很没有安全感，觉得告诉了他们他们只会抄的更严重，而且也解决不了我的问题，我也没有告诉他们我要转班甚至转学，我就这么默默忍受着。",358,https://tieba.baidu.com/p/10431783867,君基7I,2026-01-26 13:17:06,baidu_tieba,tieba_client_api,abuse,human_style_body_first_no_local_model
A142,9540283329,"violence,depression,anxiety,abuse",human_style_labeled,high,body-first human-style labels: 暴力、伤害或暴力威胁/经历; 明显低落、绝望、无意义感或抑郁相关表达; 焦虑、惊恐、失眠、强迫或躯体化表达; 辱骂、霸凌、家暴、网暴、造谣或攻击性语言.,家暴,我觉得自己是战神,幼儿园中班的时候我家租房子，大床对着大窗户，我坐在床上看着我爸妈吵架，我妈往窗户上面爬，腿迈出去了被我爸拽回来 现在16岁 我依旧父母双全，看着妈妈被爸爸打到大，我天天被爸爸污言秽语大声喷粪暴力威胁，听着我妈日日夜夜跟我诉苦，多次报警没用，妈妈软弱不敢反抗，和朋友在外面玩被妈妈一个电话打过来说我爸把她头打了 我边打车边报警明明第二天还要上班却因为这种事在警局耗到了凌晨三点 两个人在警局闹翻了天最后警察问要不要验伤 我妈告诉我家丑不可外扬 草草了事回了家 我厌烦了 我妈妈说想给我一个完整的家 我妈妈说为了我的学习环境好才有房贷 我妈说为了给我养猫 因为心理问题不上学但开始自己打工之后说我对不起他们给我提供的良好环境 一切困住她的事情都是我造成的吗 是我的错吗 从我第一次在我爸跟我妈吵起来我冲上去骑在我爸身上打他开始我爸就不怎么敢碰我了 我在保护我妈我妈在做什么 我妈在拦我 我妈说别把事闹大 我妈告诉我家丑不可外扬 我恨极了 我恨极了这个人畜不如的爹和这个窝囊的妈 我悔极了出生在这个屎一样的家 我对我的父母现在没有一丝感情 我唯一的要求就是别出人命 别影响到我 吵架声音别传到我这里来 别进我房间 那次他们大吵我拿风扇把我爸膝盖砸了看到他在床上抱着腿哭 我承认我慌了 我怕他真出了什么事 真的残了 赚不来钱不说还要养个嘴喷屎的废物一辈子 刚刚我爸妈再一次吵起来 那边房间声音传到我这边听的一清二楚 过去的时候我妈在哭 我问你们到底想怎么样 我妈说我爸骂他** 明天要上班晚上骂的她不让她睡觉 两个人没说几句又在床上打起来 我第一反应就是我要打死这个畜生 我顺手把旁边用了几年的撑衣杆超起来往我爸腿上抡 我爸疼的拿腿死踹我妈 我妈半天不动我骂我妈让她从床上滚下来 我再一次看到我爸在床上因为疼大喊大哭的样子的时候我只觉得内心无比畅快 一看棍子都被我给打掰了我更爽了 我心疼我妈吗 我当然心疼 但是在她再再再一次想进我房间睡一晚上的时候我坚决告诉她不准 滚出去 你可以拿我的钱去外面住一天酒店 她说第二天要上班 衣服怎么办？妆怎么办？我说你不是把家里所有的事都跟你那个好朋友讲了吗，她既然都说过你实在不想在家住你可以去她那儿和她作伴住一会儿， 她告诉我 家丑不可外扬 我说过一万次我再也不管你们的事了 你被打死吧 你哪天被打死了你也是***的活该 我活该承受这一切吗 我打我爸已经产生了畅快的心理 我不认为我有什么问题 及时我现在没上学我也没有颓废 我想办法自己做化妆师赚钱 我真的觉得自己已经很棒了 所以我到底什么时候才能摆脱,"标题：我觉得自己是战神

正文：幼儿园中班的时候我家租房子，大床对着大窗户，我坐在床上看着我爸妈吵架，我妈往窗户上面爬，腿迈出去了被我爸拽回来 现在16岁 我依旧父母双全，看着妈妈被爸爸打到大，我天天被爸爸污言秽语大声喷粪暴力威胁，听着我妈日日夜夜跟我诉苦，多次报警没用，妈妈软弱不敢反抗，和朋友在外面玩被妈妈一个电话打过来说我爸把她头打了 我边打车边报警明明第二天还要上班却因为这种事在警局耗到了凌晨三点 两个人在警局闹翻了天最后警察问要不要验伤 我妈告诉我家丑不可外扬 草草了事回了家 我厌烦了 我妈妈说想给我一个完整的家 我妈妈说为了我的学习环境好才有房贷 我妈说为了给我养猫 因为心理问题不上学但开始自己打工之后说我对不起他们给我提供的良好环境 一切困住她的事情都是我造成的吗 是我的错吗 从我第一次在我爸跟我妈吵起来我冲上去骑在我爸身上打他开始我爸就不怎么敢碰我了 我在保护我妈我妈在做什么 我妈在拦我 我妈说别把事闹大 我妈告诉我家丑不可外扬 我恨极了 我恨极了这个人畜不如的爹和这个窝囊的妈 我悔极了出生在这个屎一样的家 我对我的父母现在没有一丝感情 我唯一的要求就是别出人命 别影响到我 吵架声音别传到我这里来 别进我房间 那次他们大吵我拿风扇把我爸膝盖砸了看到他在床上抱着腿哭 我承认我慌了 我怕他真出了什么事 真的残了 赚不来钱不说还要养个嘴喷屎的废物一辈子 刚刚我爸妈再一次吵起来 那边房间声音传到我这边听的一清二楚 过去的时候我妈在哭 我问你们到底想怎么样 我妈说我爸骂他** 明天要上班晚上骂的她不让她睡觉 两个人没说几句又在床上打起来 我第一反应就是我要打死这个畜生 我顺手把旁边用了几年的撑衣杆超起来往我爸腿上抡 我爸疼的拿腿死踹我妈 我妈半天不动我骂我妈让她从床上滚下来 我再一次看到我爸在床上因为疼大喊大哭的样子的时候我只觉得内心无比畅快 一看棍子都被我给打掰了我更爽了 我心疼我妈吗 我当然心疼 但是在她再再再一次想进我房间睡一晚上的时候我坚决告诉她不准 滚出去 你可以拿我的钱去外面住一天酒店 她说第二天要上班 衣服怎么办？妆怎么办？我说你不是把家里所有的事都跟你那个好朋友讲了吗，她既然都说过你实在不想在家住你可以去她那儿和她作伴住一会儿， 她告诉我 家丑不可外扬 我说过一万次我再也不管你们的事了 你被打死吧 你哪天被打死了你也是***的活该 我活该承受这一切吗 我打我爸已经产生了畅快的心理 我不认为我有什么问题 及时我现在没上学我也没有颓废 我想办法自己做化妆师赚钱 我真的觉得自己已经很棒了 所以我到底什么时候才能摆脱",1067,https://tieba.baidu.com/p/9540283329,GQYLZS,2025-03-03 00:37:26,baidu_tieba,tieba_client_api,abuse,human_style_body_first_no_local_model
A143,10312473616,"violence,depression,anxiety,abuse",human_style_labeled,high,body-first human-style labels: 暴力、伤害或暴力威胁/经历; 明显低落、绝望、无意义感或抑郁相关表达; 焦虑、惊恐、失眠、强迫或躯体化表达; 辱骂、霸凌、家暴、网暴、造谣或攻击性语言.,家暴,没法释怀，最好的办法是什么？,求助家人们，我内心痛苦烦躁，我小时候亲眼目睹过爸爸家暴妈妈，妈妈在我面前哭我没办法，17岁那年，我报复了回去，与爸爸第一次打架，他在睡觉我上去两拳把他打醒了，然后我俩缠斗起来，我掐着他的脖子把他掐床上了，这是第一次，第2次19岁，我故意找事，其实是心里烦，又想起来以前的事了，我一拳把他打倒在床上了，然后捞着他给他摔在地上了，我妈在拦，我走了，现在我20岁了，说实话依然没有解气，他现在已经不敢在打我妈或者是在我面前嚣张了，但我依然烈火焚身，不想起来不说，一想起来，我就感觉自己打他打的不够狠，但是他现在已经有病了，做了开膛手术，也有可能是我把他气的了，打他没多久就得病了，所以现在我也没法动手了，我怕把他打死，但是我还是气，内心无法释怀，觉得自己上两次打的太轻了，我该怎么办，最好的解决办法是什么？不死不休还是远走高飞呢。我感觉我现在脾气也变的很不好，感觉自己被他影响了，反正我做事都不想做，内心有一股恶气！,"标题：没法释怀，最好的办法是什么？

正文：求助家人们，我内心痛苦烦躁，我小时候亲眼目睹过爸爸家暴妈妈，妈妈在我面前哭我没办法，17岁那年，我报复了回去，与爸爸第一次打架，他在睡觉我上去两拳把他打醒了，然后我俩缠斗起来，我掐着他的脖子把他掐床上了，这是第一次，第2次19岁，我故意找事，其实是心里烦，又想起来以前的事了，我一拳把他打倒在床上了，然后捞着他给他摔在地上了，我妈在拦，我走了，现在我20岁了，说实话依然没有解气，他现在已经不敢在打我妈或者是在我面前嚣张了，但我依然烈火焚身，不想起来不说，一想起来，我就感觉自己打他打的不够狠，但是他现在已经有病了，做了开膛手术，也有可能是我把他气的了，打他没多久就得病了，所以现在我也没法动手了，我怕把他打死，但是我还是气，内心无法释怀，觉得自己上两次打的太轻了，我该怎么办，最好的解决办法是什么？不死不休还是远走高飞呢。我感觉我现在脾气也变的很不好，感觉自己被他影响了，反正我做事都不想做，内心有一股恶气！",405,https://tieba.baidu.com/p/10312473616,雾界隐,2025-12-18 16:44:57,baidu_tieba,tieba_client_api,abuse,human_style_body_first_no_local_model
A144,10109037778,"violence,depression,anxiety,abuse",human_style_labeled,high,body-first human-style labels: 暴力、伤害或暴力威胁/经历; 明显低落、绝望、无意义感或抑郁相关表达; 焦虑、惊恐、失眠、强迫或躯体化表达; 辱骂、霸凌、家暴、网暴、造谣或攻击性语言.,家暴,wcn去j🍊被说伤不够.....好无助该怎么办,我是女生 今年月末才满16 我的父母一直以来都是打骂式教育 今年年初左右确证了重度抑郁 目前休学在家 父母不关心我的身心只觉得我不上学让她们难堪 找各种心理医生想逼我病情快好 让我上学 最近是我不吃家里的饭 因为不好吃我点外卖都是 他们就不给我钱说家里有什么吃什么我没有办法 父亲性格有点超雄 我只要不听他话他就会莫名其妙的打我抑郁期间有段时间没有打最近好像憋不住爆发了把我按在地上打 我去朋友家住了一晚结果当天我爸就发脾气了 我真的很害怕但不知道去哪 我想跟他们分开住 我像老师求助 老师建议我低下头好好跟父母聊聊 我就跟父母说 每个月给我2千生活费其他不用她们管 等我读完书就赚钱把钱还给他们 但是我用的是老手机内存不够 我想让他们换一个 不要多好的只要内存够用就好 他们拒绝了 当晚把我打了一顿说我的要求无理 他们让我去打工赚钱我说我还没有年满16没人敢收我 他说让我去捡垃圾然后自己租房子 后来我听了朋友老师的建议因为她们都对我的家庭有点了解我去求助了她们 听意见去了j🍊那个jc说我这点伤就别想立醉了 还把我骂了一顿我不知道我到底做错了什么 所有人都在怪我我好害怕她们我不想回家但不知道去哪现在在我朋友家但总不能麻烦别人我爸妈会报警找我太麻烦别人了我也没钱不知道该去哪该干什么 就是不想被逼着活着实在没办法了求助一下网友们,"标题：wcn去j🍊被说伤不够.....好无助该怎么办

正文：我是女生 今年月末才满16 我的父母一直以来都是打骂式教育 今年年初左右确证了重度抑郁 目前休学在家 父母不关心我的身心只觉得我不上学让她们难堪 找各种心理医生想逼我病情快好 让我上学 最近是我不吃家里的饭 因为不好吃我点外卖都是 他们就不给我钱说家里有什么吃什么我没有办法 父亲性格有点超雄 我只要不听他话他就会莫名其妙的打我抑郁期间有段时间没有打最近好像憋不住爆发了把我按在地上打 我去朋友家住了一晚结果当天我爸就发脾气了 我真的很害怕但不知道去哪 我想跟他们分开住 我像老师求助 老师建议我低下头好好跟父母聊聊 我就跟父母说 每个月给我2千生活费其他不用她们管 等我读完书就赚钱把钱还给他们 但是我用的是老手机内存不够 我想让他们换一个 不要多好的只要内存够用就好 他们拒绝了 当晚把我打了一顿说我的要求无理 他们让我去打工赚钱我说我还没有年满16没人敢收我 他说让我去捡垃圾然后自己租房子 后来我听了朋友老师的建议因为她们都对我的家庭有点了解我去求助了她们 听意见去了j🍊那个jc说我这点伤就别想立醉了 还把我骂了一顿我不知道我到底做错了什么 所有人都在怪我我好害怕她们我不想回家但不知道去哪现在在我朋友家但总不能麻烦别人我爸妈会报警找我太麻烦别人了我也没钱不知道该去哪该干什么 就是不想被逼着活着实在没办法了求助一下网友们",566,https://tieba.baidu.com/p/10109037778,小许相亲ed6da,2025-10-09 04:40:41,baidu_tieba,tieba_client_api,abuse,human_style_body_first_no_local_model
A145,10474668863,"self_harm,violence,depression,abuse",human_style_labeled,high,body-first human-style labels: 自伤/轻生相关表达; 暴力、伤害或暴力威胁/经历; 明显低落、绝望、无意义感或抑郁相关表达; 辱骂、霸凌、家暴、网暴、造谣或攻击性语言.,校园霸凌,强成了过错,那个呢，由于嫉妒心理加上其他变量，导致主霸凌者心里扭曲，他就开始设计栽赃陷害我，他把我身边所有的舍友都聚拢一起谋划要制裁我，总共11个人，然后被打之后，没有选择报警，因为我心比较大，感觉没啥事，打完我就呼呼大睡了，因为我感觉打就打完了，还感觉痛快，他们就更不乐意了，睡觉都不让我睡，所以这一点让我很痛苦，这时候我才意识到问题的严重性，然后我就穷图末路了，最后一个办法只能拿命了，但是感觉他们命不值钱，我换他们不值得，还有就是我走之后世上没人会记得我的种种了，怪悲哀的，之后两年班里形形色色的人怎么对我，我都放开了底线，活的像个傻子，初3分班的时候，想认真了，但是发现回不来了状态，之后一直持续那种讨好的状态，一直想交朋友，不想挨打，现在呢，我高三了，我真的，很痛苦，当中这几年一直运动缓解，没有停下来过，上高中后，这个学校也没有篮球场，基本停止了运动，之后我发现一静下来，我就内心非常压抑，非常痛苦，而且完全想不明白，而且还感觉不真实，现在休学了。 旁观者清，人多力量大，请各位贴友了解了解,"标题：强成了过错

正文：那个呢，由于嫉妒心理加上其他变量，导致主霸凌者心里扭曲，他就开始设计栽赃陷害我，他把我身边所有的舍友都聚拢一起谋划要制裁我，总共11个人，然后被打之后，没有选择报警，因为我心比较大，感觉没啥事，打完我就呼呼大睡了，因为我感觉打就打完了，还感觉痛快，他们就更不乐意了，睡觉都不让我睡，所以这一点让我很痛苦，这时候我才意识到问题的严重性，然后我就穷图末路了，最后一个办法只能拿命了，但是感觉他们命不值钱，我换他们不值得，还有就是我走之后世上没人会记得我的种种了，怪悲哀的，之后两年班里形形色色的人怎么对我，我都放开了底线，活的像个傻子，初3分班的时候，想认真了，但是发现回不来了状态，之后一直持续那种讨好的状态，一直想交朋友，不想挨打，现在呢，我高三了，我真的，很痛苦，当中这几年一直运动缓解，没有停下来过，上高中后，这个学校也没有篮球场，基本停止了运动，之后我发现一静下来，我就内心非常压抑，非常痛苦，而且完全想不明白，而且还感觉不真实，现在休学了。 旁观者清，人多力量大，请各位贴友了解了解",445,https://tieba.baidu.com/p/10474668863,贴吧用户_GC743aA,2026-02-09 20:28:44,baidu_tieba,tieba_client_api,abuse,human_style_body_first_no_local_model
A146,10399421358,"violence,anxiety,abuse",human_style_labeled,high,body-first human-style labels: 暴力、伤害或暴力威胁/经历; 焦虑、惊恐、失眠、强迫或躯体化表达; 辱骂、霸凌、家暴、网暴、造谣或攻击性语言.,家暴,如何制裁暴力狂父亲,我爸一直以来被我也PUA，现在来PUA我，现在他瞪我和准备打我已经是常态了，看见有关他的东西我会下意识的恐惧，甚至听到别人大声说话我都会下个半死，劝父母(70后）离婚，母亲只让我忍受(实则她也被PUA完了）高二的，怎么搞？,"标题：如何制裁暴力狂父亲

正文：我爸一直以来被我也PUA，现在来PUA我，现在他瞪我和准备打我已经是常态了，看见有关他的东西我会下意识的恐惧，甚至听到别人大声说话我都会下个半死，劝父母(70后）离婚，母亲只让我忍受(实则她也被PUA完了）高二的，怎么搞？",111,https://tieba.baidu.com/p/10399421358,贴吧用户_GPGKM6W,2026-01-15 16:22:04,baidu_tieba,tieba_client_api,abuse,human_style_body_first_no_local_model
A147,10655692822,"depression,anxiety,social_withdrawal,abuse",human_style_labeled,high,body-first human-style labels: 明显低落、绝望、无意义感或抑郁相关表达; 焦虑、惊恐、失眠、强迫或躯体化表达; 社交回避、孤独、闭门不出或退缩; 辱骂、霸凌、家暴、网暴、造谣或攻击性语言.,校园霸凌,有没有人跟我一样，老是被过去折磨,一闲下来就完蛋，脑子就像自动播放一样，全是以前被欺负、被骂、被人侮辱的画面。我还以为时间会帮我忘记这些，但我还是会想： 为什么当时不反抗？为什么连一句反驳的话都不说，以为一味的忍让会换来平静 忙的时候还能挡一挡，有事做就不想。但只要一安静，那些破事全回来了，压得胸口闷，喘不上气。眼泪自己掉，哭够了就直接睡过去。 前段时间好不容易好一点，以为自己终于走出来了。结果最近又开始反复，根本控制不住。 我现在才明白，伤根本没好，只是暂时盖住了。 想问一下，有没有人和我一样？可以给点解决方法吗,"标题：有没有人跟我一样，老是被过去折磨

正文：一闲下来就完蛋，脑子就像自动播放一样，全是以前被欺负、被骂、被人侮辱的画面。我还以为时间会帮我忘记这些，但我还是会想： 为什么当时不反抗？为什么连一句反驳的话都不说，以为一味的忍让会换来平静 忙的时候还能挡一挡，有事做就不想。但只要一安静，那些破事全回来了，压得胸口闷，喘不上气。眼泪自己掉，哭够了就直接睡过去。 前段时间好不容易好一点，以为自己终于走出来了。结果最近又开始反复，根本控制不住。 我现在才明白，伤根本没好，只是暂时盖住了。 想问一下，有没有人和我一样？可以给点解决方法吗",243,https://tieba.baidu.com/p/10655692822,戳鹅,2026-04-21 05:58:47,baidu_tieba,tieba_client_api,abuse,human_style_body_first_no_local_model
A148,10404520230,"violence,anxiety,abuse",human_style_labeled,high,body-first human-style labels: 暴力、伤害或暴力威胁/经历; 焦虑、惊恐、失眠、强迫或躯体化表达; 辱骂、霸凌、家暴、网暴、造谣或攻击性语言.,校园霸凌,现在我都不知道该怎么办了,以前被同学取外号没用的东西，我还不敢还击，他们每天上课都说我，现在我真的想报复回去，你们觉得我该怎么做？,"标题：现在我都不知道该怎么办了

正文：以前被同学取外号没用的东西，我还不敢还击，他们每天上课都说我，现在我真的想报复回去，你们觉得我该怎么做？",52,https://tieba.baidu.com/p/10404520230,vcixzz,2026-01-17 08:23:05,baidu_tieba,tieba_client_api,abuse,human_style_body_first_no_local_model
A149,10536824948,"anxiety,social_withdrawal,abuse",human_style_labeled,high,body-first human-style labels: 焦虑、惊恐、失眠、强迫或躯体化表达; 社交回避、孤独、闭门不出或退缩; 辱骂、霸凌、家暴、网暴、造谣或攻击性语言.,校园霸凌,被取外号怎么办？,我是一个初二下册的学生，我刚进，我现在的这个班级全都是混的人，但其实没什么所谓的适应能力比较强，但就是不知道从哪天开始，他们莫名其妙开始孤立我，然后给我取外号，这些都无所谓，因为他们不舞到我面前，但是最近他们当着我的面喊，我不知道怎么反驳，我不知道怎么做，他们还时不时发出笑声嘲笑我，因为身体原因我气质和肤色都偏白偏柔，然后他们就叫我公主，老师也不管我该怎么办？,"标题：被取外号怎么办？

正文：我是一个初二下册的学生，我刚进，我现在的这个班级全都是混的人，但其实没什么所谓的适应能力比较强，但就是不知道从哪天开始，他们莫名其妙开始孤立我，然后给我取外号，这些都无所谓，因为他们不舞到我面前，但是最近他们当着我的面喊，我不知道怎么反驳，我不知道怎么做，他们还时不时发出笑声嘲笑我，因为身体原因我气质和肤色都偏白偏柔，然后他们就叫我公主，老师也不管我该怎么办？",181,https://tieba.baidu.com/p/10536824948,风吹过海棠花,2026-03-06 13:06:56,baidu_tieba,tieba_client_api,abuse,human_style_body_first_no_local_model
A150,10676080553,"depression,anxiety",human_style_labeled,high,body-first human-style labels: 明显低落、绝望、无意义感或抑郁相关表达; 焦虑、惊恐、失眠、强迫或躯体化表达.,孙笑川,有人可以救救性瘾吗😭,好痛苦，明明还有好多事做，一个人独处的时候就想七想八。我明明也是一个自己独立完成了很多事的理科生，遇到什么问题我都会去寻找解决路径和方法，我知道这是脑部成瘾了，路径依赖，但是我没有办法解决真的好痛苦，是形成了习惯一样。我真的没有办法了，我不想这样了，谁能帮帮我。我真的不是钓鱼，钓鱼的这辈子发不了财，我真的感觉好痛苦影响到我生活了 到底要怎么办才可以，我要不要去医院挂什么科目啊 有什么药可以组织吗,"标题：有人可以救救性瘾吗😭

正文：好痛苦，明明还有好多事做，一个人独处的时候就想七想八。我明明也是一个自己独立完成了很多事的理科生，遇到什么问题我都会去寻找解决路径和方法，我知道这是脑部成瘾了，路径依赖，但是我没有办法解决真的好痛苦，是形成了习惯一样。我真的没有办法了，我不想这样了，谁能帮帮我。我真的不是钓鱼，钓鱼的这辈子发不了财，我真的感觉好痛苦影响到我生活了 到底要怎么办才可以，我要不要去医院挂什么科目啊 有什么药可以组织吗",199,https://tieba.baidu.com/p/10676080553,OVcbg,2026-04-29 04:36:35,baidu_tieba,tieba_client_api,abuse,human_style_body_first_no_local_model
A151,6567116687,"violence,anxiety,academic_stress,abuse",human_style_labeled,high,body-first human-style labels: 暴力、伤害或暴力威胁/经历; 焦虑、惊恐、失眠、强迫或躯体化表达; 考试、升学、论文、学校或学习压力; 辱骂、霸凌、家暴、网暴、造谣或攻击性语言.,家暴,我是个14岁的男孩，正在上初一，平时学习还行，年级前30吧。,我是个14岁的男孩，正在上初一，平时学习还行，年级前30吧。就在昨天，因为老师把未完成作业的人照片截图发了出来。我妈就把我用拖鞋往头上打了，我只能用手保护自己，然后，我妈把我拉在外面用板凳，木头的，砸我的头。我只能保护自己。然后打我的肚子，胸口。这个作业老师星期五明明说的是周末作业，可第二天却说是今天作业，把我名字发了出来。并且老师10点发出来的，我在12点在不知情的情况下写完了发了出去。第二天早上和我的小姨谈起来还笑着说说，就打了几下，没事，我妈就初中学历，总是说自己没文化，我反驳她，她就说滚，让我别骂人，她自己却老子，***说的老多。我爸也是个神经病，老有什么事，就盯着我看，还老是爱摸我的头，我说了很多次不要摸了，可他就是跟个sb一样呵呵的笑，一有事，就跟着我妈一起轰炸。我真的不知道怎么办了，求帮忙了。,"标题：我是个14岁的男孩，正在上初一，平时学习还行，年级前30吧。

正文：我是个14岁的男孩，正在上初一，平时学习还行，年级前30吧。就在昨天，因为老师把未完成作业的人照片截图发了出来。我妈就把我用拖鞋往头上打了，我只能用手保护自己，然后，我妈把我拉在外面用板凳，木头的，砸我的头。我只能保护自己。然后打我的肚子，胸口。这个作业老师星期五明明说的是周末作业，可第二天却说是今天作业，把我名字发了出来。并且老师10点发出来的，我在12点在不知情的情况下写完了发了出去。第二天早上和我的小姨谈起来还笑着说说，就打了几下，没事，我妈就初中学历，总是说自己没文化，我反驳她，她就说滚，让我别骂人，她自己却老子，***说的老多。我爸也是个神经病，老有什么事，就盯着我看，还老是爱摸我的头，我说了很多次不要摸了，可他就是跟个sb一样呵呵的笑，一有事，就跟着我妈一起轰炸。我真的不知道怎么办了，求帮忙了。",358,https://tieba.baidu.com/p/6567116687,贴吧用户_a4a4yZ1,2020-03-22 10:25:45,baidu_tieba,tieba_client_api,abuse,human_style_body_first_no_local_model
A152,10632186268,"self_harm,depression,abuse",human_style_labeled,high,body-first human-style labels: 自伤/轻生相关表达; 明显低落、绝望、无意义感或抑郁相关表达; 辱骂、霸凌、家暴、网暴、造谣或攻击性语言.,孙笑川,把女盆友逼的割 弯我是个萨波一我是个处生,我和她是大一认识的是24年11月份在一起的，刚在一起的时候特别幸福，我当时认定她是我的唯一因为 鼠鼠 9是个小楚男，她也是都是没有谈过几次恋爱的，发这个贴子是因为我想找人倾诉一下我憋着好难受 #鼠鼠恋爱困局怎么破#,"标题：把女盆友逼的割 弯我是个萨波一我是个处生

正文：我和她是大一认识的是24年11月份在一起的，刚在一起的时候特别幸福，我当时认定她是我的唯一因为 鼠鼠 9是个小楚男，她也是都是没有谈过几次恋爱的，发这个贴子是因为我想找人倾诉一下我憋着好难受 #鼠鼠恋爱困局怎么破#",107,https://tieba.baidu.com/p/10632186268,祝福我没会员,2026-04-12 02:07:14,baidu_tieba,tieba_client_api,abuse,human_style_body_first_no_local_model
A153,10305903217,abuse,human_style_labeled,medium,body-first human-style labels: 辱骂、霸凌、家暴、网暴、造谣或攻击性语言.,网络暴力,罗兔兔改编周杰伦《完美主义》：《罗兔兔被网暴暴力》,如果说作品，可以发布，如果说画作，能够走红。 如果这一切 ，真的可以，我想要将我的，作品推广。 然后在这里，不限日期，然后将过去，慢慢温习。 让我爱上你，那场直播，是你完美演出的，一场戏。 宁愿被人造谣，再狠狠忘记，你骂过我的证据。 让晶莹的泪滴，闪烁成回忆，伤人的谣言。 你的兔子画作，太难看，让我连丑都，难以浏览。 将罗兔兔瓜，写成日记，像是一场真相。 你的OC画作，太难看，造谣的话像，网络暴力 我已无能为力，再容忍，决定举报谣言。 然后在这里，不限日期，然后将过去，慢慢温习。 让我爱上你，那场直播，是你完美演出的，一场戏。 宁愿被人造谣，再狠狠忘记，你骂过我的证据。 让晶莹的泪滴，闪烁成回忆，伤人的谣言。 你的兔子画作，太难看，让我连丑都，难以浏览。 将罗兔兔瓜，写成日记，像是一场真相。 你的OC画作，太难看，造谣的话像，网络暴力 我已无能为力，再容忍，决定举报谣言。 罗兔兔罗兔兔，罗兔兔，罗兔兔罗兔兔，罗兔兔 罗兔兔罗兔兔，罗兔兔，罗兔兔罗兔兔。 罗兔兔罗兔兔，罗兔兔，罗兔兔罗兔兔，罗兔兔 罗兔兔罗兔兔，罗兔兔，罗兔兔罗兔兔。 罗兔兔罗兔兔，罗兔兔，罗兔兔罗兔兔，罗兔兔 罗兔兔罗兔兔，罗兔兔，罗兔兔罗兔兔。 罗兔兔罗兔兔，罗兔兔，罗兔兔罗兔兔，罗兔兔 罗兔兔罗兔兔，罗兔兔，罗兔兔罗兔兔。,"标题：罗兔兔改编周杰伦《完美主义》：《罗兔兔被网暴暴力》

正文：如果说作品，可以发布，如果说画作，能够走红。 如果这一切 ，真的可以，我想要将我的，作品推广。 然后在这里，不限日期，然后将过去，慢慢温习。 让我爱上你，那场直播，是你完美演出的，一场戏。 宁愿被人造谣，再狠狠忘记，你骂过我的证据。 让晶莹的泪滴，闪烁成回忆，伤人的谣言。 你的兔子画作，太难看，让我连丑都，难以浏览。 将罗兔兔瓜，写成日记，像是一场真相。 你的OC画作，太难看，造谣的话像，网络暴力 我已无能为力，再容忍，决定举报谣言。 然后在这里，不限日期，然后将过去，慢慢温习。 让我爱上你，那场直播，是你完美演出的，一场戏。 宁愿被人造谣，再狠狠忘记，你骂过我的证据。 让晶莹的泪滴，闪烁成回忆，伤人的谣言。 你的兔子画作，太难看，让我连丑都，难以浏览。 将罗兔兔瓜，写成日记，像是一场真相。 你的OC画作，太难看，造谣的话像，网络暴力 我已无能为力，再容忍，决定举报谣言。 罗兔兔罗兔兔，罗兔兔，罗兔兔罗兔兔，罗兔兔 罗兔兔罗兔兔，罗兔兔，罗兔兔罗兔兔。 罗兔兔罗兔兔，罗兔兔，罗兔兔罗兔兔，罗兔兔 罗兔兔罗兔兔，罗兔兔，罗兔兔罗兔兔。 罗兔兔罗兔兔，罗兔兔，罗兔兔罗兔兔，罗兔兔 罗兔兔罗兔兔，罗兔兔，罗兔兔罗兔兔。 罗兔兔罗兔兔，罗兔兔，罗兔兔罗兔兔，罗兔兔 罗兔兔罗兔兔，罗兔兔，罗兔兔罗兔兔。",555,https://tieba.baidu.com/p/10305903217,罗兔兔爱琴画,2025-12-16 15:38:00,baidu_tieba,tieba_client_api,abuse,human_style_body_first_no_local_model
A154,10677410329,anxiety,human_style_labeled,medium,body-first human-style labels: 焦虑、惊恐、失眠、强迫或躯体化表达.,孙笑川,对象手机壁纸是擦边coser的性感照片，我心里很膈应，要提吗？,对象以前是喜欢二次元的，也经常会去参加一些漫展，但是跟我在一起之后就没怎么去过了，平时就看看动漫打打游戏什么的。 而且他也确实平时比较节约，有的都给我花了，对我也很大方，但是他手机壁纸一直都是个女coser的擦边照片，和我在一起之前就是，所以我一直都觉得不太好说，毕竟他在一起之前就这样，我之前也知道也接受了，现在说感觉我怕他觉得我管得太多。。 但我心里实在是很膈应很膈应。。。,"标题：对象手机壁纸是擦边coser的性感照片，我心里很膈应，要提吗？

正文：对象以前是喜欢二次元的，也经常会去参加一些漫展，但是跟我在一起之后就没怎么去过了，平时就看看动漫打打游戏什么的。 而且他也确实平时比较节约，有的都给我花了，对我也很大方，但是他手机壁纸一直都是个女coser的擦边照片，和我在一起之前就是，所以我一直都觉得不太好说，毕竟他在一起之前就这样，我之前也知道也接受了，现在说感觉我怕他觉得我管得太多。。 但我心里实在是很膈应很膈应。。。",189,https://tieba.baidu.com/p/10677410329,小鱼自由快快游,2026-04-29 16:08:44,baidu_tieba,tieba_client_api,abuse,human_style_body_first_no_local_model
A155,10681984244,"depression,anxiety,academic_stress,abuse",human_style_labeled,high,body-first human-style labels: 明显低落、绝望、无意义感或抑郁相关表达; 焦虑、惊恐、失眠、强迫或躯体化表达; 考试、升学、论文、学校或学习压力; 辱骂、霸凌、家暴、网暴、造谣或攻击性语言.,孙笑川,求助，高二生,鼠鼠我是高二生，父母每天放假回来都要让我在厂里周六周天干三小时活换生活费，这周五一法定节假日没活我在家里打游戏，他们让我帮忙做早餐，我说打完干来，从这开始他们就一直说我，说到最后生气了又不给我生活费了，说要钱找游戏去，我真好无奈，之前也好几次这样，回来就说我，不给生活费，在学校每天有吃馒头。我真好羡慕我同学，不用干什么就有生活费，父母生气也不会不给钱。我该怎么办，我已经想不出办法了,"标题：求助，高二生

正文：鼠鼠我是高二生，父母每天放假回来都要让我在厂里周六周天干三小时活换生活费，这周五一法定节假日没活我在家里打游戏，他们让我帮忙做早餐，我说打完干来，从这开始他们就一直说我，说到最后生气了又不给我生活费了，说要钱找游戏去，我真好无奈，之前也好几次这样，回来就说我，不给生活费，在学校每天有吃馒头。我真好羡慕我同学，不用干什么就有生活费，父母生气也不会不给钱。我该怎么办，我已经想不出办法了",192,https://tieba.baidu.com/p/10681984244,王治蓥,2026-05-01 11:17:41,baidu_tieba,tieba_client_api,abuse,human_style_body_first_no_local_model
A156,10668888727,,human_style_normal_or_unclear,medium,body-first human-style labels: normal_or_unclear.,孙笑川,我还能说什么呢😃,大早上起来看见这个还以为睡懵了 连评论的力气都没有了,"标题：我还能说什么呢😃

正文：大早上起来看见这个还以为睡懵了 连评论的力气都没有了",26,https://tieba.baidu.com/p/10668888727,贴吧用户_G7ADNGK,2026-04-26 08:29:06,baidu_tieba,tieba_client_api,abuse,human_style_body_first_no_local_model
A157,9357013024,"depression,anxiety,abuse",human_style_labeled,high,body-first human-style labels: 明显低落、绝望、无意义感或抑郁相关表达; 焦虑、惊恐、失眠、强迫或躯体化表达; 辱骂、霸凌、家暴、网暴、造谣或攻击性语言.,网络暴力,抵制网络暴力,我真的很不理解。 抖音，小红书，微信群，最右，都有网络暴力的出现，所以我把这些社交平台都删了 真的，看他们的发言真的非常非常让我难受,"标题：抵制网络暴力

正文：我真的很不理解。 抖音，小红书，微信群，最右，都有网络暴力的出现，所以我把这些社交平台都删了 真的，看他们的发言真的非常非常让我难受",66,https://tieba.baidu.com/p/9357013024,南柯轶尘,2024-12-24 17:03:06,baidu_tieba,tieba_client_api,abuse,human_style_body_first_no_local_model
A158,10015753581,"anxiety,abuse",human_style_labeled,high,body-first human-style labels: 焦虑、惊恐、失眠、强迫或躯体化表达; 辱骂、霸凌、家暴、网暴、造谣或攻击性语言.,网络暴力,真对不起，我妈妈是长头发，我妈妈早就退休了，不是在北站工作,我和我妈妈都是长头发，本来不想刷屏，在这里说，但是山东的人肉半天我，还一直犯病，吧主姐姐也看看吧，这是我和美发店阿姨的聊天截图，也有朋友的，不止一个人见过我吗？我妈妈不在北站工作，也已经退休，在小区一个民警站，但是你也进不去，打不了私人电话📞，我阿姨说了，你要不怕山东聊城地址再次泄露，你可以这么做，这是我妈妈本人,"标题：真对不起，我妈妈是长头发，我妈妈早就退休了，不是在北站工作

正文：我和我妈妈都是长头发，本来不想刷屏，在这里说，但是山东的人肉半天我，还一直犯病，吧主姐姐也看看吧，这是我和美发店阿姨的聊天截图，也有朋友的，不止一个人见过我吗？我妈妈不在北站工作，也已经退休，在小区一个民警站，但是你也进不去，打不了私人电话📞，我阿姨说了，你要不怕山东聊城地址再次泄露，你可以这么做，这是我妈妈本人",157,https://tieba.baidu.com/p/10015753581,超长发女孩儿,2025-09-06 20:48:06,baidu_tieba,tieba_client_api,abuse,human_style_body_first_no_local_model
A159,10662841255,abuse,human_style_labeled,medium,body-first human-style labels: 辱骂、霸凌、家暴、网暴、造谣或攻击性语言.,网络暴力,企业遇到网络暴力怎么处理？,最近看到2026年4月全红婵被网暴的案子，群主被顶格处罚10天拘留+罚款，感觉国家对网络暴力的打击力度越来越大了。 作为企业负责人，想请教一下大家： 1. 如果企业或者企业高管遭遇网络暴力，有什么好的处理方式？ 2. 2026年网暴治理新规有哪些变化，企业需要特别注意什么？ 3. 遇到恶意造谣诋毁，除了报警还能怎么办？ 看到有法律专家说可以民事诉讼要求赔偿，也有说可以刑事自诉的，但感觉实际操作起来很复杂。 有没有专业人士或者有经验的朋友分享一下？,"标题：企业遇到网络暴力怎么处理？

正文：最近看到2026年4月全红婵被网暴的案子，群主被顶格处罚10天拘留+罚款，感觉国家对网络暴力的打击力度越来越大了。 作为企业负责人，想请教一下大家： 1. 如果企业或者企业高管遭遇网络暴力，有什么好的处理方式？ 2. 2026年网暴治理新规有哪些变化，企业需要特别注意什么？ 3. 遇到恶意造谣诋毁，除了报警还能怎么办？ 看到有法律专家说可以民事诉讼要求赔偿，也有说可以刑事自诉的，但感觉实际操作起来很复杂。 有没有专业人士或者有经验的朋友分享一下？",225,https://tieba.baidu.com/p/10662841255,贴贴到位,2026-04-23 20:50:15,baidu_tieba,tieba_client_api,abuse,human_style_body_first_no_local_model
A160,10662839505,abuse,human_style_labeled,medium,body-first human-style labels: 辱骂、霸凌、家暴、网暴、造谣或攻击性语言.,网络暴力,企业遇到网络暴力怎么处理？,最近看到2026年4月全红婵被网暴的案子，群主被顶格处罚10天拘留+罚款，感觉国家对网络暴力的打击力度越来越大了。 作为企业负责人，想请教一下大家： 1. 如果企业或者企业高管遭遇网络暴力，有什么好的处理方式？ 2. 2026年网暴治理新规有哪些变化，企业需要特别注意什么？ 3. 遇到恶意造谣诋毁，除了报警还能怎么办？ 看到有法律专家说可以民事诉讼要求赔偿，也有说可以刑事自诉的，但感觉实际操作起来很复杂。 有没有专业人士或者有经验的朋友分享一下？,"标题：企业遇到网络暴力怎么处理？

正文：最近看到2026年4月全红婵被网暴的案子，群主被顶格处罚10天拘留+罚款，感觉国家对网络暴力的打击力度越来越大了。 作为企业负责人，想请教一下大家： 1. 如果企业或者企业高管遭遇网络暴力，有什么好的处理方式？ 2. 2026年网暴治理新规有哪些变化，企业需要特别注意什么？ 3. 遇到恶意造谣诋毁，除了报警还能怎么办？ 看到有法律专家说可以民事诉讼要求赔偿，也有说可以刑事自诉的，但感觉实际操作起来很复杂。 有没有专业人士或者有经验的朋友分享一下？",225,https://tieba.baidu.com/p/10662839505,贴贴到位,2026-04-23 20:49:15,baidu_tieba,tieba_client_api,abuse,human_style_body_first_no_local_model
A161,10026199998,abuse,human_style_labeled,medium,body-first human-style labels: 辱骂、霸凌、家暴、网暴、造谣或攻击性语言.,校园霸凌,我想帮助更多的人,我也跟你们一样有类似的经历，所以我想帮助更多需要帮助的人，也许只靠我一个人的力量很微薄，但依靠人民群众的力量就很大，我们可以一起努力共同进步，为了光明驱散黑暗。共同面对难关。,"标题：我想帮助更多的人

正文：我也跟你们一样有类似的经历，所以我想帮助更多需要帮助的人，也许只靠我一个人的力量很微薄，但依靠人民群众的力量就很大，我们可以一起努力共同进步，为了光明驱散黑暗。共同面对难关。",87,https://tieba.baidu.com/p/10026199998,滚滚黄河水-,2025-09-10 14:21:08,baidu_tieba,tieba_client_api,abuse,human_style_body_first_no_local_model
A162,9985479160,"violence,anxiety,abuse",human_style_labeled,high,body-first human-style labels: 暴力、伤害或暴力威胁/经历; 焦虑、惊恐、失眠、强迫或躯体化表达; 辱骂、霸凌、家暴、网暴、造谣或攻击性语言.,家暴,被我姐男朋友当出气筒打,我姐男朋友本来下班回来不知道为啥我姐不理他了就开始哄，哄不好了他也烦了，刚好我游戏开了一把和朋友连麦玩挺欢，结果他暴怒了一句说，别吵，但是他说完这句我刚和朋友说完话，结果他就冲上来把我平板掀飞到茶几上，我觉得莫名其妙就骂骂咧咧接着打，结果他又说别吵，又把我平板掀飞到地上，我哪知道他这样我肯定有气了啊，然后就去挠他结果他就把我撞到沙发上我姐刚好也在我后面，然后就对着我右边高颧骨打了几拳，具体几拳忘了反正脸肿了，我太阳穴也痛，不知道掐脖子了没反正第二天脖子痛的很，我真的就这么无语的被他当出气筒一样对待真的无语死了，他还是985我真的文凭高就这样了？不是生气了就这样随便找个理由把他未来的小姨子打了？ 小情侣吵架可不可以理智一点。报警之后未果 回去路上又吵起来了结果他威胁我姐说你再打就把我眼睛打爆。我靠什么人啊？ 这让我怎么原谅？我一点也不想原谅。 好恐怖。。。。。,"标题：被我姐男朋友当出气筒打

正文：我姐男朋友本来下班回来不知道为啥我姐不理他了就开始哄，哄不好了他也烦了，刚好我游戏开了一把和朋友连麦玩挺欢，结果他暴怒了一句说，别吵，但是他说完这句我刚和朋友说完话，结果他就冲上来把我平板掀飞到茶几上，我觉得莫名其妙就骂骂咧咧接着打，结果他又说别吵，又把我平板掀飞到地上，我哪知道他这样我肯定有气了啊，然后就去挠他结果他就把我撞到沙发上我姐刚好也在我后面，然后就对着我右边高颧骨打了几拳，具体几拳忘了反正脸肿了，我太阳穴也痛，不知道掐脖子了没反正第二天脖子痛的很，我真的就这么无语的被他当出气筒一样对待真的无语死了，他还是985我真的文凭高就这样了？不是生气了就这样随便找个理由把他未来的小姨子打了？ 小情侣吵架可不可以理智一点。报警之后未果 回去路上又吵起来了结果他威胁我姐说你再打就把我眼睛打爆。我靠什么人啊？ 这让我怎么原谅？我一点也不想原谅。 好恐怖。。。。。",384,https://tieba.baidu.com/p/9985479160,雨落枫秋,2025-08-26 15:47:39,baidu_tieba,tieba_client_api,abuse,human_style_body_first_no_local_model
A163,10310309910,"violence,abuse",human_style_labeled,high,body-first human-style labels: 暴力、伤害或暴力威胁/经历; 辱骂、霸凌、家暴、网暴、造谣或攻击性语言.,家暴,河北瑶瑶家暴案件你怎么看？,"一审金昊死刑，大快人心! #反对家暴 # 拿起法律武器 #反对一切暴力 # 坚决打击犯罪 #普法宣传 婚内家暴案件非常的多，取证可能也存在一定的难度。作为一名女性，同时也作为一名律师，我非常理解一些被家暴女性的心情与感受。瑶瑶案件是一个缩影，更是一个典型的案件，对于家暴我们要零容忍。本案中，金昊及其母亲主观恶性极大，金昊本人被判处死刑，其母亲涉嫌帮助伪造毁灭证据罪。刑法中，二者构成共同犯罪，意图将瑶瑶的死伪造成心肌梗死，但是正义来的非常及时，公安机关依法开展现场勘查、调查取证等工作，将犯罪嫌疑人金昊（男，26 岁，系刘某某丈夫）、张杰（女，48岁，系金昊母亲，涉嫌帮助毁灭、伪造证据）抓获，并依法采取刑事拘留强制措施。 这里有一些反家暴的tips: 1.出事了及时告诉家人和朋友。 2.去医院做检查，严重的可以找医疗机构做相关的伤情鉴定。 3.如果另外有言语上的攻击与相关的监控视频可以证明对方家暴，尽快进行相关证据的留存。 4.一些微信上有关语言暴力的聊天记录或者其他聊天软件的记录不要删除，可以作为证据增强证明。 5.能离婚的早点离婚，家暴只要有第一次，后面还会有第二次。 最后，自己一定要硬气起来，对于家暴的行为不能一忍再忍，不然只会换来更多的暴力。瑶瑶就是为了家庭的表面和睦而忍耐，最终被金昊连续家暴致死。#少女公交遇色狼,旁观者集体装瞎#","标题：河北瑶瑶家暴案件你怎么看？

正文：一审金昊死刑，大快人心! #反对家暴 # 拿起法律武器 #反对一切暴力 # 坚决打击犯罪 #普法宣传 婚内家暴案件非常的多，取证可能也存在一定的难度。作为一名女性，同时也作为一名律师，我非常理解一些被家暴女性的心情与感受。瑶瑶案件是一个缩影，更是一个典型的案件，对于家暴我们要零容忍。本案中，金昊及其母亲主观恶性极大，金昊本人被判处死刑，其母亲涉嫌帮助伪造毁灭证据罪。刑法中，二者构成共同犯罪，意图将瑶瑶的死伪造成心肌梗死，但是正义来的非常及时，公安机关依法开展现场勘查、调查取证等工作，将犯罪嫌疑人金昊（男，26 岁，系刘某某丈夫）、张杰（女，48岁，系金昊母亲，涉嫌帮助毁灭、伪造证据）抓获，并依法采取刑事拘留强制措施。 这里有一些反家暴的tips: 1.出事了及时告诉家人和朋友。 2.去医院做检查，严重的可以找医疗机构做相关的伤情鉴定。 3.如果另外有言语上的攻击与相关的监控视频可以证明对方家暴，尽快进行相关证据的留存。 4.一些微信上有关语言暴力的聊天记录或者其他聊天软件的记录不要删除，可以作为证据增强证明。 5.能离婚的早点离婚，家暴只要有第一次，后面还会有第二次。 最后，自己一定要硬气起来，对于家暴的行为不能一忍再忍，不然只会换来更多的暴力。瑶瑶就是为了家庭的表面和睦而忍耐，最终被金昊连续家暴致死。#少女公交遇色狼,旁观者集体装瞎#",577,https://tieba.baidu.com/p/10310309910,贴吧用户_ab7QN4N,2025-12-17 23:54:26,baidu_tieba,tieba_client_api,abuse,human_style_body_first_no_local_model
A164,10330185925,"anxiety,abuse",human_style_labeled,high,body-first human-style labels: 焦虑、惊恐、失眠、强迫或躯体化表达; 辱骂、霸凌、家暴、网暴、造谣或攻击性语言.,校园霸凌,求助求助！,昨天晚上上晚自习，我们班俩女生拿着手机怼着我脸拍，（因为第一次都已经报警调解过了）没有用 而且造我黄谣，然后她们还扒我母亲的社交账号，侮辱我母亲，我该怎么办呢,"标题：求助求助！

正文：昨天晚上上晚自习，我们班俩女生拿着手机怼着我脸拍，（因为第一次都已经报警调解过了）没有用 而且造我黄谣，然后她们还扒我母亲的社交账号，侮辱我母亲，我该怎么办呢",79,https://tieba.baidu.com/p/10330185925,旧时卿,2025-12-24 06:59:48,baidu_tieba,tieba_client_api,abuse,human_style_body_first_no_local_model
A165,10613693631,"violence,depression,academic_stress,abuse",human_style_labeled,high,body-first human-style labels: 暴力、伤害或暴力威胁/经历; 明显低落、绝望、无意义感或抑郁相关表达; 考试、升学、论文、学校或学习压力; 辱骂、霸凌、家暴、网暴、造谣或攻击性语言.,校园霸凌,校园紧急求助,如果你的朋友被bullying了你会怎么办？我的朋友因身体原因经常请假 在这期间班里总有一些人向他的桌椅上放烂水果扔垃圾 最严重的一次将烂梨汁涂抹满了整个座位 他的书本等物品都被严重污染 同时还对他开黄腔 起难听的外号说他得艾滋病 这种情况持续了一年以导致他出现厌学心理 已经好久没来了 我们作为他的朋友再三思考下找了班主任寻求帮助 可班主任直接将锅甩到我们和前班主任的身上（说前班主任管理不称职 说我们举报的太晚了反正就都是我们的错） 将事情定性为开玩笑意味的恶作剧 我们对于这种情况非常无助 所以来到这个平台上想寻求大家的帮助和建议 我们一定会认真听取的！ #校园 # 求助 #求助贴,"标题：校园紧急求助

正文：如果你的朋友被bullying了你会怎么办？我的朋友因身体原因经常请假 在这期间班里总有一些人向他的桌椅上放烂水果扔垃圾 最严重的一次将烂梨汁涂抹满了整个座位 他的书本等物品都被严重污染 同时还对他开黄腔 起难听的外号说他得艾滋病 这种情况持续了一年以导致他出现厌学心理 已经好久没来了 我们作为他的朋友再三思考下找了班主任寻求帮助 可班主任直接将锅甩到我们和前班主任的身上（说前班主任管理不称职 说我们举报的太晚了反正就都是我们的错） 将事情定性为开玩笑意味的恶作剧 我们对于这种情况非常无助 所以来到这个平台上想寻求大家的帮助和建议 我们一定会认真听取的！ #校园 # 求助 #求助贴",294,https://tieba.baidu.com/p/10613693631,贴吧用户_G39XPtA,2026-04-05 00:27:52,baidu_tieba,tieba_client_api,abuse,human_style_body_first_no_local_model
A166,10198097537,,human_style_normal_or_unclear,medium,body-first human-style labels: normal_or_unclear.,家暴,我妈昨天卵巢癌手术大出血没了，我无所谓,说来也巧，她之前买过大额保险，受益人是我，我一下子得到十几万，开心😄,"标题：我妈昨天卵巢癌手术大出血没了，我无所谓

正文：说来也巧，她之前买过大额保险，受益人是我，我一下子得到十几万，开心😄",34,https://tieba.baidu.com/p/10198097537,黄昏细雨润亭芳,2025-11-09 00:46:31,baidu_tieba,tieba_client_api,abuse,human_style_body_first_no_local_model
A167,10555974560,"depression,social_withdrawal,abuse",human_style_labeled,high,body-first human-style labels: 明显低落、绝望、无意义感或抑郁相关表达; 社交回避、孤独、闭门不出或退缩; 辱骂、霸凌、家暴、网暴、造谣或攻击性语言.,校园霸凌,我和朋友被校园霸凌转走我一个人感觉好孤独😭😭😭😭😭,我最好的朋友被人校园霸凌然后转学转走了他不在感觉好孤独没人陪我玩，霸凌的那几个人给我朋友家里赔了几千块钱但是他这个好孤独啊😭😭😭,"标题：我和朋友被校园霸凌转走我一个人感觉好孤独😭😭😭😭😭

正文：我最好的朋友被人校园霸凌然后转学转走了他不在感觉好孤独没人陪我玩，霸凌的那几个人给我朋友家里赔了几千块钱但是他这个好孤独啊😭😭😭",64,https://tieba.baidu.com/p/10555974560,幽冥彡石头,2026-03-13 22:38:38,baidu_tieba,tieba_client_api,abuse,human_style_body_first_no_local_model
A168,10596766250,"self_harm,depression,anxiety,academic_stress,social_withdrawal,abuse",human_style_labeled,high,body-first human-style labels: 自伤/轻生相关表达; 明显低落、绝望、无意义感或抑郁相关表达; 焦虑、惊恐、失眠、强迫或躯体化表达; 考试、升学、论文、学校或学习压力; 社交回避、孤独、闭门不出或退缩; 辱骂、霸凌、家暴、网暴、造谣或攻击性语言.,校园霸凌,被80后家长不让出门了，甚至连交朋友都不让,我是因为语言霸凌退学（没有去医院看心理医生）其实就是幻觉自残，上课发抖，形容控制不住，一直哭就退学了，自从退学后，我们家是开厂子的，然后我妈不让我出去，是真正意义上的不让我出去，让我在家里呆着，他想尽办法让我去上学，但是我真的不敢去上学了，然后他就不让我出去，让我在家里干活，其实我觉得干活比在学校里好，然后他总是说想让我上学去，让我上学去，可是我如果上学我还会成那样子。我已经转了三次班了，从平行班花钱转到实验，再从实验转到小实验，都有他们的人，我这个人本来就有点内向，就是我一般想出去都不行，他说家里有货，不能出去，刚退学的那会儿，我爷爷和我奶奶就把我手机里所有异性的联系方式都删完了，就是同学但是老师没有删,"标题：被80后家长不让出门了，甚至连交朋友都不让

正文：我是因为语言霸凌退学（没有去医院看心理医生）其实就是幻觉自残，上课发抖，形容控制不住，一直哭就退学了，自从退学后，我们家是开厂子的，然后我妈不让我出去，是真正意义上的不让我出去，让我在家里呆着，他想尽办法让我去上学，但是我真的不敢去上学了，然后他就不让我出去，让我在家里干活，其实我觉得干活比在学校里好，然后他总是说想让我上学去，让我上学去，可是我如果上学我还会成那样子。我已经转了三次班了，从平行班花钱转到实验，再从实验转到小实验，都有他们的人，我这个人本来就有点内向，就是我一般想出去都不行，他说家里有货，不能出去，刚退学的那会儿，我爷爷和我奶奶就把我手机里所有异性的联系方式都删完了，就是同学但是老师没有删",306,https://tieba.baidu.com/p/10596766250,回望明天@@,2026-03-29 13:53:24,baidu_tieba,tieba_client_api,abuse,human_style_body_first_no_local_model
A169,5476333940,"violence,depression,anxiety,abuse",human_style_labeled,high,body-first human-style labels: 暴力、伤害或暴力威胁/经历; 明显低落、绝望、无意义感或抑郁相关表达; 焦虑、惊恐、失眠、强迫或躯体化表达; 辱骂、霸凌、家暴、网暴、造谣或攻击性语言.,家暴,请别再说为了孩子-----一个案例说明家暴对孩子的危害有多大,两年前，我曾经遇到一个家暴受害者，在九年的婚姻里，她被家暴无数次，也因此患上了妄想症，在找到我的时候，她的妄想症已经非常严重，已经超出了我的能力范畴，在我的建议下，她去寻求精神科医生的帮助。 在我跟她相处的过程中了解了很多关于她的情况，今天写出来，也希望可以给被家暴的朋友们以启迪或者帮助。,"标题：请别再说为了孩子-----一个案例说明家暴对孩子的危害有多大

正文：两年前，我曾经遇到一个家暴受害者，在九年的婚姻里，她被家暴无数次，也因此患上了妄想症，在找到我的时候，她的妄想症已经非常严重，已经超出了我的能力范畴，在我的建议下，她去寻求精神科医生的帮助。 在我跟她相处的过程中了解了很多关于她的情况，今天写出来，也希望可以给被家暴的朋友们以启迪或者帮助。",145,https://tieba.baidu.com/p/5476333940,寒潭玄曳心澄净,2017-12-12 21:45:22,baidu_tieba,tieba_client_api,abuse,human_style_body_first_no_local_model
A170,10468888310,"violence,anxiety,abuse",human_style_labeled,high,body-first human-style labels: 暴力、伤害或暴力威胁/经历; 焦虑、惊恐、失眠、强迫或躯体化表达; 辱骂、霸凌、家暴、网暴、造谣或攻击性语言.,校园霸凌,我该怎么办？,有同学是得哮喘，学校里一堆人抽烟堵门口抽，同学因此不敢上操场，我在说公道话后被他们堵，老师，领导都在和稀泥，我该怎么办？,"标题：我该怎么办？

正文：有同学是得哮喘，学校里一堆人抽烟堵门口抽，同学因此不敢上操场，我在说公道话后被他们堵，老师，领导都在和稀泥，我该怎么办？",60,https://tieba.baidu.com/p/10468888310,贴吧用户_JR8ebZy793,2026-02-07 16:23:00,baidu_tieba,tieba_client_api,abuse,human_style_body_first_no_local_model
A171,10641966729,"anxiety,social_withdrawal,abuse",human_style_labeled,high,body-first human-style labels: 焦虑、惊恐、失眠、强迫或躯体化表达; 社交回避、孤独、闭门不出或退缩; 辱骂、霸凌、家暴、网暴、造谣或攻击性语言.,校园霸凌,请问我该怎么去改变我的性格？,由于我因为在学校被霸凌所以现在性格很软弱，我想变成另一种很强硬的性格，有什么改变的好方法吗？真心求！,"标题：请问我该怎么去改变我的性格？

正文：由于我因为在学校被霸凌所以现在性格很软弱，我想变成另一种很强硬的性格，有什么改变的好方法吗？真心求！",50,https://tieba.baidu.com/p/10641966729,dkdkcjd,2026-04-15 21:07:47,baidu_tieba,tieba_client_api,abuse,human_style_body_first_no_local_model
A172,9895540956,"violence,depression,anxiety,abuse",human_style_labeled,high,body-first human-style labels: 暴力、伤害或暴力威胁/经历; 明显低落、绝望、无意义感或抑郁相关表达; 焦虑、惊恐、失眠、强迫或躯体化表达; 辱骂、霸凌、家暴、网暴、造谣或攻击性语言.,家暴,求助吧内各位大佬,每天被精神家暴 ，有时会被逼着跪在水泥地上，亲戚都劝我忍，报警两次没用，且微信已不能使用支付功能，现金没有，身份证也被藏起来了，不能出逃，这该怎么办？,"标题：求助吧内各位大佬

正文：每天被精神家暴 ，有时会被逼着跪在水泥地上，亲戚都劝我忍，报警两次没用，且微信已不能使用支付功能，现金没有，身份证也被藏起来了，不能出逃，这该怎么办？",75,https://tieba.baidu.com/p/9895540956,月落啊,2025-07-23 21:31:45,baidu_tieba,tieba_client_api,abuse,human_style_body_first_no_local_model
A173,10681799006,abuse,human_style_labeled,medium,body-first human-style labels: 辱骂、霸凌、家暴、网暴、造谣或攻击性语言.,孙笑川,300人女⭕️群内部起内杠互撕 说好的爱女呢？,前天 鼠鼠 在抖上刷到一个宣传群聊的作品，内容是女权群 看了一下有三百来个人 白天申请进群 晚上就加进去了。,"标题：300人女⭕️群内部起内杠互撕 说好的爱女呢？

正文：前天 鼠鼠 在抖上刷到一个宣传群聊的作品，内容是女权群 看了一下有三百来个人 白天申请进群 晚上就加进去了。",54,https://tieba.baidu.com/p/10681799006,17times,2026-05-01 09:46:04,baidu_tieba,tieba_client_api,abuse,human_style_body_first_no_local_model
A174,10534663802,"anxiety,social_withdrawal,abuse",human_style_labeled,high,body-first human-style labels: 焦虑、惊恐、失眠、强迫或躯体化表达; 社交回避、孤独、闭门不出或退缩; 辱骂、霸凌、家暴、网暴、造谣或攻击性语言.,校园霸凌,妹妹遭受校园霸凌应该怎么办,无缘无故被孤立，打呼噜被发到班级群，然后又阴阳怪气，现在被迫搬出宿舍，又遭受到欺负应该怎么办有没有靠谱一点的办法,"标题：妹妹遭受校园霸凌应该怎么办

正文：无缘无故被孤立，打呼噜被发到班级群，然后又阴阳怪气，现在被迫搬出宿舍，又遭受到欺负应该怎么办有没有靠谱一点的办法",56,https://tieba.baidu.com/p/10534663802,CJ2,2026-03-05 15:49:00,baidu_tieba,tieba_client_api,abuse,human_style_body_first_no_local_model
A175,10469334722,"anxiety,abuse",human_style_labeled,high,body-first human-style labels: 焦虑、惊恐、失眠、强迫或躯体化表达; 辱骂、霸凌、家暴、网暴、造谣或攻击性语言.,校园霸凌,被霸凌时反击如果老师存在偏袒霸凌者，我应该全盘托出还是死不承认,班里的小团体经常在后面说我，遇到我了还会阴阳我两句，有的时候我在走路的时候，他们就说我是谁谁谁老婆 ，把我的善良和谦让当成理所应当，此时我反击了，但是对面有小团体再加上老师的偏坦，对面的小团体就把错全部弄在我身上来，对之前的事情拒不承认，我只有一个人应该怎么办？,"标题：被霸凌时反击如果老师存在偏袒霸凌者，我应该全盘托出还是死不承认

正文：班里的小团体经常在后面说我，遇到我了还会阴阳我两句，有的时候我在走路的时候，他们就说我是谁谁谁老婆 ，把我的善良和谦让当成理所应当，此时我反击了，但是对面有小团体再加上老师的偏坦，对面的小团体就把错全部弄在我身上来，对之前的事情拒不承认，我只有一个人应该怎么办？",131,https://tieba.baidu.com/p/10469334722,黑化股份762,2026-02-07 20:03:50,baidu_tieba,tieba_client_api,abuse,human_style_body_first_no_local_model
A176,10665138086,"anxiety,social_withdrawal",human_style_labeled,high,body-first human-style labels: 焦虑、惊恐、失眠、强迫或躯体化表达; 社交回避、孤独、闭门不出或退缩.,内向,呜呜，第一次买杯子，由于我社恐，拿个私密的快递满头大汗,拿快递唯唯诺诺偷鸡摸狗的，报取件码都把心提到嗓子眼了，太恐怖了，你们知道吗， 呜呜，虽然呜呜了 但是真的爽啊，我没用加热棒，加热太慢了，饥渴难耐的我等不了 ，我直接加入温热水(保证杯子不被烫坏就好)然后猛虎 下山 m似的怼进去了 ，我靠 ，进入后灼热的包裹感，由于杯内是真空，噗的一下热水喷的我大腿根到处都是 ！我加快速度，狠狠地嵌入了绝对领域，疯狂中出不当人，丧心病狂失心疯了一样 ，由于买的便宜，一下把后面怼穿了，我靠 ，我都还没出来，正是无比爽的时候给我出现这情况。我只有拿小刀割成几块 ，拿塑料袋包裹，扔到邻居好兄弟家的院子里去了 ，第二天听着他爸妈质问的鞭打声，我在家里乐开了花 【图片】,"标题：呜呜，第一次买杯子，由于我社恐，拿个私密的快递满头大汗

正文：拿快递唯唯诺诺偷鸡摸狗的，报取件码都把心提到嗓子眼了，太恐怖了，你们知道吗， 呜呜，虽然呜呜了 但是真的爽啊，我没用加热棒，加热太慢了，饥渴难耐的我等不了 ，我直接加入温热水(保证杯子不被烫坏就好)然后猛虎 下山 m似的怼进去了 ，我靠 ，进入后灼热的包裹感，由于杯内是真空，噗的一下热水喷的我大腿根到处都是 ！我加快速度，狠狠地嵌入了绝对领域，疯狂中出不当人，丧心病狂失心疯了一样 ，由于买的便宜，一下把后面怼穿了，我靠 ，我都还没出来，正是无比爽的时候给我出现这情况。我只有拿小刀割成几块 ，拿塑料袋包裹，扔到邻居好兄弟家的院子里去了 ，第二天听着他爸妈质问的鞭打声，我在家里乐开了花 【图片】",299,https://tieba.baidu.com/p/10665138086,蛇蛇发抖,2026-04-24 18:30:16,baidu_tieba,tieba_client_api,social_withdrawal,human_style_body_first_no_local_model
A177,10318765889,"depression,academic_stress,social_withdrawal,abuse",human_style_labeled,high,body-first human-style labels: 明显低落、绝望、无意义感或抑郁相关表达; 考试、升学、论文、学校或学习压力; 社交回避、孤独、闭门不出或退缩; 辱骂、霸凌、家暴、网暴、造谣或攻击性语言.,不想上学,不想读书了,我在一个中专读书 我不想读了 和家里人商量过很多次 但是爸爸都不同意我退学 我就开始摆烂 现在妈妈嫌弃我天天在学校睡觉 她现在说不想管我了 她现在还一直骂我,"标题：不想读书了

正文：我在一个中专读书 我不想读了 和家里人商量过很多次 但是爸爸都不同意我退学 我就开始摆烂 现在妈妈嫌弃我天天在学校睡觉 她现在说不想管我了 她现在还一直骂我",78,https://tieba.baidu.com/p/10318765889,贴吧用户_J6REJJK,2025-12-20 15:11:19,baidu_tieba,tieba_client_api,social_withdrawal,human_style_body_first_no_local_model
A178,10563584477,"depression,anxiety,academic_stress,social_withdrawal",human_style_labeled,high,body-first human-style labels: 明显低落、绝望、无意义感或抑郁相关表达; 焦虑、惊恐、失眠、强迫或躯体化表达; 考试、升学、论文、学校或学习压力; 社交回避、孤独、闭门不出或退缩.,社恐,社恐。感觉没有办法融入社会了。,今天去了一趟学校，之前一直由于身体问题在家养病。出发的前一天开始失眠，害怕和人交流，害怕被注视。我不明白为什么吃了药我还是无法摆脱社恐。 体检回来之后很艰难地睡着了。将近三十个小时没睡，睡眠却出奇的浅。睡到一半的时候被幻听吵醒，总觉得好像有人在说话、听不清。那时候我想，也许过一会就好了，但是幻听最后的消失还是因为被吵的受不了，猛地回头确认了没有人才停下的。 我记得我做了噩梦。噩梦的内容忘记了。一整天似乎没有什么被记下的，除了我走进学校、我看到人、脖子和手开始发抖、反胃。同学们都很友好，我和很多人打了招呼，话题没有停下。她们问我些什么，我在絮絮叨叨地讲些不熟的人可能会感兴趣的话题，接着再观察她们的变化，说些违心的夸奖。我觉得没什么，氛围真的很好。但是我实在是不明白为什么我会有这么严重的躯体反应，整个人像乌龟一样缩起来，看到人的目光就手脚发凉。 写到这里开始想到之前和朋友出门，只是因为对方有事离开了，撞上人潮。我跑进巷子里呆了整整两个小时。妈妈来接我的时候找不到我在哪。我不敢出去，人好多。到家就吐了。有人在会好很多，一个人的话，人的数量到一定程度就会开始四肢僵硬。好像快要死掉了似的。 为了处理好人际关系我看了很多书，都没有用。没有能治好我的。我不断地剖析自我，分析恐惧的根源，我都明白了，但我不能控制。已经有五年没有和人发生过矛盾了。甚至因为我长得不算难看加上健谈还受欢迎。我不明白到底为什么。我的知心朋友甚至也很多。我可以做到进入一个环境可以很快地融入集体，和所有人和我接触过的人打好关系。但是始终，我没有改变。和个体的交流我就不敢对视，看到群体就会想要逃避。 我实在是不明白该怎么办了。甚至目前服用药物都救不了我。效果更强的又因为基础病的原因不能服用。休学在家养病的两年，一年几乎大半的时间都待在医院里。但我没有任何心理疾病。我的情绪正常，性格开朗，但就是怕人。好痛苦。,"标题：社恐。感觉没有办法融入社会了。

正文：今天去了一趟学校，之前一直由于身体问题在家养病。出发的前一天开始失眠，害怕和人交流，害怕被注视。我不明白为什么吃了药我还是无法摆脱社恐。 体检回来之后很艰难地睡着了。将近三十个小时没睡，睡眠却出奇的浅。睡到一半的时候被幻听吵醒，总觉得好像有人在说话、听不清。那时候我想，也许过一会就好了，但是幻听最后的消失还是因为被吵的受不了，猛地回头确认了没有人才停下的。 我记得我做了噩梦。噩梦的内容忘记了。一整天似乎没有什么被记下的，除了我走进学校、我看到人、脖子和手开始发抖、反胃。同学们都很友好，我和很多人打了招呼，话题没有停下。她们问我些什么，我在絮絮叨叨地讲些不熟的人可能会感兴趣的话题，接着再观察她们的变化，说些违心的夸奖。我觉得没什么，氛围真的很好。但是我实在是不明白为什么我会有这么严重的躯体反应，整个人像乌龟一样缩起来，看到人的目光就手脚发凉。 写到这里开始想到之前和朋友出门，只是因为对方有事离开了，撞上人潮。我跑进巷子里呆了整整两个小时。妈妈来接我的时候找不到我在哪。我不敢出去，人好多。到家就吐了。有人在会好很多，一个人的话，人的数量到一定程度就会开始四肢僵硬。好像快要死掉了似的。 为了处理好人际关系我看了很多书，都没有用。没有能治好我的。我不断地剖析自我，分析恐惧的根源，我都明白了，但我不能控制。已经有五年没有和人发生过矛盾了。甚至因为我长得不算难看加上健谈还受欢迎。我不明白到底为什么。我的知心朋友甚至也很多。我可以做到进入一个环境可以很快地融入集体，和所有人和我接触过的人打好关系。但是始终，我没有改变。和个体的交流我就不敢对视，看到群体就会想要逃避。 我实在是不明白该怎么办了。甚至目前服用药物都救不了我。效果更强的又因为基础病的原因不能服用。休学在家养病的两年，一年几乎大半的时间都待在医院里。但我没有任何心理疾病。我的情绪正常，性格开朗，但就是怕人。好痛苦。",793,https://tieba.baidu.com/p/10563584477,废水º,2026-03-17 04:26:23,baidu_tieba,tieba_client_api,social_withdrawal,human_style_body_first_no_local_model
A179,10675071883,anxiety,human_style_labeled,medium,body-first human-style labels: 焦虑、惊恐、失眠、强迫或躯体化表达.,内向,想到以后要生孩子很害怕怎么办,我又不在意孩子是不是我的，能让老公和别人生吗，或者领养一个,"标题：想到以后要生孩子很害怕怎么办

正文：我又不在意孩子是不是我的，能让老公和别人生吗，或者领养一个",29,https://tieba.baidu.com/p/10675071883,一切愁云消散,2026-04-28 18:16:40,baidu_tieba,tieba_client_api,social_withdrawal,human_style_body_first_no_local_model
A180,10632198768,"anxiety,social_withdrawal",human_style_labeled,high,body-first human-style labels: 焦虑、惊恐、失眠、强迫或躯体化表达; 社交回避、孤独、闭门不出或退缩.,社交恐惧,关于我的社恐总结,教室里会紧张，害怕别人的目光与评判，特别是感觉到有对自己有好感的人的时候，害怕被当成话题，如果对方是我不喜欢的，我还会一方面很有负担另一方面害怕自己的紧张会被对方误会而导致更加紧张。（不过现在虽然还是有，但至少好些了，我会反复告诉自己就算喜欢我就算评判我又怎么样呢？我又没犯错，我怕个锤子） 寝室里会紧张，还有一些群体活动，因为会害怕自己被边缘化。因为害怕被边缘所以主动边缘化自己，虽然大家都挺好的，但是我显然还是会恐惧和紧张。 发朋友圈会紧张，因为会害怕被别人评判，其实我觉得我现在 属于是 希望分享但害怕被人“看到”自己的状态，这里的“看到”不是指真正的看到，而是一种表层的、甚至带着评判的看到，我认为真正的看到是一种理解与接纳。我不希望别人知晓我真正的生活状态，因为那总是充斥着痛苦的，不会被人理解的，所以这会导致我的朋友圈都很精致，因为我只发好的，不发太日常的，可能会显得很假。（这一点其实我现在也没有办法，每次发完朋友圈都要内耗好久） 一个人走在路上会紧张，害怕眼神接触，不过如果有一个更大的痛苦，比如刚从一个很不舒服环境里逃脱出来，那在街上反而会放松些，还有心理在想事情在专注一件别的事情的时候也会不怕。（我现在其实一直在对自己进行脱敏训练，但是现在明显还是有，这个真的蛮不容易改变的） 还有就是不敢盯着老师眼睛，现在我是可以短暂的，还有我会掌握一些技巧，就会看起来自然一些，但是其实实质还是没有变化，我还是紧张恐惧的。,"标题：关于我的社恐总结

正文：教室里会紧张，害怕别人的目光与评判，特别是感觉到有对自己有好感的人的时候，害怕被当成话题，如果对方是我不喜欢的，我还会一方面很有负担另一方面害怕自己的紧张会被对方误会而导致更加紧张。（不过现在虽然还是有，但至少好些了，我会反复告诉自己就算喜欢我就算评判我又怎么样呢？我又没犯错，我怕个锤子） 寝室里会紧张，还有一些群体活动，因为会害怕自己被边缘化。因为害怕被边缘所以主动边缘化自己，虽然大家都挺好的，但是我显然还是会恐惧和紧张。 发朋友圈会紧张，因为会害怕被别人评判，其实我觉得我现在 属于是 希望分享但害怕被人“看到”自己的状态，这里的“看到”不是指真正的看到，而是一种表层的、甚至带着评判的看到，我认为真正的看到是一种理解与接纳。我不希望别人知晓我真正的生活状态，因为那总是充斥着痛苦的，不会被人理解的，所以这会导致我的朋友圈都很精致，因为我只发好的，不发太日常的，可能会显得很假。（这一点其实我现在也没有办法，每次发完朋友圈都要内耗好久） 一个人走在路上会紧张，害怕眼神接触，不过如果有一个更大的痛苦，比如刚从一个很不舒服环境里逃脱出来，那在街上反而会放松些，还有心理在想事情在专注一件别的事情的时候也会不怕。（我现在其实一直在对自己进行脱敏训练，但是现在明显还是有，这个真的蛮不容易改变的） 还有就是不敢盯着老师眼睛，现在我是可以短暂的，还有我会掌握一些技巧，就会看起来自然一些，但是其实实质还是没有变化，我还是紧张恐惧的。",616,https://tieba.baidu.com/p/10632198768,禾水417,2026-04-12 02:16:15,baidu_tieba,tieba_client_api,social_withdrawal,human_style_body_first_no_local_model
A181,6294652838,"depression,anxiety,social_withdrawal",human_style_labeled,high,body-first human-style labels: 明显低落、绝望、无意义感或抑郁相关表达; 焦虑、惊恐、失眠、强迫或躯体化表达; 社交回避、孤独、闭门不出或退缩.,社交恐惧,25岁，有社恐。一直单身，宅。想走出舒适圈，但是不知道能干啥,太想改变了，也没有朋友。天天在虚度光阴。而且一直宅着，这么多年，又没社会经验，也没经历过事情，这么多年好像一眨眼的事情，日子太单调。 在高中以前，很开朗，好动，话多，脑子里想的就是玩，和男生女生说话都没任何问题。 初三的时候，身体发育，长喉结，变声音，说话公鸭子那样。。并且好几次上课和同学说话，被老师点名，罚站一堂课。加上那会看犬夜叉的那些漫画，有一些裸体画面，思想有点成人向了，看到漂亮同学会出现yy的情况了。。 估计是这样产生了心理阴影。（到今天我声音都调整过来，和家人，同学微信也都是打字，我妈说我说话像嘴巴张不开一样，吐词不清晰） 上了高中，乃至大学直到现在。都不爱说话，不主动说话，也不知道说什么东西啊。。内向，和女性说话容易脸红，脸皮薄，太在意别人的看法，眼光，求人的事情要考虑好长时间。 大学军训要求每一列走正步，被人盯着尴尬的同手同脚。 4年中，除了上课，就是窝宿舍，打单机游戏，看电影，看动漫，看小说。没什么事情，不主动和班里其他同学说话。又懒，书又不看， 4级，计算机什么的证书都没有通过。 也没主动和女生聊天过，自然也没人和我说话。 外地人在北京，高校林立，我一个三本的什么证书技能都没有，都没自信去人才市场。网上写简历。我都没有任何东西可以写的，太尴尬了。没有实习过，没有任何特长。普普通通的一个混子。编都不知道怎么编。所以也不知道找什么工作。而且我还是往届生，16年毕业， 3年多了。都没有去找过工作。 面试还没去，都一直担心，不知道说什么。 我父母也没给我什么压力，也不说指望我挣钱养家，我就想找个能接触人多的工作，最好是多和异性接触多点的工作。改掉内向，不会说话的毛病。。。也想脱单，或者至少和女性接触不会那么的尴尬，冷场，脸红。 想走出去，扩大朋友圈。 万事开头难，这第一步真不知道该干啥啊,"标题：25岁，有社恐。一直单身，宅。想走出舒适圈，但是不知道能干啥

正文：太想改变了，也没有朋友。天天在虚度光阴。而且一直宅着，这么多年，又没社会经验，也没经历过事情，这么多年好像一眨眼的事情，日子太单调。 在高中以前，很开朗，好动，话多，脑子里想的就是玩，和男生女生说话都没任何问题。 初三的时候，身体发育，长喉结，变声音，说话公鸭子那样。。并且好几次上课和同学说话，被老师点名，罚站一堂课。加上那会看犬夜叉的那些漫画，有一些裸体画面，思想有点成人向了，看到漂亮同学会出现yy的情况了。。 估计是这样产生了心理阴影。（到今天我声音都调整过来，和家人，同学微信也都是打字，我妈说我说话像嘴巴张不开一样，吐词不清晰） 上了高中，乃至大学直到现在。都不爱说话，不主动说话，也不知道说什么东西啊。。内向，和女性说话容易脸红，脸皮薄，太在意别人的看法，眼光，求人的事情要考虑好长时间。 大学军训要求每一列走正步，被人盯着尴尬的同手同脚。 4年中，除了上课，就是窝宿舍，打单机游戏，看电影，看动漫，看小说。没什么事情，不主动和班里其他同学说话。又懒，书又不看， 4级，计算机什么的证书都没有通过。 也没主动和女生聊天过，自然也没人和我说话。 外地人在北京，高校林立，我一个三本的什么证书技能都没有，都没自信去人才市场。网上写简历。我都没有任何东西可以写的，太尴尬了。没有实习过，没有任何特长。普普通通的一个混子。编都不知道怎么编。所以也不知道找什么工作。而且我还是往届生，16年毕业， 3年多了。都没有去找过工作。 面试还没去，都一直担心，不知道说什么。 我父母也没给我什么压力，也不说指望我挣钱养家，我就想找个能接触人多的工作，最好是多和异性接触多点的工作。改掉内向，不会说话的毛病。。。也想脱单，或者至少和女性接触不会那么的尴尬，冷场，脸红。 想走出去，扩大朋友圈。 万事开头难，这第一步真不知道该干啥啊",762,https://tieba.baidu.com/p/6294652838,104号哈奇小屋,2019-10-12 20:57:59,baidu_tieba,tieba_client_api,social_withdrawal,human_style_body_first_no_local_model
A182,10233642858,"depression,social_withdrawal",human_style_labeled,high,body-first human-style labels: 明显低落、绝望、无意义感或抑郁相关表达; 社交回避、孤独、闭门不出或退缩.,社交恐惧,情绪怪人。,今天，突然想到了我以前的好朋友，以前一起上学，玩的很好，大概是什么时候开始疏远了，是从我逃学离家出走后，独自一个人在外漂泊，心越来越远了，我记得有一回我刚好上线玩炫舞时代她就踩我进房，求我不要不理她，她说她喜欢我，然后我拒绝了，还有一回她问我我去哪了，为什么不管她了，知道我差点出事了吗，我还是很冷漠，21年的时候吧，我们还断断续续的聊着，今年25年她结婚了，邀请我，我说六月份有空，但是五月份她就要结婚了，我去不了，上班，她让我请假，这条消息我一直没回复，现在她有baby了，我也没有说话，我觉得我好冷漠,"标题：情绪怪人。

正文：今天，突然想到了我以前的好朋友，以前一起上学，玩的很好，大概是什么时候开始疏远了，是从我逃学离家出走后，独自一个人在外漂泊，心越来越远了，我记得有一回我刚好上线玩炫舞时代她就踩我进房，求我不要不理她，她说她喜欢我，然后我拒绝了，还有一回她问我我去哪了，为什么不管她了，知道我差点出事了吗，我还是很冷漠，21年的时候吧，我们还断断续续的聊着，今年25年她结婚了，邀请我，我说六月份有空，但是五月份她就要结婚了，我去不了，上班，她让我请假，这条消息我一直没回复，现在她有baby了，我也没有说话，我觉得我好冷漠",253,https://tieba.baidu.com/p/10233642858,Euryale,2025-11-22 01:37:14,baidu_tieba,tieba_client_api,social_withdrawal,human_style_body_first_no_local_model
A183,10681649795,"depression,anxiety",human_style_labeled,high,body-first human-style labels: 明显低落、绝望、无意义感或抑郁相关表达; 焦虑、惊恐、失眠、强迫或躯体化表达.,内向,陷入情绪黑洞了，怎么办,明明正在工作，学习，甚至在玩游戏，突然以前所有不好的事情都浮现在脑海。 然后情绪就变得极度负面，很痛苦。对所有事情都提不起兴趣了。 以前上学的时候，经常上课的时候就会有。根本没法集中注意，成绩越来越差。 工作后，白天累，晚上打游戏。本来发作频率少了很多。 今年不知道怎么了，又开始频繁发作，现在玩游戏都玩不进去了。,"标题：陷入情绪黑洞了，怎么办

正文：明明正在工作，学习，甚至在玩游戏，突然以前所有不好的事情都浮现在脑海。 然后情绪就变得极度负面，很痛苦。对所有事情都提不起兴趣了。 以前上学的时候，经常上课的时候就会有。根本没法集中注意，成绩越来越差。 工作后，白天累，晚上打游戏。本来发作频率少了很多。 今年不知道怎么了，又开始频繁发作，现在玩游戏都玩不进去了。",157,https://tieba.baidu.com/p/10681649795,阿瑟斯鳌山,2026-05-01 08:31:21,baidu_tieba,tieba_client_api,social_withdrawal,human_style_body_first_no_local_model
A184,10571749663,"depression,academic_stress,social_withdrawal",human_style_labeled,high,body-first human-style labels: 明显低落、绝望、无意义感或抑郁相关表达; 考试、升学、论文、学校或学习压力; 社交回避、孤独、闭门不出或退缩.,内向,记录下我失败的前半生,2016年初中毕业，没考上高中，就在家待了一年，期间父母带过我去找工作，但我没干下去 2017年父母帮我找了一个成人中专学校，在学校玩了两年手机。 2019年6月成人中专毕业，看到有全日制自考大学班，就稀里糊涂又去大学混了半学期。 2020年疫情后就再也没去学校，一直在家蹲着。 2026年3月开始想找一份保安工作。,"标题：记录下我失败的前半生

正文：2016年初中毕业，没考上高中，就在家待了一年，期间父母带过我去找工作，但我没干下去 2017年父母帮我找了一个成人中专学校，在学校玩了两年手机。 2019年6月成人中专毕业，看到有全日制自考大学班，就稀里糊涂又去大学混了半学期。 2020年疫情后就再也没去学校，一直在家蹲着。 2026年3月开始想找一份保安工作。",158,https://tieba.baidu.com/p/10571749663,贴吧用户_7ZUaRXM,2026-03-20 07:25:37,baidu_tieba,tieba_client_api,social_withdrawal,human_style_body_first_no_local_model
A185,10306328851,"depression,anxiety,academic_stress,social_withdrawal",human_style_labeled,high,body-first human-style labels: 明显低落、绝望、无意义感或抑郁相关表达; 焦虑、惊恐、失眠、强迫或躯体化表达; 考试、升学、论文、学校或学习压力; 社交回避、孤独、闭门不出或退缩.,不想上学,真的绝望了，救救我🆘,中考635，满分760，考上省示范不想上，在家躺五个月了，一和陌生同龄人说话就恶心想吐，害怕和老师交流，感觉自己快成山顶洞人了，现在家里人给我施压让我上个私立中学，好害怕，我不想和别人说话，不想认识陌生人，不想去学校，在家学习可以吗，求过来人指条明路,"标题：真的绝望了，救救我🆘

正文：中考635，满分760，考上省示范不想上，在家躺五个月了，一和陌生同龄人说话就恶心想吐，害怕和老师交流，感觉自己快成山顶洞人了，现在家里人给我施压让我上个私立中学，好害怕，我不想和别人说话，不想认识陌生人，不想去学校，在家学习可以吗，求过来人指条明路",125,https://tieba.baidu.com/p/10306328851,帅到我妈流泪,2025-12-16 18:26:44,baidu_tieba,tieba_client_api,social_withdrawal,human_style_body_first_no_local_model
A186,10155925458,"depression,anxiety,social_withdrawal",human_style_labeled,high,body-first human-style labels: 明显低落、绝望、无意义感或抑郁相关表达; 焦虑、惊恐、失眠、强迫或躯体化表达; 社交回避、孤独、闭门不出或退缩.,社恐,还是不敢理发,感觉社恐太难突破了 真是江山易改啊 ，就是这个理发问题，从十几岁困扰到现在，20多年了，真烦人，我都37了，还是和十几岁一样胆小内向，我就感觉这一切都是天生的，根本和年纪无关，你天生胆小，你就80了也一样，人家天生不胆小人家10岁就落落大方了，唉，为什么上天对我们这种人如此残忍，让我们活的那么累，明明普通人随随便便吃饭喝水一样简单的事，对于我们就是不可逾越的山一样？我理个发，要反复多次，从来没有一次成功进去的，每次都是犹豫纠结半天，反复积累起勇气，抱着毅然决然上战场一样的心情硬进去，天哪，太累了，因为我怕啊，我讨厌那种害怕紧张尴尬感，我脑子越清醒，越不敢进，所以就感觉必须让脑子不清楚了才能做到这事，考虑喝酒了再进去，喝酒才能真正的提高胆量，真的，酒太厉害了，社恐犹豫一辈子不敢做的事，可能一喝酒就敢了，太神奇了，唉，只是这个方法有点饮鸩止渴，是万般无奈的下策，没办法，因为只能这样，我清醒状态永远内向胆小紧张，只有喝酒后才能减缓一些 ，但我本身还不爱喝酒，因为太难喝，没办法，我以前没发现酒居然有那么大作用？所以我前20年一直是拘谨的，酒的作用是真正生理层面，别人千言万语的鼓励你三天，却不如一杯酒，这是真的，我发现只有喝酒才能真正让我不害怕，敢做一些事，我喝酒后肯定敢进理发店了，这不用怀疑，甚至平时打死压根不敢的事，也敢了，我曾经喝酒后主动和同事聊天打招呼，我都对我惊呆了，平时根本绝无可能，,"标题：还是不敢理发

正文：感觉社恐太难突破了 真是江山易改啊 ，就是这个理发问题，从十几岁困扰到现在，20多年了，真烦人，我都37了，还是和十几岁一样胆小内向，我就感觉这一切都是天生的，根本和年纪无关，你天生胆小，你就80了也一样，人家天生不胆小人家10岁就落落大方了，唉，为什么上天对我们这种人如此残忍，让我们活的那么累，明明普通人随随便便吃饭喝水一样简单的事，对于我们就是不可逾越的山一样？我理个发，要反复多次，从来没有一次成功进去的，每次都是犹豫纠结半天，反复积累起勇气，抱着毅然决然上战场一样的心情硬进去，天哪，太累了，因为我怕啊，我讨厌那种害怕紧张尴尬感，我脑子越清醒，越不敢进，所以就感觉必须让脑子不清楚了才能做到这事，考虑喝酒了再进去，喝酒才能真正的提高胆量，真的，酒太厉害了，社恐犹豫一辈子不敢做的事，可能一喝酒就敢了，太神奇了，唉，只是这个方法有点饮鸩止渴，是万般无奈的下策，没办法，因为只能这样，我清醒状态永远内向胆小紧张，只有喝酒后才能减缓一些 ，但我本身还不爱喝酒，因为太难喝，没办法，我以前没发现酒居然有那么大作用？所以我前20年一直是拘谨的，酒的作用是真正生理层面，别人千言万语的鼓励你三天，却不如一杯酒，这是真的，我发现只有喝酒才能真正让我不害怕，敢做一些事，我喝酒后肯定敢进理发店了，这不用怀疑，甚至平时打死压根不敢的事，也敢了，我曾经喝酒后主动和同事聊天打招呼，我都对我惊呆了，平时根本绝无可能，",602,https://tieba.baidu.com/p/10155925458,宇内游人,2025-10-25 09:30:14,baidu_tieba,tieba_client_api,social_withdrawal,human_style_body_first_no_local_model
A187,10266617544,"depression,anxiety,academic_stress,social_withdrawal",human_style_labeled,high,body-first human-style labels: 明显低落、绝望、无意义感或抑郁相关表达; 焦虑、惊恐、失眠、强迫或躯体化表达; 考试、升学、论文、学校或学习压力; 社交回避、孤独、闭门不出或退缩.,不想上学,不想上学怎么办,本人在上职高，计算机重点对口升学班，没有和好朋友在一块，感觉新交的朋友少点感觉，没有交朋友的欲望，也不想学，学不进去，班主任管的特别严，也不让带手机，我有点受不了，过得很憋屈，好难受，不想上，但是又怕没前程，父母是不能理解我的那种性子，我什么也不敢说，父亲在这里当厨师为了方便接送我，上周找借口在车里一直待了两天，一直到周五，这周周二晚上回去给妹妹过生日，早上直接来厕所躲着了，这次再找借口去车里的时候，被爸爸发现了，但我没说实话，不敢说……他说，到时候给班主任打电话了解我的情况，我现在依旧在厕所里躲着……怎么办……,"标题：不想上学怎么办

正文：本人在上职高，计算机重点对口升学班，没有和好朋友在一块，感觉新交的朋友少点感觉，没有交朋友的欲望，也不想学，学不进去，班主任管的特别严，也不让带手机，我有点受不了，过得很憋屈，好难受，不想上，但是又怕没前程，父母是不能理解我的那种性子，我什么也不敢说，父亲在这里当厨师为了方便接送我，上周找借口在车里一直待了两天，一直到周五，这周周二晚上回去给妹妹过生日，早上直接来厕所躲着了，这次再找借口去车里的时候，被爸爸发现了，但我没说实话，不敢说……他说，到时候给班主任打电话了解我的情况，我现在依旧在厕所里躲着……怎么办……",259,https://tieba.baidu.com/p/10266617544,伊丝黛尔,2025-12-03 13:47:27,baidu_tieba,tieba_client_api,social_withdrawal,human_style_body_first_no_local_model
A188,10580410269,"depression,anxiety,social_withdrawal",human_style_labeled,high,body-first human-style labels: 明显低落、绝望、无意义感或抑郁相关表达; 焦虑、惊恐、失眠、强迫或躯体化表达; 社交回避、孤独、闭门不出或退缩.,社恐,死要面子活受罪，社恐人太难受了,我第一次摆摊因为害羞社恐 有人来了我假装是顾客，他问我老板呢？我说不知道应该上厕所去了，那个人硬生生在我眼皮底下偷走一瓶椰奶我到最后没说过一句话。唉，第一次摆摊就劝退了我，心里压力太大了，我见不得人 回家只能偷偷的藏起来哭，都不敢哭太大声，我好憋屈，好难受,"标题：死要面子活受罪，社恐人太难受了

正文：我第一次摆摊因为害羞社恐 有人来了我假装是顾客，他问我老板呢？我说不知道应该上厕所去了，那个人硬生生在我眼皮底下偷走一瓶椰奶我到最后没说过一句话。唉，第一次摆摊就劝退了我，心里压力太大了，我见不得人 回家只能偷偷的藏起来哭，都不敢哭太大声，我好憋屈，好难受",128,https://tieba.baidu.com/p/10580410269,蛇蛇发抖,2026-03-23 13:10:07,baidu_tieba,tieba_client_api,social_withdrawal,human_style_body_first_no_local_model
A189,7595854845,"depression,anxiety,academic_stress",human_style_labeled,high,body-first human-style labels: 明显低落、绝望、无意义感或抑郁相关表达; 焦虑、惊恐、失眠、强迫或躯体化表达; 考试、升学、论文、学校或学习压力.,不想上学,怎么说呢我这个人，真的从幼儿园开始，就很讨厌去学校。初中厌学,怎么说呢我这个人，真的从幼儿园开始，就很讨厌去学校。 初中厌学心理特别明显，学校里也没人欺负我，同学都很好，老师也没有针对我，但我就是不想去上学。每天怀念在家舒服惬意的生活，觉得上学真的好痛苦。 高中好一点了，有了初中的铺垫，我每天给自己做心里建设，告诉自己这个年纪就是要努力拼搏的年纪，现在不努力以后就没有好日子过……但是本能还是讨厌学校。我很羡慕那些把学校当成家的同学，好羡慕。我也想把学校当成家，但我真的对它一点期望都没有。初中的时候喜欢别人会期待去学校看到他，现在刚升高中，真的没有一个看对眼的。说句实话高中的老师真的比我初中老师好很多很多，初中老师后面针对我，但那个时候我已经自暴自弃了整个人麻掉也就没太在意。也许刚开学都这样吧 后面和同学熟了也就不会有这种心理了吧。 不过高中的课程真的很多而且难，之前请了三天假 内心真的是精彩纷呈 恨不得把自己卷死。但是又不想回学校，，就这种很矛盾的心理 就很烦很烦啊啊啊呜呜。 讲的有点多且乱，就是半夜睡不着想说说自己的想法。有同样困扰的小伙伴评论区欢迎讨论,"标题：怎么说呢我这个人，真的从幼儿园开始，就很讨厌去学校。初中厌学

正文：怎么说呢我这个人，真的从幼儿园开始，就很讨厌去学校。 初中厌学心理特别明显，学校里也没人欺负我，同学都很好，老师也没有针对我，但我就是不想去上学。每天怀念在家舒服惬意的生活，觉得上学真的好痛苦。 高中好一点了，有了初中的铺垫，我每天给自己做心里建设，告诉自己这个年纪就是要努力拼搏的年纪，现在不努力以后就没有好日子过……但是本能还是讨厌学校。我很羡慕那些把学校当成家的同学，好羡慕。我也想把学校当成家，但我真的对它一点期望都没有。初中的时候喜欢别人会期待去学校看到他，现在刚升高中，真的没有一个看对眼的。说句实话高中的老师真的比我初中老师好很多很多，初中老师后面针对我，但那个时候我已经自暴自弃了整个人麻掉也就没太在意。也许刚开学都这样吧 后面和同学熟了也就不会有这种心理了吧。 不过高中的课程真的很多而且难，之前请了三天假 内心真的是精彩纷呈 恨不得把自己卷死。但是又不想回学校，，就这种很矛盾的心理 就很烦很烦啊啊啊呜呜。 讲的有点多且乱，就是半夜睡不着想说说自己的想法。有同样困扰的小伙伴评论区欢迎讨论",454,https://tieba.baidu.com/p/7595854845,Chirstal馃惙,2021-10-31 23:57:20,baidu_tieba,tieba_client_api,social_withdrawal,human_style_body_first_no_local_model
A190,10680208778,"anxiety,social_withdrawal,abuse",human_style_labeled,high,body-first human-style labels: 焦虑、惊恐、失眠、强迫或躯体化表达; 社交回避、孤独、闭门不出或退缩; 辱骂、霸凌、家暴、网暴、造谣或攻击性语言.,社恐,五一放假，父母又来我这边了，好烦,有没有人跟我一样，从小家庭关系不好，跟父母处不来的 每次见面都是煎熬……但还要做样子，总不能每次都拒绝他们来。 小时候对我不闻不问，现在年纪大了就想着找我养老了，开始频繁往我这边跑，主动试探问我说要不我们在这给你打扫卫生，你付工资给我们。我直接拒绝 这会干脆躲在房间里玩手机了，不想讲话，多讲一句都要被气死,"标题：五一放假，父母又来我这边了，好烦

正文：有没有人跟我一样，从小家庭关系不好，跟父母处不来的 每次见面都是煎熬……但还要做样子，总不能每次都拒绝他们来。 小时候对我不闻不问，现在年纪大了就想着找我养老了，开始频繁往我这边跑，主动试探问我说要不我们在这给你打扫卫生，你付工资给我们。我直接拒绝 这会干脆躲在房间里玩手机了，不想讲话，多讲一句都要被气死",153,https://tieba.baidu.com/p/10680208778,aidrg,2026-04-30 17:37:00,baidu_tieba,tieba_client_api,social_withdrawal,human_style_body_first_no_local_model
A191,9555709021,"depression,anxiety,social_withdrawal",human_style_labeled,high,body-first human-style labels: 明显低落、绝望、无意义感或抑郁相关表达; 焦虑、惊恐、失眠、强迫或躯体化表达; 社交回避、孤独、闭门不出或退缩.,社交恐惧,社恐很严重该怎么生存，求求大家给点建议,已经严重到不敢想象的一个程度了，但是不上班又不行，没有钱，生病了怎么办？父母也不可能养我一辈子 而且他们身体也不好，迟早要逼着我自己去谋生，可是我内心真的很敏感，很怕被骂，有没有一种办法可以不被骂，要求又不高的工作，最好减少沟通和交流，只用埋头做就好了，工厂里一个月3000，有的工厂需要做的很复杂，要求还高，效率达不到我没有工作经验就不要我，就算要了也有可能会很累会被骂被看不起，有没有既不累又不用沟通不好被骂能尊重人的办法，我在网上也看到了很多需要帮助的残疾人，经常看到盲人或者坐轮椅拐杖的人出行，或者做什么不方便，我是否可以发挥我能走路和看得见的优势？去帮助他们但要收钱但收的不多，比如他们如果需要经常出行，可以找我一天10块，需要什么帮助，我整天待命，前提是不要我沟通或者很重的体力活，因为我目前是不敢自己去找工作的，我对象上班也没时间带我，需要有时间才能带我去找，我爸妈也不在身边，因为20块他们可能会觉得多，那我要不10块好了？，多找几个这样的人，这样一天也能赚个二三十到五十，我要求不高，最少赚个二三十五十的也行，因为我这种情况真的也不能要求什么了，感觉日子一天天的过，却1分钱挣不到，这样去帮助别人既能自己快乐还能获得钱的尊重，毕竟我一天也只要10块，只是10块而已，他们还能不尊重我吗？，不知道诶，或者说5块？如果我们换位思考，自己是残疾人，他们愿意出10块或5块吗？获得让自己出行或者做事更方便，我可以随时待命的，哎，可以把我当做一个好帮手呀，而且他们是在忙的时候找我，不是天天找我，我经常看到盲人出行很不方便的视频，我真的好想上去帮一把，虽然我基本上没有见过，你们真的不要说我没有良心，这样的人的钱还要坑，很多做公益的甚至不收钱💰帮助他们，我也是没有办法，我自己社恐太严重了靠自己活不下去，才想到这种办法谋生,"标题：社恐很严重该怎么生存，求求大家给点建议

正文：已经严重到不敢想象的一个程度了，但是不上班又不行，没有钱，生病了怎么办？父母也不可能养我一辈子 而且他们身体也不好，迟早要逼着我自己去谋生，可是我内心真的很敏感，很怕被骂，有没有一种办法可以不被骂，要求又不高的工作，最好减少沟通和交流，只用埋头做就好了，工厂里一个月3000，有的工厂需要做的很复杂，要求还高，效率达不到我没有工作经验就不要我，就算要了也有可能会很累会被骂被看不起，有没有既不累又不用沟通不好被骂能尊重人的办法，我在网上也看到了很多需要帮助的残疾人，经常看到盲人或者坐轮椅拐杖的人出行，或者做什么不方便，我是否可以发挥我能走路和看得见的优势？去帮助他们但要收钱但收的不多，比如他们如果需要经常出行，可以找我一天10块，需要什么帮助，我整天待命，前提是不要我沟通或者很重的体力活，因为我目前是不敢自己去找工作的，我对象上班也没时间带我，需要有时间才能带我去找，我爸妈也不在身边，因为20块他们可能会觉得多，那我要不10块好了？，多找几个这样的人，这样一天也能赚个二三十到五十，我要求不高，最少赚个二三十五十的也行，因为我这种情况真的也不能要求什么了，感觉日子一天天的过，却1分钱挣不到，这样去帮助别人既能自己快乐还能获得钱的尊重，毕竟我一天也只要10块，只是10块而已，他们还能不尊重我吗？，不知道诶，或者说5块？如果我们换位思考，自己是残疾人，他们愿意出10块或5块吗？获得让自己出行或者做事更方便，我可以随时待命的，哎，可以把我当做一个好帮手呀，而且他们是在忙的时候找我，不是天天找我，我经常看到盲人出行很不方便的视频，我真的好想上去帮一把，虽然我基本上没有见过，你们真的不要说我没有良心，这样的人的钱还要坑，很多做公益的甚至不收钱💰帮助他们，我也是没有办法，我自己社恐太严重了靠自己活不下去，才想到这种办法谋生",765,https://tieba.baidu.com/p/9555709021,奶酪酪🧀,2025-03-08 08:39:17,baidu_tieba,tieba_client_api,social_withdrawal,human_style_body_first_no_local_model
A192,10558921666,"depression,social_withdrawal",human_style_labeled,high,body-first human-style labels: 明显低落、绝望、无意义感或抑郁相关表达; 社交回避、孤独、闭门不出或退缩.,孤独,孤独的人生,三十七岁了，家里只有父亲五十九，目前辞职无业了，目前没有经济压力，无所事事，有时候总是想去世十几年的妈妈，又想人生总是孤单的，都是各走各的,"标题：孤独的人生

正文：三十七岁了，家里只有父亲五十九，目前辞职无业了，目前没有经济压力，无所事事，有时候总是想去世十几年的妈妈，又想人生总是孤单的，都是各走各的",69,https://tieba.baidu.com/p/10558921666,风流正气继南风V,2026-03-15 06:50:00,baidu_tieba,tieba_client_api,social_withdrawal,human_style_body_first_no_local_model
A193,10595204438,social_withdrawal,human_style_labeled,medium,body-first human-style labels: 社交回避、孤独、闭门不出或退缩.,孤独,能找到理解我的女生吗,本人96男，身高168，长相还可以，喜欢一个人独来独往，不太喜欢社交，相亲的女生大都因为我的工作不能天天在一块儿，看不上我，我是在外做电气方面的技术工作，每月休固定天数，希望能找个愿意接受我工作的，你可以在我安徽农村老家定居，有二层楼房，也可以在嘉兴定居，买的有房，我每个月会回家探亲，也可以陪着我在外工作，我在外工作只会存钱，从不乱花钱，适合过日子，希望有看得上的私聊我。,"标题：能找到理解我的女生吗

正文：本人96男，身高168，长相还可以，喜欢一个人独来独往，不太喜欢社交，相亲的女生大都因为我的工作不能天天在一块儿，看不上我，我是在外做电气方面的技术工作，每月休固定天数，希望能找个愿意接受我工作的，你可以在我安徽农村老家定居，有二层楼房，也可以在嘉兴定居，买的有房，我每个月会回家探亲，也可以陪着我在外工作，我在外工作只会存钱，从不乱花钱，适合过日子，希望有看得上的私聊我。",187,https://tieba.baidu.com/p/10595204438,小丑黄飞,2026-03-28 21:32:46,baidu_tieba,tieba_client_api,social_withdrawal,human_style_body_first_no_local_model
A194,10673416933,,human_style_normal_or_unclear,medium,body-first human-style labels: normal_or_unclear.,孤独,为什么会孤独,与其孤独，不如及时行乐，你想要的，我都有,"标题：为什么会孤独

正文：与其孤独，不如及时行乐，你想要的，我都有",20,https://tieba.baidu.com/p/10673416933,小米粥粥子,2026-04-28 03:44:24,baidu_tieba,tieba_client_api,social_withdrawal,human_style_body_first_no_local_model
A195,9893861934,,human_style_normal_or_unclear,medium,body-first human-style labels: normal_or_unclear.,孤独,你们有和你们一起吃榴莲～和你们一起吃披萨的另一半吗？,我还没找到能和我一起吃榴莲～和我一起吃披萨的另一半～我最爱的榴莲和披萨想分享给他都分享不了～宝子们～你们呢？你们找到了吗？,"标题：你们有和你们一起吃榴莲～和你们一起吃披萨的另一半吗？

正文：我还没找到能和我一起吃榴莲～和我一起吃披萨的另一半～我最爱的榴莲和披萨想分享给他都分享不了～宝子们～你们呢？你们找到了吗？",61,https://tieba.baidu.com/p/9893861934,不撒谎的男人还有吗,2025-07-23 09:12:59,baidu_tieba,tieba_client_api,social_withdrawal,human_style_body_first_no_local_model
A196,10615527309,"depression,anxiety,social_withdrawal,abuse",human_style_labeled,high,body-first human-style labels: 明显低落、绝望、无意义感或抑郁相关表达; 焦虑、惊恐、失眠、强迫或躯体化表达; 社交回避、孤独、闭门不出或退缩; 辱骂、霸凌、家暴、网暴、造谣或攻击性语言.,社恐,社恐上了四天班,完全不敢和人说话，还被老员工欺负，昨天是清明节的前一天，客流量很多，4，5车垃圾全是我扔的，东西也是我收进去的，我以为上班就应该是分工合作的，结果倒完垃圾傻眼了，这货什么事也不干，在那里和人聊天看我上来了说她要下班了，仓库的地让我来拖，可问题是我也要下班了呀，都让我做，我又社恐不敢和她说话那个老女人一直咄咄逼人的骂我，我现在好想辞职可是还要还助学贷,"标题：社恐上了四天班

正文：完全不敢和人说话，还被老员工欺负，昨天是清明节的前一天，客流量很多，4，5车垃圾全是我扔的，东西也是我收进去的，我以为上班就应该是分工合作的，结果倒完垃圾傻眼了，这货什么事也不干，在那里和人聊天看我上来了说她要下班了，仓库的地让我来拖，可问题是我也要下班了呀，都让我做，我又社恐不敢和她说话那个老女人一直咄咄逼人的骂我，我现在好想辞职可是还要还助学贷",175,https://tieba.baidu.com/p/10615527309,antfgkff,2026-04-05 18:55:36,baidu_tieba,tieba_client_api,social_withdrawal,human_style_body_first_no_local_model
A197,9714920801,"depression,anxiety,academic_stress",human_style_labeled,high,body-first human-style labels: 明显低落、绝望、无意义感或抑郁相关表达; 焦虑、惊恐、失眠、强迫或躯体化表达; 考试、升学、论文、学校或学习压力.,不想上学,不想去上学,我不想去上学，我现在高三，我学校的放假制度是一个月两天假，第二天下午还要去上晚自习，所以算起来是一天半，每天凌晨5点50到校，有检查的，谁要是晚到就会罚在外面背书，有时候零下一二℃。,"标题：不想去上学

正文：我不想去上学，我现在高三，我学校的放假制度是一个月两天假，第二天下午还要去上晚自习，所以算起来是一天半，每天凌晨5点50到校，有检查的，谁要是晚到就会罚在外面背书，有时候零下一二℃。",91,https://tieba.baidu.com/p/9714920801,少年心诗,2025-05-15 20:17:05,baidu_tieba,tieba_client_api,social_withdrawal,human_style_body_first_no_local_model
A198,3958486977,"self_harm,depression,anxiety,social_withdrawal",human_style_labeled,high,body-first human-style labels: 自伤/轻生相关表达; 明显低落、绝望、无意义感或抑郁相关表达; 焦虑、惊恐、失眠、强迫或躯体化表达; 社交回避、孤独、闭门不出或退缩.,社交恐惧,直播去医院治疗社恐。,本人男，27，本该是驰骋天下的年纪，我却没对象，没结婚，窝窝囊囊的做人，每天早起要强迫自己面对糟糕的一天，几次想过轻生。。。这不是我想要的，我不求自己赚多少多少的钱，只希望自己可以轻松的逛街，可以正视别人的眼睛，可以不用担惊受怕的表达自己的意见，我想这个要求并不奢侈。 所以我决定面对这一切，我这人不聪明，没办法看看书就摆脱社恐，也被社恐折磨的太过软弱，根本无法像个硬汉面对一切，所以，选择只有一个，上医院。 为什么开这贴？我也说不上，但是我会详细和大家分享治疗过程，希望可以帮助大家。 大家的痛苦，我感同身受。 就这样，这也许是我最后一次和社恐斗争了，我希望一切安好。,"标题：直播去医院治疗社恐。

正文：本人男，27，本该是驰骋天下的年纪，我却没对象，没结婚，窝窝囊囊的做人，每天早起要强迫自己面对糟糕的一天，几次想过轻生。。。这不是我想要的，我不求自己赚多少多少的钱，只希望自己可以轻松的逛街，可以正视别人的眼睛，可以不用担惊受怕的表达自己的意见，我想这个要求并不奢侈。 所以我决定面对这一切，我这人不聪明，没办法看看书就摆脱社恐，也被社恐折磨的太过软弱，根本无法像个硬汉面对一切，所以，选择只有一个，上医院。 为什么开这贴？我也说不上，但是我会详细和大家分享治疗过程，希望可以帮助大家。 大家的痛苦，我感同身受。 就这样，这也许是我最后一次和社恐斗争了，我希望一切安好。",285,https://tieba.baidu.com/p/3958486977,无非是朵玫瑰,2015-08-09 13:23:39,baidu_tieba,tieba_client_api,social_withdrawal,human_style_body_first_no_local_model
A199,10368225808,"anxiety,academic_stress,social_withdrawal",human_style_labeled,high,body-first human-style labels: 焦虑、惊恐、失眠、强迫或躯体化表达; 考试、升学、论文、学校或学习压力; 社交回避、孤独、闭门不出或退缩.,不想上学,怎么说服父母不去学校,怎么让父母同意自己不去学校啊，我也不是讨厌学习，就是害怕去学校，害怕社交，只想在家自学，我父母又不信任我，觉得我无时无刻都在玩手机,"标题：怎么说服父母不去学校

正文：怎么让父母同意自己不去学校啊，我也不是讨厌学习，就是害怕去学校，害怕社交，只想在家自学，我父母又不信任我，觉得我无时无刻都在玩手机",65,https://tieba.baidu.com/p/10368225808,天南地北你开口,2026-01-05 15:18:42,baidu_tieba,tieba_client_api,social_withdrawal,human_style_body_first_no_local_model
A200,10571620636,"depression,anxiety,social_withdrawal",human_style_labeled,high,body-first human-style labels: 明显低落、绝望、无意义感或抑郁相关表达; 焦虑、惊恐、失眠、强迫或躯体化表达; 社交回避、孤独、闭门不出或退缩.,社恐,90年社恐男，想找个能相守一生的人，不玩恋爱游戏,我是一名90年的社恐男生，身高173，长相普通，母胎单身，目前在工厂做普工，有一定存款，家里有车但我不会开也不打算学，月收入5k。生活里我不抽烟、不喝酒、不嫖不赌，是个习惯了简单清净的人。 我是回避型人格，同时受强迫症、抑郁症、焦虑症的困扰，所以对人际关系会比较敏感，警惕性也会高一些。平时的爱好很简单：听听音乐、刷刷B站、爬山看海、逛公园散步，逛街也只是走走看看，很少买东西。我不喜欢跟人攀比，也没有太多社交需求，关于是否要孩子，我完全随缘。 我对待感情的态度很纯粹：首战即决战，一战定终身。我谈不了快餐式的恋爱，也做不到刻意去追求谁，更不想把感情当成炫耀、攀比的游戏。我想要的，是一个三观相近、能互相包容的人，我们先相互了解、彼此接纳，然后好好依偎、相守一辈子，哪怕先婚后爱也没关系。 我知道在这个物欲横流的社会，遇到这样的人很难，但我不想妥协。我没有世俗眼里那些“男人的优点”，可我节俭、真诚、善良、专情，心里干干净净的，愿意为了一段好的关系去自省和付出。哪怕在别人眼里这是笑话，我也无所谓——我就是我，变不成别人，也不想变成别人。如果遇不到能和我共鸣的人，单身一辈子也没关系。 之前在贴吧加过一些人，一上来就提买东西，抱歉，我没有这个义务。不确定的关系里，谁都没资格花我的钱，我的钱是留给未来那个愿意和我过一辈子的人的，我绝不会为了哄谁上床花一毛钱。那些吃喝嫖赌抽、把感情当儿戏的人，在我眼里就是垃圾，这个世界的美好，从来不由他们定义。 如果你也向往安稳相守的生活，不介意我的性格和状态，愿意和我一起慢慢过日子，欢迎你来找我。需要我主动追求的、价值观不一样的、或是抱有其他目的的人，就请不要打扰了，感谢理解。,"标题：90年社恐男，想找个能相守一生的人，不玩恋爱游戏

正文：我是一名90年的社恐男生，身高173，长相普通，母胎单身，目前在工厂做普工，有一定存款，家里有车但我不会开也不打算学，月收入5k。生活里我不抽烟、不喝酒、不嫖不赌，是个习惯了简单清净的人。 我是回避型人格，同时受强迫症、抑郁症、焦虑症的困扰，所以对人际关系会比较敏感，警惕性也会高一些。平时的爱好很简单：听听音乐、刷刷B站、爬山看海、逛公园散步，逛街也只是走走看看，很少买东西。我不喜欢跟人攀比，也没有太多社交需求，关于是否要孩子，我完全随缘。 我对待感情的态度很纯粹：首战即决战，一战定终身。我谈不了快餐式的恋爱，也做不到刻意去追求谁，更不想把感情当成炫耀、攀比的游戏。我想要的，是一个三观相近、能互相包容的人，我们先相互了解、彼此接纳，然后好好依偎、相守一辈子，哪怕先婚后爱也没关系。 我知道在这个物欲横流的社会，遇到这样的人很难，但我不想妥协。我没有世俗眼里那些“男人的优点”，可我节俭、真诚、善良、专情，心里干干净净的，愿意为了一段好的关系去自省和付出。哪怕在别人眼里这是笑话，我也无所谓——我就是我，变不成别人，也不想变成别人。如果遇不到能和我共鸣的人，单身一辈子也没关系。 之前在贴吧加过一些人，一上来就提买东西，抱歉，我没有这个义务。不确定的关系里，谁都没资格花我的钱，我的钱是留给未来那个愿意和我过一辈子的人的，我绝不会为了哄谁上床花一毛钱。那些吃喝嫖赌抽、把感情当儿戏的人，在我眼里就是垃圾，这个世界的美好，从来不由他们定义。 如果你也向往安稳相守的生活，不介意我的性格和状态，愿意和我一起慢慢过日子，欢迎你来找我。需要我主动追求的、价值观不一样的、或是抱有其他目的的人，就请不要打扰了，感谢理解。",708,https://tieba.baidu.com/p/10571620636,山不在高水不在深,2026-03-20 05:33:48,baidu_tieba,tieba_client_api,social_withdrawal,human_style_body_first_no_local_model
